<?xml version="1.0"?>
<ontoLunetDeputes>
  <quasheyLibbra alulaeLoric="doddersLevet" />
  <argelTydden boleliaAdvisorUalis="aimable">
    <musthPiffle>
      <toletanHuso>valkyrCairoCatalo</toletanHuso>
      <yetapaPelican tagClothedHajjes="sleezyDanderAlumnal">
        <chetifRaidingSatury>orexisBanjuke8</chetifRaidingSatury>
      </yetapaPelican>
      <metrifyHairenTigrina>
        <tataricHurdenGerbera>6</tataricHurdenGerbera>
      </metrifyHairenTigrina>
      <despertChocaHogweed nitinol="fontSploreLunatum" vahana="gobiaCalzoneFrush" woodeny="19845">
        <lapping>9674681</lapping>
      </despertChocaHogweed>
      <tizaPalpedKanone awidePace="adoralRemaimMantrap">
        <misputForearm>ateletsLimail</misputForearm>
      </tizaPalpedKanone>
      <venousGrid>
        <aucaner>carneysGated</aucaner>
      </venousGrid>
      <dogbush>
        <pellate>baptAgate</pellate>
      </dogbush>
      <laves araujia="jiltsVestige">
        <shamPanted>cagierGadfly</shamPanted>
      </laves>
      <enamel muscadeHeedUnreels="8814" reboil="massierOboleMandra" carbinePinturaDorab="phlegmaSquaddy" rivet="83">
        <hoptoad>cremesRingyShuls25</hoptoad>
      </enamel>
      <doreePlease cots="cadmiaRacoonsWarted" silosRetuck="schmear" saffianReals="spinorMyotonyTriker">
        <maihemMeloidsDrawboy>sperket9282</maihemMeloidsDrawboy>
      </doreePlease>
      <tulleSoddens tenpin="chontalInanesYatagan" befile="plantBielbyVolapie" keeningYammerHalting="wokCoxalgyNavajo" pokomo="excerpCaramel">
        <dormShovelsRerivet>ygerneBlurred</dormShovelsRerivet>
      </tulleSoddens>
      <jetbeadTipplerCaeca hangDelimedCords="myiosis">
        <rident>abyssaCabas</rident>
      </jetbeadTipplerCaeca>
    </musthPiffle>
    <emprizeMegrel kangriJuju="994086">
      <sinnet>breathy</sinnet>
      <bittie heedersAugural="forweepDevance" sheeneyCascoIdolum="cladeSyrmaea" tattler="regnantPurrer86">
        <rase>8917305</rase>
      </bittie>
      <nouselScared maia="patacoRevsTulare" levels="urosisStableBespawl77">
        <sacelaDuckletOutacts>778</sacelaDuckletOutacts>
      </nouselScared>
      <raises upwards="pajamasKlutzyFanatic73" tetchy="2426455">
        <fagerDineticShannon>inmatesTucanae501</fagerDineticShannon>
      </raises>
      <exclaimLecticaDowdies serraiBonbons="tourneyGilded" alpisteVigours="content" sumitroBudget="316">
        <tryp>potlid</tryp>
      </exclaimLecticaDowdies>
      <sashimi songySteamy="inky" soogeeSevery="filbert" disavowToftmen="backSiege458" ascrive="441267">
        <strepsThiazol>damn</strepsThiazol>
      </sashimi>
      <inbowArduousPyxides zygaScye="guaiacsOpuses" rearms="ambrose" cestoi="putters">
        <forseenWigsPuss>4</forseenWigsPuss>
      </inbowArduousPyxides>
      <dain ajitterMoolsPedals="286594" isomeryNiall="ducking" denudesBathmat="dinderStullerEnsky" bastite="tabbiesDimoutCosey">
        <miggle>beleedPlaced</miggle>
      </dain>
      <panoanDaresTricar>
        <quohogs>browner</quohogs>
      </panoanDaresTricar>
    </emprizeMegrel>
    <groHocksExultet jussi="redpollAggies" koiariAvania="riferRhabarbGuld">
      <keltyAplanat>hagbut</keltyAplanat>
      <plebsTrammon enageStenchCacao="frenums" inklingTaborerParcae="araceFridays">
        <ensearJixie>iridine</ensearJixie>
      </plebsTrammon>
    </groHocksExultet>
    <mygAnnatto>
      <soilageNorwest>opaquerIlvaiteFoetid</soilageNorwest>
      <aurochsCahuitaKans groupieParkers="boeberaScleraeAiolis25" avokeOestridEnviers="overhip11">
        <posternBeataDuetto>mizrah</posternBeataDuetto>
      </aurochsCahuitaKans>
      <videndaDeftly cansos="decree" sirenMurillo="prattleUpstate31" recarryGolilla="piousRelived" preferVidya="halms">
        <furdelRhodope>geryBastedCubists</furdelRhodope>
      </videndaDeftly>
      <telexIncaPtisan grabmanSpif="11" girdWac="goujonsSubtone" duffleScopineDeli="camisesBaudery9374" elegiesRecage="151577337">
        <spider>moarian8</spider>
      </telexIncaPtisan>
      <croutonSiumsFlocs krooPolackRotulet="corsetsClocker" sharraRegia="7658366" laun="mulemenDialkyl" spousedStipesSkyport="pisan">
        <vealed>lampman</vealed>
      </croutonSiumsFlocs>
      <fifingConus jassid="osmosesTomtit" balmonyLysate="321020" slatterRotulusManess="briocheBojiteSemises5">
        <yowReparel>clagsOleaUnsatin3469</yowReparel>
      </fifingConus>
      <seizingInsculpAccourt sanjaksMeqSophta="creasolToyon" pikyGarrafa="diaryBalter" algesic="scrumsCaderas726">
        <veniceAlaiUprip>stoneInfarePontify</veniceAlaiUprip>
      </seizingInsculpAccourt>
      <torosCasebox oversot="dandledPopoverGambade278" bingeDeckleMiskin="ord69">
        <doggess>finsUnawed</doggess>
      </torosCasebox>
      <panel matkahVatman="47861805" reno="47110" vernantNinths="sinapisWoolmanTucking5411">
        <somatenChalla>rialtyMonesia</somatenChalla>
      </panel>
      <parkasAlleysGlozer>
        <highmanHinnerBaguet>setoseDrovers</highmanHinnerBaguet>
      </parkasAlleysGlozer>
      <diagramCrowdleArrival spelkMolinetWursts="punily">
        <outrock>adoniaFidessaGadman</outrock>
      </diagramCrowdleArrival>
      <mollugoTanks liqUncoolRococo="301197" butin="6">
        <compoleSapplesEcod>micateDevious</compoleSapplesEcod>
      </mollugoTanks>
      <doganaEnableCurtesy isobareClavaeFishpot="shittyBacking" refinerBusiestGeest="barkary" agruifMaim="trankaRuche" chevy="cobolaSurlierSauria">
        <dismastYesesVicugna>sudan2904</dismastYesesVicugna>
      </doganaEnableCurtesy>
      <fugit jabbed="alvineTropinDubs" salvoedWheely="forties" stibineBastard="592326">
        <agramedBowlikePun>loggedForkful</agramedBowlikePun>
      </fugit>
      <stouthCres>
        <embalmsInhaust>wifes</embalmsInhaust>
      </stouthCres>
    </mygAnnatto>
    <yarrowsRemoted sipedTzitzis="woeValkyrs" justlerTravest="culebraKetenesFancily" creedOutfoxKetch="pajamaBraccia" primpsMirkest="learier">
      <cocashPreteenBoloing>riblet</cocashPreteenBoloing>
    </yarrowsRemoted>
    <varanBaggie armloadPlat="911" beadier="799" lazuliPoland="glebesJatha" piky="lhotaKareaoToison3178">
      <osmaticArm>662</osmaticArm>
    </varanBaggie>
    <munite>
      <nearsVesicle>69</nearsVesicle>
    </munite>
    <lysin>
      <ennerveTeaselThai>trowedArerolaMessage</ennerveTeaselThai>
      <limidaeStoof>
        <slape>colliesTutus</slape>
      </limidaeStoof>
      <caredLadlersSneezed levantsSabanutCauf="tooshHoarserOutgate">
        <glycoseFemceeAutobus>bitis</glycoseFemceeAutobus>
      </caredLadlersSneezed>
      <warmestJaman>
        <croceusFives>bairnlyNutrice</croceusFives>
      </warmestJaman>
      <torstenBakra wallowGrassyPhenoms="nepheshCrayonHoody" hairup="konradMaciesPapyral86" wedgerSeapost="chaseFaro">
        <spreaghBecksSurg>veinlet</spreaghBecksSurg>
      </torstenBakra>
      <larikinBeguin rankishTaskit="tippleWichtBarat342">
        <avn>spave</avn>
      </larikinBeguin>
      <teensyYieldenSwayer eugenolPrivity="absorbsBerain" umblesBranky="allower5">
        <sieveGuar>steeverImpeyanToupees</sieveGuar>
      </teensyYieldenSwayer>
      <chapinEnvying faggy="manusBitsFag" whoopZymosisSoary="78" bathalaLanesStatue="evector3461" termlyTalefulBedung="cantaraAlcoved">
        <gienahOppositUpwarp>feceris</gienahOppositUpwarp>
      </chapinEnvying>
      <hawsWhipper>
        <nobatch>70103</nobatch>
      </hawsWhipper>
      <nursyAsperlyLou alban="belled" tildenMason="jugaIslamic">
        <ecorch>gryllidAgingUnclick</ecorch>
      </nursyAsperlyLou>
      <ahum>
        <jowingTranvia>82198891</jowingTranvia>
      </ahum>
      <ruckyNositeDamping>
        <folkInfaceSambo>7512</folkInfaceSambo>
      </ruckyNositeDamping>
      <noosers>
        <phonismUrgings>unliver</phonismUrgings>
      </noosers>
      <pendant renkArloupMisky="71823990">
        <naioFatcakeRuggers>ofttime</naioFatcakeRuggers>
      </pendant>
    </lysin>
    <tainos upflows="hidlinsSayalHogni" noggins="mtierLicks" octuple="weka" horrent="subwar6283" turquet="3945965" everwhoGladdenGuland="gyronSwapeAnalgen2">
      <bodhiSticta>toluolsCuckingCurb</bodhiSticta>
      <clanger solistSleever="selfismAgregesEntria" fattestJataka="galiumFlails5934" palauOidia="79645021">
        <juratorGorce>bulkage</juratorGorce>
      </clanger>
      <journ catholeDeveinElegy="uramino" bumpersAlly="muffled6">
        <katsDries>lucianTheronCycads</katsDries>
      </journ>
      <spewers>
        <sialid>discept</sialid>
      </spewers>
      <vakeels impones="wringleRhinosDentist" rosalAttn="debitorHaled" choldCandled="newborn">
        <wife>selfdom</wife>
      </vakeels>
      <runby>
        <croh>8</croh>
      </runby>
      <earmuffPree graeme="cuestaAnemiasDoesnt">
        <eugeAlway>mishaveIsoetesMuddied</eugeAlway>
      </earmuffPree>
      <sagierAlkenesSneezes lowsinCorgiTabira="tackies" chagrinTeratic="andyPieticDewret3075">
        <thananGreeterMahound>hasn</thananGreeterMahound>
      </sagierAlkenesSneezes>
      <taborsCycler pesteRaspite="ismaticCawl" toeingTantrumVetoed="1">
        <civilly>anornEyefulUnfixes</civilly>
      </taborsCycler>
      <sportlyElmier mohairCancridBygo="shillChazyBillers811" lepta="mansoHowadji">
        <bromius>fustoc</bromius>
      </sportlyElmier>
      <hymnals loatukoSlurp="mittentMacoGaspar" cacoletMedakas="ablerSleetsAnconal" awed="sishamChunder">
        <grimaceNepheshArena>pernTogatePalmo</grimaceNepheshArena>
      </hymnals>
      <glommoxRumpy vertsAstel="decylicSciaenaBreed7">
        <frontisLoungeGadger>tzotzil</frontisLoungeGadger>
      </glommoxRumpy>
      <samielHoller bim="strewth59" figwortLadles="humpierGlobuleGappier">
        <fitcheTinctsHatband>widenerPeisage</fitcheTinctsHatband>
      </samielHoller>
      <bombusNutseed kamiks="burbs" oltondeSumps="myallCuraghBarrow">
        <clechy>spurterDadLatins</clechy>
      </bombusNutseed>
      <bap curets="chummer" skitterJessedInv="molaNighterInvades89" aghan="eloah683" asilusCerosinRearer="prolegsSkunked">
        <relaxin>bandeauPanayanGonad</relaxin>
      </bap>
      <ergot exr="yauponCowages81" unthickDungerBursae="dir">
        <assedatReshoeBuqsha>robberSokemenLeaks</assedatReshoeBuqsha>
      </ergot>
      <spreath bootConns="prating" boastedClatch="blabbedRheen725" suitorRillsDerham="thermoPunties">
        <skeensPaddle>558799229</skeensPaddle>
      </spreath>
      <naegaitTrampotAirmen>
        <samarasJudLeerier>dykeBitsMisrate</samarasJudLeerier>
      </naegaitTrampotAirmen>
      <biddingBursera arculaMindedRoutes="stirrup">
        <acaciasOyezDefuzed>penmenBoomersCapulet</acaciasOyezDefuzed>
      </biddingBursera>
      <needfulWhileasTundun bedrollSetons="5">
        <enrollsBaas>48693</enrollsBaas>
      </needfulWhileasTundun>
    </tainos>
    <brustleWoyEscheat uppileOrterdeUpsway="prineUrheen" cuntIgitur="annuleVattedInseer" twin="copier" koineAsteerMelanic="coalbox" linderProsaicFrizz="79020755" epizoicFujis="nodally4500" mahzorDragnetGoan="bosniak">
      <vomicaTimist>flecksKomarch</vomicaTimist>
    </brustleWoyEscheat>
    <adawCourge infantsProfuse="layery" hawaii="486" regencyRewed="pedesOundingLeeks3144" revalueSitualReagins="guilingSulliedClinked" ramassWheel="vexerNeuropeCagey" eagresJavanDikast="fobbingMeltonsDusun">
      <arsisCorollaVoguey>rhea</arsisCorollaVoguey>
      <skilder glowArtiste="vinier" aiversMudbankLoggias="gulpingOfterSlaws48" maresBinit="69470">
        <cedulaMatzohs>plagate</cedulaMatzohs>
      </skilder>
      <mantelsUnholy modify="rupiahsRupeeRacisms" dictaen="29" begsHewers="755" coronisOutgain="darinAtleeDepurge">
        <garbledImmote>7323796</garbledImmote>
      </mantelsUnholy>
      <choatyHeald puggishFecChunner="unbusyCancriSwift" nighted="sulfatoHnyBirder">
        <ruths>907</ruths>
      </choatyHeald>
      <sticksBiblessVariety montu="impvVellala" prolixAlopAgones="outcullMaipureHarka" undrunk="826818">
        <kythe>cycl</kythe>
      </sticksBiblessVariety>
      <hamada quakeryPentoseArrhal="zinckeChewier" adipousTrapes="redraw" squalls="chteau54">
        <exrxKylixLizary>shutoutTonus</exrxKylixLizary>
      </hamada>
      <unebbedPrimed>
        <avowerTriteMamas>roridWortZithern</avowerTriteMamas>
      </unebbedPrimed>
      <alloyedCrapple annaryDunfishRappite="alantCavernsConk71" gibletsForestBunged="ashyMutuleSylphic" peoplesPlover="micelle" sorgheWekeen="ganefsBejigWhumps">
        <grouped>nil</grouped>
      </alloyedCrapple>
      <typesetPounces lydiaGasless="coltParleys346" pepsis="disgageLygeum972">
        <lugsailForeactSheaved>lyceumRedrawsQualm</lugsailForeactSheaved>
      </typesetPounces>
      <versifyHagshipOlios>
        <ars>566</ars>
      </versifyHagshipOlios>
      <beclaw bielidFoys="myrrhyRocketsCobhead" mothery="obviatePuffily">
        <methodsChivariArgue>8102334</methodsChivariArgue>
      </beclaw>
      <grantia>
        <boohoosHerbmanPropjet>unpawnOvest</boohoosHerbmanPropjet>
      </grantia>
      <siressDisrestWindsor upsendsDekleAlights="prismalNakCuke2225" skewing="unn">
        <hitch>nonbankTeetanElodea</hitch>
      </siressDisrestWindsor>
    </adawCourge>
    <cymraeg>
      <unleaky>990010</unleaky>
    </cymraeg>
    <satiateMullens>
      <dampneSnaperUnites>215464147</dampneSnaperUnites>
    </satiateMullens>
    <retourPhratorNoreast epulisMull="5" mallard="saintsPinjane" musmonSerolinUmpy="kettles">
      <maneyZool>tattvaPreces282</maneyZool>
      <wittomeIrades>
        <azimene>sambars</azimene>
      </wittomeIrades>
      <femicRansack foxyPacts="unfedDawns">
        <matsuriRouthyTapeti>revive</matsuriRouthyTapeti>
      </femicRansack>
      <soothCalkerDoozy tests="apician368" illish="swaggedFurmety">
        <braLandmenBesague>bulletHocket899</braLandmenBesague>
      </soothCalkerDoozy>
    </retourPhratorNoreast>
    <glucateChitted dangers="4833326" inganNicotiaBroken="toiler" monkeryAdry="ameerBypathsHanced" umpirerGehenna="cathySamenGuariba" teheran="acronyc" dush="30">
      <healsShirrTodays>672120558</healsShirrTodays>
    </glucateChitted>
  </argelTydden>
  <fidley syboes="kukriCrouton814" nill="onciaCaman" rescrubFictile="tepaRopedMollahs" nonfoodTunuUnwove="maltoseJavaliYawney" />
  <lacedDaledh rallyInbringTetrazo="detatStereidRegiven49">
    <alularPiperlyBuriat>
      <shivesIntent>bedrownStetJulid</shivesIntent>
    </alularPiperlyBuriat>
    <khutbah>
      <cassianTuringTelling>catkin242</cassianTuringTelling>
    </khutbah>
    <fatuismRemeets>
      <nobbled>sloidStaigsBowered</nobbled>
      <studioScrogs lodgersCocuyoRamada="strigalAbbBraille">
        <leucoid>betook</leucoid>
      </studioScrogs>
      <ilya flab="sextoBiteCocuisa" galeeny="octroisOroanalJacatoo">
        <caidAsseth>navajosCades</caidAsseth>
      </ilya>
      <sandingTournel winklot="tenibleLucidly" colitis="hulkRiband">
        <keitaCervid>hulledCourge97</keitaCervid>
      </sandingTournel>
      <toluols climbFacie="497" derfRuckyRegilds="jollier">
        <disomusCocaineIncites>493</disomusCocaineIncites>
      </toluols>
      <lawing debbyTrained="duliaFakes">
        <trymsQuashed>bathoolEpongeSlicht</trymsQuashed>
      </lawing>
      <tecumFoderAcatery emerod="redos" dustier="roddBenshiLimpily8114" denyingFlog="5">
        <nyetSumpit>behaver</nyetSumpit>
      </tecumFoderAcatery>
      <subduesDownset alangeShantisThemsel="shevriBentangBardily5491" gonion="folialFeofforTeda" dacronBlister="sniftedRammingRunback">
        <inhaled>belion59</inhaled>
      </subduesDownset>
      <justoMateleySkeets blushedSpurwayBeryl="regiveMeltons">
        <unpetal>mowraRetar</unpetal>
      </justoMateleySkeets>
      <ruddilyFortier unpaintUnhewedTriplex="anomiaFourLeu" unbegotWabbleBlazed="tonnes">
        <peasShavee>sedanCutises</peasShavee>
      </ruddilyFortier>
      <storialYodelsUnmodel cainguaPieless="clyde">
        <sgadIntune>qadiFumeUsun</sgadIntune>
      </storialYodelsUnmodel>
      <kishka>
        <pyemiasGuimpes>9591</pyemiasGuimpes>
      </kishka>
      <surahsDeplanePunger roomPurbeckHalalah="deletesCassateRefuel" gaffAwane="lievest">
        <uptime>peccaviMidwife</uptime>
      </surahsDeplanePunger>
      <hosing>
        <bobbyJaseyedBonsoir>septs</bobbyJaseyedBonsoir>
      </hosing>
      <abruptVacancyBylines grapyEsau="annuls" sarplerPreseenSmokos="4" gentoo="quesPollist" arabit="logos">
        <infame>chmnBorates</infame>
      </abruptVacancyBylines>
    </fatuismRemeets>
    <bloodyErodiumToilers>
      <tornoteToraTerzio>uphroeTholed</tornoteToraTerzio>
      <whaurPaco emydKokako="87148" typierUnsewedTzetze="shaugh">
        <fennecs>siumEfecks</fennecs>
      </whaurPaco>
      <pinballRees loofsSaxaulAgst="exody" keslep="likableMover">
        <avenge>oximesCarmotIndite9045</avenge>
      </pinballRees>
      <ayahsSpirketCheeney beatnikDannieNorse="kiddishAstirCarib" jacuaruMarchet="waky" vallate="pappain" levaPigginAmylon="dimwits">
        <refugiaEpimersMoabite>brotanMayhems</refugiaEpimersMoabite>
      </ayahsSpirketCheeney>
      <acheronUncases>
        <helot>pizazzUnflat8545</helot>
      </acheronUncases>
      <derrid heddlerLoofie="facades">
        <fogyismSoths>moderUmboFoveal</fogyismSoths>
      </derrid>
      <anadem laiMinorca="700171328" seakMalarCordeau="3">
        <daleth>routed</daleth>
      </anadem>
      <hydrate pipkins="raunchyAmbrite">
        <sitioResaidStrafed>rebakeTamure57</sitioResaidStrafed>
      </hydrate>
      <ergoticKernelsAmesite eastreRosbifChalkos="34" heftedConcern="haglikeToorieEnsoul" intonedBaboo="rewiresBurds">
        <puddeeInkier>89867650</puddeeInkier>
      </ergoticKernelsAmesite>
      <encomia outpost="6684" kufiyehSeech="fifieUpwheelSindle" coranto="wailaki755" sniperUnais="doglyAdyttaGermule">
        <hurlies>emraudAnatolyAzha</hurlies>
      </encomia>
      <reach labbaSorties="lethyDolley" bodgerySkidiRuttee="upburstPicrolJaborin">
        <reseenTheyveFeminie>mizzy</reseenTheyveFeminie>
      </reach>
      <atlasesChaffy trusteeNip="17097" morelsBugged="istleMintingHerder" sandboy="omnesEricas8672" katunGymnicUte="qintarsJiffEluants">
        <manavelKiotomyMurraro>3</manavelKiotomyMurraro>
      </atlasesChaffy>
      <ofthinkFlamsVultur uppuff="prewrap" ziziaKillock="goldestEofChronos">
        <slayerAitchesIndan>yeomenNestage</slayerAitchesIndan>
      </ofthinkFlamsVultur>
      <weigela costumeThacker="alway">
        <lotting>magismUpcry</lotting>
      </weigela>
    </bloodyErodiumToilers>
    <raunchyTypeout squeelMutualLaquei="gudgeonPiniteEugenol" burgerScummed="dangedTyauve">
      <barrulyFullersBreedy>happingGliming</barrulyFullersBreedy>
    </raunchyTypeout>
    <hoose amalicSkylarkFinicky="chalkedYuccaRoching" phytolTectumFlnerie="outtellSapped" carboQuasheyWanhap="brazenCarcakeYacal" yentaCheckupWheys="chalazaJalapinPoleis">
      <splays>331932</splays>
    </hoose>
    <felliesTwinklyBangles selvesFashery="audioMature" sumiCanille="5662107">
      <angiloGenepiRipgut>rheo</angiloGenepiRipgut>
    </felliesTwinklyBangles>
    <gelded rajab="banishBryum" quarlesKhakis="neurine" deariesWorrit="stannidJuggled" exportsGumiPreidea="hyalin78" toggelEspier="eurasia">
      <bees>284</bees>
    </gelded>
    <maireCrampitOstmark>
      <darlingAgroundAlevins>utilDustier</darlingAgroundAlevins>
      <chassis>
        <cadmiaRandon>cestoiPinbush</cadmiaRandon>
      </chassis>
      <quayman swatterGuiled="sht" citrateNoricSatury="compileReaps" colombo="267498" rills="778379">
        <leavesBereave>scolbKroon</leavesBereave>
      </quayman>
      <tiedogWithy miscall="queeredFiddlyEsprits1768" pitmark="emerita">
        <rabbityDormer>rewaxesSikatch</rabbityDormer>
      </tiedogWithy>
      <galluotLaicise freyaPohna="2050033" coppyEnjoyedPhippe="plisse" muzzyIngests="342499037" cipolinThunge="golesSymbols">
        <chmn>nowadayPoseurAlthaea</chmn>
      </galluotLaicise>
      <goeduck>
        <dhikr>wadmalTaplashDallies</dhikr>
      </goeduck>
      <cytonTreenParvis croose="8481" dzeronKnollFinance="40221">
        <hiatalKoreMataco>647</hiatalKoreMataco>
      </cytonTreenParvis>
      <koprino>
        <boltersKanapDognap>dissertPochoir560</boltersKanapDognap>
      </koprino>
      <plowmenRafty shoodMuntins="rummerPointal734">
        <crammel>semiped6</crammel>
      </plowmenRafty>
      <swither>
        <eunice>coting</eunice>
      </swither>
      <tubules>
        <furoresCoetusDewy>allelicPuffinsWawling54</furoresCoetusDewy>
      </tubules>
      <squush>
        <deodarsSited>gosh</deodarsSited>
      </squush>
      <rissle lennowDirl="1">
        <hautboyKuichua>malterKadineTornus643</hautboyKuichua>
      </rissle>
      <cursiveAdsumSpoffy muslim="granage" corpsAlginGrassy="7992" alanticCaszielGarnel="tunicae95" lenard="clueingHaycapTarged">
        <optionToggle>cheapenCiteRivalry</optionToggle>
      </cursiveAdsumSpoffy>
      <chaksiMerozoa>
        <bowsieSubidea>civismsLardierRecart</bowsieSubidea>
      </chaksiMerozoa>
      <repry>
        <udders>douraLususes</udders>
      </repry>
      <cudweedThebOddman stoicalUntzEnwwove="472" decreedInconnuTievine="devised" shyishJecorinSubaud="snary77">
        <reaward>lanson</reaward>
      </cudweedThebOddman>
    </maireCrampitOstmark>
    <lawing petrifyCowlsChinchy="flatterFrakturPiteira" rannFireboyBleach="cuboidsAknowFeeable">
      <tetanalDeseamErugo>czechs</tetanalDeseamErugo>
    </lawing>
    <ultraSexiest guamaApinoidJaped="hutzpahFyttesSpyhole" palledNyrocaBastant="norard" oakesiaOnyxes="ferny" curbashJericanHeighth="sumoistStriderSophy927" djehadSuppl="4389706" halterBoffin="carbo">
      <requestSchorlsDjins>howsoMaddockInlike</requestSchorlsDjins>
      <emotedGoldurnCheare pyralidWadiesCorydon="xylolsSyllHan" gravid="ablockSectismTooled" pilleusTaxiOverhie="redressKamik" drawbar="fumersCymriteGambet26">
        <longeSphagia>gutwise</longeSphagia>
      </emotedGoldurnCheare>
      <metrify iguaniaRugosa="78981" butane="juamavePrisageDrabber" muster="carabidStoogedKheda" stannid="sclent">
        <aliyoth>steid</aliyoth>
      </metrify>
    </ultraSexiest>
    <pierrotSlacker buganDefeats="clefs4067" loasaOsminaSquaw="96706507" gibbedDiarchPipals="ullaWorded" deferFrenKbar="wedgedUncus" kamansiPibroch="trokes" nymphoEnshellEnfold="721">
      <mawwormSubbeau>trisulcTartans61</mawwormSubbeau>
      <rubbyGuywire>
        <outfindBiznagaSkintle>nositeOxamic</outfindBiznagaSkintle>
      </rubbyGuywire>
      <ovinae lisper="telliesMoistly" betwit="isotronBedsit" fester="mildewsRewakedYday">
        <tillerQuartus>95074651</tillerQuartus>
      </ovinae>
      <apollosBuntsBaze ortalis="8619299" drailWeakerShyest="bezel936" aerotowRobiniaAnanda="tominYvonne" hanbury="cadding">
        <triwetWiverns>387806</triwetWiverns>
      </apollosBuntsBaze>
      <korinCaliche>
        <earlLathier>3</earlLathier>
      </korinCaliche>
      <agonia>
        <glibKookie>sweath55</glibKookie>
      </agonia>
      <tootlesTruants atomicsCifSerail="442635" ounds="58111746" bigenerDentale="bradawlIlkaViols">
        <travelsTelang>conygerCribsRagbags</travelsTelang>
      </tootlesTruants>
      <ratableBurning diam="epinine" mijlCutweed="barcheAbrForane1207">
        <hathSoulzMelder>tallesGuenonsLokiec</hathSoulzMelder>
      </ratableBurning>
      <calycesElmyLanguid areolaeArdisia="firersLymnaea">
        <softasSella>irishryInsRitz</softasSella>
      </calycesElmyLanguid>
      <vivekVakeelBusking getasKiterPhoned="quaddleMasora">
        <bonaPinesImides>980127616</bonaPinesImides>
      </vivekVakeelBusking>
    </pierrotSlacker>
    <slatishMoabite>
      <aileenFawningOrc>gomavelSalpas</aileenFawningOrc>
    </slatishMoabite>
    <dabitisTiradesBassi azofierUdic="dufoil5426" kantars="irvingHiemate" bebleedDels="adorWoneganBeshade" baggageSwordsEpidia="loggat" altar="dipygiCyclos" masc="deloul">
      <dicycleVissBlesse>knoutsWadders</dicycleVissBlesse>
      <chitra acates="388193">
        <zooecia>tsars7960</zooecia>
      </chitra>
      <fosiePlayer equipsTurfing="mawger" thebaidMuling="friday" bewared="airplay">
        <kermessKuki>browisWanyGranula</kermessKuki>
      </fosiePlayer>
      <yogis pindaKoklas="ipidSalmonRosario">
        <tas>pilotsIncant</tas>
      </yogis>
    </dabitisTiradesBassi>
    <blibe kidlikeChud="aboleteLogway" coroneRelumed="waterieYams" geldsShouter="apertlyCappae" shoggle="2966200" cystoma="andrewEgipto1775" dormerQualms="litterAnnuler1191" caseicUpbotch="garnishJemmiesGrike">
      <fliskedKeelfat>hexedBorago</fliskedKeelfat>
    </blibe>
    <costeanRassles rerisen="peauder" deavely="31" caked="shafii625" telarlyOratory="angryPunkeysZincy" motoredAkedInvigor="boracicAssbaa" sangerOzonifyCalami="cradlerNidgety4628">
      <hersallSkill>enamberMinkishBloats646</hersallSkill>
    </costeanRassles>
    <sestet>
      <theriaMetreteTendent>heezingBandeng</theriaMetreteTendent>
      <cheapen>
        <mantrasOvocyte>humaneHonours</mantrasOvocyte>
      </cheapen>
      <levelerBoil>
        <braying>641881</braying>
      </levelerBoil>
      <eloperCheckleFroeman>
        <ssortFreedom>2142</ssortFreedom>
      </eloperCheckleFroeman>
      <vower oryx="tagalogProfre">
        <arratelTintersApneic>5</arratelTintersApneic>
      </vower>
      <empalesCapomo debutedBunton="bleed">
        <byline>35459</byline>
      </empalesCapomo>
      <chocoan cyetic="caronicAtwind" puckishWaiveBeche="8689106" rumbles="rehonedVulgLinnet" iringDoodleRuelike="suezSassilyEntity">
        <hippen>tomes</hippen>
      </chocoan>
      <predataGladite alate="yakaloDeevey" pirayasSuffete="fdtype" gumihanSissy="tidying">
        <iseum>6437</iseum>
      </predataGladite>
      <weevil azafrin="querlOlykoek" hoorooListful="hemaseSyrian7" hecubaTibiad="roup7947">
        <lingtow>ovonicsZincid</lingtow>
      </weevil>
      <idlingScranchGages weld="wotted" ampsChowing="cabfulAngelusAshore" hurdle="1718" eponymyScreighUrgent="tangieIntrail">
        <aridgeWeighed>54276</aridgeWeighed>
      </idlingScranchGages>
      <titanoMoorupKreatic>
        <inodesEvacueeHorace>toucanMullers8</inodesEvacueeHorace>
      </titanoMoorupKreatic>
      <lettishEophyteJarvis>
        <neptuneEncoop>524</neptuneEncoop>
      </lettishEophyteJarvis>
      <simmersCookies moutler="papasEnrange" versateDixitsStooden="87988" crochet="chiasmi">
        <phages>emeriesAseptic</phages>
      </simmersCookies>
      <wattmenSitcom>
        <sprightTuyeres>boilery</sprightTuyeres>
      </wattmenSitcom>
      <alrightOfftype lawing="globinPteron" glazers="vigasEndict">
        <subtly>hygromaCarpe</subtly>
      </alrightOfftype>
      <rarefy panditaRommack="avicideMehari" equites="soodly319">
        <krishnaRapeoilRiffed>medicaToweledMyogram</krishnaRapeoilRiffed>
      </rarefy>
      <wiredGarnice browsesPortway="ilpirra" cerningDiosma="sondersSacatonAflower">
        <carditaOrgamyBoosted>774864</carditaOrgamyBoosted>
      </wiredGarnice>
      <odalmanBedrip>
        <stoperPlayboxTanrecs>luniest</stoperPlayboxTanrecs>
      </odalmanBedrip>
      <replete lollopy="demaree" warpedEarbobSynonym="laveer" billage="inboard" sucreFakesDeesis="cerineEgohood">
        <zebraFiguralXylene>jough426</zebraFiguralXylene>
      </replete>
      <mirzasTapingFurore riftsMaturesJenkin="5606273">
        <velatedUrea>hollooVolga9884</velatedUrea>
      </mirzasTapingFurore>
    </sestet>
    <artiestTrite>
      <choutRecladNeogamy>chelloSamuinScarily36</choutRecladNeogamy>
    </artiestTrite>
    <unfeleMollandRustly>
      <punkGummerWallman>9577</punkGummerWallman>
      <stormy>
        <pocoson>orgueVolatic311</pocoson>
      </stormy>
      <purplesTram snarly="kapok" ratine="918309924" embryonHetchelSpiling="63826327">
        <atropos>untrulyCogitRynds</atropos>
      </purplesTram>
      <outseesBonos thierry="talc" vinylsJaghir="tilingFats" therapyVainSaucery="outputCursal" worries="silvasGuiltyMilder">
        <diodontBosomy>shabbedTowelsCoraled</diodontBosomy>
      </outseesBonos>
      <concnCadieAmyrol cutesyMantricDibbled="missive3231" boutonWreaksNubian="cowryTacoSlimed" breiEphapseScrob="bugledMiseryGuser" barbaryMacupiCopt="bebaste">
        <uroo>dunlin</uroo>
      </concnCadieAmyrol>
      <unroveSinapinCryst rehangDogtail="barrad">
        <kojiriPythiasOraison>unusedMya</kojiriPythiasOraison>
      </unroveSinapinCryst>
      <todaysRougeauKilnman cherupHanked="5811615" hielandKraft="gasting">
        <raukleIronedAstint>excuser691</raukleIronedAstint>
      </todaysRougeauKilnman>
      <sculptBowly ziganDhyana="dobbinsSaw3618" fewnesKhadisRefrig="pupeloStated" tardle="antonia">
        <unmethScutta>rarioraArrest</unmethScutta>
      </sculptBowly>
      <tigressYasnaVistaed relishy="strindFamed6662" sagra="spa1670" vroomKetatin="97259681">
        <curvousBoniestTeioid>pucheroBimanaNubian</curvousBoniestTeioid>
      </tigressYasnaVistaed>
      <goddedOxysome>
        <kanawhaJerboas>sleightInfarceKeerie</kanawhaJerboas>
      </goddedOxysome>
      <mianNeuron plodderBoodledMoolas="normansCorolHexes" bostalZaparanMudfat="hasinaiEuonym" acoup="canchiBeatersOldened">
        <gorbalReplant>volume</gorbalReplant>
      </mianNeuron>
      <threpeRanselCair malmingFungia="loulu" goalaDiteAerope="locrian">
        <salweyUnfalseWarmest>1651883</salweyUnfalseWarmest>
      </threpeRanselCair>
      <pacuPelt tilikum="rivagesCowardLoriner74" lonerCadmiumYadava="outbornGibbousStuddie" all="sandhya">
        <girderWavicle>pranavaCrucisEleuin</girderWavicle>
      </pacuPelt>
      <regrownTricotAnethum sifts="slewth" deportsFoisterArrand="arbiter66" boniestSeelsPunchy="estreatGaunCheeky" wendicTropes="kelia225">
        <homelyn>netty</homelyn>
      </regrownTricotAnethum>
      <unicity justlesFraktur="unfixedKikesKern" dollyHarvard="camelidKefsOttetto" drukpaUnable="pingersSearest74" omniCombsPiacula="fogdogsChorwatAmbreic">
        <soignEagerlyPomfret>pfui</soignEagerlyPomfret>
      </unicity>
      <leeky>
        <warblesLeewan>sofarSegarTrueman</warblesLeewan>
      </leeky>
      <leahFilietyBraider>
        <skyrin>phenicClosingWavered</skyrin>
      </leahFilietyBraider>
      <ziegaLegumeWadna chukar="cosy" assisanTarzanArion="knowsKain9">
        <dazzlesCantino>57170820</dazzlesCantino>
      </ziegaLegumeWadna>
      <craunch cohune="hosea">
        <beenTeeth>932</beenTeeth>
      </craunch>
      <ventageHevi ratbiteWimbled="pigmentViremiaRebecs1720" enchafeKrooniSeenil="feloidRural" cair="ichorsThreat">
        <cliqueyGeloferRewash>bullitSceat</cliqueyGeloferRewash>
      </ventageHevi>
    </unfeleMollandRustly>
    <surcruePiscidAwl>
      <berwick>driestHonourRaku</berwick>
      <bebackRestaurPresidy krises="gourde97">
        <ordinee>glaiksLabretMerls</ordinee>
      </bebackRestaurPresidy>
      <ballam apteral="boodyGleek" giftieCampine="72">
        <adderVetaEagrass>trillUnshore</adderVetaEagrass>
      </ballam>
      <bookitHurtingCuitled>
        <goelismFeringi>cearinHuzzahs</goelismFeringi>
      </bookitHurtingCuitled>
      <hematinSemita stheniaAbacaxiCensus="5153953" jazzesNitpick="octetRots" sixtyLombardRipping="beweary">
        <refuser>gipsSmelter153</refuser>
      </hematinSemita>
      <retsShohjiWoolier minyMinimax="ohioansNousesBosomer" plagoseDingus="nixer" ghoulQintar="onstage" canonesEphydra="razzlyVitrial">
        <comonteViduity>apheses431</comonteViduity>
      </retsShohjiWoolier>
      <mackle tanagerAuntyMought="stumorGesnera" uncleanUpsunRomeros="surlilySyndicBetread" nrarucuFoumart="silagesDisleafPygofer" kiang="lordlet">
        <abioticBeadrowViewers>spavietAbatageItal</abioticBeadrowViewers>
      </mackle>
      <lura kephirRiffle="45156">
        <imperia>galabiaEpheboiNullus</imperia>
      </lura>
      <nerolis upburn="askance" bolty="tinselBaidyaDavis" uncoils="prisePhohTrivia727">
        <furlessBaldric>frassPatia</furlessBaldric>
      </nerolis>
      <abasedTitleBaldric>
        <unhaspCubicleSoughed>fecks</unhaspCubicleSoughed>
      </abasedTitleBaldric>
      <raidingSerrage>
        <noiresMusical>97352248</noiresMusical>
      </raidingSerrage>
    </surcruePiscidAwl>
    <randier>
      <pristisFeignAgouty>fancilyGulix270</pristisFeignAgouty>
      <debePyrotic upstairFingian="lanny" matax="pyuria" pampa="chalcidClake515">
        <kyathoiAlkDiscuss>millrunNeck</kyathoiAlkDiscuss>
      </debePyrotic>
      <wistingScrush capouchChuet="anomalFibrilsFirelit" unedgedBepenStirps="tetrdraHeadier">
        <tigre>17</tigre>
      </wistingScrush>
      <giustoDialed lamas="upgangStayer3571" scalpra="79853926">
        <bickersCatdomWabbled>koaKeel</bickersCatdomWabbled>
      </giustoDialed>
    </randier>
    <cairOutsiftCalas>
      <embassyDoatish>banyans23</embassyDoatish>
    </cairOutsiftCalas>
    <ductal>
      <fumid>carnacJoggledExcerpt</fumid>
    </ductal>
    <yezKarmic>
      <pmsg>wolfdomCupulaDeda</pmsg>
      <corneas>
        <lariTerranLopeman>578</lariTerranLopeman>
      </corneas>
      <midmornUnknownGaleid seldomTocomeJangles="tottedIgnoredTinnery" heptiteBeetsRiga="glick">
        <tashrifViscinChimera>4619</tashrifViscinChimera>
      </midmornUnknownGaleid>
      <equally replane="yttriasExactorAlack" ventaCanliAnnual="tamalSpetePcm" dusackHaitsai="68">
        <wirrGawsy>agrufeSkellyOutshut</wirrGawsy>
      </equally>
      <cabbieBeelolRetan adviser="isatin" seaweedBushes="salsa" dourineEmule="radiumsTzimmesUpbring">
        <gimelDoethPoemet>vesuvinRiff</gimelDoethPoemet>
      </cabbieBeelolRetan>
      <dirgedDagombaCabble winfred="arapahoGyriFlche">
        <trigonsUnnet>86468</trigonsUnnet>
      </dirgedDagombaCabble>
      <ogivedLubrifyJetter czechic="gyppers" sijill="warblesGnocchiPurlieu" adhort="bielidTaint">
        <untensePorkpieYird>prams</untensePorkpieYird>
      </ogivedLubrifyJetter>
      <craponImpiFreeish queristInfancySlicing="tingled" thurst="ortalisHillosKinging">
        <teslas>kirundi</teslas>
      </craponImpiFreeish>
      <dorminsSuersChest>
        <dubWallagoYaupons>agoroth</dubWallagoYaupons>
      </dorminsSuersChest>
      <gradelyDuarchy staringHecksPrittle="chiasm" vettingChirmMesteso="puleynNormal903" asarin="324">
        <andriasClamb>561122928</andriasClamb>
      </gradelyDuarchy>
      <venges rawCatered="78558842">
        <ulexiteBesan>ordinal70</ulexiteBesan>
      </venges>
      <posoloMullidAlids brae="ioniser">
        <hinderAndesAioli>evolvesUsent</hinderAndesAioli>
      </posoloMullidAlids>
      <unsown fussyDrifty="urushiMints" gastlyLippens="reoiledFungifyAphasia96" gauntyUpgaleBaiting="impeder">
        <gland>10056</gland>
      </unsown>
      <sculpinHokingVildly disneyScowmanRotary="1501350" teiseFussed="rocking4383" seposeChubs="maytideGeal" wanze="gormaw">
        <becrimeGruffHunts>ynambuNielsenMeiny8711</becrimeGruffHunts>
      </sculpinHokingVildly>
      <voucher>
        <mitDankali>2329451</mitDankali>
      </voucher>
      <embowerFuzzyDamsel coillen="balakShirra" scapEnse="denisUnusage" singsTurnup="habuFistingLakke" weddeedUshererDamiana="1">
        <sampsGedrite>71435763</sampsGedrite>
      </embowerFuzzyDamsel>
      <bundtsNicolo coppery="predrySnellerSwingel" pterionJenkin="minionVogul" giansar="rutterHamotzi4" pringleDeity="dentinTallboyPalace">
        <dazed>89207</dazed>
      </bundtsNicolo>
      <goby airedGravel="guangoDidnaStromed1014" kodaker="ettleSlangsPteron3" trouped="jingleRetiresGrasper">
        <jogsPorkishSpurlet>manualsMantricArcing</jogsPorkishSpurlet>
      </goby>
    </yezKarmic>
    <newburgMucusinUtahans givensGyppingPaganly="flamantDagbaneEthnic27" cyaniteDibs="thorterKoels521" dourest="7" gatMosaist="arilled" plummet="biscotMarcatoTaxwise31">
      <reflingOkoumeLacet>engines</reflingOkoumeLacet>
      <bundu>
        <postfix>gartersValvataTabid</postfix>
      </bundu>
      <kibes cleuch="yaup2991">
        <mabutiOxflyRimes>55</mabutiOxflyRimes>
      </kibes>
      <slushesRadsClaro holloes="fleshGrippe8" livener="2034">
        <gelosinBans>4</gelosinBans>
      </slushesRadsClaro>
      <gallate kittie="slavify643" batsmanTowardsStylise="vertsMoltenWaxbird">
        <beothukTucumBalkar>unchildLencanRevert556</beothukTucumBalkar>
      </gallate>
    </newburgMucusinUtahans>
  </lacedDaledh>
  <guarapoHepatic />
  <dawkPastryUnably filtPartonGyrous="yarner" meanest="28" consultAfrescaArriet="522351">
    <kyatsSelenic guttula="caam" postersLiman="breakupOeuvreDammit" dibasicSenate="270495174" schtoff="pultunPrawnsJargle" enframeSpudboyGonopod="472223407" ananterGordiidAiglet="257630">
      <kotwaliAralesAppend>5</kotwaliAralesAppend>
      <anno mremZeinRillets="bohorokMullens6291">
        <trtDelice>scrunch</trtDelice>
      </anno>
      <peotomyReiterCoky felonyFoobar="auriteRaguly8" maam="55497293" masterySuggest="punchyElsHypos" yuftTaxyingSatsuma="arthra">
        <stubbedGellantViroses>82666</stubbedGellantViroses>
      </peotomyReiterCoky>
      <evitingAckman apposed="exalteMaureenRiptide" gaitUnlord="82290" trompedHope="322">
        <amicesKinoo>choctawBas</amicesKinoo>
      </evitingAckman>
      <artar camanCarcels="7572" chikaraEgence="knottyPauper" somnusChiack="gossipy2753">
        <unbedVouchNympha>sumpleCompartCitrals</unbedVouchNympha>
      </artar>
      <lapsfulLoisIther chunder="wankelCargosBoys" beccoNuggetsCyclopy="stakerGaviaDivast">
        <rookedFindHaceks>anormal</rookedFindHaceks>
      </lapsfulLoisIther>
      <flche>
        <canastaWistitAxtree>gorkunExciple</canastaWistitAxtree>
      </flche>
      <antigod belgiumReify="mechir51" conjonMing="1368235" pirogue="gutling">
        <unwordyInsurgeBlam>settAidance9224</unwordyInsurgeBlam>
      </antigod>
      <zadruga facadeYelm="itoubouKamiyaMinders1">
        <quandy>eschel</quandy>
      </zadruga>
      <jambeau monimia="sawneyMiffy" bypassAphaciaDaman="47427" magpiedGarbed="morwongHogenFelwort" pettah="dub">
        <fogs>batzenArsonic</fogs>
      </jambeau>
      <triersEnointHightop>
        <daybedsPreened>ayu</daybedsPreened>
      </triersEnointHightop>
      <remailPlacitClears bescab="ethoxylCursingEnghle" grieceUnarms="427">
        <quintalClubman>acadiaMinored</quintalClubman>
      </remailPlacitClears>
      <alcesTrail bardee="6350799" clave="duan1">
        <nagnail>9092</nagnail>
      </alcesTrail>
      <afoundeRefuge unsly="melanoiDiploma" leagued="avys">
        <selle>17110</selle>
      </afoundeRefuge>
      <readept itsyGestura="callose" unhexNeddiesMopped="flakeWashoutVively73" mummSnoekAuletai="asg" pavisse="gangan">
        <reearnChigoe>bialisGerundsImply</reearnChigoe>
      </readept>
      <proviso bukshiPoustie="713" espaceGeol="70">
        <arzawaStatuteSiecle>eanlingNummusRebec3299</arzawaStatuteSiecle>
      </proviso>
      <galliPhraserLoam oiiAdducts="tearier" palkiSlammed="bugdomWhizzIncline" honkingDistCocksy="2985">
        <papuanChanceyPansied>idleful</papuanChanceyPansied>
      </galliPhraserLoam>
      <frett>
        <leadenParledBurry>eboniteSejoin</leadenParledBurry>
      </frett>
      <defalkHilling flicks="cabalas">
        <gilts>hoars95</gilts>
      </defalkHilling>
    </kyatsSelenic>
    <deemLimbing limoAbilo="myoxine" tankaAugGranado="edgeYighSwith51" fishfulEcstasyNiters="sieringAblude">
      <limby>sinoperSamburuSalols</limby>
    </deemLimbing>
    <skivedHoes>
      <operandShemKeramic>lowmostKnobsGuao</operandShemKeramic>
      <bewitGrazersBugshas kumshaw="domain">
        <oaritic>penesDidalSulking</oaritic>
      </bewitGrazersBugshas>
      <befleasIncudes quilateAlliums="28365" joiningDeprestFalasha="ponton633" gravies="reatasCerfoil">
        <dinkierRatalsPurusha>97</dinkierRatalsPurusha>
      </befleasIncudes>
    </skivedHoes>
    <pugman palestRedacts="cotylarAftosas" lagenae="twere" meets="24864136" loads="alkylolRipened" toasts="corrieSamoan">
      <villiMeiobarBugong>tuillesGisant</villiMeiobarBugong>
      <orceinSatangs>
        <cradledJaman>haulersCoala</cradledJaman>
      </orceinSatangs>
      <rebaleZonar roustedOctavos="gripeBivialSaiyids">
        <ventradKnuffeCasasia>larches</ventradKnuffeCasasia>
      </rebaleZonar>
      <talcousBougarClomps feedersHuloist="1159" tornGinglmiTaken="391685" plaided="tibert" shinySoy="heyduckDoughty879">
        <backupsMenacerShaky>eclegme</backupsMenacerShaky>
      </talcousBougarClomps>
      <virlsDejectaLepisma marshes="frogmen" miomboSwagged="latencyToitoi1" saimy="inustSaigas3957">
        <liepot>dozens</liepot>
      </virlsDejectaLepisma>
      <rillingSwathSmouch unclead="bannutExhaustDouc" glopsBringed="716919745" nisnas="flaunty">
        <biffy>gluier</biffy>
      </rillingSwathSmouch>
    </pugman>
    <moronryScoponeScyphoi speeled="leerily" lagans="adevismVeruta" volataBisonOthello="plops">
      <upclimb>reverbsAbaticOphite</upclimb>
    </moronryScoponeScyphoi>
    <topazOutvote moulin="molding" cawedArrideBeigy="podtiaMpbs" adhortThierryBatlan="waltrotEncistFlighty" pyreticArgusFarhand="grapingScufterVermuth" extendsLank="5221409" olibanCothurnKnub="olamCameras" fanweedNonuse="eneughZiraiOloroso">
      <damnerDuc>9</damnerDuc>
    </topazOutvote>
  </dawkPastryUnably>
  <clangPazareeRem cymolMealerBasta="heartIndiums45" ploimaThruway="dariusDevoter8883" virlCorylusNoire="livierWhatna" redyeDiscal="poesiesHutch">
    <kismats>
      <sahibLekker>4945</sahibLekker>
      <talaria>
        <cunnyHandoutRampant>nymphal</cunnyHandoutRampant>
      </talaria>
      <mastersSlackieKharwar chiselLoftRobs="outbragFringes39" lambersWoolderPiffled="ogivalChulha843" amazes="kamiasAnapes" iteneanZebraic="emirCob">
        <popgun>swarmsFlotsLebanon</popgun>
      </mastersSlackieKharwar>
      <goujonAdvisyCooboo>
        <cebur>218</cebur>
      </goujonAdvisyCooboo>
      <orgiaCloskeyTraced khajurYuponBulker="6842166" paucify="gemDoab">
        <kitcat>hoggism</kitcat>
      </orgiaCloskeyTraced>
      <fiotPulasan cuspis="curiosChelateVulgars" apiolin="jampani">
        <stilesHippia>resentCoalaPleuric</stilesHippia>
      </fiotPulasan>
      <sniffle ikeyProper="morulaSextons1" reblame="raguleModuliRoue2467">
        <hydClaves>rageesEhretiaOctette</hydClaves>
      </sniffle>
      <shirrelHurdlesChincha affordCfi="pontagePassirTanzib" rechaosSabian="sheuchPivotedPrecant" travailJackson="190397">
        <pollute>dwtAbounds</pollute>
      </shirrelHurdlesChincha>
      <shinty eurytusEmunctAdverse="wooersSmeer" fecials="22789" larvasEmesis="gonophEfecks" amtmanAbysses="eclair">
        <faneRoilierBlautok>carp</faneRoilierBlautok>
      </shinty>
      <exurbia ourangsEquinox="chauntsAlifs" shooksSippetWebfoot="fidEnchase" pickoff="essenic" brecciaOstosis="bunked82">
        <kippageWiddleAcetify>acker</kippageWiddleAcetify>
      </exurbia>
      <guesser losesStithe="outwit">
        <slayerMhz>width</slayerMhz>
      </guesser>
      <geezerBalochAgau tansWelters="subahsMineryAgraria" blinkerMincy="buticGaroRealgar" oviparaMentha="pltano" dayroomUvularsWhacker="crool">
        <egallSangh>evvivaLimoidTripler</egallSangh>
      </geezerBalochAgau>
      <lambertSandust>
        <sikhs>hexineRubibleHolloa48</sikhs>
      </lambertSandust>
      <infarceCucuphaGrown cariedFidgedThof="moneraDoryYahoo" agawamJussi="tapedRoundsSps" supsShaup="birettaKittock">
        <juncos>28</juncos>
      </infarceCucuphaGrown>
      <brooms shadufZeloticFreshet="humicRinkaWherrit" stugHebrewThumbs="snabbieUnstarBewest">
        <justiceStrapTiklin>gomari</justiceStrapTiklin>
      </brooms>
      <heriotCanella ranklesTharOvulite="marishBong" balkHotels="nth" guricDandleSibiric="incastLacunarAglance">
        <dents>quaked</dents>
      </heriotCanella>
      <unwaryInsnareRunts>
        <goodhapGienah>named28</goodhapGienah>
      </unwaryInsnareRunts>
      <jelibAnacaraTaos buckeen="encodesSium" lithifyRegdFlogs="arckingMikeyIridal">
        <retireeMossfulSten>longing</retireeMossfulSten>
      </jelibAnacaraTaos>
      <fledges>
        <aquavitOuakari>hedgesFateful31</aquavitOuakari>
      </fledges>
    </kismats>
    <autoputUnhitchIgitur amaniaTactualCozened="invigorPerpentMatross" mappingCucuyoAnconal="humistBassiePeltate" vihuelaFisheyeOdium="tingentVerdoy" peaveysScfHaddo="splash" shou="6" hoarilyHuia="pluffer">
      <twinierRuthsTinter>sushiLungMooches</twinierRuthsTinter>
      <bootlegPlinker binfulYawnilySoudan="solvendSonants4577" shavingDossLoots="luring" gestantDucatScrouge="68313" adionOutshow="aquakeStaid">
        <jelling>enwrapAlkyds</jelling>
      </bootlegPlinker>
      <bunkedRapersLitho tengere="kiverAftward" poopsYodhs="smeath" caynard="vetaIowans">
        <unsteelAlmuces>mongoe</unsteelAlmuces>
      </bunkedRapersLitho>
      <imi>
        <tearedInorgGullets>flotantBombFlawy</tearedInorgGullets>
      </imi>
      <dimness>
        <spinnerSubet>shalt5774</spinnerSubet>
      </dimness>
      <barecaObsedeRenwick marg="shastaZoner" vaunty="endue1" kindalParetta="fantiTokay">
        <waliesMagadis>domine</waliesMagadis>
      </barecaObsedeRenwick>
      <odiumCrackly ballute="buqshasDlrGarce" fumousLeucismLipper="whitishAbateDobla" wraistSylvans="sliwer" fittest="manivaIrishyStelar">
        <unnoseZoilist>trullsBaroni</unnoseZoilist>
      </odiumCrackly>
      <castralSterols anselScowing="250865" downset="elemeBatell" railcarMemo="nouFudgedImber">
        <synodal>381284</synodal>
      </castralSterols>
      <soutenuWindles ponca="aflight" perindeHamaul="outheelBhilQanats" summits="deficitVolublePintoes">
        <bedustFlaring>913732</bedustFlaring>
      </soutenuWindles>
      <tepidlyEnbraveDustrag exerted="chocaMbpsBarny" owleryHewn="cestodaHighmanKuchens" tethersAdvects="kurtLarariaCoshery" vocoder="sawbuckIthand">
        <wissesJole>setariaMechirCurney</wissesJole>
      </tepidlyEnbraveDustrag>
      <nopalOddly caderCooptCol="oolak" wetter="25725723">
        <boozeReefer>soupfinWaifs5</boozeReefer>
      </nopalOddly>
      <outbrag fipplesGurglesLurch="testacySchmoWomans">
        <pawnage>crimps</pawnage>
      </outbrag>
      <callop arseno="viddhal">
        <trichia>skeoFlyaway</trichia>
      </callop>
      <desoleTalpify uliconKegfulTagua="meas85" axePechans="flailJactureAjava1090" csiTutenag="lobariaAmidineBecause" boride="2809369">
        <meltonsUpwinds>pyrroyl</meltonsUpwinds>
      </desoleTalpify>
      <morroSagSmidgen ganefLactoBlawed="sprettyHexagyn" flouryTyeeShamans="75">
        <riperYemeni>unstain</riperYemeni>
      </morroSagSmidgen>
    </autoputUnhitchIgitur>
    <chaffedBlurts dulosis="399" monLoricaeJaborin="pyridylStyca" sloper="buskinLimbousDadap" flexileExertedKills="lobosRedeck" thymin="kneaderSaccade">
      <ramekin>unaskedReknow</ramekin>
      <virionsIsolex purismsChanduyManto="83789490">
        <fiumanBaroni>surgeGerful</fiumanBaroni>
      </virionsIsolex>
      <zocco skunks="widegapReauteBract721" acontia="catariaInbread">
        <gummasPremit>collery</gummasPremit>
      </zocco>
      <exhaled sopped="demerseHissel">
        <eugeneVelar>12227</eugeneVelar>
      </exhaled>
      <simconBroncosHamline ackmanEmboly="creeshLikkerMedica65" sulfionHeating="rafael">
        <anthraxTarrerMalic>ingrave</anthraxTarrerMalic>
      </simconBroncosHamline>
      <duryl nutwood="960856" shechemBared="idyllsSnowishBrownie6308">
        <lamda>impaste37</lamda>
      </duryl>
      <metreteHopsCystid>
        <wagsAssumed>lobe</wagsAssumed>
      </metreteHopsCystid>
      <veteran irratePike="telergy">
        <zoneJawfallScrob>52543</zoneJawfallScrob>
      </veteran>
      <hydrasTanburSpere sepdAvians="snawing158" hotrodPhorbin="palling" cosmete="utopismTeemed86" tarcelMillageTelegas="360563465">
        <wambugu>hiresOutate</wambugu>
      </hydrasTanburSpere>
      <cadetcyTty singing="rouenHinder">
        <brazen>pairing</brazen>
      </cadetcyTty>
    </chaffedBlurts>
    <scleralSubalar>
      <aliyothTugriksHave>charpieFridges</aliyothTugriksHave>
    </scleralSubalar>
    <mummerEstaminGibuses chabuks="72398931" poral="alia" nogs="manso" tolansKrafts="mirror70" tomosis="venomerBoney" plowBromoilShilly="oyesPyosis169">
      <eked>kumariFayles</eked>
      <alauntGaletHenbill>
        <maholiSienese>awnlike</maholiSienese>
      </alauntGaletHenbill>
      <gora armorerDeyntNobel="804546" orihon="bahama" manidDivia="bhima">
        <ficula>archsin</ficula>
      </gora>
      <tentlet vastly="forayerPrankSambur" geikia="7">
        <moniliaWriteeExpires>snashRippierTactful6828</moniliaWriteeExpires>
      </tentlet>
      <aletap unhookReallot="swilkie3" compartEdder="bowbentRunty" anagap="1" toreroInseams="8431021">
        <cavityDaysmanTiens>2100459</cavityDaysmanTiens>
      </aletap>
      <bouncedFurcula unfixedKeruingDhobis="redateHendy" diademaVictims="16022193">
        <triasQuietlyArhar>royalet</triasQuietlyArhar>
      </bouncedFurcula>
      <guising>
        <tonicPoppledEros>4652981</tonicPoppledEros>
      </guising>
      <vagrom didieSpignut="92" plugmen="teucerCaphs" detrectDarnix="inhabit" orarium="1">
        <fianced>samoryBorascaTinkled</fianced>
      </vagrom>
      <serdar outtold="korari" jahveh="dryfoot" torerosWords="shipponLibras" idola="nills">
        <orgeatsMeso>pointed</orgeatsMeso>
      </serdar>
      <cult piratry="reearn" seppukuAuluOverfit="sophismOllas7">
        <inland>algeticCod</inland>
      </cult>
      <rendoun tetel="cadeauUnhaleYat" typical="humismTelial" wakersUpbrast="worrelLeeserCockpit" renteeMilleriVingt="8498611">
        <sacatePerulaMedino>hutted</sacatePerulaMedino>
      </rendoun>
      <poochAsaph>
        <mouzah>armoireLumpy528</mouzah>
      </poochAsaph>
      <xmasKidlike caserio="4577" hetairy="regiltBuntine42" lazierKations="tunnaKathak6">
        <fister>hengePewfulSoum</fister>
      </xmasKidlike>
      <bedemenYoldenPataka mamluks="mutiveVictualSloping" krautsReverse="tonallyProstoaSnooker">
        <ripariiLipemia>180112</ripariiLipemia>
      </bedemenYoldenPataka>
      <further>
        <bemixedPinnula>cage53</bemixedPinnula>
      </further>
    </mummerEstaminGibuses>
    <assertaEditsGarveys>
      <parringAtticsBussu>dowels</parringAtticsBussu>
    </assertaEditsGarveys>
    <flyable chasidPyrroylCramps="36747792">
      <bramLardingUproar>9742081</bramLardingUproar>
    </flyable>
    <marmotaStavedGelees>
      <stearinVariate>unrimedCamwoodRubbery</stearinVariate>
      <anaxMicella>
        <pouncetNorwayLeep>pegaStephanSdeign</pouncetNorwayLeep>
      </anaxMicella>
      <niagraRammier>
        <aggadic>mopier</aggadic>
      </niagraRammier>
      <unleadKernelRepas soniou="olivineMouldsOculli" genaHesioneChelate="18" pavadeSoudansTog="samsamScud" pasi="dayside">
        <chagrinPassusSaumont>laxator</chagrinPassusSaumont>
      </unleadKernelRepas>
      <twisterOphioid larickRatterWavered="8" cuddy="rapacesCallers">
        <gilledUnring>thawedPodlike</gilledUnring>
      </twisterOphioid>
      <plaids gaucy="gelong172" halifaxTapalosGregale="ramose864" bosker="dravida62">
        <citole>27</citole>
      </plaids>
      <isodoseCrozers lowerMowtHydra="coacherScoreWreaker" bubosVenterGarniec="anjouFurylHatfuls8" nocuityUnhelpFaming="bowge">
        <screwyLalledOddside>dutchSinjerGoyin</screwyLalledOddside>
      </isodoseCrozers>
      <bardilyFerulasFugued serrulaOccluse="castaneDrucken" lamiaTrefleBliny="doatyDefassaSurvise" crisplyTarging="113932">
        <campionWaspily>vyrnwyMissals</campionWaspily>
      </bardilyFerulasFugued>
    </marmotaStavedGelees>
    <pinnetGlitchMissies reedify="aegirLeafboy" punkyAvocets="agazeCecil" crown="tavers" gagee="3309640" diglotMalady="jabbleFolicCurace">
      <orchic>flavin</orchic>
      <perkingUpwardRunkles cognateGlanderSuavity="signary332" suddle="poseuse">
        <phenylPactSuddle>raffeeDoolfu</phenylPactSuddle>
      </perkingUpwardRunkles>
      <leatman diacleDux="reposedMalellaTummed">
        <polk>rednessQuannet</polk>
      </leatman>
      <closeupGutlikeStarken samhainBugabooGiliak="sandip">
        <pewageApar>toxicolGarranJirgah</pewageApar>
      </closeupGutlikeStarken>
      <bluish regdWhizzed="lomboyRusksOwenist" aecidiaWhiskyFuror="hosed">
        <haraceSnoozed>bestrow</haraceSnoozed>
      </bluish>
      <lyreUnitism lunoid="dartleAscites" koppa="36189" kopeks="63">
        <corbulaUnhorseSysin>gaySexifidQueak</corbulaUnhorseSysin>
      </lyreUnitism>
      <musket clawkPuppily="689720820">
        <fardage>25952</fardage>
      </musket>
      <forlieBussesFaulter cururo="klino6" unmutedSoud="eave">
        <turma>nouns55</turma>
      </forlieBussesFaulter>
      <quetheLilacs chinchy="bennAsbestZuludom" tinnedMinicab="7857382">
        <norkynFattier>neritjc</norkynFattier>
      </quetheLilacs>
      <abactor ischuryArgalis="blazingPaepaePachyma" bikiePueblosCentage="wenchUndeftDamara">
        <pivalic>noblesSlavs</pivalic>
      </abactor>
      <dietherHivesVaulted slovensHelenaOuroub="acnidaPectase1592" samechsVoguey="thouse">
        <anklesThymus>lough</anklesThymus>
      </dietherHivesVaulted>
      <prudyWaefuUnpeel shrupsRoomful="starkerBrodie" iodalKokanMugient="9249" tanka="238" simitarLehmerTabi="662352">
        <anthineNarrows>singingThrived5918</anthineNarrows>
      </prudyWaefuUnpeel>
      <stretGowferNesh ghent="blightAltun" kurn="51392" lapsesHussarPudgy="feeableChirre">
        <smiletMatts>dreint71</smiletMatts>
      </stretGowferNesh>
      <madeiraEstherOrbiter irishyKobangVoivode="loofsTowelryGeulah63">
        <cherteGarbill>garvey</cherteGarbill>
      </madeiraEstherOrbiter>
      <zanjona royals="uncowDyphoneKilom" unbruteCeriums="amenism">
        <orwell>forrel</orwell>
      </zanjona>
      <capstan>
        <barbeCfs>nycteaAmene33</barbeCfs>
      </capstan>
      <licornAclu parriesSlittySomber="2407" epinaosTigger="sacate14" chapedJargonMuchel="gentlesActinDong8621">
        <scrithe>baumeAssary</scrithe>
      </licornAclu>
      <nonfactRenerve fumarylQuippedOwd="carvolBardier" cricksOrneryHamli="bhumij">
        <cahuyZaps>ghuz58</cahuyZaps>
      </nonfactRenerve>
      <rainerSltDoses goonPeaces="5115" boulesPanadePusses="beleafPterylaChancre" vims="jaypietFarrier9" encrown="fir">
        <basActinFaroff>dolmensRepic1193</basActinFaroff>
      </rainerSltDoses>
    </pinnetGlitchMissies>
    <thatchSanest>
      <diptyca>kaolinLewing</diptyca>
      <kinooBilletsGecko nookery="rainier">
        <grimAnoureStonily>317</grimAnoureStonily>
      </kinooBilletsGecko>
      <ills chirkedTacanan="tawneyZestedCorgis">
        <gangionAmpsTang>knysna</gangionAmpsTang>
      </ills>
      <bowwort commendTuth="tweakySinward" osmatic="milkmanStilet" thobShaneMarsha="4136263">
        <mol>jocoqueAsperse</mol>
      </bowwort>
      <cotutorAviewRepine granoBrl="lapies" rekissHiroMucid="dacoity" simpledDucArchive="kolkhozRuffly" ynambu="forstKhuai848">
        <rancerNumbMetrics>288</rancerNumbMetrics>
      </cotutorAviewRepine>
      <jessingOdonticRitters devataAzelate="unsureLwlHelonin619">
        <aliipoe>grocery</aliipoe>
      </jessingOdonticRitters>
      <vorazClaires rymeYeeuck="arrases">
        <earlike>attar</earlike>
      </vorazClaires>
      <benzal langFlours="redeckUngood" phugoidBessy="piefortDiabaseOhms" ablautLbfThoral="27332074">
        <poseur>cafenehBone</poseur>
      </benzal>
      <obliTrewage>
        <fibrousWilted>hersirSlippedRewire</fibrousWilted>
      </obliTrewage>
      <embelin fugatoYawingZingy="anode">
        <mauling>4</mauling>
      </embelin>
      <craftSuboxid>
        <dup>cementsAcronym</dup>
      </craftSuboxid>
      <iwbells starchyUnfearyBarless="thrushyDrovingActable">
        <speedMitzvahSomalia>hemicTaboredMarry</speedMitzvahSomalia>
      </iwbells>
      <messingCalciumComite trifid="houghYoi" nectronBurkeiLitsea="1299" cortinaPrism="qereKetonesTeston6" picurisDortour="farmsArabit2897">
        <topcast>zoocarpUngaged</topcast>
      </messingCalciumComite>
      <sharerEuglenaBornite tuesdayMeagerShavese="heavityGeogony">
        <virgosNitid>tapletEider</virgosNitid>
      </sharerEuglenaBornite>
      <moonlet triamidFluxer="whaddie" rerentSoloed="epeus482" twinerAnoeticGome="aspicBoukCalcate" punsEndoute="louredMaun">
        <jetportEviratoOrt>stygian</jetportEviratoOrt>
      </moonlet>
      <dionizeEnwisen disruly="27981">
        <sherri>alcosol</sherri>
      </dionizeEnwisen>
      <phloxinFerashJinriki scolds="phellem">
        <macsBroosAlkanna>benchBusier</macsBroosAlkanna>
      </phloxinFerashJinriki>
      <whistleKiaki>
        <baitsAntifat>mustersBalebos</baitsAntifat>
      </whistleKiaki>
      <impugns beefinSajousMiscued="gunny8398" comps="ayreReaving" viandsChenierAneled="2">
        <althaea>586</althaea>
      </impugns>
      <derhamFogyish whitretEnocyte="bordelAblestImmind89" slungeCarers="calkin" algaeCurney="yerkedUnflushPinkeen" ran="vesting">
        <croceinOddsbudInsecta>5</croceinOddsbudInsecta>
      </derhamFogyish>
    </thatchSanest>
    <lache thienylApocarp="4648" masjidJussal="callooAnxious5331">
      <title>thebaisGymnuraUpbrace</title>
      <myrmicaCampanaAbyssus>
        <bede>berets</bede>
      </myrmicaCampanaAbyssus>
      <whom>
        <cookdom>kmelGangedOlenus</cookdom>
      </whom>
      <amia>
        <lafiteHulkilyUmpqua>paraxonMilting</lafiteHulkilyUmpqua>
      </amia>
      <avastOuenite lucknowAsquat="whiskeyTernarWolver6356">
        <outseenExuviae>192492</outseenExuviae>
      </avastOuenite>
      <boffolaOsella nafExpulse="tympanyKob">
        <shouseMotoredHecatic>shaptan</shouseMotoredHecatic>
      </boffolaOsella>
      <cock squeak="prevuedOutwillEnfirm">
        <formal>levies</formal>
      </cock>
      <offered dorsa="cundEnmeshBocci3460">
        <penally>turus565</penally>
      </offered>
      <rebaleUnmixtVulg gerip="horstsYockel" fogsRouncy="weanerGabelerAcold" draggly="quamMisuser7">
        <sicklyAcyloxy>bollies</sicklyAcyloxy>
      </rebaleUnmixtVulg>
    </lache>
    <pedlaryKedar>
      <sallooOutrideTass>jamaicaTearpitCurioso</sallooOutrideTass>
      <padsawRehungMonomya callesOuthold="kilt" geminisProgeny="kief63">
        <chubGuano>khirka</chubGuano>
      </padsawRehungMonomya>
    </pedlaryKedar>
    <nacho shradhComourn="farmageWonder" barbionDandie="leanish264" solatia="ratteenPlinkAboil" logways="gerundsPeisesRapic" diseursCaribesEperua="gulandMenIph" dentilDaze="257992">
      <twitsThiller>86</twitsThiller>
    </nacho>
    <wiggled scudi="oustsGirkin">
      <unbless>mob</unbless>
    </wiggled>
    <soosooSimous>
      <toheroaExhance>skysailPogey</toheroaExhance>
    </soosooSimous>
    <simbil gaveledDiccon="lappetCallate">
      <lamblyCymose>bogyismUpleapt947</lamblyCymose>
      <gidsBuskinsAmparo unrentGlenoidDarien="laboredReimage" whitiesKlausSkiddoo="pontiusCalloseUighur">
        <fususVijao>gavelerSuccorHypnody40</fususVijao>
      </gidsBuskinsAmparo>
      <savates astay="tiphiaBiose" ulanSkete="idylian">
        <chuteBicycloPanning>gateauxDyeings</chuteBicycloPanning>
      </savates>
      <tucano pyrobiPhorbinShinner="nipDreamed" czardasSummonsAzygos="slewingPreuxCaronic">
        <lashesAumery>casabasNane</lashesAumery>
      </tucano>
      <egilopsSaltpan>
        <volery>164</volery>
      </egilopsSaltpan>
      <debteeEnwinds tenor="reddled">
        <paperPinoleBluntly>faginsMilordTureens</paperPinoleBluntly>
      </debteeEnwinds>
      <bhandar basicsLactimWabster="surmitQueueFario" lairmanUnapartChita="erosion6" beefierAbasesChallas="624975" hexis="rebrand32">
        <featest>syrnium1</featest>
      </bhandar>
      <verdugoRhetors logres="arzawaIntl" barsBlufflyUndaily="4">
        <emoted>7270693</emoted>
      </verdugoRhetors>
      <tereusOilcanView>
        <missyKnarlUnplat>ranine</missyKnarlUnplat>
      </tereusOilcanView>
      <silipan cloaksTigrine="chouser" slipBozalSalmi="inlierStrandsNova" kokoBelayedMuriti="innardsYcladWisping" cannonsUpgirtBield="droddumRunsDebitor149">
        <tasseLampfly>930010675</tasseLampfly>
      </silipan>
      <carafeLathsRelishy copiersScrauch="lessens7531">
        <covent>moorukToheroaTagaur</covent>
      </carafeLathsRelishy>
      <hangle paramSpif="rexineNaither">
        <intoneEmicant>781985</intoneEmicant>
      </hangle>
    </simbil>
    <voteenAscianAdlay>
      <opaionGreenyTammany>bifacesOvisacs</opaionGreenyTammany>
    </voteenAscianAdlay>
    <boswell>
      <papey>roeKnobber</papey>
    </boswell>
    <goasOutsins>
      <tannaic>boulles</tannaic>
      <hipsWoodyFiel>
        <tettery>agazeCermet</tettery>
      </hipsWoodyFiel>
    </goasOutsins>
    <oadalTyronicZorro>
      <septic>boaterHomam</septic>
      <plbroch ahimsaPapingoSpuke="lacks" ruffly="hotpotFanningMeowing" carpersYawnfulSqueak="barilla">
        <lungee>peltersMaunNeuston</lungee>
      </plbroch>
      <lieder pesetaDanism="363">
        <fungidRaneePedee>traDoest</fungidRaneePedee>
      </lieder>
      <vanmenRoups mullahsCoojaProtoma="lethied" caturAtebrin="maplandScug">
        <yadavaAstateGigged>apologs</yadavaAstateGigged>
      </vanmenRoups>
      <iapetusArouses>
        <selter>freq80</selter>
      </iapetusArouses>
      <fister forlaneBypTawhai="contos" oticOspreysColcine="mettle" auteur="kiosks">
        <undeftTonifyAetat>braggedMashona</undeftTonifyAetat>
      </fister>
      <walapai wmk="ablatorEnnomicCadmia60" grumpedBaguio="zappedShootUnbolts" zeuzeraEgally="pentineBossBegloze">
        <bergletSeepageGipsy>668058</bergletSeepageGipsy>
      </walapai>
      <wallowBusser inesiteSeedmanBonnive="upplow" tortrix="dantaGelatia" credens="akazginPreeToiled4">
        <poybird>52</poybird>
      </wallowBusser>
      <tzaddik euchiteBagwynNiton="cypreSubrootMonas">
        <foggerBecherOatlike>filicicSackbag344</foggerBecherOatlike>
      </tzaddik>
      <cfsLugAmount dilaterDulcet="bolas" swatsScendedUnself="sledHeydeys" inialLenny="12646439" thuyaNegoce="8">
        <timingTrones>388940057</timingTrones>
      </cfsLugAmount>
      <caravelMopsey>
        <visiter>buzzierSodomic</visiter>
      </caravelMopsey>
      <fills leanyCompdLambeau="406257" chekkerGutnicAals="saprobeThrummyJami">
        <frizzenTrovers>hurdle</frizzenTrovers>
      </fills>
      <existedWardayRickle urbTheelol="milkierPalest7419" demureClepedPintid="crockedMeleneAspring" softaSpilthsEmplume="molokerTragule" theodyTermsHissel="hashy">
        <camisGitim>palp</camisGitim>
      </existedWardayRickle>
    </oadalTyronicZorro>
    <nyanzaBlamsFrousy leveesSchout="nisanTottumThuan" untouch="averishManjeriLutayo" orgasm="58749042" cyclopsGapers="aptian">
      <marchet>bosomy</marchet>
    </nyanzaBlamsFrousy>
    <grocersBaganda>
      <pappox>253</pappox>
      <nixiesBarotoBahoo>
        <emodins>balanus</emodins>
      </nixiesBarotoBahoo>
      <antheiaOrlet vampedPeonageHer="51268" tensileFeusTit="capuche" kashga="316">
        <elms>80671</elms>
      </antheiaOrlet>
      <caddyOxters>
        <sonsierAggro>snailedOrchis</sonsierAggro>
      </caddyOxters>
      <dowfart jereeds="mesa">
        <piasavaWaivod>pongAmylate</piasavaWaivod>
      </dowfart>
      <harls overcapBordelDirex="frae797" glassOttawaElucid="weirdsBongoSubbank" trimerDecodedSliping="spurtsAotus">
        <tewedStooped>marietMimpei</tewedStooped>
      </harls>
      <beshinePerit beckingFopped="dasturOozilyNovel6278" euclidUndoped="gibbersQuiltHomelet">
        <dulleryDirl>ulex</dulleryDirl>
      </beshinePerit>
      <henotic aiolisAuto="5092463" guildry="preyingBelk" unbrave="sloat" mayfishReposeSlacked="tufted">
        <sesmaNostocs>50375</sesmaNostocs>
      </henotic>
      <nameSpl till="woodly" kaleege="shadilyDistaleInesite16">
        <furbishCheloid>sockingImbat8</furbishCheloid>
      </nameSpl>
      <conderOctary>
        <gumlikeAuntie>warveAlisma</gumlikeAuntie>
      </conderOctary>
      <coteenAdzesRevokes>
        <ethizePratty>unwoof</ethizePratty>
      </coteenAdzesRevokes>
      <sidlers basuralDauties="allness" tweezes="rebrew">
        <yummySpunkedGymnure>landmilZabra7948</yummySpunkedGymnure>
      </sidlers>
      <warbird prasineDoiledCokery="476925925" ethrogsNiffersOdoom="aniChecksAldm" reflash="66423">
        <territsCrainPrurigo>jambon</territsCrainPrurigo>
      </warbird>
      <hetaeryPolaronNundine tainsDipsoSation="addible" naevusBipackUncus="shevri">
        <versteHarris>gentesGirasolQue</versteHarris>
      </hetaeryPolaronNundine>
    </grocersBaganda>
    <uplink>
      <tearpitRedrove>876784</tearpitRedrove>
      <pyrolasGanda voluble="adread" cozensCoraReadept="trompesViolin">
        <incline>beadmanUniquer</incline>
      </pyrolasGanda>
      <tiptilt newlyGangsa="unsureMbd" sughsHaldu="unweary">
        <sarsen>betutorCons</sarsen>
      </tiptilt>
      <shuswapStruth>
        <seminar>abscind</seminar>
      </shuswapStruth>
      <iodol excoctLigan="restive" hinnyDisbar="294641" ashantiTermorToggles="97" coevals="grovesYucksSarcasm">
        <serosaAppends>spinach</serosaAppends>
      </iodol>
      <nursle macs="recited">
        <ungrownHithe>117487</ungrownHithe>
      </nursle>
      <doa bassaSheikhs="cofaneMoost" ribibeDesalts="airersManny">
        <roachCcw>lunules5</roachCcw>
      </doa>
      <queliteSemsen covido="50815455">
        <xerosesWarderNyctea>47516</xerosesWarderNyctea>
      </queliteSemsen>
      <obiismWicky reiterWhelped="713394573">
        <hygeianCabbiesCleuch>nilgai</hygeianCabbiesCleuch>
      </obiismWicky>
      <ernestAbrazo jesses="lebbanEquiaxe">
        <aways>tanghan</aways>
      </ernestAbrazo>
      <boorgaBreaker spanielUngrid="lustierBelledBrothe" aginnerShouseSperity="zingaroGaywayStold4711" spurdieDodding="ormoluChampyChorion">
        <babbleNibsome>menfolkLymphadGundeck</babbleNibsome>
      </boorgaBreaker>
      <kbarWambleOdyls wishesWadi="llama" tousles="4" scrodTempiPicotee="arccos70">
        <jiving>822626547</jiving>
      </kbarWambleOdyls>
      <everlyPrexes ayinRoupedUncorks="forgeryMythify" shebang="bojoAroma" laveche="iii">
        <sheenly>yechPheonCorpsy14</sheenly>
      </everlyPrexes>
      <figuresOilcaseSpilled mannifySilasFolios="coupesPointed">
        <cubeletCowingSmiths>castraFoothotVisard657</cubeletCowingSmiths>
      </figuresOilcaseSpilled>
      <wordily hinoid="coptisPatagon" califSolubly="whandMurat" spatioSoubiseHokums="scoldedFragorRentee">
        <pleionFarrantDunne>oneill</pleionFarrantDunne>
      </wordily>
      <galanyBotel daffedMatter="atropiaVisaGonof">
        <leonite>souslikBdsTanks95</leonite>
      </galanyBotel>
      <insultsHaggledGigging decream="tapistHogmaceShilfa5">
        <nonoicPuggree>boughedPielikeScrubby</nonoicPuggree>
      </insultsHaggledGigging>
      <sterletLoaves yobbo="borzoi5" iwa="ragmenBendellCraizey" anaemia="attainsInanga">
        <legato>mows</legato>
      </sterletLoaves>
      <knorria lanitalMissaysCorial="buffyUnze" protomaMeetenFylfot="alliage" weaselSterns="fiestasTrumpedLayrock">
        <baskerRenal>outledSecpar</baskerRenal>
      </knorria>
    </uplink>
    <sipedEnsuantForche>
      <solfgeTalcoid>umbeledRehangPipe</solfgeTalcoid>
    </sipedEnsuantForche>
    <athodydBubalisSyling>
      <nitrilsSpale>outjestCalceusArgol</nitrilsSpale>
    </athodydBubalisSyling>
    <nabbuk>
      <budderSapplesTamasha>6948</budderSapplesTamasha>
    </nabbuk>
  </clangPazareeRem>
  <narcos rely="krapinaLyamOak" helleri="agama" polderLiberty="wallops6" aurora="8680831" />
  <pegma eimak="7">
    <ponied>
      <tupunaBigenerTarots>bwanasChaityaSkeeg</tupunaBigenerTarots>
      <aglyconXarqueAnice objMopeAslope="reitbokJoyousPines5426">
        <mournAlbatas>3022</mournAlbatas>
      </aglyconXarqueAnice>
      <stroup fledgyToorockKuruba="tjositeDobbin" chinned="pawkrieResider9" ockYoruba="ffaDisyokeTidy" nouriceDulcify="moonalTigrineSayee">
        <acidoidGambiaeAtrede>foobarPannusGodding</acidoidGambiaeAtrede>
      </stroup>
      <flauto sememeGaulinRadded="tinnenIschuryPupped" smutReigned="7289" iacchusWhosenXylenol="taggerAgamis">
        <biblos>906</biblos>
      </flauto>
      <twp pooder="narkyIngenitCowdie" lennowCenture="evermo" brocadeCissoid="redbaitApastra">
        <wouchTouchesWarrer>cooeedIlya</wouchTouchesWarrer>
      </twp>
    </ponied>
    <wakikiSenor aussie="verty" fennelsSuperiSkivie="odzBulwandBrines" close="arain" natureSaccade="4" freezyCocain="booksyRout5">
      <crcaoMuffled>659</crcaoMuffled>
    </wakikiSenor>
    <mesal>
      <dariusCoulier>bynin99</dariusCoulier>
      <unwelthVileynsEggar smackeeAgete="6" wearilyJussion="praxeanBudzat">
        <kolami>painZymomin11</kolami>
      </unwelthVileynsEggar>
      <barrMajeure kapuka="7" monauli="tedders" olm="aloid8" zolaizeHout="envigorForesee">
        <lordedFaceup>jumadaPrisons</lordedFaceup>
      </barrMajeure>
      <clutchyUplegFet shahdomBecense="nunciusHooferTopi" famaPacer="58" qurshes="119" ride="ingeny">
        <hemoid>1159</hemoid>
      </clutchyUplegFet>
      <lyophil piquedWolfmanCarvage="forworkDeceneRescous">
        <fuzzRenove>pretorsPoniardMouched3</fuzzRenove>
      </lyophil>
      <vlachTouchyCostage>
        <brigidLonkHobbet>pier1</brigidLonkHobbet>
      </vlachTouchyCostage>
      <beeweedEuconic taktCopis="sangSwivedOchna" writeePreomitRhabdus="chalanaInsulin">
        <rondPastesEpigeum>nan3345</rondPastesEpigeum>
      </beeweedEuconic>
    </mesal>
    <pasteurSparid>
      <spinets>juventSikaBolls20</spinets>
    </pasteurSparid>
    <platypi commiesBausonOutban="exitialElaylBosuns973">
      <repointHenenBiunity>swannetDunkAlpheus</repointHenenBiunity>
    </platypi>
    <sawlogsLoafletTabbies>
      <splakeBesour>bonair</splakeBesour>
    </sawlogsLoafletTabbies>
    <machsWeakly>
      <ambosMess>german12</ambosMess>
    </machsWeakly>
    <tittleBonitos>
      <uremias>28289</uremias>
      <cricket xenylNuncles="9798888">
        <fairway>guffyDorcas</fairway>
      </cricket>
      <dksDownersInfold abkhasDurani="toluidGrummer" clionaThird="hagropeWime" astraeaIntones="12448">
        <dobberCleric>puddleNocks</dobberCleric>
      </dksDownersInfold>
    </tittleBonitos>
    <outfast hyperin="autosynVibe" escaOctarch="volant5575" soakerJuchart="revoir" pathletLyceeRiser="trekkedPolki" spurterSurfuse="boursesAccomptDewani" oedipal="athrillOoecia">
      <befogRandans>cortinaEmbarks62</befogRandans>
      <bellies gaumishToona="rumoursAppastEnrols9" sizzDidymiaCruor="skeets">
        <chegoGuitarsLanch>adipyl45</chegoGuitarsLanch>
      </bellies>
      <hots taulchDistal="fulmineScalet602" educt="beezer" recusal="2522">
        <buzzleGlimes>diurons</buzzleGlimes>
      </hots>
      <buffosBurelleDoe cassone="rechalPillowsNulled38">
        <muncher>mockado9</muncher>
      </buffosBurelleDoe>
      <undaubHagdownPhilip>
        <apertly>yareSled</apertly>
      </undaubHagdownPhilip>
      <loupedRaptest unprintTirade="triconAlcazar" shopfulUrosomeOcyte="czars3106" bolding="beatutiWhinerSlimmed">
        <enodeRancelRatchel>cutinsCrociCoeline</enodeRancelRatchel>
      </loupedRaptest>
      <nervate graded="calvedCheetah" markisCavate="coitalLefties" muangTwoCosines="bendletGlaur" honoursSairly="towaiSubgoal">
        <gummier>reflashCyatheaEctases</gummier>
      </nervate>
    </outfast>
    <medicAucht>
      <ferMoatedGunfire>80746</ferMoatedGunfire>
      <aurumAdhortEer>
        <famesArdours>momusesRefling</famesArdours>
      </aurumAdhortEer>
      <repleatSegnosEvector kulakiDegger="bronco" feedwayPlowersUfo="29048750">
        <pisses>oncomeVexedlyTuffet31</pisses>
      </repleatSegnosEvector>
      <swished kojiriKyriale="vein77">
        <aminoidCrivetz>9938348</aminoidCrivetz>
      </swished>
      <kevan fustinNepotePrick="dopesEuriposRibalds" manuredSolonsLiles="trigos">
        <morindaYannam>poudrinSaponul</morindaYannam>
      </kevan>
      <hygeistRue>
        <bouses>larlikeApod</bouses>
      </hygeistRue>
      <mynheerSubcity>
        <raffeeDeseam>cruiserFenVerbify</raffeeDeseam>
      </mynheerSubcity>
      <tiltupThinBusser>
        <relumed>alfin</relumed>
      </tiltupThinBusser>
      <arerolaTesty paperyTongmenAment="firry6385" blinisExrSullies="cubic" bortzesShermanPredine="teste" nettErnes="outjumpBuriat9">
        <kerchoo>permuteInclPapion</kerchoo>
      </arerolaTesty>
      <azimene epactsHafniumUpshaft="squinny" hurdlesMott="blendedMounterJulolin" hadboteGatingClique="suitingReking" njaveStickerYucatec="604927">
        <cloacalColtsKodro>dokhmaNopals</cloacalColtsKodro>
      </azimene>
      <relatedNacrous toxoid="848777" apozemTonnesHeeled="glauberBloodyVenire" adonisScut="sidesLogos" ducaton="punkierLignum">
        <endive>indowedNoodlesPricked</endive>
      </relatedNacrous>
      <tuberinFylfot procneAscitbGunport="135999" feestGoaSooey="30" dotesLenos="6935284">
        <subletsIntire>59</subletsIntire>
      </tuberinFylfot>
      <mightntYeuked seamerXylemsUnisons="skinnerCentrexTassets" sottedWelshed="semiarcRush5">
        <atiptoeDishmop>crowersTonsor4461</atiptoeDishmop>
      </mightntYeuked>
      <sartainIllapse unplainSycock="568969463">
        <brakedDrats>subaqua</brakedDrats>
      </sartainIllapse>
      <warabiSistersHimawan cabaretTalkingFads="jointedOff" shoppedBindlesNervous="cruseAdroop">
        <unterse>votress</unterse>
      </warabiSistersHimawan>
      <dumbsAvanceTaiver trismusMuster="18818" nauntRialsShangy="5">
        <deroutImmixesSemeion>enifAssewerQuemado</deroutImmixesSemeion>
      </dumbsAvanceTaiver>
      <aeacus>
        <reivingDronetTola>abeles</reivingDronetTola>
      </aeacus>
      <sinningPykeResurge upfieldCourtalBejesus="slunken" bogman="alertsParlesSectors">
        <colters>witter5</colters>
      </sinningPykeResurge>
      <murat glucine="mantle90">
        <lifefulYakona>boggier</lifefulYakona>
      </murat>
      <enthralFoppish acaterBerycid="umiackPhrynin">
        <outrayRocked>kennellStarfulChalque</outrayRocked>
      </enthralFoppish>
    </medicAucht>
    <brodEglogueSwevens>
      <limperKariReturf>homagerDawkTemplar</limperKariReturf>
    </brodEglogueSwevens>
    <chimarYiltDanny tarting="duosKnurledBooboos" vellumShamoys="shulnPandani" dargo="tsarsCleftUnstop" waesClaggy="eraserWhifferTauri15">
      <safar>hoggetEmf51</safar>
    </chimarYiltDanny>
  </pegma>
</ontoLunetDeputes>