<?xml version="1.0"?>
<fass>
  <holtsFoliumGobioid shippedBurke="thoricUpgrown130" borersWuzzy="sillierTabulaeJudo" syceKeresan="anilideTendoorScutter5527">
    <doggingMaximsStops lentoid="aquageBagsTweaks28" lyrismsBagroom="smoodgeLarumUnitage" lanatedKabayaKokako="bisextApishlyGasher" emetic="vibrionPhlegmy439" thyGowning="691982311">
      <foetal>bedway164</foetal>
      <aielDeaned alkoxylFancilyBeeball="decyl" liasing="34">
        <parentTheirnBiniou>bluingsFlatlet</parentTheirnBiniou>
      </aielDeaned>
      <antiarFoothilMashies dizdarThushiSimon="nep">
        <ombersBurrishAzoxime>619</ombersBurrishAzoxime>
      </antiarFoothilMashies>
      <jibstayDrongoHalt raucid="cowlitzHobo7">
        <squame>crackly348</squame>
      </jibstayDrongoHalt>
      <dace retrue="pondNodsThrips98" planchFingan="ganevs1643">
        <proseMutable>navette</proseMutable>
      </dace>
    </doggingMaximsStops>
    <bougieUnlimp tidyingArtie="58209" octavos="yowdenMincing" unlaw="makesInhaulLiman" biopicNatriumLysins="196547">
      <filazerFresnel>ferrerEpigeal</filazerFresnel>
    </bougieUnlimp>
    <rouchesTerraeJimply pippingUndealtIstle="maxixeVitiPythium" helThouing="encystsCaules" witwordAgorot="789445444" wispingCuppy="kishkas">
      <starrMilkenHastula>numps</starrMilkenHastula>
    </rouchesTerraeJimply>
    <boorgaGalops>
      <lameter>qatarSublist</lameter>
      <onrush>
        <insured>grappasMecate</insured>
      </onrush>
    </boorgaGalops>
    <vittae chinkyAgameteSexfoil="bulgedBooteeAntics">
      <parredSqualidPouffe>birriAinaleh</parredSqualidPouffe>
      <distilsCurrentShally anonolNuraghiEthmose="7493">
        <tensPropperHent>seraiSlaty</tensPropperHent>
      </distilsCurrentShally>
      <gusain dispopeUredemaWhimsey="hairifSpeaks" kraBatfishWahine="airheadFrisca" promissHeartTritish="heparPapegayDebrief" pawningDunes="gaunch858">
        <durnQuerlLapb>lacunaPahouin</durnQuerlLapb>
      </gusain>
      <wingyCuif arglingBroader="boartReculeDairt">
        <hearthMennuetFidos>parialWishItenean260</hearthMennuetFidos>
      </wingyCuif>
      <twangedKneader messerSorrowsLichen="887" buzzies="variac">
        <atrophy>206512299</atrophy>
      </twangedKneader>
      <baburd>
        <weazand>ingomarCassonsAlatern</weazand>
      </baburd>
      <patas filmsNidesShevri="aloesolChaferToot">
        <kookeryUnbrown>minxesMinikinCust</kookeryUnbrown>
      </patas>
      <ganoidsAttagen coombesVoetsek="nylghauShowCivies" pacateVatful="holiestReesJessed">
        <unstatePietic>73015166</unstatePietic>
      </ganoidsAttagen>
      <suesPureed sifaka="unhazy" rhedas="8" grooverGlacier="easier">
        <network>86940725</network>
      </suesPureed>
      <insunk affies="bilgesInguenNeves" axileTubulus="tasselyKaraka" tinchel="wardersAcerateRepiner343">
        <kristen>ballTrunkEmend</kristen>
      </insunk>
      <oxgoadPiitisWarbite>
        <onium>sooner</onium>
      </oxgoadPiitisWarbite>
      <bergutBaggage mynheerDoketic="limity" oratrix="poddingSalviol" visaAblings="unmask">
        <hector>unwooedCoutilSkydove</hector>
      </bergutBaggage>
    </vittae>
    <somnialChuckerWricht>
      <swivetsEmydes>18480539</swivetsEmydes>
    </somnialChuckerWricht>
    <hamletsAnimusLipins>
      <wyoming>226675</wyoming>
      <bedur vanes="thorLeafingHelion" motleysCraunchKinsmen="tesackTulwar" acologyProtist="5302827">
        <rechaseLlaneroSummut>46</rechaseLlaneroSummut>
      </bedur>
      <beetTogt ventin="clunks4280" costateVahine="gawnEmoters" halser="dialledGulamanMeso" safflor="mobberHoddin910">
        <milRejectFinger>346019</milRejectFinger>
      </beetTogt>
      <unhayedMuff minimax="yagiSelf" shoringAflareWotting="flankenPorkers">
        <embrawnClimate>22277</embrawnClimate>
      </unhayedMuff>
      <flatcapGummiteTrail>
        <mort>kohlTanoaAspires</mort>
      </flatcapGummiteTrail>
      <porty>
        <band>blowbysOogoneBadmen</band>
      </porty>
      <tubaUratomaAbush nostrumFuriedTerra="diseursAnoia6" pechayEponymsSucket="5117">
        <offices>krome</offices>
      </tubaUratomaAbush>
    </hamletsAnimusLipins>
    <bruin diddyHocusedSnawing="bousyHalfer461" cameras="cardolVelureEvident" depayseNavarch="folieUnplug" sitellaTsurisEpiotic="cubEnseel" whekau="querlUniform" asaroneSmogsPurrel="gurgoyl">
      <tigersDakoitySubch>coreign</tigersDakoitySubch>
    </bruin>
    <geminisFactorMyasis wonnerSetwise="barkhan" acouchi="subsill" quaskyIranWyverns="rosalesStrewer331" homeric="umistChapterPetrol" siloamShuhaliEpees="potted" jardiniCuishSikara="profileHenyard">
      <ideBarche>commendGhoom2446</ideBarche>
      <fulaniKellaUnalike>
        <cantutLieneeUnstow>2</cantutLieneeUnstow>
      </fulaniKellaUnalike>
      <overput>
        <nidedKeat>4</nidedKeat>
      </overput>
      <gestionSokotriBivocal>
        <ddtAtteryEurus>langiteMauncheHubris55</ddtAtteryEurus>
      </gestionSokotriBivocal>
      <knacks>
        <ceilidh>uswards</ceilidh>
      </knacks>
      <venero oneiric="whangedAtalanOmasum1557">
        <mowchHdqrs>menialIndignCongoni</mowchHdqrs>
      </venero>
      <bootieGuyersTabu gurglyOthersDollin="palsiedPedaled297" largely="gittiteRoguedBityite">
        <fumaryl>quoter</fumaryl>
      </bootieGuyersTabu>
      <lemmingDociousQueing smiling="unpiousFrissPpi1" encaumaPooris="juniorScreensMootman" dirigeAdmetus="709" canapeGrubby="3562">
        <firca>7</firca>
      </lemmingDociousQueing>
    </geminisFactorMyasis>
  </holtsFoliumGobioid>
  <whydahs nbg="whitestAuguryAddaxes">
    <tikoorKlickDinkeys>
      <scybalaGigots>4</scybalaGigots>
      <boatelsDidicoy boltWush="roncetSpouses">
        <pastyBabas>dionizeMagahi</pastyBabas>
      </boatelsDidicoy>
    </tikoorKlickDinkeys>
    <sewsterSusu>
      <thixleSippersImphees>hirples</thixleSippersImphees>
      <cologsTraiksIngoing laddockHommack="gurjaraTophi" lituolaFlerry="yex">
        <elfdomRefaced>29987758</elfdomRefaced>
      </cologsTraiksIngoing>
      <cachexyVerre cuteys="airnsNudelyHematid" misplayEassel="isthmicTruncalPeached">
        <laicalIhleiteSubtle>himene</laicalIhleiteSubtle>
      </cachexyVerre>
      <rosillo denudeGreggDarting="92" aconin="elapsesAthodyd">
        <brobMinikin>2967</brobMinikin>
      </rosillo>
      <nomapFurtivePerca proxiedPrichBambusa="spreaghMaranonGoober2" kulahKalunti="poditesComble" rammelGreek="four" psorous="unscaleAmpyx">
        <jocular>ozonesThawsZaffars</jocular>
      </nomapFurtivePerca>
      <backusBasuto peshito="usineCigar">
        <hurlerPolyveBraced>serv</hurlerPolyveBraced>
      </backusBasuto>
      <nagglyTurmentTaoyin>
        <sannup>overnewDecider</sannup>
      </nagglyTurmentTaoyin>
      <fetchedReheel cardiod="630425083" escapedStagers="timersDysHackia" peleSeemers="alas" dronaEpenlaAlfarga="nasi">
        <croiseRutter>astateCookee</croiseRutter>
      </fetchedReheel>
      <cainginUnrips edictal="mushaBlinterArracks">
        <gingeli>goeticTrilby</gingeli>
      </cainginUnrips>
      <lifVitrify treppeArray="scrunch56" ravioliNookery="heydays358">
        <gladiteVall>frasera8166</gladiteVall>
      </lifVitrify>
      <ticunan chonkPerneaOleose="mamMagpied" hobosTangiEthoxyl="sublets970" rarebitCobles="muscidHedges" jincanSavePiepan="papingo">
        <corbet>sayidGlovers</corbet>
      </ticunan>
      <kiri stumble="forcedFitweedServo" phippeAlkene="amalgBipedThrower8" calista="potoos88" besraCatnep="narcsJimpyShumac">
        <antiarsGellingRissom>sadden6</antiarsGellingRissom>
      </kiri>
      <primers loomed="8238" inhelde="596" assortPyruvilStope="cytonsAyin3" bunchedCativoBarite="disuse">
        <flybook>castingCleome</flybook>
      </primers>
      <widdies>
        <coprahs>codgersJonquilLouvre</coprahs>
      </widdies>
      <naschAdonaiCajoles amunamOarcock="752" amylEyrEsbay="toluid" fremd="synapte">
        <ulminic>userMetrise</ulminic>
      </naschAdonaiCajoles>
      <zestingTequilaDogie doceticRestorePoongee="2" argansLaxist="autoed2874" myope="tinoHealedScored" fulcral="wippenAsb">
        <gecking>bayanoTrica</gecking>
      </zestingTequilaDogie>
    </sewsterSusu>
    <summaBortzDerange>
      <hiveUnipedCranian>alohaMinot</hiveUnipedCranian>
    </summaBortzDerange>
    <texts bezzi="peevers" genipaSpendsRander="44682868" ruscus="truths" cakette="scrapes" hiant="shalluMouche" mohican="alifs">
      <covenTagtailPugmark>burlilyDawkin313</covenTagtailPugmark>
    </texts>
    <turcize>
      <intimaeTwigged>288133339</intimaeTwigged>
      <shedded sunletTradChalcis="buffos" oxbloodHeadersBusher="geology" duskPablumSplicer="panBowheadTougher" outbragStodge="froustCopens66">
        <exingAirsome>aracari</exingAirsome>
      </shedded>
      <benchAngaFence delimedBeggarFormful="69">
        <mindAbatonScutate>rajidaeHugely</mindAbatonScutate>
      </benchAngaFence>
      <octoylAbashesOidioid rayanDiseasy="baniladRedue" bras="401609737" gastrinVivaxWeskit="condos">
        <spacingJiggle>19</spacingJiggle>
      </octoylAbashesOidioid>
      <poorga vigilNooGlobate="oursel" lumbus="ngaiDiel">
        <nostic>pagodSnigged</nostic>
      </poorga>
      <rsumBowmenFlense>
        <cobnut>sirosMiniken</cobnut>
      </rsumBowmenFlense>
      <violinoOkta cain="opalize" kyke="24">
        <norkBurlesk>dmarcheTirlingLibs</norkBurlesk>
      </violinoOkta>
      <anhingaNogDrucken collins="aladdin" toreniaQuinyl="judahSensingCamails" scungeUnsmote="attaboyButtonSalat" mistoldSartagePapains="radeur">
        <sistKososGrads>stanks</sistKososGrads>
      </anhingaNogDrucken>
      <pitchiBrisked flay="gorgingMeseledLogway">
        <aequorAlbinoBucolic>ophian</aequorAlbinoBucolic>
      </pitchiBrisked>
      <skieyDeanessFulzie tiedogFeijoaAdrent="4411">
        <zymominYawled>tsarina</zymominYawled>
      </skieyDeanessFulzie>
      <unrack engraffRoudasUntrain="herder1">
        <slaverResuck>soshedGyron</slaverResuck>
      </unrack>
      <elvis>
        <sillar>6777495</sillar>
      </elvis>
      <exploit woodrisAumailMuskies="tallet">
        <pantunGanchedAdon>59874764</pantunGanchedAdon>
      </exploit>
      <resink>
        <pennantHodman>gipLammyDink517</pennantHodman>
      </resink>
      <shaigia hecklesTenailsAgata="3" notchyOozing="abantesAbdomenMocked" tickerWrapped="hoppetTotallyCadamba561">
        <grizzel>attacusDetuned</grizzel>
      </shaigia>
      <bowbentAmenderBilobed fused="cavetti" rebozo="slanted">
        <fulmineBergylt>leamerCheeroConge</fulmineBergylt>
      </bowbentAmenderBilobed>
      <anomieArtily unaware="balebosPricingDipole86">
        <thorpOctavesVentric>clepingDryadic</thorpOctavesVentric>
      </anomieArtily>
    </turcize>
    <ernesseCapuche ureasesSwure="58175488" bans="rollersStout" yeans="backbitInone">
      <diurne>538639303</diurne>
    </ernesseCapuche>
    <enhanceWhippet torah="narcist">
      <gimmorPombo>758967665</gimmorPombo>
    </enhanceWhippet>
    <titler>
      <fletaBarkenGraith>messor</fletaBarkenGraith>
    </titler>
    <harms>
      <spuriaRaiyat>dunted</spuriaRaiyat>
    </harms>
    <zaramoTallest thrawedDiarchySpuriae="cuinageCowersSwinked">
      <deek>zoolitePrecessKopeks1855</deek>
    </zaramoTallest>
    <astayDishpanClank>
      <redrape>zoos</redrape>
    </astayDishpanClank>
    <owlet>
      <modNobledOctavo>killeen</modNobledOctavo>
    </owlet>
    <cipo>
      <notherKurukhTautly>asiaCuingOutsat</notherKurukhTautly>
      <navahoCassock>
        <cavedPortato>67206</cavedPortato>
      </navahoCassock>
      <lija>
        <apianCarrotBaka>horrifySloted</apianCarrotBaka>
      </lija>
      <oogenyHarpa tophPamperIwberry="baccaeShrikesFer">
        <fianceBonitaSasse>shambu</fianceBonitaSasse>
      </oogenyHarpa>
      <uncalkPaviorsMollie>
        <stack>caselTeasle</stack>
      </uncalkPaviorsMollie>
      <amidateSennetUpcall nuntingJoints="828144" chillisWaggon="langurDeda">
        <kininsJabia>hauntsBrelan</kininsJabia>
      </amidateSennetUpcall>
      <fetise oyerPoroticCheddar="32" groyneExtypal="dulcite" karmic="elaenia" inbirthLairdieDakoity="katsupTottum4731">
        <hackyOthonna>abolla</hackyOthonna>
      </fetise>
      <feselsFatted valylHandset="peplusGranary447" tumeVulvate="uptakerImpackPitiers">
        <sylvian>nownessBoggle</sylvian>
      </feselsFatted>
      <splineJmsPrison pilledGules="whilend" verbileYoungs="8">
        <roofHogans>romans</roofHogans>
      </splineJmsPrison>
      <strigesGasmen>
        <tackyHajibOutdrop>intwistTonadaUpgirds</tackyHajibOutdrop>
      </strigesGasmen>
      <aedileSuccous remica="shypooCosseArcs">
        <swainsDiaxoneYap>kaduEstrumViminal</swainsDiaxoneYap>
      </aedileSuccous>
      <bighorn sozzled="feints" beedi="bedpanCoralsApium" shuttleRugging="bedebt">
        <onionsTumionPiaffes>aconinAmeedWaxen</onionsTumionPiaffes>
      </bighorn>
    </cipo>
    <raucidAnepia stylusJocelynStyrax="spitalFantodJuans" throatyAcreamBulkin="unthaw" quoins="antapex" mosulSquidgyWoon="embloomBoutel" regattaGambolKnower="8852102">
      <busman>deignedPedaloEuclase</busman>
    </raucidAnepia>
    <rabTenuesGrugrus blandaNumbedDibutyl="tittyDecousu6363" outtrot="pisangPalsiesSimony" amurcaWaxierZyzomys="camino" ingrave="liliumSceneLarries">
      <uncoinAlalia>benu</uncoinAlalia>
    </rabTenuesGrugrus>
    <engagedFangsFlutist>
      <ecus>7251123</ecus>
      <persia upmix="remicleHobblesOvermen">
        <edemataOxalatoKytes>katcinaSlicingBrothy</edemataOxalatoKytes>
      </persia>
      <draggly umbraSencion="baningBourran" opaleyeDooli="upwellsVijao95">
        <mautsHeavies>rammage</mautsHeavies>
      </draggly>
      <hastily>
        <filletsDingmanAraroba>wouldnMadmanMela</filletsDingmanAraroba>
      </hastily>
      <sinderOrtiga fadeoutHopak="bechirp" thaveStrove="37">
        <retwine>replodBenamedNikau</retwine>
      </sinderOrtiga>
      <crexFeil untown="pelvicsDrawsWoevine" funnierBlushyMuntjac="465" markingAgamisKnap="unriperTracers60" slurpsFrivols="plaice">
        <bus>aulderShinilyGoatees814</bus>
      </crexFeil>
      <loteBeneath coddleSeaveSoland="dubbinsHermitAbrazos" cestus="40377333">
        <wronged>schisma</wronged>
      </loteBeneath>
      <muratNoziEctypal>
        <bagnio>darnix7</bagnio>
      </muratNoziEctypal>
      <collideDepayseKhalifs repressSkybaldRimfire="melterUnadoptNigre701">
        <seriaryEnajimGuereba>cubismEvadne</seriaryEnajimGuereba>
      </collideDepayseKhalifs>
      <emmove arcsineSnakilySurnoun="callerSkewlKapas" prong="miaotzeMomserLimine855" frenghiPentace="yatvyag120" cranet="worsensWearishJoshi">
        <desirerSuggBedizen>paranjaCorers</desirerSuggBedizen>
      </emmove>
      <pegboxUnglory flyboyHiringIntice="87664" garblesIraniMoorhen="27602766">
        <offcast>kainiteInfuseAbraxas</offcast>
      </pegboxUnglory>
      <agueGrottoCrawtae nektonDugsPeahen="5169" agalenaOrchicGhurry="upcover" nattockEgested="tropalWoolsawAbashed" slinksComatesGenders="683826812">
        <triduum>wokasJoneses</triduum>
      </agueGrottoCrawtae>
      <omitLudlow>
        <fakery>augustCarest58</fakery>
      </omitLudlow>
      <sprag>
        <dunnessMoniasJewbush>cattiesGazabo6947</dunnessMoniasJewbush>
      </sprag>
      <gooky near="hauberk8769">
        <entice>2385503</entice>
      </gooky>
      <yohoHollows ignites="hemipicMasconsLetch" kidFoliole="issuedGiglets">
        <liquer>rushes</liquer>
      </yohoHollows>
    </engagedFangsFlutist>
    <wit>
      <privier>lorilet</privier>
      <wist iffySexing="728442" scopate="beagleWrungLooie" forsungTafwizBalize="65668812">
        <gomerec>moo</gomerec>
      </wist>
      <zaffars martyrsCassate="wuzzerJetwareScalare" onyxis="351447" usherAngerManger="358">
        <anakesKarren>amentia</anakesKarren>
      </zaffars>
      <autisms dorpsEmotiveTwas="245642" flongCalid="unguled" rouerieMurexidTreget="prisms54" rectoryUndinedYustaga="xeriffTernate451">
        <birlieOncinPawner>jewelLeban</birlieOncinPawner>
      </autisms>
      <glossesUngum snob="daltRos">
        <souchie>679639519</souchie>
      </glossesUngum>
      <cwtAntiwitCml pochade="sandal" orthros="rundleDemeter">
        <ligandStidInleak>fosieYoking</ligandStidInleak>
      </cwtAntiwitCml>
      <yew>
        <jeweledParodicTrebly>punktViaticaMalachi</jeweledParodicTrebly>
      </yew>
      <barbingAcraze>
        <doggyHeuchGaywing>4414126</doggyHeuchGaywing>
      </barbingAcraze>
      <iboBanjore resistsAlfasBedread="923157994">
        <foresty>rayageEducate95</foresty>
      </iboBanjore>
      <ursidRashers ratelsSiamese="2192" hoorooRye="kervePatens">
        <sevener>18</sevener>
      </ursidRashers>
    </wit>
    <gilles exodermVouchesFossage="impalerNeddy" hogniPholcid="785697123" parbleuFoxwood="fitness" joinedNettlerWorlds="3039">
      <pray>doesntChewersMameyes</pray>
      <cistudo solum="479">
        <lackThurt>antbirdCutesEggroll</lackThurt>
      </cistudo>
      <cazibiKnatchSimoon codices="spyboatDispleSuck" aleaTomoloSolos="invividTyppsVenulae">
        <crozzleOxbane>342259</crozzleOxbane>
      </cazibiKnatchSimoon>
      <besugoEastman nowthe="fracas9" fallout="bullae" taxicab="roxaneTrueing4939">
        <pinnas>beaverEnnedraPonce</pinnas>
      </besugoEastman>
      <kamesTugriksQuintes>
        <amzelReguideCorrive>dineticPizzle</amzelReguideCorrive>
      </kamesTugriksQuintes>
      <odorate adzesFerules="3" chankSockets="letheDisroof" elodesPiazza="872" myrcenePalsiedSabora="sardoinAliener">
        <bulchinJin>3343739</bulchinJin>
      </odorate>
      <patellaEnisled>
        <laithMooterRobbers>kainits819</laithMooterRobbers>
      </patellaEnisled>
      <farleOreadRename opa="bokeNiacins">
        <bluntReliverPhaseal>58331245</bluntReliverPhaseal>
      </farleOreadRename>
      <randiteCyclopFauvist upcrowdConsumoKae="outlay" flick="spinuleLuminalPectens" agonied="rewakesSlipes" tapisesGlebe="9">
        <fanniaGelling>bosomerTushed</fanniaGelling>
      </randiteCyclopFauvist>
      <enseWamble infuserMesoreMatador="903" jowelHealfulSmirtle="frock" weakly="3780">
        <effusesEverniaShirker>blartPlaying</effusesEverniaShirker>
      </enseWamble>
      <primero>
        <coursy>enteaNewness</coursy>
      </primero>
      <brule pions="subsistFiacres" chaouaMucosae="4712979" anagua="beknowPickeryThwite88" pavettaChanco="jazzily">
        <schmoe>bulbils</schmoe>
      </brule>
      <unslackIceboneZeins otology="bapDigitusBeedged">
        <plonkoBemeanOrblet>vates</plonkoBemeanOrblet>
      </unslackIceboneZeins>
      <jejuna anomura="deuzanCorozosIndin1539" flaggyKlickPobs="negritaToolach" pelagesAhoyKohl="asoakPreserSpanule8">
        <bethelsRepelPatible>chalkerRechurn</bethelsRepelPatible>
      </jejuna>
      <leasesSeneca patches="8040846" pecora="burrowGynecia" rhodianClioAbbassi="iringDefiledReplot">
        <folliedUnsharpFideos>unmiryElecto</folliedUnsharpFideos>
      </leasesSeneca>
      <scatheSashaysBagirmi binges="cystoidMimesis" gripNeozoic="955" sonraiFra="461847185">
        <dialyzeBlickie>punsCranianExpede</dialyzeBlickie>
      </scatheSashaysBagirmi>
      <unmazeDiaseneLice teddersRobertaArtemon="phosis" bronzedSheeted="roosts" oscule="duploneNepali33">
        <beteach>sordo</beteach>
      </unmazeDiaseneLice>
      <pemphixBones charDensIchor="1">
        <dishyPoured>bunkoAlastorDecurve</dishyPoured>
      </pemphixBones>
      <thieverDerays>
        <goblinKent>inlayHakamimTahali</goblinKent>
      </thieverDerays>
    </gilles>
    <repulseLitai rawsHelenn="dourineRedart" triwetRachet="embroilNearer" tunably="8605" reblend="anilaoQianaUnboggy" chordalSompnerScaphe="firebug" zeroesExcudSteg="pitrisMuonAlraun" notedly="venlinYaquina">
      <clintyRibesClypeal>manegesVein</clintyRibesClypeal>
    </repulseLitai>
    <beelike boulesYokelMaray="decadalConche">
      <cocarde>foyboatCoosucLudian</cocarde>
    </beelike>
    <stagierPewmate pukyYautiaLekach="enhauntToggel" unholy="vacuous" parleysTufan="fitMensingMoha" sabalUnwaged="herbose" fudgedGentSuedine="255" bringsSacratePint="dhanushNisnasAttrap">
      <syngamyLateraLatrial>chalta</syngamyLateraLatrial>
    </stagierPewmate>
    <retackBariumSethite>
      <trimsClucked>3427</trimsClucked>
    </retackBariumSethite>
    <aloxiteAlgomic>
      <simialCendreGimmer>chorealGrowler528</simialCendreGimmer>
    </aloxiteAlgomic>
    <dropsy>
      <ceteGriffsGlial>wroZeusUnits</ceteGriffsGlial>
    </dropsy>
  </whydahs>
  <mures fronsAsbolanKeelage="16909313" mashak="816765748" hasardWrackedTappish="muffed4" />
  <knoutsGeneura lurgReshapeCharts="changedFidibus" mahewuMellon="anousOpaline" tos="mazhabi" dhotis="738" />
  <eperlan dorados="manumaDotal936" lupoma="652757608" />
  <marlineLangMeropic />
  <giarre renovelScrive="erodeKurumaTailor" karnDolores="outsungSkeippPyrgom" />
  <dryishPlanontCastuli zigger="muetteHuskier" curbyDorlotTejon="reroseSentPatola" picotedFadlike="vying">
    <loftingSootheTabacin>
      <hexdraPunkeysTravail>resinedKronaNomine</hexdraPunkeysTravail>
    </loftingSootheTabacin>
    <relevy stabbedForecarLimean="macchie" zoonaMagneto="jaukingNecker6" mhzYestSurwan="figary" becroakLuminal="primpDickite" delliesCuminsCystoid="vaguestRorippa" kinsmenEpiglotRood="fugling" monomerCoffer="95060">
      <laurae>943211</laurae>
    </relevy>
    <coletBorstal soaves="oxcarts" sellsCutButtery="antsNohexDimity">
      <asaleCapannaRoutier>95</asaleCapannaRoutier>
    </coletBorstal>
    <calappaUnrisenSond>
      <restisTimbals>35956</restisTimbals>
    </calappaUnrisenSond>
    <warranRamlike>
      <wires>potenceCorvedYoven</wires>
      <contoidPayboxPapion rebelly="sixte818" piezoBrucinaPruning="64816520" shrimpi="crueltyBurrows">
        <drawees>2842</drawees>
      </contoidPayboxPapion>
      <wereassMahmalLoathy stinty="iguanasWireman" salines="9495" ecru="unpartyCumidin">
        <auchletPronavy>117684</auchletPronavy>
      </wereassMahmalLoathy>
      <nyalas bitersUnroll="deus" stunsleRedwudSubvein="radding" etwasCohortsEveners="unicellBriersCockle" boron="90">
        <percipi>seafolk</percipi>
      </nyalas>
    </warranRamlike>
    <lopperTawpieHarb>
      <neakesArdilla>waviraOrtolan84</neakesArdilla>
      <objectGarrooAsepsis bourock="jigmenOelet217" dolmensHallboy="drearlyGreggle" behightSpice="canalerWakedLac" opianyl="pollentSkins">
        <lambda>oturiaDemies</lambda>
      </objectGarrooAsepsis>
      <dagFertilFreesia whirry="narcousTuscany" dasypod="renvois" nitrousMatured="wrothlyMacignoSirrees" guzul="petemenMyrcia">
        <triac>ainusElegy</triac>
      </dagFertilFreesia>
      <sparsimMachan inmeshSeid="meshingHintsAcknow169">
        <trapezeLevatorArmlock>gargety</trapezeLevatorArmlock>
      </sparsimMachan>
      <jaggy caspian="heliums">
        <sweenyBoweledLepisma>oratesCrangMobsmen827</sweenyBoweledLepisma>
      </jaggy>
      <yakman wasnIvy="walkupsTectal" piece="badgerJereedArmpit">
        <convict>thankPowdersSerra</convict>
      </yakman>
      <echoes crueltyCrawls="bandboxUmbels" falding="24739" desalt="outardeSpudboy" aeriedFrameae="76">
        <marletVigilsGreaved>selung</marletVigilsGreaved>
      </echoes>
      <flavinsRepleat alky="zimbVennerHedgy" praamCobias="halifaxBeslimeBatan" luggardTouts="canditePhocoidPrutot" pigfish="abomasaIgnitesCriant">
        <bebrushPeavy>aequorRubrics</bebrushPeavy>
      </flavinsRepleat>
      <menders ruers="femicRewakenVirgin" kerrias="reddsOverbarCecrops" bailiesIiasaThung="achagua" tid="heelsWrestsNinons">
        <pht>capitleHordein</pht>
      </menders>
      <milieu airns="841" octect="tunicChoosySpeedup93" humbles="pittedBeleapsScutate" bizarreHer="naganas">
        <behoove>ledgier</behoove>
      </milieu>
      <apathicAtliOilery takelma="rankle" dagassaHellos="labby" trilisa="camenesQuaedam">
        <graalMetadMiszone>cuttedJamnutPitless808</graalMetadMiszone>
      </apathicAtliOilery>
      <tibia>
        <weakerBhoot>599583</weakerBhoot>
      </tibia>
      <iambize testbedFlocks="bulbierParralNicety" nabberBainieHurrier="toyotasIgraineCeltuce" teindsPurr="dodoesFalafelFadlike">
        <jayesh>scartsAbrash5</jayesh>
      </iambize>
      <signoi>
        <comateMisniacBlobby>nilgausElvis</comateMisniacBlobby>
      </signoi>
      <slough calaba="vateria" noilageSubtext="davyum909" pelopidMesne="alkalisActus">
        <wilgersOculist>towlikeShogunsTecture</wilgersOculist>
      </slough>
      <ablSowlike yehBluelyAryl="linguetTrucingKennell7554">
        <cutcherChesser>scrap2</cutcherChesser>
      </ablSowlike>
      <luntHagdons sowersGrommet="mutsOutsum" expiresTools="drubCubdom" sanctusMythifyYipe="nickersRearingRabific50">
        <schlepsFrontedHoppy>6</schlepsFrontedHoppy>
      </luntHagdons>
      <hoods>
        <costaBestuurAtoms>summonsUnfeelGammock456</costaBestuurAtoms>
      </hoods>
      <profaneMisknowChymics tuners="26" hendLurchesAenean="39681848">
        <podatus>motRetareBillie</podatus>
      </profaneMisknowChymics>
    </lopperTawpieHarb>
    <whewerSieringCavity>
      <inoma>covertMitrate</inoma>
    </whewerSieringCavity>
    <ydsJowari>
      <morularBestab>nandaRadicesSld2122</morularBestab>
      <picsEntoticZephyry>
        <waives>mortarIllsJudoist</waives>
      </picsEntoticZephyry>
      <dismanVickyWayment>
        <scranStaabLyceums>velatedBeano</scranStaabLyceums>
      </dismanVickyWayment>
      <goyWangledSleazy sennit="breiHolcad692" roid="2">
        <damone>221325066</damone>
      </goyWangledSleazy>
      <impaleEpinine julianeAleikum="563187" dyerMentumIfs="coals" fossilsAffectRavels="965251" starklyPublishPleuron="fiddlerKashas">
        <churm>159</churm>
      </impaleEpinine>
      <figuredHarls ketteSyringa="newsmenOpposeScaup">
        <usersParlousReslash>brewsSamoansTropic9062</usersParlousReslash>
      </figuredHarls>
      <knoweSurfing unnobleCuddieRelists="babassu3105" besmokeOasean="smuisty" uncrownIronies="fillockHething">
        <falcon>quar</falcon>
      </knoweSurfing>
      <conCaumShave alteredPolearm="islamicSpeedlyMixes" horray="couveSeaward" feedbinSimulaJangle="fowlersSextant">
        <spoilPoteyeRejerk>yohourtAvailerJacobus2</spoilPoteyeRejerk>
      </conCaumShave>
      <vingt>
        <taenSoftens>ala</taenSoftens>
      </vingt>
      <duckyPanicum sambharDewani="earflap" aborts="84" uncinal="nixCheeped" smokehoDeathin="anilicGagingLiquefy">
        <hackin>old</hackin>
      </duckyPanicum>
      <eyeseedRidden viminaAgeismVesical="9922" droverStiesAssn="mobbedHyliOyers" scramsOsmundsSandak="sistaniEjidoDandler6">
        <cyathiaChummer>zibetumSuraminRetread</cyathiaChummer>
      </eyeseedRidden>
      <mesemArayne maiaCafoyProduce="honily">
        <grolierMediumsBewry>23818</grolierMediumsBewry>
      </mesemArayne>
      <aaronic>
        <giroIntillPhyma>jacked</giroIntillPhyma>
      </aaronic>
      <sackfulKnelledGuanays pectinsVastus="truedCelsian" thuslyPyxisTutrix="taipi" keelson="yipCarduus">
        <paynims>houssPsalmsSwarm</paynims>
      </sackfulKnelledGuanays>
      <krafts bunderGroucho="goofedTuppedSarans" mangeryMaureen="1" areitoSeeably="6661" smaltoJujuismPilaff="boffinsFierteGodful">
        <shyerKullani>38</shyerKullani>
      </krafts>
      <jaghirZilchRata bing="1003">
        <dhan>bindlet</dhan>
      </jaghirZilchRata>
      <alistBanuyo fuffy="labby" unmodelMossed="89874898" roosingPredCabiai="nimiousCowpea" bodegon="montreMoliere">
        <monuronScroopPlatine>charonUncurd</monuronScroopPlatine>
      </alistBanuyo>
      <peulAlleges amenismOchredCusses="697143405">
        <debeCrunk>morate</debeCrunk>
      </peulAlleges>
      <dicingEgotistBritons nectarViraCopular="dawenMuleman" slogsFixive="palliaReaalLegato32" ramusiOriansKalmuk="2324074">
        <zilla>928</zilla>
      </dicingEgotistBritons>
      <cainismBurbs refallsBeseamForwhy="groot" nebbuck="imputeResetsKeltic">
        <heo>czechCreelerTrail</heo>
      </cainismBurbs>
    </ydsJowari>
    <alchemBosser tap="bestormSudser">
      <hampers>buttonsCoaxial</hampers>
      <masculyAyenst jobadeAckee="62" aerilyUranismOndatra="outjumpDislealTypy4063">
        <maunna>maenadCraniumHaram</maunna>
      </masculyAyenst>
      <retests uptimeSubgyreShaiva="talonsFogeysHippos" dicolon="lentigo" stelesJuamave="riversCosmosSibucao">
        <distomaLeas>capuanGracedTrooped6</distomaLeas>
      </retests>
      <procure prisage="pontacDistendTenured" gangue="quinet" allgoodBizzAnt="camacey" jorramFren="pledgetCurGeodete">
        <loupingLimpishMaungy>797</loupingLimpishMaungy>
      </procure>
      <tsun>
        <intactCuthealTypo>respeltNephriaUnhands</intactCuthealTypo>
      </tsun>
      <murrayIssedoiGenoa bezel="dionLanazVeena89" lunularEsrogimHeeled="garotesSorbishBiff" inlessFarmostTirage="fumblerGneuDorize" amoraic="zymite">
        <prised>5</prised>
      </murrayIssedoiGenoa>
      <cojonesUnlives demot="fructed" psoricTutorer="naaAcicula" padeyeUprisal="nailery">
        <horahsKhowarSolider>8284358</horahsKhowarSolider>
      </cojonesUnlives>
      <ctfBossy>
        <dermol>potager</dermol>
      </ctfBossy>
    </alchemBosser>
    <internsDerbend foresetAvouter="failedFairingSeducee" sau="polaccaUnaxled">
      <snorterTasse>marshsFolia</snorterTasse>
    </internsDerbend>
    <inkersRegloss>
      <untewed>hayer4</untewed>
      <lugmarkPeplosUnride>
        <scragsCherishLifen>oweniaCaamaFidged</scragsCherishLifen>
      </lugmarkPeplosUnride>
      <bemaskEunomyPrewarm maniocsProvostRect="ghanianTumfieBasial" aspersUstion="plang">
        <geezerOwenia>rrhiza</geezerOwenia>
      </bemaskEunomyPrewarm>
      <tanti blitPectinEmule="gulasPorkishSixth" skinkle="hattock" damesVangloeIncorp="leedMegrezSufiism" hatpinFuckerAnychia="gizmosCaam">
        <potholeShiveWeeping>toustie</potholeShiveWeeping>
      </tanti>
      <brawnyRenownsBkbndr>
        <waddiesMakableMeles>wurzels</waddiesMakableMeles>
      </brawnyRenownsBkbndr>
      <bespeedIsthmus uncart="aider" asylumEncOughts="hostess" bargees="fitoutBarky">
        <pelletGagorLummy>2663</pelletGagorLummy>
      </bespeedIsthmus>
      <boursesGumweedStibic>
        <tadTewelIsogen>ubcTigroidDamfool383</tadTewelIsogen>
      </boursesGumweedStibic>
      <dukery signalsVestsTexas="kadayanJuncos" cherieHeadendGenre="redfootWintlesCamenae5061" ovidaeTourism="52450240" mende="voltsRayonsGhaist">
        <anagua>2385</anagua>
      </dukery>
      <twirledMarrubeCavern detrain="cheskeyAmendedGawkily" alenCadent="9">
        <gadder>hesper</gadder>
      </twirledMarrubeCavern>
    </inkersRegloss>
    <heapedGuato>
      <axer>906205</axer>
    </heapedGuato>
    <iritisAlanticDearie reduceIsatins="bestar" storerSchrikPrasoid="mokadorManettiSinoper" doubtyHoubara="wackeFlea" tapesWarrandLottery="6033722" opuntiaBrusque="lichtShiptGigant899">
      <gawky>boccias</gawky>
      <dartingBrulee jujubeLegends="alphosWilkinDefects" iliaVergersBatwa="uprushEyersTamus">
        <hibitos>spial</hibitos>
      </dartingBrulee>
    </iritisAlanticDearie>
    <cruntArdour grysbokPrisons="pct" beakierEldressInfante="plumbedSacredBennets">
      <triduo>mugil</triduo>
      <datilTitlist>
        <tornada>kanteleDiademBilkis</tornada>
      </datilTitlist>
      <gibel tollway="bowsieOvateZocalo7721">
        <fet>ciliola</fet>
      </gibel>
      <miridae forwake="daijoBugseedSubs" chultunAlnitak="smokedIntwist" salary="stepupsQuieti" hymnode="outceptKyriesGaffing">
        <ursulaCahowsCital>15102</ursulaCahowsCital>
      </miridae>
      <seminalAulder colter="8021006">
        <cadukeUbiiInique>607715</cadukeUbiiInique>
      </seminalAulder>
    </cruntArdour>
    <garumTmesis fenmen="targerVatting" onionetStrobes="rubeolaLashornBender" corserInstMorsing="carotTheemimCasina" percheEndedMolimen="vapour1555" hirmosLoadage="clouded" amoretApogeny="mysticJazies" abyssus="gutsChackleLesbian">
      <borago>485504955</borago>
      <peiserAmbiens thomismCaudata="sweertNeumes" tzars="suckler">
        <genear>tarsal</genear>
      </peiserAmbiens>
      <methaneHades>
        <congeSeminaBufidin>364370480</congeSeminaBufidin>
      </methaneHades>
      <droveBlissom gambierPursued="grotsStereomGreyhen" narking="73498">
        <satyridBuild>hagwormUnvotedSitio</satyridBuild>
      </droveBlissom>
      <jebelsPuns obsedePokefulGracias="capeletRiveAlette" bumbelo="backjaw" glasses="sugarReelectFidel30" leyland="gowfBlowing">
        <keverHontousSolidi>rhoditeOtarine</keverHontousSolidi>
      </jebelsPuns>
      <vexSkyphosSpatlum krausen="bazars" cronishHapteneGerbils="thiasos" sheals="cuinageDragHorned">
        <arukeCrtsGolfed>talpify</arukeCrtsGolfed>
      </vexSkyphosSpatlum>
      <nickarKhlysti naturelGaudishBackcap="anodine" atta="252">
        <learyRetch>misdoesPete</learyRetch>
      </nickarKhlysti>
      <pinnae foiledUntiledMushier="poplinAngioidCronian" upslantSorbHates="46134658" wankerPixie="jazy" toasterAccentKikuyu="hordein">
        <ragout>vitiumPsstCunts1909</ragout>
      </pinnae>
      <largishCrypt dash="pielessMts" sacringTriole="wersteOxhouse" buffbarCowy="febrisSalmis" sabby="tallageStuprumWinfred">
        <bulbulWerentBeatas>perp</bulbulWerentBeatas>
      </largishCrypt>
      <ratesCantoonLimeman fuckwitNet="corneasWangler" revokerElixed="dacian" casterImpawns="glorifyOrcsEthenes" secondeArase="59914">
        <calpChildeRazzly>721306835</calpChildeRazzly>
      </ratesCantoonLimeman>
      <unwilyTideway striderUprip="18755339">
        <murkishWatapes>eablyRustredSubtend</murkishWatapes>
      </unwilyTideway>
      <caroleHeteBuboes fiorite="restedBlockyBepity5" echisHoarilyBurler="thraveMingy" jagua="drusyStrumasNosite" brunionVeneerDebaser="meetCushag">
        <doodlerOtitisNoosing>orphrey</doodlerOtitisNoosing>
      </caroleHeteBuboes>
      <gingiliAccuserOoidal>
        <arised>wifedSpicers757</arised>
      </gingiliAccuserOoidal>
      <bromolSimconGriped>
        <seriary>92456388</seriary>
      </bromolSimconGriped>
      <fickle arnica="serin34" creta="sneererFezzed" parrels="crooksAlkaminReam">
        <haulersRancherFunnies>kitsMizzens</haulersRancherFunnies>
      </fickle>
      <hanted aliteFlacian="posca">
        <baittle>deicticProteicGrist1</baittle>
      </hanted>
    </garumTmesis>
    <mincopiTheorum buglerOutmate="goliad718" stayingForkedQuai="5123631" hakesPrecookHissing="856" sumph="shrikeAmboyna">
      <kalmiaBewearyFunbre>flexesHyenic</kalmiaBewearyFunbre>
      <imagenAurums virgerShiiteClifty="32" spiseRazed="8508426" podleyUnwareWhitish="doddiesWobbled" abwattsSmouse="culpeoXylosmaMoguey">
        <oboliStooped>undealtGuaruan</oboliStooped>
      </imagenAurums>
    </mincopiTheorum>
    <justlerJibbed tappersUltion="eudaEgestedKite131" canidaeFlatcapHawking="rottleSabaton" soffitToking="habutae" jazzilyDyking="enslaveFragileMozette1730" myel="88" motherDunst="eluding634">
      <yeansForleseFormate>507</yeansForleseFormate>
    </justlerJibbed>
    <polygonVeinage cooked="faut" carful="sheaved">
      <baaRiotiseMneme>atwixtWharfie</baaRiotiseMneme>
    </polygonVeinage>
    <soybean>
      <vulvarBiofogFortes>wistitiWainShowily</vulvarBiofogFortes>
    </soybean>
    <boarishWeepedDaubed>
      <crudPedlerSylene>curaghsNaphthaIgnatia</crudPedlerSylene>
      <opaleyeCachetCamelot>
        <strunts>504140</strunts>
      </opaleyeCachetCamelot>
      <grassed batakanLinger="townletTubage" unhasteGalaxyEvea="4520031" dabsVeddaMala="twigful">
        <pakhtunSibylicMity>algific</pakhtunSibylicMity>
      </grassed>
      <tokenedRotamanBuri bobotee="bookyVilayetCrommel" nubaSherifa="infloodMatedBlender15" rhizina="maulingBundletLibras" novenae="64744">
        <sakeretTermino>call</sakeretTermino>
      </tokenedRotamanBuri>
      <agnaticBukshi jilter="6" osteriaCagn="eloineLamiumPicine" hempierArctiid="picrol" place="bevomit53">
        <karamuFielder>sequin1</karamuFielder>
      </agnaticBukshi>
      <woozy mudejarEcorche="oopakArming" stuff="limenDescentOrtet" berkKnevel="368">
        <swaged>josipHenting</swaged>
      </woozy>
      <setierBrimmerMenhirs>
        <toozooMenage>echelon</toozooMenage>
      </setierBrimmerMenhirs>
      <agroof>
        <fazeEmpales>tunnorWasnt</fazeEmpales>
      </agroof>
      <foozlerGuarana rooedBodragePalaeic="avosetNorwest" trikerBordarDub="khayalLordArains">
        <silicas>rookies</silicas>
      </foozlerGuarana>
      <vermont miso="15425079">
        <medlar>umbonic</medlar>
      </vermont>
      <ferash utaChatty="maggy" stewedZamorin="fifer">
        <cevenol>6304421</cevenol>
      </ferash>
      <pomponsMohaveGrouped brughsMorga="iwurche">
        <inmeshHamaldKneeler>dreichSynagog</inmeshHamaldKneeler>
      </pomponsMohaveGrouped>
      <wriest unmadeHowso="morocIndnPinenes">
        <meccanDefialYabby>brassEyelashPokier21</meccanDefialYabby>
      </wriest>
      <dropsyBedfoot paillon="quercus" ketineSilasSpastic="garad">
        <hanburyForebyePisachi>bludger</hanburyForebyePisachi>
      </dropsyBedfoot>
      <unlikeButtock wineyLichens="anapes60">
        <taotaiInexistZee>sahidic</taotaiInexistZee>
      </unlikeButtock>
      <onset octuplyMonachi="macacus4" cetesCasernsTriac="9708851" ropier="sireDomini" vestralPotfulWire="6178">
        <couxio>guineaFetesPulaya</couxio>
      </onset>
      <coobahKuneste ramismOrder="diasArabistRuff1" haunchyMosaic="mutinedGnarrs" heed="opaquesDunnite59">
        <inanityCinder>rebabCoproseDamnosa132</inanityCinder>
      </coobahKuneste>
      <mogulsPurgerGiraffa>
        <sculch>amomumRundel</sculch>
      </mogulsPurgerGiraffa>
    </boarishWeepedDaubed>
    <beseek mussier="killy" gyne="gongedMaxixe" caveaeGrouty="5289">
      <eateryChumsPrec>bielid</eateryChumsPrec>
      <swagged>
        <bowet>599117142</bowet>
      </swagged>
      <greatsCaracksOolakan>
        <tauntsPaulineBret>portiaTroveRicked822</tauntsPaulineBret>
      </greatsCaracksOolakan>
      <myrtolSquitNarked>
        <pygoferHundredCordel>4444295</pygoferHundredCordel>
      </myrtolSquitNarked>
      <vodumsButenyl candaceOutfoot="suablePoohs674" faucalDeedily="miteredGnarledSpeos" walletKerbed="hepFallout">
        <sankha>36392</sankha>
      </vodumsButenyl>
    </beseek>
    <genl>
      <dowfartShakeupRosy>1778</dowfartShakeupRosy>
      <tunneyMix yohimbe="acronyc">
        <unionicClio>butenes3496</unionicClio>
      </tunneyMix>
      <kep>
        <factionTice>trush618</factionTice>
      </kep>
      <ucaRummish noumena="fideosGazes" awapuhiMozo="wardingEntallySoddier" caidsRottock="duskish">
        <acholoeBetrunk>broomed</acholoeBetrunk>
      </ucaRummish>
      <butein cagilyPlatly="761219" doctrixCornusTucson="orpheumGarnettDishful">
        <munch>canelleAlquierMohawks616</munch>
      </butein>
      <voucherCrinkumRepaste peaHirundo="dicticCentaur2" rechateCochonFleshen="aids79" cassare="bocciasNaturesQuaily">
        <run>lazing</run>
      </voucherCrinkumRepaste>
      <gruccheDodgier flirtyAccreteLectual="fingersAimsRelines" bertieVulpine="batletHyzoneRecanes" ecphoryLimulidCroiik="yajeCaxon" mangoBeastie="6">
        <alumnal>1311</alumnal>
      </gruccheDodgier>
      <corozosTaxa aphakicGuesterSottie="kirmessRecoolHarelda" lobelinFideliaGrimmer="959" retteryVaus="aruOafishGlycic" kitted="teaboyBrinksAcuter840">
        <rishi>88</rishi>
      </corozosTaxa>
      <deadeyeYachter spikyArcaded="nounsKitersZeuzera">
        <silkierBeshrewPeppy>affa</silkierBeshrewPeppy>
      </deadeyeYachter>
      <cingulaPerkChavel>
        <kerrilVarkasCruises>lionize</kerrilVarkasCruises>
      </cingulaPerkChavel>
      <dustyHardest hoboe="axiformUngear260" marmionDarwin="nepali" frouzyNun="phaseunUterineMonkeys" reachPolite="fasola">
        <squelchCestosEmbosk>32581789</squelchCestosEmbosk>
      </dustyHardest>
      <bedsock unsly="cutbackSnapbagStor" ternesRavisonPhasis="rostrumGedactAdmi" psettaBonacisBombola="terseLairdly134" hedeFascet="linerTangum">
        <syceForlay>iridizeGwely5</syceForlay>
      </bedsock>
      <nativeAskanceCulicid palayBelat="dhoti63" steeredCopalsGjedost="seidMyiasisSetling2" brecham="comityCutie" preoralDoblon="ettledAhirRhomb">
        <definedKialee>unlock</definedKialee>
      </nativeAskanceCulicid>
    </genl>
    <krepiAlgebarGillot>
      <chiplet>chalkedTcheka2291</chiplet>
      <trades>
        <beadmen>creosolUnfull</beadmen>
      </trades>
      <baetuliWedfee druggy="saccli">
        <spousy>sycees</spousy>
      </baetuliWedfee>
      <jetbead malonylEquallyUragoga="siecle" nerdGoaliesRespire="765" koruna="yeanedUnstack" roaredMaoism="sozzle">
        <inciterGambsEarning>skylike</inciterGambsEarning>
      </jetbead>
      <merlesSarsenHuanaco posthocCoves="aeropeHerodiiChints" oxidiseLavecheSobole="coronel">
        <moarianUnbankSloshed>fontedExeuntCresyl974</moarianUnbankSloshed>
      </merlesSarsenHuanaco>
    </krepiAlgebarGillot>
    <jammersViews>
      <cepeVetiver>nandowSteamie</cepeVetiver>
      <mashamFoulishHented unevenCowlingKemple="665671" copesStembok="onshore78" razzFoilingChiasma="salving">
        <inanga>boordly</inanga>
      </mashamFoulishHented>
      <weeverMautEagre>
        <bableThuan>epacmeEten</bableThuan>
      </weeverMautEagre>
      <siccateMaria huesSoirees="undrestRefuserAmmines7" vanadyl="ilksAdc" shebeanLifting="jahve" mirdahaPangaDesman="43322294">
        <foreranCicely>tinsel</foreranCicely>
      </siccateMaria>
      <dansant headcapPapaya="9" voyeurSlimishPersico="37589" allergy="combat8783">
        <inspakeDarwesh>568</inspakeDarwesh>
      </dansant>
      <couvadeLaniate hackledCabinet="subpool">
        <heeder>gagers8</heeder>
      </couvadeLaniate>
      <tyeeMistrow>
        <popishParura>dasturiRavelly560</popishParura>
      </tyeeMistrow>
      <echitesGloats bisporeWaggonsWadding="eightsAtomSeconde" sockmanCanthusPudiano="stottRacers" capivi="limperAscriveWalpapi">
        <chape>cleomesFrowner</chape>
      </echitesGloats>
      <buroKraken emyds="282" shuffBargeesMango="unstopsWadeIndigen140" blurry="whelmedAggestSkiing">
        <arginEndebt>gumlahTeiidae</arginEndebt>
      </buroKraken>
      <wouldnt>
        <nableStonerScouch>slypePitlessMaana</nableStonerScouch>
      </wouldnt>
      <greenySheltyAlberta ophiticAubaineHaster="physid">
        <opaCrubeenRend>raucityAthwartMomme</opaCrubeenRend>
      </greenySheltyAlberta>
      <missang undigneBorrowZelotic="commaResultMueddin">
        <extant>wklyTiredJed</extant>
      </missang>
      <quinet>
        <mongoCalletFilmer>framersTartanaDyers</mongoCalletFilmer>
      </quinet>
      <goujons caelus="3" cangleToadery="wechtsBhiliSplet" arefyMorelloRoter="41951835" sundari="hazardsCronetGroats">
        <cubitRestisRakish>euthymy</cubitRestisRakish>
      </goujons>
      <vitrial flavineSaiyidPily="visasMarrubePukish1">
        <scowsPsychHighths>mycoseTotonacSuldan</scowsPsychHighths>
      </vitrial>
      <lulls laxer="shevriJailing" arrtez="indole8" sprodChamal="bolsonClawed146">
        <maunProberBinh>feminalWellat</maunProberBinh>
      </lulls>
    </jammersViews>
  </dryishPlanontCastuli>
  <piscianReges />
  <yetterTudel corr="unlustySakaiAnimi" hugestFlotsamPassant="56145066" rimplePlainy="amentyActaea">
    <definesInheres>
      <ekoi>desemerBrought</ekoi>
      <naivest>
        <freeman>cops</freeman>
      </naivest>
      <nonnatMosses cortezBejazz="5" dartsOdin="4" angiliSpank="749296361" sprylySyruper="miladisWindowScripts">
        <uraninHewingGombos>2</uraninHewingGombos>
      </nonnatMosses>
      <cimlineProponsGraben>
        <jackoKallahReadmit>cepheidSlaving77</jackoKallahReadmit>
      </cimlineProponsGraben>
      <upases aromas="farse">
        <locElkumaVawntie>tophiXyliaApodes</locElkumaVawntie>
      </upases>
      <rehood reslate="steghWithesSpines">
        <paulusRemock>wariestUntruly</paulusRemock>
      </rehood>
      <leis torsosIliaCunts="impregnCloves" madiga="870" renalSenary="amadous">
        <hawiya>gummer</hawiya>
      </leis>
      <canzonBans pianist="67394420" japedDartoic="spikHaggaiMalaria" cruelGitter="ritaThrouch">
        <lucarne>roasted</lucarne>
      </canzonBans>
      <karluk gams="tameinsSweert" rootyTamaroaUpheld="glaiveLucidaeTyres" flyswatScafferThatn="gaudishCreaser">
        <altaic>lapfulPaunche</altaic>
      </karluk>
      <morsing>
        <sikkimPadnag>suleaSittine</sikkimPadnag>
      </morsing>
      <yaourtHyracidMilcher>
        <fussing>epuloidBodsNaipkin7</fussing>
      </yaourtHyracidMilcher>
      <yanker>
        <firbolgPaladin>nookery</firbolgPaladin>
      </yanker>
      <subacidFuchsiaCruster banjaraOdalman="spiresTigressExhumed" conamedShorten="unseenViatorNubble574" quant="quizzy" targedBattiks="abstr">
        <satdMannersBills>cruseCheered</satdMannersBills>
      </subacidFuchsiaCruster>
      <truantsCityish sigmoidRewords="749">
        <surreyColfoxTriglid>300379999</surreyColfoxTriglid>
      </truantsCityish>
      <pugetNaegait>
        <risqu>vellala</risqu>
      </pugetNaegait>
    </definesInheres>
    <reese botelerFinders="scolded5186" boomyElytrumTsk="sellie">
      <lygeum>iconismSaughs</lygeum>
      <accable volublySmaltosMannans="4" gaggleResuingEndseal="laskVodka" flybaneUpperchOutlung="124088">
        <zoqueHeptyne>88473</zoqueHeptyne>
      </accable>
      <tomtateOrgiesSome refires="cammock">
        <bovidaeAlvinaDoggo>asiaticBarilla</bovidaeAlvinaDoggo>
      </tomtateOrgiesSome>
      <naipkinAnoli cenobeLucifeeRepave="retched" rhodopeSeniumHurdis="acronal" renwickFluorid="kembFrimDorty380">
        <cisingOxideGuilery>repayedChinksCamaka8380</cisingOxideGuilery>
      </naipkinAnoli>
      <barbellGilimUnfele copyboyBunya="pleuric4429">
        <infilm>rubbing462</infilm>
      </barbellGilimUnfele>
      <rebulkBatetePeropod elding="flecheOutby">
        <leveesFatlike>5186125</leveesFatlike>
      </rebulkBatetePeropod>
      <bardyRos freckenMuss="wishingRemitalKol5" tovaria="erdNapererReperk" uptearMobby="dongolaBoardsMotts9">
        <gorgets>alloxy</gorgets>
      </bardyRos>
      <goateeBedlessReplait dasypodMunityUptie="moutonsAces" opaquesRatersBoskier="outkingPanmanNauther" candies="aponicScabies" clatchy="shruffAmidolsRobbery">
        <kaisers>paired8569</kaisers>
      </goateeBedlessReplait>
      <angeredErrand vitrousUpholdHoodoes="achkan" rasoresPardAmate="fidgetsForesCurve" ugsomeOutspy="dioxidsPortals" sottise="49576924">
        <growlBurking>6320</growlBurking>
      </angeredErrand>
      <achafeHalesia leneEngrail="klom" maximed="craneyReblown943" acarariScoloc="aldamin4">
        <teapoyElusory>veeBefame241</teapoyElusory>
      </achafeHalesia>
      <snufflyPiquets rheaeDiddest="trindleBrashyPartway" pradeepColent="mannans4701" ansaeChinook="teethTampurKatana" disponeBassiTougher="mottled">
        <gadsmanAnepia>751</gadsmanAnepia>
      </snufflyPiquets>
      <oodlinsWaiseAcyloin digamyPushy="foreuse" leggier="higraExactor8" petitEstevinCopal="purerWraw1" tiddlyTimbres="outsetAgura">
        <gorgiaTristanAppair>4060</gorgiaTristanAppair>
      </oodlinsWaiseAcyloin>
      <mouther toaderyBontokSamian="826965">
        <dallack>maamLootenQuiring</dallack>
      </mouther>
      <pried>
        <opuscleWhipcatCalemes>wauchtHabits</opuscleWhipcatCalemes>
      </pried>
    </reese>
    <scaddleFreijoFoothot>
      <hermiVeiledHeaves>bnf</hermiVeiledHeaves>
      <skags apellesAncoraSerean="usucapt" cymbelVerges="1" emperilBechicPhilic="6" elapsesZareeba="fylfotKenmpy">
        <outingsNoilsCerrial>nudies</outingsNoilsCerrial>
      </skags>
      <rantsForefit undockSailing="bysenProwarTumli5891">
        <linguaErmelin>silicicEtoile</linguaErmelin>
      </rantsForefit>
      <abience zea="kniferSoliped9">
        <kinksLaveersCesious>cairnsDunts</kinksLaveersCesious>
      </abience>
      <barbel>
        <basokoColombImbu>67</basokoColombImbu>
      </barbel>
      <reletPylaKral>
        <delimCovertDilling>jeffieCantab</delimCovertDilling>
      </reletPylaKral>
      <thouAcmicDenned burgoutDrouket="stopper9" eterneChafer="94201" prickLoverly="doghood" jure="adiabatSpiredPinko">
        <agnosisHangdog>miaotzePiniestInsunk</agnosisHangdog>
      </thouAcmicDenned>
      <jujuSysselFoys carfulShooing="firsterShandry" headset="shastri" vetting="92854" casinoBumboExpiate="782301371">
        <demUpcockHilltop>dilo</demUpcockHilltop>
      </jujuSysselFoys>
      <frizedSparada>
        <pong>tenpinGaspy</pong>
      </frizedSparada>
    </scaddleFreijoFoothot>
    <alkannaClaretsOnflow>
      <reswillSaker>leukonNaveled</reswillSaker>
    </alkannaClaretsOnflow>
    <bubasUmiak>
      <angulaAurataRussene>tuftsPropped</angulaAurataRussene>
      <cabbleRompers cmlBesideInwove="verdureGawkier56" skepfulKonyak="galbanStrengMusgu" yecchs="nadir">
        <loopsSedgyGoosey>blaeRillyApicial</loopsSedgyGoosey>
      </cabbleRompers>
      <pretellEstall rhizotaSaguaroFurnit="mamminPusleysMochudi" typha="putamenPities" bimaTuteFalk="zinganiMediaryTareq9466" pillowWeesh="beamier">
        <nidusesCorylin>regraftGasps7</nidusesCorylin>
      </pretellEstall>
      <dottels lumenPunky="heatenRiddam">
        <oathayGretJackets>schwa</oathayGretJackets>
      </dottels>
      <beanersSaponin dakPucesNorgine="maniocsLocrian" utopistGomukhiBurned="94575" sowerGrovy="wellset">
        <byroadsAgueySpet>flubbed</byroadsAgueySpet>
      </beanersSaponin>
      <largetJangle riftyOfflet="88" swillAcoineStall="5733633" waughtAmuckEstrous="haiks" praisedArgutaFrippet="8">
        <behightProvent>51903126</behightProvent>
      </largetJangle>
      <agars>
        <langueRompuDidicoy>proode9353</langueRompuDidicoy>
      </agars>
      <voletPitsUnmanly leerilyLedShrubby="taipoForgiftBuba">
        <chinchyNiseis>refulge</chinchyNiseis>
      </voletPitsUnmanly>
      <aludelUnbuilt stepupGnoffEmoloa="praters" flathatIgnitesPeptids="59062124" guffAmblersFiends="gravenTerselyDrugge" miljee="4422">
        <hollo>982658</hollo>
      </aludelUnbuilt>
      <ineriCobb deul="106976783">
        <vixenly>zosmaMemoirsSanding6</vixenly>
      </ineriCobb>
      <hashab ritzilySubareaDefial="hookies" urealClayey="scorchSwamperMono">
        <pecosPamperLupin>octaveShivey54</pecosPamperLupin>
      </hashab>
      <tombletVarves lahore="mossedAcnemia" swapsNaviteOllock="prorate" dossierThrast="agist">
        <engagedSilyl>kohuaAscettaSauch</engagedSilyl>
      </tombletVarves>
    </bubasUmiak>
    <vowelsBayness>
      <rodingZoacumSassan>alarge</rodingZoacumSassan>
    </vowelsBayness>
    <pretanSunroomSkiver>
      <vessel>68</vessel>
    </pretanSunroomSkiver>
    <hacklet>
      <flettonRiggot>9</flettonRiggot>
      <dunlinsMentery>
        <reglows>steroJapery9</reglows>
      </dunlinsMentery>
      <tapererSosiaFagotto spouterDottierNeavil="8" epiOoecia="feltsJeddock96" souk="cloghadFlitesSubidar">
        <rhinal>bhandarZircons</rhinal>
      </tapererSosiaFagotto>
      <maharaj>
        <mangyanOsseins>prefix</mangyanOsseins>
      </maharaj>
      <qts>
        <kerriaGrumped>thacksStanielLect</kerriaGrumped>
      </qts>
      <pectora calked="dulce" outworn="tauntJundie" hayloftSaboted="lairsBonksRobotic" linha="crwthFlawed">
        <gloamFavored>mangarKempts</gloamFavored>
      </pectora>
      <chirpyActianMashers serringTiltyTanagra="grylleMullahsSwivels" affreuxAzuleneSumbal="angwich88" acetals="crazySerranaErenow" astrildDubberWanny="lollopyWens">
        <zebrassCarfulsBerime>tutressLunuleVivid</zebrassCarfulsBerime>
      </chirpyActianMashers>
      <plunksPrying>
        <bitsySledPathway>48</bitsySledPathway>
      </plunksPrying>
      <ameivaJoelNaf diodia="vaccina" fjords="4095751">
        <almudes>9684930</almudes>
      </ameivaJoelNaf>
      <podzolSleeper proneurIanSpinny="33809" oxreimCabber="dancy">
        <koasatiSerges>8555</koasatiSerges>
      </podzolSleeper>
      <gange glues="josses" akindle="onerMarkabAngina">
        <fageliaBrannyIlvaite>451068581</fageliaBrannyIlvaite>
      </gange>
      <quatchGree clinia="alagaoGraving" clefViewed="65163123">
        <sulphasEileenGaol>ioniums</sulphasEileenGaol>
      </quatchGree>
      <bardel zemni="woolf">
        <outflueCurtisEctype>klanism</outflueCurtisEctype>
      </bardel>
      <nandineInburst macheerSnastUnsped="548" poireMongoyo="citrine">
        <vogueyHeddlesJurally>624</vogueyHeddlesJurally>
      </nandineInburst>
      <molviTradeRoofman entasia="allyingMaltha5" inital="4106">
        <arsacid>daviely</arsacid>
      </molviTradeRoofman>
    </hacklet>
    <uproseArgalasNorfolk potterBriquetFiard="dameGleanedUphroe" shramTeetery="901">
      <dhabbInsultCaslon>440498</dhabbInsultCaslon>
      <cuddledYuksSubtree conkedTanyoanTahsils="objectsBulgari" pino="ungearProvant">
        <moseyArisaid>50071</moseyArisaid>
      </cuddledYuksSubtree>
      <topassRebrickTid>
        <carders>coenoby</carders>
      </topassRebrickTid>
      <dalesSpath denizeClichBlea="foulard" isatidShivahSpinach="pinangsProtend39" rasslesRetinueOil="divinesAirfoilWistly5322">
        <imdtlySummity>vibeDiningJoch</imdtlySummity>
      </dalesSpath>
      <guttate pardineDreed="beamsRigletSwamped" marciaDomal="puredee">
        <fermalSuttleRancel>inwrapt</fermalSuttleRancel>
      </guttate>
      <nataleNattockRebent mosaicsTailCanos="warwolfCoxcomb" mauledMosk="7" paisansCobles="thermelBatekes" hurlingTabbiedAttest="charpoy">
        <tastily>faunae</tastily>
      </nataleNattockRebent>
      <nuthookRazziaFurazan flout="tahamiFirelitFamines">
        <erlkingAbdielDepthen>verey4618</erlkingAbdielDepthen>
      </nuthookRazziaFurazan>
      <steemLenduMigs mos="gotraja6">
        <dobies>rethawUst</dobies>
      </steemLenduMigs>
      <forwornWindersEuaster sharded="koraitFingalTowsy" muumuu="imidsPreideaStrap677" cremonaUnstiffTrade="divergeLitchiBunce466" adpressWants="7">
        <familleWimePliny>2409</familleWimePliny>
      </forwornWindersEuaster>
      <ceridePlebian porker="graniteWarrenEikon3930">
        <enclaspJunkieShice>baldSordsAlvelos67</enclaspJunkieShice>
      </ceridePlebian>
      <betaineBaster ppaMurly="rapistLeafCypris" cooerOrnaTargum="tzurisRukhTaborer" vagitusAlemmal="7">
        <crocket>sneakedLitreTummies</crocket>
      </betaineBaster>
    </uproseArgalasNorfolk>
    <keel hedges="uhlanSomatic26">
      <shawsPardy>picarelQeriKnars</shawsPardy>
      <poritesHelved woodman="slovak" boneletCoaters="hastyArables">
        <chapped>subclan</chapped>
      </poritesHelved>
      <shardsMutinyTraffic iridialText="mismadeJearUnhose">
        <kiersAgnized>tintist</kiersAgnized>
      </shardsMutinyTraffic>
      <isolate aphidsFetid="beevishCella">
        <storeenAmobyrResins>57479442</storeenAmobyrResins>
      </isolate>
      <misshipBrins singledHazzansUndaub="9" remijia="artsmanDamselsGlairy3715" smegmas="ulnad">
        <alvanStifles>690671152</alvanStifles>
      </misshipBrins>
      <longest moodirMidi="98" swales="mitred" alnager="bolomenRapanea38">
        <unhooksPussleyFranks>obelionPhotoedRetting</unhooksPussleyFranks>
      </longest>
    </keel>
    <titarTrumpetOkta lucetKillingLusk="local" inkingEmote="81538" dabbersBaptismPealing="eideticRelaxCoined" kanjis="ruff22">
      <burrah>34988</burrah>
    </titarTrumpetOkta>
    <tarlies>
      <lekach>gliffLingAxil</lekach>
      <methineClarreLangley solsArabize="laddishCaravel" eltrotEthene="ack" knack="dozzled">
        <cessantCastesAcknown>etudeStasisPhyteus</cessantCastesAcknown>
      </methineClarreLangley>
      <cuisseNanduBewrap whinierTheody="tantoKings" pyrrolsSussBytalks="dualismDawenPremies7">
        <elevenWheezes>379192</elevenWheezes>
      </cuisseNanduBewrap>
      <throu charpaiAliment="nutletsPeebeen" arabana="205">
        <ablute>tomfoolSibs</ablute>
      </throu>
      <matkaFennishBister reequip="grallae5198" revises="namareTendron">
        <azilut>dspLoafletPechans</azilut>
      </matkaFennishBister>
      <mallealSilvery unrainySudate="51186" cairdsZuffolo="tovarPileusCoutil" miggWeald="mehtarSheria" unpityEpiotic="81693">
        <apardonPyrans>racetteEupathy2</apardonPyrans>
      </mallealSilvery>
      <prats dustyTersion="muckiteFadersTrigons">
        <rentSpanishInfares>gilgieAcostOre282</rentSpanishInfares>
      </prats>
      <they sharpieMooAphemia="girningEnpia3600" draine="maulersWarper">
        <corsageEgbert>milkoOutwrit</corsageEgbert>
      </they>
      <rehid auguryCawkerNimshi="taluses" quakesCarpos="mowieKafirs" arabicaHafis="alcorSetpfx">
        <pegasidSiddurs>plinkJouking</pegasidSiddurs>
      </rehid>
      <filmizePredateLarus>
        <abientNongGruffed>lebhaftDialing</abientNongGruffed>
      </filmizePredateLarus>
      <bakshisCandentUnipara>
        <nisperoReputesWoad>gratton</nisperoReputesWoad>
      </bakshisCandentUnipara>
      <fenksShairnsBowshot>
        <gyppo>burboltDancesLarcin</gyppo>
      </fenksShairnsBowshot>
      <tabber scragsNunatak="payenCooler3">
        <botanyVanadic>8</botanyVanadic>
      </tabber>
      <shiversArilli>
        <friezes>vauxiteGoogols</friezes>
      </shiversArilli>
      <poppyGlobus algine="toggerOvality5249" marcDunyHurrier="misknew" jockeysShibarArling="8">
        <teed>dorsumCoudAbies</teed>
      </poppyGlobus>
      <aidedFawningCrouke astrionDescantShoa="dimmetNocturn">
        <schesisOutpollBenzoyl>avourLowesAlbinos24</schesisOutpollBenzoyl>
      </aidedFawningCrouke>
      <beckedQuistStrafed forfare="cholaHewKitcat">
        <papaLuggerEnsober>weeniesSealineBetask</papaLuggerEnsober>
      </beckedQuistStrafed>
      <beblainSavoursCreaky songbagRansomBinits="benacusWeasonsAloe" wasnRipsack="mitzvahSoysCadying" bergallAscriveRablin="naevoidWaggy" bone="sneestJozyUnblush">
        <dobbinKidsHaemoid>dibsUlna</dobbinKidsHaemoid>
      </beblainSavoursCreaky>
    </tarlies>
    <zoccolo>
      <havererLyard>dodosTrike</havererLyard>
    </zoccolo>
    <ischialScruffyCostaea>
      <volubleSmitterGoldy>86187031</volubleSmitterGoldy>
      <sharnyGreta taihoaUndyedAxunge="shriftsSoys" jobe="bandengYeh">
        <remintsBurtons>ellan</remintsBurtons>
      </sharnyGreta>
      <malleli thebaicQuinet="9332" amoveLawrie="sumach">
        <keld>reverb</keld>
      </malleli>
      <conyPuntingBubbies biogenAdvaitaMonad="outstepMaranha">
        <nebbedHamletsAllod>nikolaiDingledAnother</nebbedHamletsAllod>
      </conyPuntingBubbies>
      <lashinsJuliusKauri dunesCycledInermes="bobSemimat3">
        <jarlite>apexedPewageSkelly</jarlite>
      </lashinsJuliusKauri>
      <prowestParesErf resedaReejectRetards="1060066" rieJauner="clue" cervoid="nexusOctoon" poliesEructsOsmetic="gyrantCowherb">
        <leeful>weenies4</leeful>
      </prowestParesErf>
      <harkFumblerSurely>
        <dimity>5030</dimity>
      </harkFumblerSurely>
      <typicPallors tutenag="conferChowsesArrow" linenyJugerJasmin="kettlerObarne" victus="355">
        <gafferEncored>hatchel</gafferEncored>
      </typicPallors>
      <paganry tigroid="dowitchCherubsDialect" sulfite="9191035" noonedRipper="bosunsStonk">
        <mynahFunfairThrived>wintersFissuryTrochil</mynahFunfairThrived>
      </paganry>
      <reveto>
        <swift>senhorsNaologyChorals</swift>
      </reveto>
      <ajowansHoodyOutflew fideOffcutDeaning="alleTeaingBlende531">
        <torasSaggedLivened>belightSmousOrgana1</torasSaggedLivened>
      </ajowansHoodyOutflew>
      <dastur subplowCutitis="causon" kuficAurine="maskerTroubly">
        <gigging>direst</gigging>
      </dastur>
    </ischialScruffyCostaea>
  </yetterTudel>
  <dusked effeteSmash="gimmorSpumes" senseOvant="signary" potiche="nahoorChirksGlob" crucifyScrodsBehest="saros" />
  <dural hangieDulcets="listsProtylsShimmer5" amiles="towmast" megafogCuboidBarani="flickGeelbecRemoval" />
</fass>