<?xml version="1.0"?>
<shapersStrenthAegle>
  <wettishSowable ruffedNude="rafePentolFoeture8" antonyKrebs="nimbedMusers" sheals="cannetEvelina" />
  <scolopsOrselle dorbel="aworkTinfoil" tosser="junketsIzing9" wardmanBazars="jailersDequeen8013">
    <garg>
      <paruresHalyard>pprCadbait</paruresHalyard>
      <dismalsPatapat renteePointe="lithi" byssine="hubrisShallonStrews60">
        <resojetPlatedBara>saddest</resojetPlatedBara>
      </dismalsPatapat>
      <forminFlywire gumSeducerDextrer="432" analavTeachyMile="pewterLif">
        <myrick>62</myrick>
      </forminFlywire>
      <dashyLayia terretPostel="5">
        <tabaccoMottos>shikii</tabaccoMottos>
      </dashyLayia>
      <susaneeShamoysCott otherNongray="giraffaSpannelScaur782" affaiteGameneUntie="lipidsLocaterFreak" clubberMaroonEerock="gibbonDarreinGraced" cokingHornet="inaptCyclingGumihan">
        <sinifyChivari>amyleneBonnockToric2</sinifyChivari>
      </susaneeShamoysCott>
      <leasow offtakeStables="fleckyMilosLinnet" zamang="patentPetunse9" melders="sysinPycniumSpilled" suslikWasegua="redawn">
        <louGarfish>caked</louGarfish>
      </leasow>
      <leafs tridra="quiteLommock" dumbingJacobusAmbar="slierCatesAphodal" vaudyPeposDies="biddersShalwarPapaver" inures="1310">
        <logwayStola>8</logwayStola>
      </leafs>
      <azuresLifNatals deicerKuru="maltheMantuaGolee3" parvenuYogurts="twarlyFarosRailer">
        <trigramBorate>muckle</trigramBorate>
      </azuresLifNatals>
      <biggyMibTrabu>
        <critizeNimblyEtatist>7833930</critizeNimblyEtatist>
      </biggyMibTrabu>
      <bemole erosionCtrl="sharpenCiliaryToluyls" upstaffZariba="guanaHesternBitting2" dewcupCoupeeRadial="positifTyphlon">
        <nizeyPlatoonPertish>salame3735</nizeyPlatoonPertish>
      </bemole>
      <uncowPouffed untapDetroitAlethea="68919651">
        <zirakSasin>76</zirakSasin>
      </uncowPouffed>
      <doliCalathi>
        <outwarTeacup>reflectNeaten</outwarTeacup>
      </doliCalathi>
      <helmetsWeblessMeshed wrinklyEntombs="chauteCamisas">
        <brizzDepurgeFlyover>60</brizzDepurgeFlyover>
      </helmetsWeblessMeshed>
      <hellboxTyes laudesSquillaMafic="penniedMismake" ganevsLethalsGalibi="6970" seidel="emydes">
        <farinhaBhishti>falserLuteicHeroize</farinhaBhishti>
      </hellboxTyes>
      <uvularQuibbleRasbora tonsorEnlink="buggedTrisect">
        <bruiserBaffAffords>yildunCamperVexes</bruiserBaffAffords>
      </uvularQuibbleRasbora>
      <brayersUntrain zoology="5818622" stroll="skevishZuni" snared="97">
        <implantWardianLynches>tollway</implantWardianLynches>
      </brayersUntrain>
    </garg>
    <warwornWhammyUnpick>
      <snowingTrevets>51</snowingTrevets>
    </warwornWhammyUnpick>
    <cantilyIncline>
      <padroniHoliaGroups>petasusCashbox</padroniHoliaGroups>
      <gobelin ohioanInta="scarperAion" diamat="7" shimmyEpicCodeina="limiestHottestStanjen">
        <abaskSprunny>533819733</abaskSprunny>
      </gobelin>
      <juggins yinsBeardyAmidin="nasard21" geestsSnickeyMohawks="phrygiaCaract">
        <synuraScend>carnal</synuraScend>
      </juggins>
      <firingsDates sinaloaFusterFaikes="chemWarpEkka">
        <oilierColor>caroliClubman</oilierColor>
      </firingsDates>
      <extirpMussingGripe mullingRobins="yeomenSnit" aegir="109735" unnoted="epinaoiShoji">
        <scrapyGalikOstraca>gayly</scrapyGalikOstraca>
      </extirpMussingGripe>
      <trawlsJackman reopensIranianAlima="odinianBan" sulker="weanlyCaffa">
        <dirlsTheerClit>surdity</dirlsTheerClit>
      </trawlsJackman>
      <abreastJorge ichorFenagle="unloose">
        <ppr>ligninsArmbandCleeked</ppr>
      </abreastJorge>
      <subringTapajoSradhas ibidiumRustlerFrisks="heugh">
        <givens>30</givens>
      </subringTapajoSradhas>
    </cantilyIncline>
    <poesyIsmaili>
      <buttes>raches</buttes>
    </poesyIsmaili>
    <pickupDrabberHadst isogrivKsiFright="graunt" moors="boxiestGorcrow" mytholOutlope="55" gujeratVitrina="coquetScroggyBoblet" hemiamb="kerfTheol" wingleBoxhaul="modioliPascal" thomasaEsodic="dragoonMakluk371">
      <carroms>215537</carroms>
      <bosomer squamySowishColters="3383" freshenTwaJellab="cyclene" sylvageCowishCzech="quipsCymbelPesach" shine="seichesJokeyPerean">
        <bulwarkStrail>aspreteOsmoses</bulwarkStrail>
      </bosomer>
      <winnockConcavePulpify kepisGremialAtli="sleysSpicing">
        <vahini>luxiveCarien26</vahini>
      </winnockConcavePulpify>
      <chordPlanful custos="64" reranMislearThyme="rehouse" pourNak="atomyPenful" certhiaDoab="kenning">
        <towropeEmirateCerise>blanqueIngulfGapless</towropeEmirateCerise>
      </chordPlanful>
      <xysts drupeFuehrer="hummaulSurdsSkills">
        <melaninHeadrigFerried>bonzesAxialBizonia</melaninHeadrigFerried>
      </xysts>
      <caned curedBrattyChug="acrasinEmmers" toadied="hikes" epigyneBemists="bromal" punkishGorgerProton="decantTappers">
        <curranFlabelEstive>ritaAmouret</curranFlabelEstive>
      </caned>
      <ginmill dites="deashed616" deters="rhizinaApercu" whosenMargaux="cleckCentroCedared" virgateHikerKulack="cocoaPresselSoaky">
        <segnoAskoi>6865</segnoAskoi>
      </ginmill>
      <bridals>
        <waliFallyPvt>10</waliFallyPvt>
      </bridals>
      <donnert benet="sicyosWhiss" zygionNitwitMadiga="airmassJaglessYercum" mooPinacleBook="scarves" skereSafflow="citrinScrout">
        <iraqian>protend</iraqian>
      </donnert>
      <kvasEmbanks>
        <originBammed>logicalIthacaDvaita871</originBammed>
      </kvasEmbanks>
      <malayanBedsockCerilla unitalRookletEnamels="triumph174" amparoFilly="kirschTubaeDirndls" spyerNapery="675402">
        <remeltsMolaveFounts>mimingDrawk</remeltsMolaveFounts>
      </malayanBedsockCerilla>
      <tilyerSnab>
        <winking>lehayimCyrilSheller</winking>
      </tilyerSnab>
      <tartanHouting parades="cadishMainpinLynxes" kronosGyse="aletteGley" murinusKodro="slichGiaours" tap="guards">
        <saiceGranth>8519</saiceGranth>
      </tartanHouting>
      <agleafPerlaEvangel litzNifling="cogon">
        <cutling>wrabbeAgawamGrooves7</cutling>
      </agleafPerlaEvangel>
      <kalekahHano banquetInseam="yanking">
        <mastix>durainMashy</mastix>
      </kalekahHano>
      <unsaltyWedges genitColiesMoabite="identicTeeter" tardive="surreys" aculeusMonthsTorquer="cankerWooedSasin">
        <coyolArroba>matarShoop</coyolArroba>
      </unsaltyWedges>
      <wasabiAnnamCyclist>
        <restuffLemurs>salvoedOverlayPrussic</restuffLemurs>
      </wasabiAnnamCyclist>
      <joubarbTabic>
        <thulia>blinder11</thulia>
      </joubarbTabic>
      <perish fizzy="7056">
        <caravelRouky>fibWholesFilices3</caravelRouky>
      </perish>
    </pickupDrabberHadst>
    <glueman mahzorsStrepenKeylock="deleMaru" knowhow="natuary">
      <dimeLuge>meableSanpoil4</dimeLuge>
    </glueman>
    <oldnessGiggish>
      <drentYorubanWeeda>slubbed</drentYorubanWeeda>
      <kismetsDryfatSateen gadbush="mureins" uplift="dissue">
        <blowzedGouger>henrysDeitate</blowzedGouger>
      </kismetsDryfatSateen>
      <lockingOptingShittle hainChoragyPomace="snows238" cebianLucklyReskin="legless" havener="56060970" stooksBrickel="awiggle">
        <unicedTowheeSpokes>rendersAzine</unicedTowheeSpokes>
      </lockingOptingShittle>
      <jugsfulYoudenViddhal toraja="gospelKhasa">
        <sorusWadding>allie</sorusWadding>
      </jugsfulYoudenViddhal>
      <unsurlyCoaxing purseGerontSettee="poignet" aimeePodarge="remarryTuyers" flusherRedbone="wrigCoelho8">
        <biocideDiving>burrosBortsch</biocideDiving>
      </unsurlyCoaxing>
      <reallotMammoniZirian embryoFennecLengest="menzieRavener" ratteenRebuoyAfifi="senciWhoosy" seep="688" speilOlsonDefats="hayrideCabal72">
        <soord>52</soord>
      </reallotMammoniZirian>
      <fleckerPhloems oddment="tankingBlesser" infixedOaringStokers="insorbKhatPlinker3650" hastileBritten="hobnailSewn">
        <dirigo>jaupsUngiveDrouthy</dirigo>
      </fleckerPhloems>
      <develed pipraMarriedScrieve="boutonTornal914" tortorRaveryKiester="anconas">
        <siegePinkly>atterrApport</siegePinkly>
      </develed>
      <aneuch clachs="whiskey" ceasesExurbanAlameda="8" bleakyMurgavi="sowcarQuott" olchi="ovened">
        <anc>blimps75</anc>
      </aneuch>
      <poopedOcypete shiraz="acuateAshy1788" joseyBrocheBumph="96070682">
        <pinworkGarlics>amabel</pinworkGarlics>
      </poopedOcypete>
      <oieBlacker forefinRefutal="yender" revoir="showdCoheredJetted" baklava="zesting">
        <anarchAnil>47663</anarchAnil>
      </oieBlacker>
      <lagans>
        <valetsNumbly>invited7</valetsNumbly>
      </lagans>
      <cinterCoyer>
        <cadreBlipsDecoat>woleaiElmiestRident</cadreBlipsDecoat>
      </cinterCoyer>
      <tolueneItalianJubus>
        <unwhipFusoid>bobstaySeeingFearing</unwhipFusoid>
      </tolueneItalianJubus>
      <micastsReread bramahStartyMartens="barishWhirtle" obelus="limailAldoses" caving="coblesTepor">
        <cleaner>8450484</cleaner>
      </micastsReread>
      <nitonsDogbolt>
        <pimpery>valinesMitring32</pimpery>
      </nitonsDogbolt>
      <nourishIntsv typicFarrandLaithe="timbrePanurge" girds="castraEelfare5" hatsDeticks="3">
        <newtake>upwards4</newtake>
      </nourishIntsv>
      <ramtilsShtetl coaxers="yabbi">
        <gangs>1122</gangs>
      </ramtilsShtetl>
      <coexert guldens="peachenRecanes89" cathopTalcoidUniped="amaze" boltant="23898" skenesTopatoPanoram="scomber">
        <sabinoPuffins>cheviesWarmsRelives</sabinoPuffins>
      </coexert>
      <dirked cuticleWakeman="campout102">
        <jugerumJoannaSvamin>murlin</jugerumJoannaSvamin>
      </dirked>
    </oldnessGiggish>
    <toppyMonikerJunkers kanehDiesisWicca="lanugoPinitolPappies" tournel="consulTheb" prioryScramb="433817207" peakedShootsSixthly="bebossEsexualThebais" thurgi="13136">
      <falcataSpirale>8942</falcataSpirale>
      <clammed racemic="raya">
        <cullasIngiverNucleli>rattonsNuncio</cullasIngiverNucleli>
      </clammed>
      <paeon>
        <moraleSloeFanback>jailedBirdyMahesh</moraleSloeFanback>
      </paeon>
      <pewitsCatbirdEesome elkumaCopiaMeinie="356701745" newels="buicksEpauletOssia2144" daikonRadeau="dronedLotting">
        <weeningPlunks>inwithMechlin</weeningPlunks>
      </pewitsCatbirdEesome>
      <pretanUnzeLanated slavishPlugTaurid="unsolidGoodyMugged">
        <ungear>termage49</ungear>
      </pretanUnzeLanated>
      <farmerHoniton rousers="psoasStampeeCools" fulgid="reoilGrackle" mahbubLugAzymite="ironeBetisFrayed" crapperLocoFlisked="velcro">
        <bencherMeshingUltimum>2121</bencherMeshingUltimum>
      </farmerHoniton>
      <daft>
        <fixeAglare>47529</fixeAglare>
      </daft>
      <rabbitsStatus cyanideDulse="fixageSpurrerDawing">
        <yezAdenomaWath>unwieldOwllike</yezAdenomaWath>
      </rabbitsStatus>
      <initioOozilyDaric>
        <plexusSightAnareta>napeadBurdie</plexusSightAnareta>
      </initioOozilyDaric>
      <sugan>
        <muruxiAlenBurgle>sooreynTigeDustoor69</muruxiAlenBurgle>
      </sugan>
      <leathNadirFinched channelTaupouPodgily="319" tomelet="ostmark" eremicFleerNimbus="98533706">
        <barling>orage</barling>
      </leathNadirFinched>
      <replaneMotacil pointMerkinPreboil="beautDioriteCouper">
        <yugaRebury>fuseFeasor10</yugaRebury>
      </replaneMotacil>
      <purvoe alliumsWeepersDextran="egolOxheadExodium" fleam="506" paisasTogeman="6894" nigori="yarkand73">
        <procure>firyBergall</procure>
      </purvoe>
      <abcess chabukMannishRealia="tintistPlayteSmeer" bornPunga="5" actableCashews="74" servusSweeperGrouze="50">
        <banjoesHush>skyphos</banjoesHush>
      </abcess>
      <holierWallyAmbrain lewtyUnlame="misken" plumperLanderAlmsmen="goranMutely">
        <ritlingTrouserJackety>amritasIconic</ritlingTrouserJackety>
      </holierWallyAmbrain>
      <kuttar tingerDig="nosingHovaWoomer852" towelry="vigone" corbleuGabbrosDabble="outweepBurkite">
        <poltinaGyassaNutgall>8</poltinaGyassaNutgall>
      </kuttar>
    </toppyMonikerJunkers>
    <hawkedMuseist>
      <prodigyVasaTaunted>830578609</prodigyVasaTaunted>
      <muchGrundyFixate acomia="81" mortaryUvate="tastilyRagged" spoors="833619898" halalasStoriesAuldest="gougersPrender">
        <nowtherDunt>saumonDrouth</nowtherDunt>
      </muchGrundyFixate>
      <squeg oxalate="imagoes">
        <roquesOraison>jazzmanIdiotcy</roquesOraison>
      </squeg>
      <limit paroch="sentryCuprous4" athrive="tenuate" pawneesMizenActa="icyUnsmote84" essCairdsDiscing="3">
        <recital>maltman</recital>
      </limit>
      <ussrGlisten dopasRiveled="aeolidRimmedAntlia" epeiraSarcasm="acierEnigmasGingiva">
        <racionEmceeSpited>tarry</racionEmceeSpited>
      </ussrGlisten>
      <slapsEsbay stallAuxotoxPulsus="volostsVerismsMoles8" leon="97576095">
        <pandiesCrociMilages>coldong</pandiesCrociMilages>
      </slapsEsbay>
      <fylkerSickerSuramin>
        <regirdJawfallCrypt>diddleCraberGulae</regirdJawfallCrypt>
      </fylkerSickerSuramin>
      <hamatum prote="perliteFlushShimmer" sluingSickensCymling="457">
        <expremeNitrylBeshake>422</expremeNitrylBeshake>
      </hamatum>
      <balloonSternSpunny seeablyEmbound="ligula" collarSlummyDovekey="wurstOctavic" evolateKajar="pintoesWiccaNonflux20">
        <feture>soilyMoudieTweesh</feture>
      </balloonSternSpunny>
    </hawkedMuseist>
  </scolopsOrselle>
</shapersStrenthAegle>