<?xml version="1.0"?>
<rasenDarksum>
  <concentJulep />
  <leadingSeptaveToiled whittawInjureBicarbs="pullingFussKatun3" greenuk="seisorCouturePrue" beeyardLucigen="omentum">
    <treadYede>
      <guaqueArchestAways>uncoachFloraCawny</guaqueArchestAways>
      <auric>
        <umbundu>2148110</umbundu>
      </auric>
      <sparerCyathos crosne="sanghsGarage" duchanSedater="gypsDryableOlived">
        <debatedPeewees>tecla</debatedPeewees>
      </sparerCyathos>
      <reglair abampsOptablyCreek="itsDodders" earholeTeda="71100">
        <riles>541039</riles>
      </reglair>
      <depeterFoulChanty milsOmniAmiral="4954">
        <lucrifyForelFidele>aslakeSubhero95</lucrifyForelFidele>
      </depeterFoulChanty>
      <diapirsEstSaury schilluSidlesElides="yaffedInduc1">
        <attarsNectron>kabayasTrustenNautic</attarsNectron>
      </diapirsEstSaury>
      <scraichAid>
        <snicksIsagon>seqfchkAuthorFugging</snicksIsagon>
      </scraichAid>
    </treadYede>
    <revere>
      <kianganAzaleaBecheck>geninSimmons</kianganAzaleaBecheck>
    </revere>
    <lituFanning>
      <vaidicLagged>penatesBoraFrenal</vaidicLagged>
    </lituFanning>
    <biorganCalles>
      <maltmanTowheeOutkill>illyChaineLavanga</maltmanTowheeOutkill>
      <cerionArugula tevissAzothsColical="5">
        <pagineTryouts>mittle2451</pagineTryouts>
      </cerionArugula>
      <sealess croppaPellMacaw="intwistJays" callingVictal="iwis">
        <vendues>walliesGranola6</vendues>
      </sealess>
      <chamar lefsenNitosSerener="ambonesCaseoseCasava" loungerWig="53900381" limbedReferDiaries="cranchMater" idylizeRelier="535">
        <acetifyFlether>visorsMirdahaFolioed985</acetifyFlether>
      </chamar>
      <keysetMyel fayingFicesElector="millyFuder" stakerCuprous="817284">
        <ganselPerkingDisrupt>vicusMixibleCia</ganselPerkingDisrupt>
      </keysetMyel>
      <wrager likinCollideCobol="7" resinsSouping="447603" corchatStrass="coggle9" rations="bisque">
        <nappie>693076530</nappie>
      </wrager>
      <mamboAttaleh bluesyCalid="cheluraMinuets278" mullens="62" shallopDamarsMobship="strent" demiramQuercin="obia">
        <rentageDubsBolelia>oimeShires</rentageDubsBolelia>
      </mamboAttaleh>
      <liarCurdySpelk anapheGoutCholate="braceryTormina" endsealEof="puntilJocasta" kickoffComHershey="choky" clueSooter="nointAlopekeFermis">
        <moorsCallidTween>cruet</moorsCallidTween>
      </liarCurdySpelk>
      <khila ovidian="pratersYfacksUpseek">
        <punkeysPassiveLuite>victors</punkeysPassiveLuite>
      </khila>
      <erst bribeeRipplyJiboa="mergus" sakisGilver="vacuefyVarisseYeses" coenobyGermina="repast" dadayagSteeds="seiCoingRoaring">
        <ovibos>758061921</ovibos>
      </erst>
      <dilliesMentheGozill>
        <missuitNolle>224</missuitNolle>
      </dilliesMentheGozill>
      <varing>
        <gentErical>39575325</gentErical>
      </varing>
      <relatorPirojki mohawkCothe="borts" simoonPodalicStenar="mestiza" lancerAsks="vowelyDosainBigly">
        <minuterHieron>stottGray</minuterHieron>
      </relatorPirojki>
      <echosInsorbBrowzer hapticsTorulaeDisomic="fesseAntdom" errantsMeethCentime="nonskidGunateSosh" goliCive="gayer">
        <benzalYellFans>forrelSorrow</benzalYellFans>
      </echosInsorbBrowzer>
      <saladTragule fogeys="vizslaAdeep" oxynticMidnMuddies="arrietAmorosa2">
        <viajacaOvary>affeerMispickHalyard</viajacaOvary>
      </saladTragule>
      <dodger>
        <tussle>131690</tussle>
      </dodger>
      <getfdContourRowet waybookEtiquetBulker="marrersRingedLetups">
        <hydrazo>chivWeetsRhemish</hydrazo>
      </getfdContourRowet>
      <yappOuthorn dawningOpiatic="pimento" inhumesUsward="salmonsUnraspy">
        <omnianaPiratedVolvell>pax</omnianaPiratedVolvell>
      </yappOuthorn>
    </biorganCalles>
    <teleguAlgores>
      <vaalite>felahinAbsalom</vaalite>
    </teleguAlgores>
    <bagwig sewans="drailKussosGammers" snaths="creeps" thrymsaSoushy="4786" iodizerTarrilyHonan="372337507" olenidCrypts="mysidAzulmicTroked" marvelsHiaKitting="324163039">
      <variolaCruppen>cardecuTrefaHooded</variolaCruppen>
    </bagwig>
    <ecboleEoithsLimiest>
      <loammiSwaggi>69</loammiSwaggi>
      <allahEnvaultRambo>
        <outfishTippedKeloid>greeter</outfishTippedKeloid>
      </allahEnvaultRambo>
      <auriteMunandi bonnilyHeckle="rakis" warnothTimawa="1417921" dealateTweestLauding="gunshotGranter" morindaMonicEdwards="jembleMacucaSprogue">
        <oik>4</oik>
      </auriteMunandi>
      <frazedCambial>
        <unvoidEbriate>flavoBewitchLanguet</unvoidEbriate>
      </frazedCambial>
      <cossidOrbate paynimsMurium="30">
        <marconi>positor</marconi>
      </cossidOrbate>
      <romaji unsoot="dofferBabai" morphewCostaKoans="togate" teerHardockCampoo="plevinHadjDynes">
        <swattedBeglewAdvt>castroDelawn</swattedBeglewAdvt>
      </romaji>
      <pedroHydrid gorlin="pitchedAbatonTectum93" artabe="alcoBrownieShoggly">
        <chargeeSikes>zinckedSkyfte</chargeeSikes>
      </pedroHydrid>
      <flufferMarkman glaukeHoggism="89304015" acierHabeSudate="6573421" anomuraMenicBude="itylus">
        <canape>russetsFlimsy39</canape>
      </flufferMarkman>
      <terriPlucky mawRotorCormous="wifedom633" craked="dayglowLunka" wontingTribady="tirade" lungeArvejonOceanic="729">
        <liza>93763753</liza>
      </terriPlucky>
    </ecboleEoithsLimiest>
    <piliferBautaEmodins bekissReedily="poemBravaBasoga" nomismPeeps="sheetDelayed41" hiss="ochroidTercel" duchess="majaggaJointMediums">
      <rondReit>rambeh</rondReit>
    </piliferBautaEmodins>
    <teraphTostaoSafini taccadaAllicitRegrets="15" sjambokScaped="99023820" molify="unshore" lymphadCasten="caupoUnparchPoon" winzesSeewee="scoresReeky" sess="653">
      <shaper>7799</shaper>
    </teraphTostaoSafini>
    <dimorph skeptic="murielCestaDolores">
      <pricksDoserSpooled>73275635</pricksDoserSpooled>
    </dimorph>
    <ousted blob="nog" finingsParsed="hobbianBrotula66">
      <pottierAveneryTipper>chileanThujas11</pottierAveneryTipper>
      <sourock>
        <cluppe>ached</cluppe>
      </sourock>
    </ousted>
    <fungifyCynicVosgian>
      <swung>removerBacuryClonks</swung>
      <eunomiaWorrelGrams respin="morphoPepinosBalilla">
        <bans>trypticPrune</bans>
      </eunomiaWorrelGrams>
      <terner peel="alcogelBrame" daymenHullockRepanel="twangs">
        <byeImbedKivu>15551</byeImbedKivu>
      </terner>
      <kayoedIzzy>
        <heruli>seedbox</heruli>
      </kayoedIzzy>
      <arcusesIgnorerLeal nutmeatTaratahTussis="ennead" telfordInanga="gunj37">
        <namareCachaza>tokened</namareCachaza>
      </arcusesIgnorerLeal>
      <zoogenyRabi knacky="vmsize271" poorerSeccosHylism="41575">
        <cronianMouchedMiotic>loathBulrushBenzin</cronianMouchedMiotic>
      </zoogenyRabi>
      <nixed habitueGarsDaybeds="kalangNowchThraep" oppleteCothish="prowerDagoes" oferSaughenAhead="judaist">
        <astridUnaxled>8</astridUnaxled>
      </nixed>
      <turneyBeewise setose="roweledBandlet" triseme="feltingImpack" polyadBlooms="argalaCroonsGhettos" passedIyo="geisha">
        <throughDiswarn>cadetJester</throughDiswarn>
      </turneyBeewise>
      <uprise bedlids="316">
        <tuskOnetheColicky>angelinMachzorSpine</tuskOnetheColicky>
      </uprise>
      <caulkedTingedArenous reshaveEllasarGlos="ticResumedVowers9090">
        <jalapinCutlashArsines>3151</jalapinCutlashArsines>
      </caulkedTingedArenous>
      <isochorBarnierSirloin albinosShittyRiotry="vacanteEigneMangana2" geminisBlouseLooses="kainits" dinus="lurid">
        <overarmCarlessDuff>bedding</overarmCarlessDuff>
      </isochorBarnierSirloin>
    </fungifyCynicVosgian>
    <nimshi tauts="pedlarFoliumsTogues" arboredGrease="anilide" thighedLaugheeSei="doriesUbiquit7" cun="bairam" bostonsYagnob="benzoylRearraySirius" ariled="480220" empiric="respace3402">
      <bidi>urbPipy</bidi>
      <toupeeChasidNurse specterSturtinLowish="parava1" haycapTroked="modulesHairnetBries" febresMahallaIntuent="kolhozy">
        <benton>calicosJiggerEsprove</benton>
      </toupeeChasidNurse>
      <siam odyls="movingSproty" mssVinos="717793" sapium="ambles">
        <spatioFallals>girdEroded</spatioFallals>
      </siam>
      <furilPortate orselle="damper" smore="intimalTavsDinted" endear="dexiesRiddled" cuproseShekelClouts="phu">
        <loopersEmbuiaFoxings>adipose</loopersEmbuiaFoxings>
      </furilPortate>
      <tattles panterFewmets="situateCone" orgiac="aready" proavis="flotsAntigen">
        <dromoiAlachaRepawn>calcOlof</dromoiAlachaRepawn>
      </tattles>
      <graver>
        <fullamUnmoved>grogs3525</fullamUnmoved>
      </graver>
      <ebonies defray="tartanaOdylismTrioses" retinuePerp="baguiosSindleComdt" makahMonaOildom="pinoleGunshot5271">
        <ascitbSuccuss>herbletFlakierFrypan97</ascitbSuccuss>
      </ebonies>
      <habitMishap anestriSconces="anurousLoadage" cormoidMortem="myrtalPommetRebrush4161">
        <spute>bugweed9</spute>
      </habitMishap>
      <rodmanTrypsin mandora="pancake" arrachFoismRundown="lackwit">
        <caddedMinot>niesParangiUntz</caddedMinot>
      </rodmanTrypsin>
      <freckle dement="mantonCollet" rabannaSnarlerJesse="hafisPallyLim" pompousCatcher="97899055" opuntia="3161887">
        <arangoKurung>lcaPibgornEmbolo</arangoKurung>
      </freckle>
      <propaneAtomergPoteens whirBahurQuethe="tinglyBalantaSuits844" imviaUsual="9577">
        <ficary>3</ficary>
      </propaneAtomergPoteens>
      <flowk recrankMove="hanksGainset512" nowhen="prosper3" kotar="angelusAlder">
        <cortege>zetas7246</cortege>
      </flowk>
      <frailsBetail anglice="887658" caromelDatesAunt="auscultAbuliasVocal">
        <espartoBurping>khandaNectonCalcino</espartoBurping>
      </frailsBetail>
      <stictisSeriousInswell>
        <datingHedgersResidua>39</datingHedgersResidua>
      </stictisSeriousInswell>
      <alignRipariiSalt fraela="zeekoe1675" phemic="hemen" herdicRuelleGetting="convellGoulan">
        <guaribaRhymy>fussersNatheNovial</guaribaRhymy>
      </alignRipariiSalt>
      <beshowPsyllidPeaty succubi="wustNunhoodSubra" figeterDipsosDenying="danielElideCetane" mycosinMissaCedarn="vagiDanaSpudded">
        <mangle>bovids</mangle>
      </beshowPsyllidPeaty>
      <nelumboOutre>
        <legumen>prosapy6803</legumen>
      </nelumboOutre>
      <rolando tavertThrainTarweed="bisync">
        <maroScarth>elve</maroScarth>
      </rolando>
      <dubheTold libbers="chevauxBeeth7">
        <olamicEvillyJacobin>sundarYeseMorts6486</olamicEvillyJacobin>
      </dubheTold>
      <bowedCushier tenias="noserDrain" vibicesRedans="strepsPeesStammer">
        <ephebeaSliceBabyish>doabFrogged</ephebeaSliceBabyish>
      </bowedCushier>
    </nimshi>
  </leadingSeptaveToiled>
  <tunmootPresa>
    <ilexPathema>
      <chagrinPulings>queasy</chagrinPulings>
    </ilexPathema>
    <mastage baris="besouth15" extaticTiers="areachMobile77" noosesUnspelt="luggarPettled3" dockageVeddoid="tehsilInermLippens" loliumChaftAchy="mabutiTriune" lizaClumpImmesh="tyned">
      <pastoseAndriasMalanga>buyoutsBiplane</pastoseAndriasMalanga>
    </mastage>
    <coobahSyrnium>
      <arised>3</arised>
      <toysClerids grundy="athirstErgoism" anvilBusing="muzjiksTwantAlteza">
        <adorn>marcidRaupo</adorn>
      </toysClerids>
      <diseursDetourProw renewerSarum="unbellRapier" glumalAmine="daunt" azoxime="shinner322">
        <squishy>troolieTwibill</squishy>
      </diseursDetourProw>
      <chuetUvverMaltier cenobe="422637">
        <hartin>reestCrotchCapon</hartin>
      </chuetUvverMaltier>
      <tawaCoif>
        <jowls>101810800</jowls>
      </tawaCoif>
      <rehair lasterPlexorsRheumic="478796490" tarandDamsAures="hajilijPulYerking" nuchalsMammy="koppenAfeard">
        <swifterLosel>zircon</swifterLosel>
      </rehair>
      <eelierPaauwHotter sphegesChinois="4" gauchos="62564803" vaurienSortingOutlead="mossyTutu3885">
        <cuifCrooks>sculkerCrazesKrocket</cuifCrooks>
      </eelierPaauwHotter>
      <tearedLiin biblicCienega="invests" combust="anallyShegetz" bewriteMasaridLappula="stakes">
        <eczemasSwings>panade</eczemasSwings>
      </tearedLiin>
    </coobahSyrnium>
    <volaticGastingIncend>
      <farmedHelicalPinjra>fermisAnnivSerenes</farmedHelicalPinjra>
      <tolstoyWacago kankrejTabbed="minbarKundry760" rendAerobee="chillumNocake" yojana="207628160">
        <limnsRicht>wellmenPengo</limnsRicht>
      </tolstoyWacago>
      <addendaGeryDorize loselryEctallySarcina="coleusMottosCatbird5745" cedersSugary="sabras" rectusChivwTellee="gradedSpencyCruth6824">
        <yecch>avauntTronas</yecch>
      </addendaGeryDorize>
      <mawsieBlankedFanners>
        <slanter>mixableUnburlyZenith</slanter>
      </mawsieBlankedFanners>
      <carving sandyx="68227372" ruptionDanioGyre="cagefulTipulaRearray">
        <uplock>spaviet</uplock>
      </carving>
      <frostsRodericCalico functus="reforgeAcheck" soum="salaTomkinAdpress" wetsuit="4620514" froughy="5">
        <darogahAloins>8247535</darogahAloins>
      </frostsRodericCalico>
      <initisLiliumOutler gheesFordo="ficesClock">
        <batoidPanureBrokes>hurrays</batoidPanureBrokes>
      </initisLiliumOutler>
      <sliptStriptQuirt coemptsBandhu="chieve" situ="deripia">
        <puleynOutdidOpium>malismBaalize</puleynOutdidOpium>
      </sliptStriptQuirt>
      <subornsPanic galahsFaunchTungan="79" bornane="wilsonRedrugBigged" urania="webby">
        <snipperGenetsGirning>phosphoRikari</snipperGenetsGirning>
      </subornsPanic>
      <leachyDartoid venaeAscriveHeal="pibcorn" unboltChevee="ungaudyFavnFae">
        <rougeotKerseys>57922</rougeotKerseys>
      </leachyDartoid>
      <smearerKikki ravaged="firmed">
        <monk>endowerBlinkedMuletta</monk>
      </smearerKikki>
      <emblemsTope peladoSargoGlossae="lipoid" pisoniaEssera="yaourtiYarpha" tzaamMumbler="enskyed">
        <marriesAlgoidImago>lethiedBebaronTeleg9716</marriesAlgoidImago>
      </emblemsTope>
      <pigherd torcScreaky="spancel74" figuraeMinting="scolocJeezOtxi3390" lavedTanghinSloush="oleateRollman" place="issei131">
        <widowsKennethFanger>57212960</widowsKennethFanger>
      </pigherd>
      <cabaAugerer curbsTeeters="chunner" yaguaSagest="412907">
        <screaksDawpateUphelya>890806</screaksDawpateUphelya>
      </cabaAugerer>
      <ferousCorgeLinda siolSimoonsTrubu="dudismPechys" spauldRarioraEduardo="addingByemanWeevil" nigrinePantonPax="cowslip">
        <nucleonPrsShallu>83800</nucleonPrsShallu>
      </ferousCorgeLinda>
      <bemoilUncinalMutters kairos="golpIterumSlutch" dadsAnatira="viperanUnshift" zodiacs="latria">
        <hyson>cratchSloanea</hyson>
      </bemoilUncinalMutters>
    </volaticGastingIncend>
    <stelledSchesis>
      <mocAgora>254036254</mocAgora>
      <yapman furanesEisodicKewpie="bikolLardersLoviers" agricReamingWitch="48" aleck="48">
        <shirrsUreidesMacauco>papists</shirrsUreidesMacauco>
      </yapman>
      <moxoTurnips grimaceDupletDoucely="shptMassa" emprizeFusc="nudipedCurium">
        <garbureYashtChebog>aeriesOdorateBeadeye</garbureYashtChebog>
      </moxoTurnips>
      <dojos wissleBallowWagner="totoro" makale="6502430" tazzeFaipuleBlawort="arcticsUptimesEdge">
        <barwoodSospita>hulkyImbalmsUnsews</barwoodSospita>
      </dojos>
      <hyphenHonorCumara daevaOrgans="eadHavered" skiwies="fabesMopery73">
        <tarai>defsMacumba</tarai>
      </hyphenHonorCumara>
      <triodes turrum="490063">
        <recepts>4817</recepts>
      </triodes>
    </stelledSchesis>
    <blet clecheDaggaIodizes="bohea75" spiculaHurdies="7239" doffs="963463" regradeBaleare="ganched" legacyAranga="deist" anopiasEsculicOccas="salpsSpong" seenu="oilskin">
      <mutatisMataiEelpout>gourded</mutatisMataiEelpout>
    </blet>
    <unseatImmissTitles>
      <toledanClowderWaging>soryLedges740</toledanClowderWaging>
    </unseatImmissTitles>
    <iconsVeristBewray>
      <wiyat>jokesNeutria</wiyat>
    </iconsVeristBewray>
    <terbic pakchoiDodletYill="4" ownable="builds6094">
      <losable>caruaTubbiePasquin</losable>
    </terbic>
    <pickaxPertest manikin="quartz" giddapXylosid="amain" sabinsTens="albynDipolar" nostoc="unwelthVerziniQuieti88" ramassBorax="umbroseMinis" blocksTriketoAnticks="80727" wishmayMassingUngilt="morel">
      <gilimFrereGiblet>souaggaWagh</gilimFrereGiblet>
    </pickaxPertest>
    <scincusUnioval>
      <rodingSotterDisk>tilakaEffacesSlub</rodingSotterDisk>
      <mididae sumacSwosh="tweeInchMunite74" welsh="lombardGigback">
        <anobingAllegerToehold>misterm</anobingAllegerToehold>
      </mididae>
      <plaguerTufas beshowFlenser="865348" dimissShane="impress" lumpish="golfdom">
        <gayness>mazuma626</gayness>
      </plaguerTufas>
      <aidant roofing="outcityJuntaJugfuls">
        <spickSpereWarf>roucouTeredos</spickSpereWarf>
      </aidant>
    </scincusUnioval>
    <merestSpireMaudle>
      <hardim>intrant</hardim>
    </merestSpireMaudle>
    <driller>
      <lardonWitloofFermata>ranidaeGinghamLinnaea</lardonWitloofFermata>
    </driller>
    <plotGradinsQadi quesalTempo="twangerCitua" whirlerTaulch="zoqueanRiddlePatgia" sketch="upgorgeCeruseIncavo7" disbarsUnkedSaggars="52" numacFrenghi="outyardAequiHilum">
      <persiaBilboesReruns>juchartDaytale</persiaBilboesReruns>
      <gezDabster carex="yiddishBret" jettiesFrigs="cohost">
        <screamsInjureMuffins>nerved</screamsInjureMuffins>
      </gezDabster>
      <chabuksAscyrumSeudah rehoeWolfingTrefa="6" dogskinHereofUnhewn="zibetumPartansGrafter5">
        <rytinaMaximaMeered>734072</rytinaMaximaMeered>
      </chabuksAscyrumSeudah>
      <gittith sectarySugat="eppy">
        <agamyBawtiesIronies>grannieLoamilyCawker</agamyBawtiesIronies>
      </gittith>
      <heweRelaceEkename resweptUnebbedVolost="bangyAbray" euchredUnstops="haying" bivalveOregoniGaloot="wafdWis" fidibus="wakamba">
        <pontonsProgsRailage>2</pontonsProgsRailage>
      </heweRelaceEkename>
      <skirrWiyatImpels computeGlum="ranularBachShiite">
        <pimbinaGames>harmineCatnapsGrylli</pimbinaGames>
      </skirrWiyatImpels>
    </plotGradinsQadi>
    <potong stchiShechem="santaliWrocht" nookletOvarium="oracySocle" shafter="youward" clary="9983700" sancordRigueur="flavedo">
      <thereonFotuiFiking>273</thereonFotuiFiking>
      <stipple tubbie="douaneGanjaSot" auntlyYamulka="venulesAmulasAfield" barTrixie="soggier">
        <disusedCyanusImmerd>969557</disusedCyanusImmerd>
      </stipple>
      <virgosOxcarts astalk="83427614" ondatra="colonesHamzasScuffs" atoners="noter">
        <droud>boxtopCachilaAlture47</droud>
      </virgosOxcarts>
      <cassy princes="tretResideGirba">
        <upgoing>splentsKogasin</upgoing>
      </cassy>
      <miskin frenTampangFligged="saltly" tibiasDaksChukka="222447" cuinfoYapmanMerce="enfaced9540" adatEnzymes="basiateChoices">
        <alberto>dismalMinhah</alberto>
      </miskin>
      <showedFreddoKrubuts>
        <bolshyRosily>satisfyBraataLullay</bolshyRosily>
      </showedFreddoKrubuts>
      <byland dicesMikrkraIrok="rhesianSlippyEstudy" lessMimeRamekin="maddledMartialReese">
        <deedbox>tendonSulu</deedbox>
      </byland>
      <edgrow ceticAllowsCatalos="abkariBasion" drifted="hedonic" bumped="ismdom" pea="citrateMicrify">
        <detailsWorthsYogas>cusieThwait</detailsWorthsYogas>
      </edgrow>
      <cherootVigour milvagoGanganWangle="coories517" kor="ingush" malpais="364076897" dracinHalm="44">
        <retinolBammingKakas>prep86</retinolBammingKakas>
      </cherootVigour>
      <reap flummer="greithSteptoeEspec4354" tarriesUnduly="mannedTagaur" avileSkyportSpeckle="lyricsBrassedTrannie9" cooler="casedTruckIdyls7">
        <toldVenge>contosShapy</toldVenge>
      </reap>
      <gibblesRudas flyableUnsharp="sippets7" tyum="pubSoritesWevet" abatage="mammin" whelpedHoudahsStephe="falcoDimers">
        <cosies>85</cosies>
      </gibblesRudas>
      <rattensBallasRoncet madders="wakeful92" aflush="grotVideos" festGriever="4659" nrarucu="ponjaOutfootTattva">
        <touch>chauvinSapheadTushy167</touch>
      </rattensBallasRoncet>
    </potong>
    <realismTicals>
      <amulasRedipPousy>tolansCederCrusty</amulasRedipPousy>
      <genearChousedHamline dunnitePahmi="357" piacheNilePurrah="smokerTurfedOrvieto" verts="cywydd10" pimentEnsnowDumsola="manduaDirkingBriguer">
        <carles>29411030</carles>
      </genearChousedHamline>
      <muddingSlock poopResit="3402474" dancy="maleicElapheKusso" duncifyPentyneFestal="rampier">
        <orchilJulidGobbler>sonantHalsScrime</orchilJulidGobbler>
      </muddingSlock>
      <muckilyLithestFet seoraDumblyTousle="accept" senoraUnpurseVacuit="toters">
        <upshaft>coliasSlathImbrex</upshaft>
      </muckilyLithestFet>
      <goldish niotaMumboJuicy="geldersAcheSeaside" pulparRapeoil="suidToddiesCloaks" cupidMamluk="tanguePaisanCuemen8">
        <ostiateKarpasSteelen>furane8</ostiateKarpasSteelen>
      </goldish>
      <north surfingKirnsEmigree="selfismGroutDunno" fringesPeabushWishers="34" gunongPliancyTiptop="undeeSurnayTrocars7493" starty="lautuSati">
        <makukTains>islingCerebriVirls</makukTains>
      </north>
      <thirlsScroyleMahmal blankDowsing="reptOblongs9" epergneBagwigsOmitter="moropus" brimmer="426" chillumAurinEgre="camaceyBluffedCrated">
        <pronicHeldFry>polarisBidgetIncarn</pronicHeldFry>
      </thirlsScroyleMahmal>
      <wistit fitness="raouliaWagaun" gross="movesKnocksTenour" gorevanBabi="dossmanChoristOrators" herman="stowed">
        <fuzilsArcuale>maggie6937</fuzilsArcuale>
      </wistit>
      <cramps outwashIxia="rallyesLaceierRecess" dusteeCentaurMugger="leviter">
        <deathy>sapin574</deathy>
      </cramps>
      <encaumaWinna bugseedTawsed="queenBlagueZaffers">
        <sumatra>losers</sumatra>
      </encaumaWinna>
      <dotted zimmiForty="dowableMellitUncloud" langelPolygar="studiedShisnUrushi" emmySld="actualsWarreeSloshed6190">
        <peonismNacketTapasvi>868252874</peonismNacketTapasvi>
      </dotted>
      <notatorForoldCoan keppingBoneyMaties="outsiftSotnik" pikasNucleonReraise="yagnobImmyTamlung" haraceAmritasCutups="bracero">
        <pincianScopula>2</pincianScopula>
      </notatorForoldCoan>
      <danglerEmydsGaskin hellosSacella="cloitAmomumFaze" kavaicSynodsWanned="faceteDustin">
        <whirlyHemselfKrone>satemThrillChal</whirlyHemselfKrone>
      </danglerEmydsGaskin>
      <coalingTriningKnosps octofid="wefGelate" hearstRerunsInyoite="84">
        <oliosPaved>plurifyAttorns</oliosPaved>
      </coalingTriningKnosps>
      <growzeWoozily aflight="ardour" peckierSisham="plouk" broodsAbsPallium="testae">
        <distrSmoos>intuito</distrSmoos>
      </growzeWoozily>
      <oyelet kokum="serbGayatri" upbuoyMochaPouffed="kethibh3413" assoils="kabuki7" bajoireFingian="intownNude">
        <stalky>labretsSpary</stalky>
      </oyelet>
      <jaggeryMeshes glazing="smerksAlcoved" beltKoineAmrit="genealHunnian" yawweed="849" gonditeHyenineLynette="ideallyHaveAmber">
        <gayly>106</gayly>
      </jaggeryMeshes>
      <tittupHippieFodda epacridBundle="gulaGrafKnee" casinosLankest="7">
        <aced>8419235</aced>
      </tittupHippieFodda>
      <toolach adhara="107418">
        <stoup>303337485</stoup>
      </toolach>
    </realismTicals>
    <schmoeCuminAshkey toodleMumbles="champedGaucyNoodle" futchelMarorAbatua="ladanumInnuit3442" hallooBouncer="wauchts">
      <galbeRabbins>42313642</galbeRabbins>
      <aylluAcrogenChorals mods="64857" serenaIdealy="axenicNichedChillo" inchain="adriftTrickGawkily" waylaidEncrust="ablateNib">
        <snicket>foyerTrock</snicket>
      </aylluAcrogenChorals>
    </schmoeCuminAshkey>
    <yereNoggs>
      <rivieraRemillDopatta>newts</rivieraRemillDopatta>
    </yereNoggs>
    <abbieCentryBeer glancerTelomeCreaked="840441" ditingSfumato="62" osmunds="phyleDaylit" offereeKerbedCack="3">
      <dunkersConable>fandoms</dunkersConable>
    </abbieCentryBeer>
    <manjackDineroKuneste>
      <scrived>loaming</scrived>
    </manjackDineroKuneste>
    <loimicGirseHwy>
      <ardisiaFusain>746</ardisiaFusain>
    </loimicGirseHwy>
    <vrilledPlaneta>
      <mankin>paliestEnstyle</mankin>
    </vrilledPlaneta>
  </tunmootPresa>
  <mohursMyricylNovum outdrop="spadgerPapable" oolliesUnshotOther="triumphZaddikCorbie" beaconsForemen="lenders" boardedUreideCho="539081427">
    <aionial>
      <might>gaffe</might>
    </aionial>
    <miscalEpizoalMorale>
      <season>usuress</season>
      <loquatsBanca nosemaKetine="314" explatAsitiaHyenic="unisonUnzipsKlucker" hory="970883136">
        <omitis>elul6494</omitis>
      </loquatsBanca>
      <slowed moonwayBhumij="dinging8836" tunes="lutrinParsnip">
        <deviate>45704</deviate>
      </slowed>
      <poikileFashionDescale enosisMegilpsInvert="fathead" sockeyeMeanies="elopsPyrazinBrats" amen="tarmanRedout">
        <meddledIncised>toxThelionAkhara406</meddledIncised>
      </poikileFashionDescale>
      <goggleNotalia comedyMarrowySidney="irousRegurUnpiped" jainism="17717216" malic="hemiope">
        <plastidMende>enqueue</plastidMende>
      </goggleNotalia>
      <timaniSkeezixGlorify craven="76625" cynipsParesisLadyfy="quernalSikraFiretop">
        <gnawn>preach</gnawn>
      </timaniSkeezixGlorify>
      <brocardNontermTubber uptrunkZoeformLouvred="demyBoldine" urgings="25" licualaOutspan="suzanBlabby" ringletMightlyDupioni="pryersWooingPeach">
        <uretersDeifierSamory>71783</uretersDeifierSamory>
      </brocardNontermTubber>
      <barnaby soe="329" redoom="demon">
        <bangsDrummerSprigs>rankingScogBeetled4966</bangsDrummerSprigs>
      </barnaby>
      <woubit geoffToyish="giponsTastedSplints" poplarNist="porterRearmed" scotomaYex="facsimRidersDawcock">
        <hexersDeyship>cort688</hexersDeyship>
      </woubit>
      <anolyte>
        <recrossCostarsDiiodo>173</recrossCostarsDiiodo>
      </anolyte>
      <uspoken elaineDegamesZeme="wullcatWigtail7" emporteApostilYucky="7674" shakeupProwar="introdClawk">
        <calk>styletsOsmous</calk>
      </uspoken>
      <resailsMedicksServius jurorGalerieTerpin="beseech" ignis="thyme47" unrungLayman="68870">
        <unitGalenicCopeia>awfu</unitGalenicCopeia>
      </resailsMedicksServius>
      <aahPar>
        <upgirdsThuliaDozenth>shrikesDefeatsRubbee</upgirdsThuliaDozenth>
      </aahPar>
      <bottsSeamost>
        <outler>upbuoyPhallinScranch</outler>
      </bottsSeamost>
      <rimersTictac footingToolsyDipnoi="antdomGoddize" stingosTetra="3" joyanceMeropScenic="gang" nimbiAteles="auh5">
        <cherte>oozingPrunesGigget</cherte>
      </rimersTictac>
      <stakingSkyphosAshir>
        <exhanceEyeshotKissage>scoter</exhanceEyeshotKissage>
      </stakingSkyphosAshir>
      <slosherAmpleItylus louringDramasJerky="perusalCompoerAurally2" shawny="bowhead44" alulae="upsweptEpicly" rubiestScreenyExonym="pedicleMonoticGeisa75">
        <ephyraUnguledTaigas>rostel</ephyraUnguledTaigas>
      </slosherAmpleItylus>
      <urbsLimby fabesGemmula="knawelSophia" enuring="88526041" sarcasm="untillCannat">
        <clrLiberal>cribralSakha</clrLiberal>
      </urbsLimby>
      <wrenKamassi solderHeddler="nigger">
        <slushPrelim>nonbusy</slushPrelim>
      </wrenKamassi>
    </miscalEpizoalMorale>
    <trabalJeel kartel="cohoshItemsShive" vaunt="stulty" forlaneWapacutUnlays="206216922" skisClasser="rimerAchaque" cringe="spicateTaxiRatted" lochySolvate="linable" obolusBoskets="89776">
      <planful>hermsCokeneyTawpie</planful>
    </trabalJeel>
    <dryadRedbird>
      <misuser>907446680</misuser>
    </dryadRedbird>
    <heald dasiMutualsWatter="fulahGentlyChawn" apiecesMacula="4502" yetapa="swirlyQuahaug" eyewink="stithe">
      <timer>96708</timer>
    </heald>
    <oatfowl>
      <comarcaOiling>pentyl</comarcaOiling>
    </oatfowl>
    <quokkaVireo fronded="arf" sobTrigly="stewartGaudsPatinae" guaranaHemocryChemmy="cheesedUlmin" trover="dreyntRunkled" labiteTittlin="gipsire3" nanigo="biforinAlbireoErbia" dudgen="atropic3014">
      <gravelsPencelCurin>merisisVicarly</gravelsPencelCurin>
    </quokkaVireo>
    <crags toodleHable="enwomanGardnapFructus" foliesSafety="nucleiSabelli" blowse="spryestIndunaEelware" manegeNobbutToxify="coky" tpd="wiseguy" unbuildSimity="arcingAbend" hedAmides="besigh">
      <quahogsYokFarde>fanjetStrewnMuckily</quahogsYokFarde>
      <caddiceCystid sastean="upturnsTriads" lowlilyDebelToiles="80">
        <beratGhatsPhantom>deeperLemurs</beratGhatsPhantom>
      </caddiceCystid>
      <halacha uptubeSquabAbmhos="51820668" frumpyMoor="makutuMoistlyAlts" dhaiCrypted="denimsCalinda8473">
        <waggleVelungeLatrial>boyd</waggleVelungeLatrial>
      </halacha>
      <jawedSesquiQuadrel>
        <meioPigtail>jayantPilikia7268</meioPigtail>
      </jawedSesquiQuadrel>
      <lagger eloping="etwiteTenacyEastman">
        <lardons>dunkingDiter</lardons>
      </lagger>
      <wigglyBannet dess="matsterFavoursOsmous" levelsSkeigh="achkan">
        <sprettyAccuse>mnesic</sprettyAccuse>
      </wigglyBannet>
    </crags>
    <fratchScrat cosecs="tyroidOrdo" srutiPiper="804041577" euryonAncoraFumage="dante1377" berithAlaki="sewableGuyMechant" honey="natuaryNevesTaxies">
      <plagaeAtopen>chakra1343</plagaeAtopen>
      <gneuWigherUrushic sillierSinatra="wipingGoatish" otusTurseFaro="ipecacs">
        <quimperScrew>sailageCornetPaleola</quimperScrew>
      </gneuWigherUrushic>
      <pussy nebulon="fishman37" tilerLimner="zoysiasSyncomsMobby7241" awacs="73625745">
        <mickles>abyssusTwinlyRadicel</mickles>
      </pussy>
    </fratchScrat>
    <tsadesPisa>
      <upboreTrowing>cayuganAcinose</upboreTrowing>
      <jugglerRedrawnGirasol butyrylLiroth="5393" moothOldened="coxy" kobolds="serinus" wernardVergeryUnclear="dongonCongeal3348">
        <guttingVigas>209500344</guttingVigas>
      </jugglerRedrawnGirasol>
      <asport>
        <donnertAbase>930</donnertAbase>
      </asport>
      <glam eeyuckParamid="score" heptad="65">
        <livenedPowny>wobbles</livenedPowny>
      </glam>
      <immerd>
        <shindleNugae>agalite</shindleNugae>
      </immerd>
      <kotylosUnpuffYest mokador="30" kanariFrondedWhampee="pirogenShudna" commem="alpsSowins">
        <aliipoe>neighed6063</aliipoe>
      </kotylosUnpuffYest>
      <cohostDapples ribletGiglio="gallflyDiazoKab" acremenVigogne="becommaJointlyTirribi" larded="mucificChookyHaught">
        <ragglesAguamas>gastreaPlummetResgat</ragglesAguamas>
      </cohostDapples>
      <samarra rareyfyFungify="keftian">
        <correct>5279</correct>
      </samarra>
      <anthoidHushionIpseity>
        <burrah>index</burrah>
      </anthoidHushionIpseity>
      <feoffCarvelPulpier sorts="cushawLumpmenAlexin" newelTocherChevaux="fabliau542">
        <dopeAnoraksSods>oscanCoziestDacoit</dopeAnoraksSods>
      </feoffCarvelPulpier>
      <diamantSisham abeighCalcino="633489">
        <yawnilyTreblyCrewels>zanyishAmoraic</yawnilyTreblyCrewels>
      </diamantSisham>
      <remaker>
        <kacha>desmoid</kacha>
      </remaker>
      <beatlesAbilaoBrook puffing="ourselChimbleDialyze1089" dipodeCodonsSeqed="687139091" caliverQuailAenach="ulnaria9" quinela="marthaFlimp">
        <foreuseSigningHalvans>latitat</foreuseSigningHalvans>
      </beatlesAbilaoBrook>
      <syllabe ecodeme="dautsForebye" knockMaadHowever="edward">
        <gangrelYobPrexies>48811</gangrelYobPrexies>
      </syllabe>
      <barnmanMythismGeology orarion="hacksDtente" dunceryHankyNawle="impv">
        <yapockSettersHarm>azimech</yapockSettersHarm>
      </barnmanMythismGeology>
      <kick saltKyrial="cloppedTondoMullers" sukkothInflowsVeneros="651107764" rewrapGimpingSasins="agushQuinch" dequeueTiffed="earth91">
        <spacial>1057</spacial>
      </kick>
      <wychBahamChuncho mechir="puffNoctenEndyma8" scorseGermens="dinicalEnvenom" goodyCubitiNak="bassieBowkerStay" mach="ramoseEponyms480">
        <martnetJustler>ducBaniladDrizzly</martnetJustler>
      </wychBahamChuncho>
    </tsadesPisa>
    <lustful>
      <daftest>lewd</daftest>
      <gruppoTidley bask="kapeika" chirk="aarghGrimy38" gemelHiemateUpgirds="cluckedJereeds" oxman="opianeMotacilAppear23">
        <scotomyWightsRusher>leapt366</scotomyWightsRusher>
      </gruppoTidley>
      <wort huckDinic="frowzeRefr" ifecksSaliteAcharya="larked">
        <demarkMarlpitSorbile>brutage</demarkMarlpitSorbile>
      </wort>
      <haikEparch enjoyedEpsilon="52" knarry="upcasts" jours="togatedWrawlInshoot">
        <slatyGlialMicra>3191229</slatyGlialMicra>
      </haikEparch>
      <reshaveSahh puerileFiendsUnflaky="wutherRavager5189" obeyeo="bonbonsFlowkPatee17" engleim="tarsiaCoached" saughtMadcapFesels="mammie">
        <celtuceMusties>verbCahot</celtuceMusties>
      </reshaveSahh>
      <simianSpirant>
        <empasmJajman>hexylFeuilleItself</empasmJajman>
      </simianSpirant>
      <windierJingletErns>
        <gapesUnmoistCancers>veniseDapicoGuild</gapesUnmoistCancers>
      </windierJingletErns>
      <sanga tiler="83279858" popping="conjeeFillingTsantsa84">
        <sphegidFatlikeCures>16889997</sphegidFatlikeCures>
      </sanga>
      <intail>
        <briefed>8961906</briefed>
      </intail>
      <papilioPansiedPyocyte bhagat="trompe526" haffle="oculistSvgs626">
        <cryInstopKylo>mantisGavial490</cryInstopKylo>
      </papilioPansiedPyocyte>
      <whilieMassulaMooktar syrian="barleyFalcons" sloughIncite="lienicUxorisDestin43">
        <pomakXylylsOsmoses>schloopPowanLatimer</pomakXylylsOsmoses>
      </whilieMassulaMooktar>
      <thratch>
        <sporeItemPlurel>essoignRefightRamose</sporeItemPlurel>
      </thratch>
      <bisson merelyMulierYashmak="pricedRegretUnco61" biliary="sppAoulTictocs" charnu="frawnZereba" roubDossesSouthed="turkismTexacoOutpoll">
        <foreran>774260</foreran>
      </bisson>
      <fowkWeenty musingsRoamStonied="sixtusNovene" jugglesLymphySpawl="tarriesTenore" armfulsSeedbed="81131150">
        <sistleWhited>uppushSemensFlacked1876</sistleWhited>
      </fowkWeenty>
      <inwards epihyalShamAplasia="droningCommers">
        <roxyBeaufet>bye</roxyBeaufet>
      </inwards>
    </lustful>
    <reivers>
      <complotDossmanBestuur>6</complotDossmanBestuur>
    </reivers>
    <imagingAmurruParkee loanersZaguanYeast="petaraNeritjc">
      <naut>eneugh</naut>
      <undrawsSoppy>
        <pottleGrandpa>frettyTirwitBarmaid</pottleGrandpa>
      </undrawsSoppy>
      <guilts>
        <tollSilkilyNeritic>gigaDongolaNudges</tollSilkilyNeritic>
      </guilts>
      <sdeathWhincowEaters ampalea="nature">
        <sienna>melange</sienna>
      </sdeathWhincowEaters>
      <impactsLiefest>
        <hutches>scant</hutches>
      </impactsLiefest>
      <taoists peckageQty="bruntsVersus8" sowfoot="mapper" conspueVenatorHeinz="sordine">
        <sunyata>regencyChasesKitling</sunyata>
      </taoists>
      <gorrelBewrays unflagPuteal="sulfuryGoiters" tommedBindi="ebrioseGreyerEon">
        <surged>huemulColorsAgazed84</surged>
      </gorrelBewrays>
      <balliesBalmierEvenest sweepsDangled="instrSandboxPokomam" tailage="atwain" tulaGilour="4776327">
        <ecoleOose>gallousChicks</ecoleOose>
      </balliesBalmierEvenest>
      <phytomaLaveroc mollugo="tenuityMastic">
        <avenged>ceroteLiven2945</avenged>
      </phytomaLaveroc>
      <challot axunge="varus">
        <dionaea>cistusNeven26</dionaea>
      </challot>
      <soueefWritterPoetise jarret="573822636" unlegalUsuals="iditolSmokily" dimatisTonkin="decorIbid">
        <pesa>lineaUkiyoeGujerat</pesa>
      </soueefWritterPoetise>
      <dreepTalakBookdom>
        <envigorPappus>oenolin98</envigorPappus>
      </dreepTalakBookdom>
    </imagingAmurruParkee>
    <edify>
      <wooferJulianHasting>shrewed</wooferJulianHasting>
      <whisperAdobes acrodusMimer="minyas" need="fudgeTae" baller="ellagicProrsa">
        <nipStye>ligulin5674</nipStye>
      </whisperAdobes>
    </edify>
    <cloacae>
      <lokmanCratedFlexors>beakUneasesRoe87</lokmanCratedFlexors>
      <abaue hurlpitNorth="coydogSkraigh" gloam="cydippeScutaBevels7612">
        <gushy>arenoidContemn</gushy>
      </abaue>
      <scops barfingSamghaSwot="914054749" leguanShadily="potboilMyxo">
        <armlock>curtalMilfoil</armlock>
      </scops>
      <vulvarGyreSpydom>
        <pinked>4</pinked>
      </vulvarGyreSpydom>
      <circum douane="74" larger="12">
        <vers>cesuralCivilly</vers>
      </circum>
      <anhele ensteep="schwasTowardSplunge" camionsPetrary="augend" alightsJigglyAnxiety="724927781">
        <chuanaProfitSterile>dalteenCacking</chuanaProfitSterile>
      </anhele>
      <momentoVoltes swishyExert="cacur" papa="thilly">
        <tortulaGestion>froshHeiiMollah</tortulaGestion>
      </momentoVoltes>
      <oldestDisable gutturAccoilCullied="trojanCubbishYgerne">
        <matsu>cabersTaishoEnorn</matsu>
      </oldestDisable>
      <dancerLamprey instal="scerne" flurryMapauCacoepy="5176">
        <fifteen>lessens</fifteen>
      </dancerLamprey>
      <roods>
        <volunty>6</volunty>
      </roods>
      <cupeledHoys dugal="chich4" horahRathiteSambouk="theelolSternna" maytheMammeyTarwood="16357250" sodEnlMoliere="subpoolNiagraPigeons">
        <duenas>semiapeTam</duenas>
      </cupeledHoys>
      <housing puses="reisnerAlmost" guffer="uptakes4885">
        <spatialOtotoi>sluffed6</spatialOtotoi>
      </housing>
    </cloacae>
    <fistLiquid decanalGraddan="34605585" reswill="mbeuer27" dismes="mulleinTusker" virallyFakirTackily="1" calquesBiophorYagger="misuraUprightAraucan" apian="unnailsPleaLathie">
      <gomeralSetboltBumbee>zaps</gomeralSetboltBumbee>
      <foraysTrigyn billies="prepsAided7" kunzite="emf" makars="vulnedJasonIthacan" bensilUnfoldsPisky="contoidProbal32">
        <scalageCokeneySkimps>jornadaImmuredPeba</scalageCokeneySkimps>
      </foraysTrigyn>
      <ninepinLituate>
        <poplinFrauSpuddy>irsTabour</poplinFrauSpuddy>
      </ninepinLituate>
      <uponRent camataKetuSnell="chiv" woolseyBrutism="drivers" riyals="31">
        <sourerWelfare>prongsEminentBoaters</sourerWelfare>
      </uponRent>
      <verrePugger sandraCheddarCaribi="nahoorBitmap" seiserAblest="thallinMottoBobac" hamatumHowdie="osarJerrie436" queetPignonSceptre="medishSophies">
        <eucosiaFldxtNamatio>ratals</eucosiaFldxtNamatio>
      </verrePugger>
      <electsRerobe>
        <baulkyUpdry>lancesGlike</baulkyUpdry>
      </electsRerobe>
      <shaltSegno>
        <cartop>amendsVileyns</cartop>
      </shaltSegno>
      <cleeky assortEdits="403667416" espadonPoachyNepal="forex" iveDurasSewar="39707">
        <finjanRigors>477650</finjanRigors>
      </cleeky>
    </fistLiquid>
    <slobHelenaJouks hazardDiurnal="stopesMontem" viverOughtnt="diamb" tourSpreedFaxing="haftsYelpersDucape" hemippeBonderTherm="mouthedKilosMrs1" torrefyLlautuChorda="fatbirdDemeter" fideismKerasinRookies="quinnetOziasCarling" koelliaHhdSaughen="togs">
      <cesses>vegetalErupts</cesses>
      <chendeScot mamboesFedarieCoft="92016896">
        <billowVomiter>toozooAmeba</billowVomiter>
      </chendeScot>
      <evenooCivy hapuBalaic="fidelis" acridly="mouseeWaywardVehicle">
        <wowwowsStoofDefiner>654258</wowwowsStoofDefiner>
      </evenooCivy>
      <mitty dryadesTrivialPepper="unlimpPasan" vibratoFdub="inheldeSlumber" desPetosPuisny="banner">
        <geggeryBandageCabbala>african</geggeryBandageCabbala>
      </mitty>
      <surfed rarish="naunt43">
        <oxaneTyphusFeil>youthesUliconSolido</oxaneTyphusFeil>
      </surfed>
      <talinum>
        <upflowMilseyAloins>pers</upflowMilseyAloins>
      </talinum>
      <yincePraterVincas pleaserPrunell="devowSionite" emeroid="bemusesAesHelicin">
        <heptads>brerdFlavicRatine</heptads>
      </yincePraterVincas>
      <enlute khalifAsidenLeporis="dropmanUaupe43" unthinkSpilly="birriTrianon" wuntee="padded">
        <skelpitGes>jumbly</skelpitGes>
      </enlute>
      <papioUnwarp anneals="speir">
        <kiter>upleapCandlerFerr</kiter>
      </papioUnwarp>
      <unlitSkellum milliteJujutsu="banya">
        <tappenHapteraMishmi>gammaWhutterAulete</tappenHapteraMishmi>
      </unlitSkellum>
      <lienic calpac="umbrage">
        <tubaeEspeire>clartAbune</tubaeEspeire>
      </lienic>
      <shawySortedKolhoz collect="rewedAntholSampi" doliMulk="71" reeving="phytoidLation">
        <poduraScotiasBrakier>rowanGiddifyTatler5095</poduraScotiasBrakier>
      </shawySortedKolhoz>
      <agenizePinnerRomeros arclikePreseeSayest="hamadanDainful">
        <tissuesRancorsTannery>606964</tissuesRancorsTannery>
      </agenizePinnerRomeros>
      <pristaw reworksPretorsBunn="quader" leamerTesselOppidan="40" kickedGnawn="striveHocks" trypanLucreHibbin="buzziesNisi">
        <poyouCruntOaritis>waggons4</poyouCruntOaritis>
      </pristaw>
      <cheken iatricIhlatCloison="ruining" harking="hetairyLehuas">
        <metonym>694000734</metonym>
      </cheken>
      <springeGnatho tuchun="2979155" podsols="talcous" rudityTylotus="ulmoBaleteFractus">
        <butylsHirselsDivans>2964766</butylsHirselsDivans>
      </springeGnatho>
    </slobHelenaJouks>
    <filerSquarerHydric>
      <dimberOuchesTabards>scopineFonds</dimberOuchesTabards>
      <khalatSilvae miaotse="unitiesSpeiseSinatra">
        <zygalApsidesEident>50370</zygalApsidesEident>
      </khalatSilvae>
      <gluts slipedBotchedRankine="coulureFictor">
        <phonghiSpeans>foshLummoxDoffer</phonghiSpeans>
      </gluts>
      <poreDontStarets pardahsFlops="sesquih" singpho="flares">
        <tinkled>likuta</tinkled>
      </poreDontStarets>
      <scruffySulcate>
        <tweestSericon>3583926</tweestSericon>
      </scruffySulcate>
      <burdsHaploidDolia utibleKnishesPagine="548" sclentTermsEardrum="ponesSlavistKhussak">
        <heuau>beadmen13</heuau>
      </burdsHaploidDolia>
      <racche yeelin="301577" bibbingBelick="coactBetta" cimnel="3">
        <clarty>wilburIrok3866</clarty>
      </racche>
      <artwork>
        <endwiseRecoalsElmwood>grapesVoice</endwiseRecoalsElmwood>
      </artwork>
      <sweltAlanylBlamed argotsUnbonnyCroton="dulcet" anfeeld="haftCaninesRonquil">
        <budPeladeAnthood>427815015</budPeladeAnthood>
      </sweltAlanylBlamed>
      <tholiUntaxed>
        <firmers>tinworkPlink</firmers>
      </tholiUntaxed>
      <world>
        <elude>nestyPunctumVerchok</elude>
      </world>
      <schul>
        <bhimaBurbs>preshipRetract</bhimaBurbs>
      </schul>
      <fiefsGriffs zel="gorsyFisheryUncrazy" myosoteTheir="452" rabiticFagotto="9927330" googAbsorpt="weekly">
        <yantras>probesMitier</yantras>
      </fiefsGriffs>
      <upbrayTalishiLupinin falsenLors="791">
        <boozify>lecticaVestals</boozify>
      </upbrayTalishiLupinin>
      <filmist gilgulAloeVas="31" annexOmneity="knotsIndnOstara">
        <proem>rarerRocking6954</proem>
      </filmist>
      <decayedReliers hussiteHasting="323" ioniseCleome="foalyKlavernAmucks2" cleanWader="filiateTeazledDaggers" allodiaComedos="omlahOcularsFelly76">
        <purfle>forhowDryops</purfle>
      </decayedReliers>
      <calamarDolliaCould ethynesRoofmen="refined" legitArusaRubian="laglastHustingSaracen">
        <axils>khajurUrceoleSorbing</axils>
      </calamarDolliaCould>
      <gwiniadKarela fatuismGilseGoddamn="espinosBebeast" yogiNectars="74" caribalMaloDisrest="2702081" owghtVss="panditsOmega">
        <tropein>poxyEstevin</tropein>
      </gwiniadKarela>
      <romalDickiesAorist wagwag="27207845" dobbieGibliNanosec="fiordedBowyersBefancy">
        <upstepsBryceAmandin>meleesRomulusAlgeria</upstepsBryceAmandin>
      </romalDickiesAorist>
      <hyraces>
        <yodler>128</yodler>
      </hyraces>
    </filerSquarerHydric>
    <highlowLax expRepliedStretch="wakenGladsSurds" amylaseAladdinSignee="feedlotPintail" wishes="albumFivers" platoonBegums="tingid15" elainsWashaki="farleuXimeniaAbacot" whigs="rutaTachist">
      <bungfuFoulageWeeping>91398613</bungfuFoulageWeeping>
    </highlowLax>
    <merchSerin>
      <djersaSamelyGargol>peneid</djersaSamelyGargol>
    </merchSerin>
    <opiningVentradBonxie>
      <beentoCuriosKalema>tmemaRatafia</beentoCuriosKalema>
      <greaterAteuchiAvile vinland="498" seemer="bilabeJitiRaglans909" shakenBusboy="agrees">
        <duckierDarioleVersed>gimelMyonemePullen6249</duckierDarioleVersed>
      </greaterAteuchiAvile>
      <culicesFagotyRomeite lunierOtherSinsiga="lucitePampero608">
        <unbaled>demidogBilleteDullify</unbaled>
      </culicesFagotyRomeite>
      <koko filmingGarrat="7423111">
        <imperiiUnroastReaped>ruddlesSilicasBegan2960</imperiiUnroastReaped>
      </koko>
      <paroled>
        <queachyEspecPlumous>312574</queachyEspecPlumous>
      </paroled>
      <angela sunfishGlew="bassaFulica" undeft="manhuntAfreet" lunyieSubtleShluh="oarlikeDamboseFixes">
        <slushy>501</slushy>
      </angela>
      <troaksBrava vowelNelsons="unfreePielessGoddess8" drovyEmbole="pawlMala" spathesHun="ondatraClaxons" appKharua="splodgyEnwallHuger">
        <uncleftKairine>emicVowerStaters</uncleftKairine>
      </troaksBrava>
      <luckilyPillule sirisOsar="chints" unbliss="godwin" dave="subzone4562" legers="sophiaExsurge">
        <mulcts>coupled</mulcts>
      </luckilyPillule>
      <thereinHyenoid faecalHumored="saluteRuskySwarve" clammer="affileTeameo" inworkBarra="knowns">
        <derbiesCrunch>bolty1937</derbiesCrunch>
      </thereinHyenoid>
      <helibusSemilogClapper kakatoeUiguricYorkist="agility865" peopledNapsZonule="galeSuffolkMashlin">
        <portyEmotiveSpared>angeloBulbed</portyEmotiveSpared>
      </helibusSemilogClapper>
      <lazaretSiren rewardsPaganicSetule="trapanBhajan427" sprew="555778752" abonneSprue="fundus">
        <shifted>2393</shifted>
      </lazaretSiren>
    </opiningVentradBonxie>
    <hards>
      <sadismsBurdsCoupage>montageUbique</sadismsBurdsCoupage>
    </hards>
    <umphFickleFrayn>
      <cozeysStiver>dnieper6</cozeysStiver>
    </umphFickleFrayn>
    <brainy>
      <monomyaCop>rimedApothgm</monomyaCop>
    </brainy>
    <butlesStalderAsideu prehaps="7013615" coexertNaegaitSpices="quintsEulima" celtismElaMoph="denay9209" inureDotage="tacklerInsane" mazumasTomtateTubules="78741">
      <ononisRubbled>stompsToyers</ononisRubbled>
      <kittlerPresiftKetol>
        <nebel>61</nebel>
      </kittlerPresiftKetol>
      <torteauSeelsLacteal outwashInstampAnnexed="5">
        <tactorAcarina>spencieGuyline</tactorAcarina>
      </torteauSeelsLacteal>
      <proverRoost arguer="didymusOpalizeCassius8">
        <marramLabor>kinkilyBoric</marramLabor>
      </proverRoost>
      <hydrideFimeticVelella patchBergama="88550610">
        <juza>dronaAngelo</juza>
      </hydrideFimeticVelella>
      <earnersSubhead gainsetSusanCenser="primarAriseLineage">
        <foggyLeafcupSpettle>pyelic3</foggyLeafcupSpettle>
      </earnersSubhead>
      <helasGoitreRonde fly="mispay" clonal="teensy" alf="embosk">
        <sethian>drimys</sethian>
      </helasGoitreRonde>
      <forwornScarcenTarzan linkupReposed="30293428">
        <rise>spaeing</rise>
      </forwornScarcenTarzan>
      <firingsLegge>
        <acapu>39082</acapu>
      </firingsLegge>
      <lingas dybbukCholam="42903" jollUnrigsImbue="coronetSabziOrmolus" hatpinsPinrailFrisk="noloSouushy629">
        <desoleCollarWrible>plumageGushes</desoleCollarWrible>
      </lingas>
      <twiggyRantock threadyGucked="796" outfort="flaxes">
        <spasms>jigsaws</spasms>
      </twiggyRantock>
      <folioWilliamSmyrna queeveSerinePunky="txtMalik" slewedCleekyDearies="tigrineRoomagePillar7702" dense="aguadorPocking">
        <fatbackImpackOfficio>bejesusAtociaAbdiel894</fatbackImpackOfficio>
      </folioWilliamSmyrna>
      <festy farted="sinful" concursHupSteroid="punctum9544" gobiesOrderly="251" yuanIndexedFerbam="overdue">
        <grabbyPunker>howes</grabbyPunker>
      </festy>
      <croakedTrousse savior="oxlipMillardServist6">
        <corsosReak>devoirPigsBolomen</corsosReak>
      </croakedTrousse>
      <sauquiPaleBludged repartCedronPallone="jourPeruked9625" atule="crotch">
        <sufeism>brackyWampishChimla</sufeism>
      </sauquiPaleBludged>
      <affreux slaky="arribaGarcon" pigrootNeum="wetAchatesTrady">
        <cacksCissusCompsoa>blurts</cacksCissusCompsoa>
      </affreux>
      <cushaws mambosUnthrid="armsizeCollum" ideallyEndopod="prehendPocketsSnelly12">
        <washout>daring</washout>
      </cushaws>
      <guamaPresetsChides oxyopiaInstateRooky="pithead" liflodTetract="68" fenite="bhootCutupsFavous">
        <stumour>adnexed</stumour>
      </guamaPresetsChides>
      <lattinsParamos readoutAfdBombing="46437027">
        <worble>9791</worble>
      </lattinsParamos>
      <moonman murgaviBishari="kegling" cellaRoving="chama" unaimedGalutOutrode="bambukPyla">
        <mingySureshKerfing>cladodeGlucate2</mingySureshKerfing>
      </moonman>
    </butlesStalderAsideu>
    <burredValidlyCopecks>
      <keros>sklentLivesToity</keros>
      <hauberk stumourBunty="hugelia2176" culletsMbdOlivia="wifingAdinole" trintle="noesisMarys">
        <unwarm>4665216</unwarm>
      </hauberk>
      <wambuba facetteSongy="sozine" soppy="whanBalaamGametes" azazel="accountMailmen">
        <suddsArawakXxiii>nuzzlesHissed6212</suddsArawakXxiii>
      </wambuba>
      <turp tailles="651" krona="upleapParetic">
        <miser>presideNoonAccel</miser>
      </turp>
      <sket>
        <juloidPlandok>359470603</juloidPlandok>
      </sket>
      <puebloStrepBogatyr reuseCosting="awrongUnison" elbuck="terminiInkweed">
        <reflew>langelTarteUnbless</reflew>
      </puebloStrepBogatyr>
      <seanceLithest soilsWaxiestClerics="shinyRawestForane5" galenicBrantle="ginsengLullyWheezle" caribes="tapettaDrifter">
        <kristenMusive>incoup1448</kristenMusive>
      </seanceLithest>
      <meeklyGimmor redoutsSkolGloved="mentorLoaning" gharry="thrimp">
        <lewniteSteptCopies>manboteKonakAfd</lewniteSteptCopies>
      </meeklyGimmor>
      <arangoAssam>
        <sacculiAhsMochudi>tangiDoddy</sacculiAhsMochudi>
      </arangoAssam>
      <scorpio inseam="4" infoldsCoscet="hasselRaptor" lungsShammasHalver="reapingEpidiaTippier538">
        <whorish>hissGreeveLunt</whorish>
      </scorpio>
    </burredValidlyCopecks>
  </mohursMyricylNovum>
  <subfusk usnicAlgist="453961151" planterSemangLasters="lutSinianDriers" unmoor="5854417" anglos="chuponNiueGuetre3977" />
</rasenDarksum>