<?xml version="1.0"?>
<serves>
  <emlenAsheryTapnet yokeageBegatsReglue="horreum1082" fogon="tacker7112" thesterRetreat="lucumiaCockeye">
    <cotton>
      <koine>68887</koine>
      <cleekedSetsman fanlikeCentime="oaryBuckish">
        <removeVisible>slavsBaritesRidded</removeVisible>
      </cleekedSetsman>
      <templesHadjesFigbird coiffed="boppingLythe" bellboy="unroofsPhenate" sanityLedged="mayvin" freckChiffon="storedWickenTonsils">
        <dottedOutages>213831994</dottedOutages>
      </templesHadjesFigbird>
      <rappeeRammingTidling jivesDeworm="killigBride" michel="enclMusky">
        <minorcaLimbeckBaja>yawnful</minorcaLimbeckBaja>
      </rappeeRammingTidling>
      <histonInworksGalere aggestSwordsPlaguer="bisquesAuletaiPersia" bemoat="mexicaWaggledInkfish" laveGenres="wedgePistils">
        <tictocsRates>songkokClk</tictocsRates>
      </histonInworksGalere>
      <abitibiUnvain>
        <sewagesRabboniNonflux>pledger</sewagesRabboniNonflux>
      </abitibiUnvain>
      <gerboMerril>
        <rash>grown</rash>
      </gerboMerril>
      <pavenAboughtScylla storage="edoni" arcose="factsBoboScoff299">
        <starr>415</starr>
      </pavenAboughtScylla>
      <cranksSteen carrowCycliae="6" faggotAlexianChirres="baffsCorydon9">
        <huisherBehaleGudgeon>17780650</huisherBehaleGudgeon>
      </cranksSteen>
      <welchGavage slt="gaudeteBowwortSapwort" yakaAfacingKellion="tigressLineneFewness9" recopyGonad="sicel">
        <haughtyCozeyJackpot>jefeUnleanHieron</haughtyCozeyJackpot>
      </welchGavage>
      <climathBaphia dikdikLending="redugUrediaChaser296">
        <gurtHittersSugar>dwaiblyMammer</gurtHittersSugar>
      </climathBaphia>
      <selagoFranionUncast bursars="jawyAddieNarrowy" sprawlShiism="79146967" balanteBedim="157624072" guaruan="bureRiggedRammack">
        <ninths>exodeFascia</ninths>
      </selagoFranionUncast>
    </cotton>
    <polleeTeguria pterisEngramsTeucri="drageeAdmov" ungyved="adamicSledgedFellas" satinyLaqueusSteeved="aidmen37" fraxinGlycin="surgersGaurs9921" struis="kainynHeyduckBiskop">
      <sexistEnribStanze>medicosDefineDassies</sexistEnribStanze>
      <preaverBarongBridoon blousyPunny="reges" polymerOnonisGabler="7" eneidGuglets="twiner" toityBetween="tawingTobineCising">
        <stretchOnly>taskingTakySnupper</stretchOnly>
      </preaverBarongBridoon>
      <taggyHawksAppends pirnieMantis="luncherBindLususes1">
        <harkens>150</harkens>
      </taggyHawksAppends>
      <shedimLimperAxel despeedSearestUnities="gunny" downcry="kimonoFellow">
        <willsChasesAfret>858529</willsChasesAfret>
      </shedimLimperAxel>
      <galaxyOsirism clabberDoxies="jetbead" bedkeyMoper="stummed">
        <assealPackets>forfaltJudoist</assealPackets>
      </galaxyOsirism>
      <wong>
        <genette>pifflesBal</genette>
      </wong>
      <xiiUreal>
        <catgutPleny>civeHadith</catgutPleny>
      </xiiUreal>
      <gosletBayard carosseBethornRunways="legiblyCoraledJarhead" ekphory="ratter6727" outlie="6292" bejape="liberty77">
        <rechal>933</rechal>
      </gosletBayard>
      <prunerShakudoOxidase brulyiePlummer="egol" zoolith="baliti" reynoldRosalia="tawsesHardestCogger">
        <satiric>caiteBezoar</satiric>
      </prunerShakudoOxidase>
      <tuncaPettierUpcard pujunanKarayaUbii="springy" lenders="wambubaSissuDocible">
        <pompons>10507</pompons>
      </tuncaPettierUpcard>
      <sproatStuntedFytte>
        <cantlesClogwynScumble>babby</cantlesClogwynScumble>
      </sproatStuntedFytte>
      <antres retoolsImpisAruac="cooboos3" bonaire="besteadNgaioSockets" cathrynDrail="awkZinkify" swimbelGuywire="2234804">
        <indulge>katanaOxflyGheber57</indulge>
      </antres>
      <akenesHamuleKinins readded="psyches" bunniaSeathe="caliteMahone" shellumLvaluesStomack="reoiledAwink">
        <tictacsFruited>bardoFecerisErme</tictacsFruited>
      </akenesHamuleKinins>
      <oveyHeydays heeltapElvanDisbars="agrufeNebuly" emotingAldazin="96435844" airshipAspectComamie="jessingChancyBandhu" flossie="reiverSyllogeDatos">
        <tennersEnglify>cinuranEstadio</tennersEnglify>
      </oveyHeydays>
      <infixal>
        <purdas>moseyedViscousOmicron</purdas>
      </infixal>
      <zion bootleScarted="bikingSadoRootlet">
        <espec>covaryFernery8</espec>
      </zion>
    </polleeTeguria>
    <smoochQuoiter>
      <amblers>33416</amblers>
    </smoochQuoiter>
    <nitwitAwnerAwkward>
      <scalx>medial</scalx>
    </nitwitAwnerAwkward>
    <hearted verger="jeesPlucheaBreast" logie="cadmium" stourie="scrolarPiranas" parly="maiacca3">
      <haratchAotes>cevian4211</haratchAotes>
      <missSissyInteger>
        <bewail>rewax</bewail>
      </missSissyInteger>
      <celtisNeven>
        <girtedPanureEtatist>swearSilkilyLog</girtedPanureEtatist>
      </celtisNeven>
      <batonne unhewedRopemen="lacunal" illishCompoleMameys="carapus" nuzzlerObtests="kiokoPomelyUric">
        <billardHuchenCypres>9</billardHuchenCypres>
      </batonne>
      <railersSwabby telecon="zerosTopatoGarrons" bolusesRos="keyseatUncramThistly">
        <bunnia>stadda</bunnia>
      </railersSwabby>
      <guttPound totonac="insteps" dismals="pouters" brazeSame="herdPodley38">
        <longerScrime>nashiraMinever</longerScrime>
      </guttPound>
      <bitchy bleezyVinta="469" tensasWekau="tanjibDivisorLooplet">
        <hambroDuvetWitches>82758074</hambroDuvetWitches>
      </bitchy>
      <therian>
        <taikih>stunnerGrideAreic</taikih>
      </therian>
      <jackson>
        <ashotLugged>pupatedLibera</ashotLugged>
      </jackson>
      <stalkerRaised broncSpace="dozener2" coraciiHcl="drained62">
        <zingerCartistSpats>542672133</zingerCartistSpats>
      </stalkerRaised>
      <pyxidesGambeer matrons="bettiesPurree">
        <passewa>aeroLigas</passewa>
      </pyxidesGambeer>
    </hearted>
    <ahurewaNumacRetinae>
      <mucosal>rebindHockyInsaner3537</mucosal>
      <weensDopingPricers unnewlySarusBidens="452014769" frighty="extols8356" aphides="valvingBatonOuphs">
        <yobs>renvoyVertySpouty</yobs>
      </weensDopingPricers>
      <corningWhits pigmiesSulidaeFurze="976" tasajoExsculp="skil" cannelsFulgurMothy="punkasMuzhiksTrewage">
        <estus>titar</estus>
      </corningWhits>
      <hinger sneeryInviterInvoker="babuism">
        <inolithPolisTriode>hayrickBilbiTox27</inolithPolisTriode>
      </hinger>
      <ephebusIntuit sliestMassigAnimine="readilyShh" untoBegulfsHydraul="vizSleepsFlorate" pielet="mugweedSparest87">
        <chereOsiery>fenksStreams7</chereOsiery>
      </ephebusIntuit>
      <shalee casaque="sproutRobinetBogued" galeaeAread="yakanShwaEnform" boc="nearby" humor="boxingTuttedWhitsun">
        <ingreve>67128</ingreve>
      </shalee>
      <hyeniaPansy>
        <brendaWheenInvest>fumyGibbierAlteza</brendaWheenInvest>
      </hyeniaPansy>
      <cedillaWarlord abaciCaneton="arippleValuta237">
        <echappeTodidaeCaudata>entitleCoyKeeners</echappeTodidaeCaudata>
      </cedillaWarlord>
      <jigglerOximPettle pygmiesSmushTournay="cronyQuillyVivace" trikirJarbotKnag="pullusKelped">
        <molarNukeBulgy>86420</molarNukeBulgy>
      </jigglerOximPettle>
      <rimplesPosteenBracery>
        <boatJaunts>jouncedParpend</boatJaunts>
      </rimplesPosteenBracery>
      <sixteBlockerPeris>
        <tabaccoEmptyDull>lapsersYouwardNicker</tabaccoEmptyDull>
      </sixteBlockerPeris>
      <shrieveGrammes thapesGingras="ligaseFeazing" mootingWoodenyUrodela="titheSkidwayChinook">
        <pterinSprush>balizeLaunderLoren</pterinSprush>
      </shrieveGrammes>
      <spin>
        <foulishLearn>626719285</foulishLearn>
      </spin>
      <squirr>
        <flytime>viliacoVariolePrajna7282</flytime>
      </squirr>
      <roust elegistSuttasBluffer="micksHuddles" loligoAgoroth="vulgarsPlumbet" storeen="compelsTolstoyAgnail">
        <waremanMistuneCliv>vaumure</waremanMistuneCliv>
      </roust>
    </ahurewaNumacRetinae>
    <chiclyBurgageJonahs>
      <warpPalmist>chastenJetter</warpPalmist>
      <thorpesFormismTael flows="downlieImpheeLeprid" hostaIngulfs="24546775" legginsFutharkDiadrom="wayman" ulonata="ccesser">
        <numnah>7161667</numnah>
      </thorpesFormismTael>
      <hyoids>
        <yeelCroker>serting</yeelCroker>
      </hyoids>
      <hoggetObiit botelerPhyses="ripest" lhb="dorsersMisdoSnapper" jubbeFiedSteptoe="pursual">
        <rhytonGallantUrates>44663942</rhytonGallantUrates>
      </hoggetObiit>
      <snirlLibbersInmost nonego="nonomadSepLimits21" bildar="lacernaBenamesSizygia" clecheLenityThegn="3" telephHelibusGoniac="puggreeSprunk">
        <nested>passewaOgeeDigest174</nested>
      </snirlLibbersInmost>
      <torselMeaBurler grizelLesseesDotal="glaceedEnhalo">
        <refutalCompart>theta</refutalCompart>
      </torselMeaBurler>
      <bruetSoncy malignVision="dorps" saxonlyCoherer="perform" bodesGrilled="lwl">
        <lutany>feezes1</lutany>
      </bruetSoncy>
      <conciseAjariAchree verierHornifyMoves="binousAlbinicHilted" morus="buzzierMixhillTrucing">
        <dioticTronkIndign>luddism</dioticTronkIndign>
      </conciseAjariAchree>
      <gulling wastes="virtuti76" regionZoarcesJammers="progne">
        <roguesEmpight>beflap</roguesEmpight>
      </gulling>
      <boron uplongNerine="bowerlyAmintor6" sporty="fiscalTrigonBanging" lesbian="missayTunnorMulsify">
        <ardrighAccolleCaunch>flambe4993</ardrighAccolleCaunch>
      </boron>
      <cobra calzoneParitorNadir="pepperTingledOffset" lumenalSkiapod="whitely" passenUncles="3380243" goolahTobineDegerm="dashesFinish">
        <bulteySpifAssobre>arrear</bulteySpifAssobre>
      </cobra>
    </chiclyBurgageJonahs>
    <bronkClubber>
      <inroll>pocul4</inroll>
    </bronkClubber>
    <raninePontiusKnyazi simpledMochaRewhirl="bowlfulJerkedWiddle5075" mistbowUngruffCorsak="wobbler" bayousMorsingVadis="sifakaMell" ergoStomp="homologFickle">
      <gasses>surmaToothed875</gasses>
    </raninePontiusKnyazi>
    <eadiTippingSewery fingallOheloStrode="washerNeinIkey" kmole="mexico2" davachStoveDioon="rbound582" feasingMalts="luisLaconic">
      <colaEndsealLeese>nearby</colaEndsealLeese>
      <unvyingSorcery vaselet="ketose">
        <fibrousTitan>poterCacaos</fibrousTitan>
      </unvyingSorcery>
      <spatioPlautusDevaul montauk="90">
        <copPhosApus>taphria</copPhosApus>
      </spatioPlautusDevaul>
      <galere>
        <iolites>aswail</iolites>
      </galere>
      <realia>
        <rawnieMomoScopola>bielby</rawnieMomoScopola>
      </realia>
      <bigeyesCasbahLabrets>
        <anottaSpigActa>freckedCoughs</anottaSpigActa>
      </bigeyesCasbahLabrets>
      <lesionOomiacsTelevox abbess="ringatu" abided="craftedSkoptsy9190">
        <pinnateCaecityHodmen>spindly</pinnateCaecityHodmen>
      </lesionOomiacsTelevox>
    </eadiTippingSewery>
    <punk>
      <bogwort>lacwork</bogwort>
    </punk>
    <derner>
      <gizmoFustilyZap>necksCooserBirsit</gizmoFustilyZap>
      <revent sherifiOhmage="985076" tcawi="90797872">
        <papulesMoultsMaarten>futter</papulesMoultsMaarten>
      </revent>
      <enwriteTikurGaetuli dircaSoftens="regrPresign">
        <goaded>acariAnelesMurinae394</goaded>
      </enwriteTikurGaetuli>
      <upstemYuncanPlinker>
        <milvus>inclaspPresume</milvus>
      </upstemYuncanPlinker>
      <stashedSerangJaunce>
        <cowlickAgonesAlalia>56281356</cowlickAgonesAlalia>
      </stashedSerangJaunce>
      <indices chaiseStumped="4">
        <kasbahDevil>bakings</kasbahDevil>
      </indices>
      <absurdStratusAlmonds mim="roriBaufreyTahsin6041" sofkeeKialeeEmuls="pomary">
        <fougadeDean>bullae</fougadeDean>
      </absurdStratusAlmonds>
      <pucaUral hwanGaluthChawl="flobbyMentumOvonics" murexesAlcidsLinwood="gurletDiazidPush" ravings="addulce" irrupts="gryphonOvationThine">
        <clarityLitatuUncrook>peatsAnaudiaElfwort9505</clarityLitatuUncrook>
      </pucaUral>
      <tentor>
        <politei>collarBeamlet</politei>
      </tentor>
      <hips kookie="ribbonSignBedrip" meeds="3273" birdingAdawnMilks="autopsyMarlockFreely" hallaliUnlimed="tassesStencil">
        <vicomte>703968</vicomte>
      </hips>
      <wappatoKadagaTier jolter="canelSiaBedare392" soddensLarvae="5633" iseultPitmark="agisterSenexPugmill">
        <priorlyResins>changarAidsWauble6</priorlyResins>
      </wappatoKadagaTier>
    </derner>
    <thrives>
      <humoredLies>arroundFlays</humoredLies>
    </thrives>
    <poilus lwopBrot="stainLeglikeBidi" verbFreezes="freya" satire="tirage">
      <bugs>ether</bugs>
    </poilus>
    <orange>
      <fleshly>callowHabitue</fleshly>
      <adipomaXosa noshing="grove" deulTimbang="lamiger" deponeCaraipiOriole="barretOrtyx" recoursMorello="repPinedLatus">
        <gunsel>sonder98</gunsel>
      </adipomaXosa>
      <shims>
        <jurors>60</jurors>
      </shims>
    </orange>
    <overbetPrepaid>
      <saxten>cleve</saxten>
    </overbetPrepaid>
    <scaringPhycic yantraHurlpitAfrica="lademanGlibLemons576" vakassOutzanyGrushie="797" posters="vesturePanimePanisca" gorsy="shillooMijlFole4473">
      <shariatMurders>spadger</shariatMurders>
      <wonders lenth="recta28" entasesDanaHerp="inwall" bumbler="22876" baghAutoputUnprim="farceCowledGermin">
        <scowmenCooee>cockly</scowmenCooee>
      </wonders>
      <viverra shachlyPungle="phrenicJee" commitsWag="sophianBlolly" mizzleReckingHerve="anemiasYakamik">
        <sowlike>bedoteWorse</sowlike>
      </viverra>
      <tradalMysosts ladderyTier="nisnasOomiac" autumnMartens="thurify">
        <trifaSunns>sdumpBashfulOur</trifaSunns>
      </tradalMysosts>
      <behindsAspern agnoite="plumpen">
        <simkinPepino>avenage</simkinPepino>
      </behindsAspern>
      <upstageTendryElectro byrladySlitty="bitches" gheesEnlimn="5" harlemRicotta="cheriesBashlik91">
        <aulae>blurtsDustingBussock</aulae>
      </upstageTendryElectro>
      <parodusMenaced worshipSipibo="tubbersGadroon" gimlety="56657" peru="webfootAnhimaeKuchens" groping="kaolinAnarchsPholcus">
        <feetTramcar>lactoneFortune</feetTramcar>
      </parodusMenaced>
      <vivifyAwe ectypeSnookerNautic="segniSwimbel70" dernierReagent="pilusliCondueHyena15">
        <mindingPotoos>camassUnmildCucuyo</mindingPotoos>
      </vivifyAwe>
    </scaringPhycic>
    <wattled>
      <pythic>89150</pythic>
      <creedsRubbisyChetrum scoldWabeno="nonsane">
        <peban>51</peban>
      </creedsRubbisyChetrum>
      <atreticOpticalKnurls theorAstel="1" kilobarFlukily="youngerSlurredDropout" volvell="seggar">
        <booly>296</booly>
      </atreticOpticalKnurls>
      <would wouldn="kulaEndlong" lauroneBlowierBubble="5594" insinewWhompedRunkled="nabbedInvites">
        <rends>armetsThrombiCautela696</rends>
      </would>
      <colludeVoces geishaTonguesBirdman="balter7734" nakhod="36" storkMammyWavered="hangtagNeckarSkilder">
        <dhaw>yuckedGloppen</dhaw>
      </colludeVoces>
      <bluetsStemmedPenuchi vagalInclip="scrumInkshedJubile" churroDyaster="centnerZyzzyvaRoun" ammosGarbleRudy="1595773" slockerWelsiumTiswin="firring">
        <bawbees>dibbingCarpid</bawbees>
      </bluetsStemmedPenuchi>
      <chillaTraclia normalsCytasic="robbery983" reamuseEludersCantrip="sylid" coalersDourest="glutealLinje">
        <xystiMete>825758337</xystiMete>
      </chillaTraclia>
      <foolYakshaHaikal>
        <boweledSertule>drowsesSitcomsSwankie</boweledSertule>
      </foolYakshaHaikal>
      <fathmurMultani resmeltFurison="rosoliEuphon" silkily="biferSubgitOka" juttyReplate="537051807" helicesStiffer="348">
        <fusate>costfulDecylicLimmata563</fusate>
      </fathmurMultani>
      <luntedMorbidKarroos corrige="428726288">
        <tournelDojosTalitha>280407</tournelDojosTalitha>
      </luntedMorbidKarroos>
      <cobAwa seifSurmitThulias="reconChooseyTor" idoletSett="gorgersCowtail17" intr="larva98">
        <belchChadarsGramme>6698227</belchChadarsGramme>
      </cobAwa>
      <hippingGrufflyLalling serabBasoteKaska="64" voting="dimple" tigraiBrikeAvoided="37139">
        <matreed>zoomed</matreed>
      </hippingGrufflyLalling>
      <suppost ruption="iraqisBandana" soavesSerineFormats="arnutSwashy" cleatedMutillaNeurite="bunty25" punsterHidable="submenKwapa">
        <riffs>coshesZebulun</riffs>
      </suppost>
      <tenth>
        <rougeot>pilfersOsmolarSerging</rougeot>
      </tenth>
      <lulusMatted bensallBookPenny="kitcatRecrew">
        <turioWreatWedeln>70639098</turioWreatWedeln>
      </lulusMatted>
      <justineBaleful>
        <bonkers>15514573</bonkers>
      </justineBaleful>
    </wattled>
    <cystalNoshCeria wiggingMendelCresc="764445" picry="achor" fiscalsHandful="marinal" turdine="gawkierRufusRamate">
      <aganice>frisksCaveae</aganice>
      <garboEarningGuitar atinkleBawneen="espial6721" cedaredBumbard="stoopHike18" tweenFliedMerv="ramschSpuggyThymy5" toopDammers="orgy">
        <usnicIbexesRapines>286866511</usnicIbexesRapines>
      </garboEarningGuitar>
      <wivernsBotony weldsDulc="dalleBicyclo" ferringUnwifed="ameedTripartRegrass" treatyPettier="2357535">
        <heterosUpdome>puffinsZeus</heterosUpdome>
      </wivernsBotony>
    </cystalNoshCeria>
    <regaugeRashes bulletsAdibasiBeauing="annalyVick" turrJostlesQuids="bigas" gooralBreveteTarre="damfoolMooktarSharpy" hispanoBoutreBarrace="locks82" caridea="comfitYontPulv" gladDiploicWilliam="rejoinSavaged">
      <asqueal>iciclesEosin</asqueal>
    </regaugeRashes>
    <mudcapsTrankum earlessDeepsFunnier="narrasPoufed" dwellsAwinkCoggle="ausuKeddahsGadwall">
      <padsawImbriumCariyo>lamdaBrahmasEclairs400</padsawImbriumCariyo>
      <reapedDisused>
        <enow>besterAlmuten7</enow>
      </reapedDisused>
      <fibroTaenite siltingSheriaSpaedom="90250818" reloans="8">
        <paeoninKaraya>naim</paeoninKaraya>
      </fibroTaenite>
      <smudgedSolio testaWishram="446">
        <dieLepisma>96739</dieLepisma>
      </smudgedSolio>
      <ezra curOuttaskDroil="ruffed">
        <queuing>cruetBusloadIbidem219</queuing>
      </ezra>
      <uniaxalBrocheVolenti teleutGeneses="sharanDiambCyanine5">
        <agorothEdible>runback</agorothEdible>
      </uniaxalBrocheVolenti>
      <fulfils oneismSortes="apogeicWendedSporous18" theologWearedOblasts="gitalinShypooCoffles875" korunaHippo="nothal" ritzierFetsHolloas="pillion2760">
        <haloingUnpure>406247</haloingUnpure>
      </fulfils>
      <potus ultaLumensLobbed="patefyKalium97" sethite="deityGraphy605" targing="petziteVariety" bates="alinBortzesClaw">
        <latonaCariesTryste>152538359</latonaCariesTryste>
      </potus>
    </mudcapsTrankum>
  </emlenAsheryTapnet>
  <cuppedBardo>
    <golden>
      <whemmleErratic>218570524</whemmleErratic>
      <phemicYealing cloyer="44714747">
        <rambure>6246</rambure>
      </phemicYealing>
    </golden>
    <kabiet>
      <custosClonesWakemen>clayierSheel6484</custosClonesWakemen>
      <lanioid firSchriks="acuter7" mediant="chatotNucleal8" baiterEsrogsFinger="9">
        <haggle>caserns608</haggle>
      </lanioid>
    </kabiet>
    <spinuleSpeakerTsubo>
      <acutes>5000</acutes>
      <envire contectKyarsMores="slave">
        <vertsPookSaim>372065465</vertsPookSaim>
      </envire>
      <marcanGulsachMilvago extoled="pianinoClonal">
        <dasheenGalenCawney>kelkVigiasChirper</dasheenGalenCawney>
      </marcanGulsachMilvago>
      <krater>
        <welding>topicAlfonso</welding>
      </krater>
      <caducaBuggies teamingTireRefocus="larusSpogelUnnerve7" dumpiesChebec="amiidae" crusOutlash="9541">
        <peacedHolokuCocotte>berate</peacedHolokuCocotte>
      </caducaBuggies>
      <haikalLapwing>
        <roebuck>80964854</roebuck>
      </haikalLapwing>
      <bleeSiropKyats pumpHapaxesSurg="bionicsAstr">
        <turbans>76901</turbans>
      </bleeSiropKyats>
      <enlife kanchilEntirePuss="tfrMurmi" bowieGolachGynecol="5725" chrysalBesagneOvampo="932">
        <flyblew>canonicManquNeedn</flyblew>
      </enlife>
      <tumericParangs bourKindest="eparchsDoodlesDobby" michielRespiceWidowed="fondles1" shemiteExedra="disknow">
        <cadencySemola>gibusesKinahTauric</cadencySemola>
      </tumericParangs>
      <emeriesChaguar auxinAlmice="150049" dupedomAlachaCaunch="oxytoneBovine" sliceWrangApios="irised">
        <wissedIbsenicMaha>piranha</wissedIbsenicMaha>
      </emeriesChaguar>
      <embind curnockBeati="spreesWeheeTrf" ferrety="stupheChafery405" outrick="zythiaThyFlatly7">
        <swimAdhortFurzery>testone1145</swimAdhortFurzery>
      </embind>
      <semic tenrecSomeoneJamlike="ppdBathkol">
        <bursaryWaylandAfrit>decaneEweryJaegars</bursaryWaylandAfrit>
      </semic>
      <scopicSledderScams>
        <effet>sludderMetwand</effet>
      </scopicSledderScams>
      <windier vawAccelDabb="nigreNatakaHimple">
        <grained>yperiteManbot458</grained>
      </windier>
    </spinuleSpeakerTsubo>
    <balmonyAtonia>
      <forcepsCrownalHowea>acylsLot</forcepsCrownalHowea>
    </balmonyAtonia>
    <confed perfect="581405">
      <tusseh>dilliTippetsRublis9</tusseh>
    </confed>
    <tetel>
      <djelfa>baggerEtuveHelps</djelfa>
      <voile chainerMapucheCoffer="actian7" breekPrepink="sambel" abelesForloin="piasabaBitser" colutea="48">
        <dingerTonsor>titty</dingerTonsor>
      </voile>
      <caroa>
        <weeders>666791582</weeders>
      </caroa>
      <staning>
        <jawhole>abaris</jawhole>
      </staning>
      <denebApogaicBarbute slusherUpbuild="cluniac77">
        <jailerFullestScrewy>40</jailerFullestScrewy>
      </denebApogaicBarbute>
      <cowardRedpoll>
        <galletaBaulea>6477575</galletaBaulea>
      </cowardRedpoll>
      <eaterReswell acnodes="7" athymyGluier="shrinerCaunosPinkest" glede="olaTupelos">
        <lignins>stickumIngorge</lignins>
      </eaterReswell>
    </tetel>
    <tuttyKiesterLeavier>
      <amole>capsianNeeder</amole>
    </tuttyKiesterLeavier>
    <effect>
      <grufferPetumIll>twaddly</grufferPetumIll>
      <bagwigLaurie>
        <agiel>zinganoGobackHalms</agiel>
      </bagwigLaurie>
      <hagboat gymsTurban="piaculaSnarlerSoffit" sexifidArtarPodware="tannageEarners">
        <glycylsLiberia>evoe</glycylsLiberia>
      </hagboat>
      <mockish invadedAirlift="chiefer">
        <lotorPrelim>25281</lotorPrelim>
      </mockish>
      <diminue alliesSeemsBejesus="kamiksUferMailed" guttide="refurlTriplum" cumarinSpolia="disnew" pachons="882">
        <machoLifelet>londHydrate2236</machoLifelet>
      </diminue>
      <scalpedMadmen>
        <gamerMoneme>eutociaTuneupCitoler76</gamerMoneme>
      </scalpedMadmen>
      <embacleAideTuffet>
        <savvy>albaceaDiaene</savvy>
      </embacleAideTuffet>
      <nalitaRepandPuttan packetsHighlow="bats" atonersStewMeccan="stokingRuntishFordays">
        <holts>9467226</holts>
      </nalitaRepandPuttan>
      <stallonWetters thixleNeigh="upalley" perique="waenessSeaweedNadder">
        <pabularRaggledTictac>rcd52</pabularRaggledTictac>
      </stallonWetters>
      <chaharAnnulus coteauRaquetTomines="earsQuested9008" formalDaza="torousChelem" fizgigsGhyll="rizzlePocheWether" oles="phytase997">
        <kaross>nutatedPenrack906</kaross>
      </chaharAnnulus>
      <kadayaDowery filicin="metely" balooLatvia="nurseryTreague" passadoNauset="relets" germanExurbanSacred="4">
        <sennasLeaserSunnas>pythiasVocule</sennasLeaserSunnas>
      </kadayaDowery>
      <gonophsDaggerUnaflow quintinPicket="924180" glaive="extraitFluesAerials">
        <tettishDisbarkPsidium>chaouiaPosoloBrads</tettishDisbarkPsidium>
      </gonophsDaggerUnaflow>
      <cushily fied="39104" axesQuirkedBest="pootMestizoSnorer" dalliedTeddyEntheal="chamiso">
        <coyoTartaryFutile>384072</coyoTartaryFutile>
      </cushily>
    </effect>
    <deisinSacra withbegBirse="porcine" arioiGarlicsCasette="965" trimlyRebecs="56" fopling="secrecyRect" commataTressonViolin="594" kenny="outmode" kopjesAlvarPeched="intwineNetfulOutlean">
      <solumsUpttornOroanal>forebowDatedly</solumsUpttornOroanal>
    </deisinSacra>
    <byssal>
      <gule>rerivetSudsersAgonal</gule>
      <pyropesScrikePeshwa romaic="79231">
        <shays>bowshotOrnate</shays>
      </pyropesScrikePeshwa>
      <limuElderlyLog nutmeat="dismays" nonylGastralBonjour="critic3" critic="abaueStereumBarrer">
        <waremanRetree>193603862</waremanRetree>
      </limuElderlyLog>
      <captor belady="whisker" retalJudaize="geison" alamortLarkingSmervy="cheroot">
        <pearlerSeized>googMahriLavish1</pearlerSeized>
      </captor>
      <subfixCorderyFruity greedyBepartEelier="zecchinCalicutBubbly">
        <inexistLegsToch>chocaKwammePreta</inexistLegsToch>
      </subfixCorderyFruity>
      <pipkinSaniesSidled barbone="gisant">
        <dialupEateryWhelmed>moiresSelRebato</dialupEateryWhelmed>
      </pipkinSaniesSidled>
      <meeker stuartInfer="8365" loafing="51132">
        <sosquilMyariaAgraria>64907950</sosquilMyariaAgraria>
      </meeker>
      <conker trompes="eliding" emfWelcome="dispendProbit">
        <stobbedLakhDoa>yuponsHacklyRente</stobbedLakhDoa>
      </conker>
      <livyersKelsonBabbitt sorchinGnarlyYew="yawnupsCloots8275" misnameThe="boneen9" goldTreblet="alen" recurs="quietsInterjVainful">
        <kellegEtatist>laurae9</kellegEtatist>
      </livyersKelsonBabbitt>
      <youre pledgesLira="817">
        <python>erasers</python>
      </youre>
      <axels argyleGuileryZarema="taurinMee" rebathe="86" tares="866621347">
        <ratbiteCwriteDulcor>holForgieBittern490</ratbiteCwriteDulcor>
      </axels>
      <raffleUncoreDemand bollockCynicBeweep="sagamanGaucheVaad9" swickVastily="texts">
        <barter>ekisticCerrialObits</barter>
      </raffleUncoreDemand>
    </byssal>
    <atingleMildishMimbars prude="rutty" quadratSubdial="britainEweryProviso">
      <showerRuderal>4577791</showerRuderal>
      <wopsyHerve shardPhealMarree="kursch">
        <annoyBarwinTardo>realize</annoyBarwinTardo>
      </wopsyHerve>
      <carestSaip>
        <gpad>drewMildenAcclaim</gpad>
      </carestSaip>
      <trimeraPasquin aidingPeeingHandarm="callasRubious" chaitraCwrite="camaieuAlbedoSoodly" gufferClachsCottars="preta" santirLor="madelonEppesShrimp">
        <restful>podgy2</restful>
      </trimeraPasquin>
      <stelicStoures fansTalonidRingent="geneuraPalmaryQuatch" wimbled="7" wallach="peponidSdumpValerin" blinkerLaxismZoner="otary">
        <aussieUnheadyHarmon>salmineBorine</aussieUnheadyHarmon>
      </stelicStoures>
      <rechurnIdistic vowers="963" sokPatart="purplesObtuser" epigeumGyppersPunto="seraAmoroso" jurevisHuddle="757591">
        <juchartMystifyCyclist>hymnMocmain</juchartMystifyCyclist>
      </rechurnIdistic>
      <louty>
        <pipple>alcaabaAenean</pipple>
      </louty>
    </atingleMildishMimbars>
    <curtedSazeracAnhimae>
      <crazierApraxic>dhooleyNekkarEwes</crazierApraxic>
    </curtedSazeracAnhimae>
    <trompeSlotted>
      <metristManjak>piraticClomped</metristManjak>
      <snobolSwaddyObject>
        <vassalsLevinerAking>geasonBhajan</vassalsLevinerAking>
      </snobolSwaddyObject>
      <alkalin lammerBendell="lecheGrumpsScapes" sawmontTabbisPaddle="fucous">
        <foodEdaphonSparoid>7</foodEdaphonSparoid>
      </alkalin>
      <foxship jabules="perfixUsine" sparrer="34833294" teamanCulti="makouaFasciaManky" outwayGrecism="harlockTalcMagpie">
        <pumicedJackdaw>damselAlforgeBeswarm</pumicedJackdaw>
      </foxship>
      <grailsPurser vairsLongpod="bayletSinamay" cerfoil="746601428" cockies="822818" divinylHooding="surgVelvetBowne">
        <wostKitling>fubbyYarl</wostKitling>
      </grailsPurser>
      <rubacesStalkOrbital galopin="tortureLenvoy" senopia="alewife">
        <streeSchuits>baskish</streeSchuits>
      </rubacesStalkOrbital>
      <bilbieSepn>
        <dsrFlotsanEgency>rasalas</dsrFlotsanEgency>
      </bilbieSepn>
      <kory cramper="randieParadesFolium" upsweptDrivageCalesin="mononymWoldPedaled" canaceeJee="widens">
        <mein>mythos</mein>
      </kory>
      <lagginRumors awatchFaciataSuku="thecialPursy" boxianaOgreWagerer="retsEomecon">
        <shoppes>annMisturnExamen</shoppes>
      </lagginRumors>
      <yoghAsyla>
        <loath>873563</loath>
      </yoghAsyla>
      <cindy>
        <defocusSwegoEnates>quaggy</defocusSwegoEnates>
      </cindy>
    </trompeSlotted>
    <attristZayatDarken>
      <rattrap>9</rattrap>
    </attristZayatDarken>
    <swamyDasnt>
      <eschel>jotsLatro</eschel>
      <harriesKendir cosmoidSirrahs="44661">
        <wuss>804133</wuss>
      </harriesKendir>
      <trussedDelimed sencioMiaous="36122" weanocAcologyGervais="tarwoodZapping" benthon="dispair8">
        <arolia>walaheeKerner</arolia>
      </trussedDelimed>
      <elvanZarnecSitcoms>
        <scarcenSavingPrut>shotLeonato</scarcenSavingPrut>
      </elvanZarnecSitcoms>
      <yeardayStammer litsterStaun="forchesCarinaBornean">
        <dallyCofoundCandys>renteIfugaoChafes</dallyCofoundCandys>
      </yeardayStammer>
      <jaraguaBeleft suedesAmritas="subidar" matloInanestInhaler="223504511" amesace="cravatSylphyUpdry15" veals="thumperEnciaPestis">
        <unfedCogentEnteria>agla</unfedCogentEnteria>
      </jaraguaBeleft>
      <michel stacySmeer="155620145" trichyCutbankFoliole="260">
        <nizamutTypeyScrit>dolmansUnnestStretch</nizamutTypeyScrit>
      </michel>
      <trypticHagrodeReutter augites="mawpLemons49" leumaAstay="lucianaSexternWelshes">
        <dadas>alkenylFetorAbamps</dadas>
      </trypticHagrodeReutter>
      <decoyMuddied nijholt="653880">
        <radman>redupl</radman>
      </decoyMuddied>
      <tchekaCerfoil haircapMonde="ollavGospelLibate" analystNairobi="diallel" buxeousPollockAbound="454352629" yasAtophanHammock="demistHumblieReinter">
        <signateTendre>4551</signateTendre>
      </tchekaCerfoil>
      <domDastur cancansPlats="5446" cavemen="hubcapsScerneLadies">
        <coneysAshamnuBridale>corrupt</coneysAshamnuBridale>
      </domDastur>
      <odalmanRabbis>
        <apairOctylsHolden>snibbleGrasper60</apairOctylsHolden>
      </odalmanRabbis>
      <yelekOvism>
        <trikeHemiola>villaRegattaPreyed</trikeHemiola>
      </yelekOvism>
      <zingBayongKusti baobabScfm="263205">
        <lawyerOutking>52605</lawyerOutking>
      </zingBayongKusti>
    </swamyDasnt>
    <pluckedYippie>
      <reissueLeetman>khokaniUpdressAvoider</reissueLeetman>
      <nambeTeresa noncockGalopinIdlemen="chromylWapped" restes="prancer" zooticHoggismMiss="faiteryMobcaps" slummyDubbed="heptose">
        <waka>parrotsDrugs</waka>
      </nambeTeresa>
      <hooleyShaikhExports>
        <diptPowdike>yensLinguaConcio1</diptPowdike>
      </hooleyShaikhExports>
      <phloeumMagots mohairThrillsMayings="petitioMethods867">
        <odinian>48</odinian>
      </phloeumMagots>
      <lactylCremoneKurukh>
        <parer>ceratesOratedAgrees</parer>
      </lactylCremoneKurukh>
    </pluckedYippie>
    <comingRereadAvicula>
      <naticaCrisic>bilboa</naticaCrisic>
    </comingRereadAvicula>
    <flams>
      <dedal>strigTaborerSled</dedal>
    </flams>
    <eppyCayapoDotchin fiftyFrazil="metaphFaitourKaramu" croolNervine="endymaWykeSphex">
      <oreadsUnhelm>iberismHeptaneGalagos</oreadsUnhelm>
      <insiteVaticalOleo dibBarged="medusaStooled2992">
        <winceyAcuchi>sleavesMoundyEgypt</winceyAcuchi>
      </insiteVaticalOleo>
      <heilyLansingKindest himne="nopaleaBunker" bino="pimentaBilly201" etape="lurer" select="24">
        <sluffsWallows>tulaCoraledSabicu</sluffsWallows>
      </heilyLansingKindest>
      <atophanAmylateAswing>
        <initionArbutinAmosite>frowsRaptorParies</initionArbutinAmosite>
      </atophanAmylateAswing>
      <remailUpwhirl pompeii="995833635" fusilSullyWitword="9" plumbic="spliceSpoonedTeazels" slodge="tannedWestme">
        <carpers>greeksThereonRampire</carpers>
      </remailUpwhirl>
      <inutileAurine>
        <kingBrickle>gaposisAlexasEmpale1</kingBrickle>
      </inutileAurine>
    </eppyCayapoDotchin>
    <amylaseSennet>
      <secern>1419</secern>
    </amylaseSennet>
    <angamiBishop>
      <glyoximNiaisRicotta>twangy</glyoximNiaisRicotta>
    </angamiBishop>
    <manifer>
      <jahvehBiggishMuggars>tyeSynaxisWemmy</jahvehBiggishMuggars>
    </manifer>
    <hereof>
      <kettyCandent>6046</kettyCandent>
    </hereof>
    <sennitsModoc>
      <gossoonLohockGlory>897</gossoonLohockGlory>
    </sennitsModoc>
    <doyleyJuliaChokers>
      <sokemenLimierAliquid>laversSlogGlisk</sokemenLimierAliquid>
      <flecksPechay deggedAdinNaw="frogger" sent="furdleMoonratYonside">
        <majeure>numerosRotge8</majeure>
      </flecksPechay>
      <lowmenOrestesPard methidTonsure="hosannaPugmill">
        <abwab>orbiter</abwab>
      </lowmenOrestesPard>
      <alvarPeytrel dorsalStaithMudders="sixfoil" upwrapReshod="sprankDrabble" postedGuv="banatCuvy">
        <talmudItchedPaxiuba>miamia</talmudItchedPaxiuba>
      </alvarPeytrel>
      <piankaUnhang aptLimbingBorate="tudelRemindReplate" yaguas="asker" ecbRoofmanOneiric="swingePitless" tramal="902445814">
        <zimarra>spsLechweCushite</zimarra>
      </piankaUnhang>
      <detenue demeanGumsBajoire="529455" midship="83" bylinerMiminae="cogwareBreakerVentral">
        <enwrapsDinsDustpan>juslikBrisker</enwrapsDinsDustpan>
      </detenue>
      <viminaCathop rann="coopsWinster">
        <maticoTerning>boyunaSoclesTenable</maticoTerning>
      </viminaCathop>
      <diazoma pinheadHyndFlobby="tonjon485" upget="armill">
        <habble>crutchCognac</habble>
      </diazoma>
      <resawer ensuantHabiruBurry="broch97" cabbiesCanzoniZek="berceau">
        <replialLariat>apachesNattier</replialLariat>
      </resawer>
      <privityHokan tylopodVahiniSmeeked="columboRigDinette" wenethGounauBander="57" outBerchtaNiacin="lunuleCurpel298">
        <kilubaImbe>bael</kilubaImbe>
      </privityHokan>
      <gummicSeptulaForehew afenil="tapery" qeriGonapodPliable="romeite" planter="epizzoaPilkinsPolish">
        <tercelsBrumeLicking>teriannPinus</tercelsBrumeLicking>
      </gummicSeptulaForehew>
      <phoss>
        <unspunKoryakBeauish>epenlaTyrr</unspunKoryakBeauish>
      </phoss>
      <nibbled cystoid="585869390" unshentScovyNiggers="thwaiteTibicenMismade" kochMysisSorbite="tettery8750" ravioliArmoury="lobosVail">
        <potassDiagram>gyredSwitchy</potassDiagram>
      </nibbled>
      <dryopeVeronalLopes ragboltHogpen="neutron">
        <ensateRegin>2</ensateRegin>
      </dryopeVeronalLopes>
      <cunyie jewfishEvectedOpaques="ors32" safine="plupfUnbatedSteamie" inned="unfoxy" askoyeUnflank="includeConcoctFiggle">
        <planchLaccaJisheng>6670</planchLaccaJisheng>
      </cunyie>
      <staggieHahaMewled bicycloWakari="emotersScoloc" beflagAlgumKoae="secs" unfamed="fuzee">
        <unflatJauntieCypher>ascherBultong424</unflatJauntieCypher>
      </staggieHahaMewled>
    </doyleyJuliaChokers>
    <imbarkTripackDuma demonicIacchusSchanz="rounded" camery="mnesticEndivesWingbow" byworkMarezzoUnpuff="peonizeCabotin" variantBriberyGlazen="583776216" calgon="salutedFausen" echidnaClum="67870" proxies="nickey">
      <groceryAuleteLapsus>inroad</groceryAuleteLapsus>
      <clitiaAcerbly>
        <cajangHyd>inaptlyBadchan</cajangHyd>
      </clitiaAcerbly>
      <telosAbraxas demerge="madigaVespine" pardal="tropinTheolSheath6695" pantasPallorFatally="torteauBellon" elaidinCtnGuywire="labiatePingedGowf25">
        <nextly>hoopla</nextly>
      </telosAbraxas>
      <agent sememicBloomyTrainee="doggerFucked" latex="44" planaeaNeighed="sierraLandlerAgonia" likingsApeiron="labrumGallize">
        <wendsBurge>pencey</wendsBurge>
      </agent>
      <jambonToiting limous="jaobOoplast1924" plantNugae="lebhaftHydrantOutlies">
        <hispanoTwankay>ayletPlutealWagtail905</hispanoTwankay>
      </jambonToiting>
      <gayals fixates="westhamRitheNapper" malaxisCompo="shizokuHostageSangley" agamid="roxLobbing61">
        <jatobaFirma>malayanBeglide</jatobaFirma>
      </gayals>
      <guttusDreaded deixisFrigate="toxonOvenfulMousery" tairn="orletAssocie" planarFishedTerete="21">
        <bicorneWah>pianos</bicorneWah>
      </guttusDreaded>
    </imbarkTripackDuma>
    <ochred>
      <brutageAdermia>tst</brutageAdermia>
      <matureJennet>
        <ward>alnilam</ward>
      </matureJennet>
      <premakeCozy deseed="jesseBelga" nidaryTrottie="ungrace" hyphalUpheapAlvus="coulisGaffle">
        <parfey>jiggler</parfey>
      </premakeCozy>
      <lugandaWarran pajeroCoaxes="chufasPea3" khutbah="gyronny662">
        <sadhOriency>payorAhuulaSelene113</sadhOriency>
      </lugandaWarran>
      <brigousTrav>
        <refireBurelle>vilifyWeirdUngyve151</refireBurelle>
      </brigousTrav>
      <capcaseFowlers>
        <shahee>prevue</shahee>
      </capcaseFowlers>
      <rattailCroneBucare iodalWaspenCrazy="forCitoler" ciliataEpiky="kokamUppingDoggle4661" sorbusBlades="prefetEmoting8" hests="clowUrgeViande">
        <wreath>6573714</wreath>
      </rattailCroneBucare>
      <jynxHogbackChueta straps="noxa" skailPilpaiFoggier="viragin" percentSolaninKame="chisledKaraismBilbi">
        <estaminAbatesAtonic>updosTypable</estaminAbatesAtonic>
      </jynxHogbackChueta>
      <directCreches zaxesIsotope="mezail" bowker="lakes" burfish="walerScat">
        <sokeman>whorls5415</sokeman>
      </directCreches>
      <natlGlintedTuberin grayOhioansGiglet="foamer8569" hadronTopsl="boozerQuestor" kumaraOpiningPouff="justifyHantle">
        <decodeCoumaraExtancy>encraalGypsterDamiana</decodeCoumaraExtancy>
      </natlGlintedTuberin>
      <profile tiuLattenAttal="pairsWoadwaxDacker">
        <gallingPassu>epoptic</gallingPassu>
      </profile>
      <pictish tammiesCampooSuddens="pegallWey" ephasSchnozWaltzes="tapirus" incurLavacre="moselleSprod" tyroid="138799691">
        <skys>blubValew</skys>
      </pictish>
      <guloForcer jumpyFruitsGowkit="33" crinidPigfoot="152573489" sinsGoloka="pusgutBodikin" elkwood="retireeIsls">
        <hanchAngrilyKnawels>doggier7986</hanchAngrilyKnawels>
      </guloForcer>
      <budzartMelam sepgDistyleLythrum="3" ruddersPomelosOnside="9" gaineStyline="6" juangVellums="anhydChingma60">
        <cambayeAudChamois>hailes</cambayeAudChamois>
      </budzartMelam>
      <mendersChocks harier="32897155">
        <sterol>chymist</sterol>
      </mendersChocks>
    </ochred>
    <calabaBibbery>
      <alogianAlohas>chicCollate</alogianAlohas>
      <kushshuSerins reddersPuttiGelder="exilerCockade">
        <luckingCybele>533</luckingCybele>
      </kushshuSerins>
      <grenadoMorale sowfLollard="carotinQuawk">
        <boulesSancho>81390895</boulesSancho>
      </grenadoMorale>
      <bolasHibbin jogGentoo="ngoko5647">
        <recoalsSheltyArmoury>resaySmerkCly</recoalsSheltyArmoury>
      </bolasHibbin>
      <hinted>
        <tuncaMembers>6497</tuncaMembers>
      </hinted>
      <skyportHogsty>
        <segou>1039461</segou>
      </skyportHogsty>
      <rimplesYearedVenlin>
        <sassabyTrankaWedels>widgeonEnteria9</sassabyTrankaWedels>
      </rimplesYearedVenlin>
      <himmingQuar hamadaSmeeksCauses="bubsBlastAgade" paulism="laves2632">
        <unca>eastingWavableFlyings</unca>
      </himmingQuar>
      <canhamSkirls>
        <elamiteOversawCobiron>vivian3</elamiteOversawCobiron>
      </canhamSkirls>
      <aleaSkairFrt liftboy="955891086">
        <sealant>asitiaBackjaw</sealant>
      </aleaSkairFrt>
      <durwanEtagere spica="sniggedZilaLadyism77" wiglet="mabela" petardsVatterTypist="toskishMarnixBather16" amylinPacific="orpheanMerlingSizzler">
        <pharynx>luckyMezzoSeamer</pharynx>
      </durwanEtagere>
      <senary cogway="figworm3" tineidColcineTarbox="odorsShorter" amercerFrows="curseReffo" lebhaft="696299683">
        <aplaceHonkAltaid>loaferFarcies</aplaceHonkAltaid>
      </senary>
      <shevaCainish pangeneTyrant="2717" shunnedInlaw="warntTenty">
        <trawler>dunair</trawler>
      </shevaCainish>
      <nikau hyblaEpactHeroess="unfork">
        <outrootBrowedDionize>mimosas</outrootBrowedDionize>
      </nikau>
      <bhotiyaRemudasHexose pyke="ganoid" chants="egretsCarney" lawzy="alaska">
        <ramesesUnungunHakeems>unshutBlunder</ramesesUnungunHakeems>
      </bhotiyaRemudasHexose>
      <aljamia dejectaRemarks="sealerSkyugle">
        <swoundWraistOxalic>beshameGriffes</swoundWraistOxalic>
      </aljamia>
    </calabaBibbery>
    <peckishUnrun futeScauper="keyman616" gomeDiallelMisdraw="9632" majaggaBorasLops="geryon" runnionAgogicProsody="titling" tangedCurbyPungey="tocsinFeuSautree">
      <gerefa>cyrilArdass928</gerefa>
      <punyismLithateRumorer>
        <velitesAbatisCatmint>233</velitesAbatisCatmint>
      </punyismLithateRumorer>
      <eltAtonicVefry>
        <wod>berleyJerboa</wod>
      </eltAtonicVefry>
      <frocksMoppet plea="zekBirdeye" newtakeLochi="chocoanLoving" bantyPiluleGanges="gaistOutsawOrbiter">
        <slitchHitting>dondine</slitchHitting>
      </frocksMoppet>
      <apaceVerdet>
        <aphididChoushRudesby>hetaery797</aphididChoushRudesby>
      </apaceVerdet>
      <trudgesFroeman vettingDdnameFlicky="ariderAbscind286" chawingLinerWakened="nongas" apsisAmidins="dickey3974">
        <seeweeAbesseAvoke>urocyonTubicenCzardas</seeweeAbesseAvoke>
      </trudgesFroeman>
      <aquariaEatable stramFaylesGargil="greasesTaxying" illanunAliasesTendril="thievesDruidSeudah" bungfuZoogeny="waxingStritDaimyos">
        <avgasesGaneLoulu>68</avgasesGaneLoulu>
      </aquariaEatable>
      <knob abeles="35919658" uncallAsfastBirny="colletBarbas" kvahOutyelp="86661183" fiddled="connsBeduinGlasgow">
        <thacker>510939</thacker>
      </knob>
      <dunyLeptaWeens>
        <noxaMaywort>9</noxaMaywort>
      </dunyLeptaWeens>
      <inrolHalal totallyByte="pryersDoubles111" hersedMaist="lampmanFaulterHexeris" chintz="combosBridal" meebosRattus="41851">
        <azotic>selenic</azotic>
      </inrolHalal>
      <eosinicKinnery archils="jubusTurpid">
        <tildaBuncoed>arrant</tildaBuncoed>
      </eosinicKinnery>
      <gownsTanguinAcomous terraceTalioBaldric="endoral" cosinesMuhliesChufas="semenLustra">
        <chicWarreeKnew>458</chicWarreeKnew>
      </gownsTanguinAcomous>
      <majagga>
        <dithiol>pushierXerusUnmoist</dithiol>
      </majagga>
      <licuriHyla>
        <fliskPotgirlGhoulie>cobaltsTiresol</fliskPotgirlGhoulie>
      </licuriHyla>
      <civeMitesJoom>
        <quinteGuazzoGamelan>tronkDeckelJeffery</quinteGuazzoGamelan>
      </civeMitesJoom>
      <yuncan brensFannon="equalsMaill8" zingari="257643231" rangale="flyflap40">
        <erthen>78717524</erthen>
      </yuncan>
    </peckishUnrun>
  </cuppedBardo>
  <zoftigAcaciaDipylon gaitsRalesSull="oraler">
    <deputes pappiesAffably="sylvateGrivnaMaskeg88" musteeFerEvade="griquaScrayeBauchle" baculaDidoCarpe="fawn" spignel="pomeroy9" relongWaitsClimbed="segues" oersted="teucer1458" windigoOdontic="twarlyAmaNeocene">
      <coccalHitlessSneb>35</coccalHitlessSneb>
    </deputes>
    <trance>
      <miazine>centageWaybirdYardmen263</miazine>
      <couthe eireneAzans="humin90" wintryZiganIntine="alamoth8">
        <cronetUnsweet>conium</cronetUnsweet>
      </couthe>
      <canna prancerBugong="newfish" enemy="zoilistCubisms" dioramaLeersiaWoolies="loggier">
        <schizyTwilitGhatti>spangShuted</schizyTwilitGhatti>
      </canna>
      <avidins euploidToed="nagaraChulpaPredark9858" socagerAnoxic="enforthLakier" blusherUnzoned="caskPrudishSlayer" outfledLegenda="hotspurInfeoffGummic">
        <diseasy>bartonTother</diseasy>
      </avidins>
      <khaya laurelBiz="topoStands">
        <reshodQursh>906030</reshodQursh>
      </khaya>
      <nobbily prepack="civetMora">
        <excerptPanders>rier</excerptPanders>
      </nobbily>
      <caceFarlsKette fowent="933991">
        <fecalClosest>rufter</fecalClosest>
      </caceFarlsKette>
      <swithenSixfold>
        <wangaraGogletEryopid>operoseBussy</wangaraGogletEryopid>
      </swithenSixfold>
      <verityAnimineCambism>
        <fenland>unmeshPawkeryBaybush</fenland>
      </verityAnimineCambism>
      <stoleSoffitJugs crevetZoons="angeletParidae" catoismRuru="sluerMinusesUpslope">
        <talliedAni>iradeSievesWake</talliedAni>
      </stoleSoffitJugs>
      <xxi rubious="creamedGunplay" pibcornSamitiRecooks="pactaDorcas" compregWoundedRelift="xanthic560">
        <foliousLenders>ergotsFlewit</foliousLenders>
      </xxi>
      <pyropes>
        <francKameelPaisas>paccha</francKameelPaisas>
      </pyropes>
      <gabsBaluba>
        <shining>prostoaTeopans</shining>
      </gabsBaluba>
      <hewnBrusherJoggler syntaxMadness="spladDoorman" disgigRoosaMason="sipesIngrown2" recons="bors">
        <dallis>784814</dallis>
      </hewnBrusherJoggler>
      <spiringMuncherTophet gestaltAmbriesMoolvie="gungeFlits">
        <repastMorgueRotonde>sensed</repastMorgueRotonde>
      </spiringMuncherTophet>
      <dreksDivide rawlySlangySurbed="213" tunganAdviseOuteats="wimplerBleats">
        <mabutiSolidusBayal>quopLohoch1</mabutiSolidusBayal>
      </dreksDivide>
      <inviteHarpoon resortCinesSoarer="nonvoid3" zincicWaeness="71">
        <mulmull>5093</mulmull>
      </inviteHarpoon>
      <homiest naziismApostleSedater="kowtowsGloomed" ambachTyromaLesbian="82237790">
        <adapterBustiReiner>veldtsHektarePotfuls277</adapterBustiReiner>
      </homiest>
      <echucaSuant caliphsAdlayCinema="foxerRearsPeeked" scowedSuccor="50836">
        <pampasSilken>bunya</pampasSilken>
      </echucaSuant>
    </trance>
    <ufology>
      <caramelBotelerGodly>papyrDoubter</caramelBotelerGodly>
    </ufology>
    <windockCanepin>
      <roddinTunned>affrapGarbler</roddinTunned>
    </windockCanepin>
    <unboltsParelExpert>
      <acutishGlobingTomjohn>motory</acutishGlobingTomjohn>
      <robhahWungeeSardoin>
        <tunga>ellipseNaique</tunga>
      </robhahWungeeSardoin>
      <giarra lamby="flaggedGtcWightly">
        <jervineScape>retroTailyeFonded</jervineScape>
      </giarra>
      <clanksPitpan>
        <pompierWollopViolist>55</pompierWollopViolist>
      </clanksPitpan>
      <parkyNanda>
        <vocablyFinnsWhitsun>goonch</vocablyFinnsWhitsun>
      </parkyNanda>
      <epoptPlacer hapThurse="ouijaNarkingBoite" egbo="tamersQuillon" tamanduAphoriaMuskrat="oralismSkidway" salicylScourReveres="eboniseAfros">
        <mikeyStatute>lucombe</mikeyStatute>
      </epoptPlacer>
      <blasonInorg vitamin="gruidaeGrindal" molkaInfarceRefix="mawaliBrimRuthene" mither="piouslyRooterArmenia">
        <jayeshCainish>ripelyAlgomanWoodbox909</jayeshCainish>
      </blasonInorg>
      <reyieldPestful>
        <fresnelGismos>spiersTeston33</fresnelGismos>
      </reyieldPestful>
      <hackbutFallage ladderBrokeExeat="chaucerSpeirsWapato" outhuntBehold="407" ontaric="18218" sambar="banns">
        <chayotePepful>eoith</chayotePepful>
      </hackbutFallage>
      <acanthaRougeauOrterde>
        <statesSimsim>9</statesSimsim>
      </acanthaRougeauOrterde>
      <budzat occluseEleazar="8666265" fleersTorahs="yoteRoomyTimbale" calaberHieJarls="49" keupSkieur="asaphus">
        <taxedNunciusTetch>395</taxedNunciusTetch>
      </budzat>
      <kunk kempy="blissom" snozzleSeenuLcm="strettiSerbLaydown">
        <endures>dhawTabsHuzz</endures>
      </kunk>
      <tuumColony>
        <moresco>78485</moresco>
      </tuumColony>
      <tanjong>
        <skywaveIcerootGomeisa>kairinBirlieRimy</skywaveIcerootGomeisa>
      </tanjong>
    </unboltsParelExpert>
    <plotsMights>
      <caisse>proplexBettina</caisse>
    </plotsMights>
    <dawning ammonoEwest="albruna" collarKindles="794586368" curtainPlumete="octavesNagnagJutish" secunda="amabileTeenerRetooth">
      <perca>60966393</perca>
      <millyShelter mosaicsBangers="tanhTerbiaSker" bagwigsWummel="9379" ecbasisGolillaDiviner="pleonOtides" strudelCroute="gnarrsChiefty297">
        <bredeCadjan>upflee</bredeCadjan>
      </millyShelter>
      <marwari armiesOttava="hiant" jassid="cautelGurlet">
        <armsful>24944390</armsful>
      </marwari>
      <opsoniaNummiAngry morsCouleeFidgety="laicalRtwFuddles963" martyrs="unquick" nudger="zincingVacante" kairosShoor="lapsfulYond">
        <birdlet>toxinsTelergy</birdlet>
      </opsoniaNummiAngry>
      <pitchesTightTreeing pharos="smokeryZapara" pottRadix="doll" sponged="6584187">
        <humet>nobbierDaybedsBonnet8</humet>
      </pitchesTightTreeing>
    </dawning>
    <rigourToughieGrat fondest="saltlyVeiners">
      <bedikahUnsaferIodides>2</bedikahUnsaferIodides>
    </rigourToughieGrat>
    <coracii snaringSoverty="locoesGentiumSumi" stary="boylikeMelliteSpiks" patency="527146206" eshinSandboy="teenieTraipsePossies" mapoExternaCalomba="notalPuggreePeage">
      <burmese>pootElectro47</burmese>
    </coracii>
    <punkeyKowhai demote="coursUpwrapFondler" chancyFocoids="sementLuke" jannock="teredosSimplumCretan" kalisYeelin="3730">
      <jamadarTaenial>roinishAbrook</jamadarTaenial>
      <dawnsSudoralTeapot assailExtirpJacker="carfVicaire" jelled="reemitMillile269" sessaTempeanLautite="mokumPollyAgnoite">
        <kerfs>divviesYperite</kerfs>
      </dawnsSudoralTeapot>
      <upsit gapping="ampelisFreefdManfish942" hangout="retrodFizgig" curiousEditsVasal="riggedItchingCapsula">
        <rubian>decerp2387</rubian>
      </upsit>
      <krumanKenafs>
        <kirstenLamboy>alinitMispayFurious</kirstenLamboy>
      </krumanKenafs>
      <hystrixDikage bevined="gittiteZunis" calmLively="833" judger="unrichtHaggles" piroRebeginBrachet="crullerRevestOscan">
        <eprosyRug>groff</eprosyRug>
      </hystrixDikage>
      <kui mellReoiled="skatoma842" sylenePorgies="yelmItenean" pythiumEndueSpissus="unlaidBadhanRubens">
        <rookieTootledHudson>thinlyDimoutMandua</rookieTootledHudson>
      </kui>
      <stumpyBicolor amebousCaract="beepersOutlope" semiorbBhara="79915382">
        <ehliteWansome>80021</ehliteWansome>
      </stumpyBicolor>
      <berimesHelloesZits hawkishLudlowAmbones="33141493" manulIdiasmBoral="vandalsHinters" bedcap="queue">
        <knasterBarbateTrimmer>hagshipAsaphCoyure</knasterBarbateTrimmer>
      </berimesHelloesZits>
      <papyrus memberLawings="stoopArend">
        <ulansBrooms>fcyClamped</ulansBrooms>
      </papyrus>
      <panthea soddyBrazils="kithara" idonealSlugs="guaruan" sapotaHoople="trionalSigmas" quickie="prosistPintos311">
        <cubbyuPlagueyHalesia>2196</cubbyuPlagueyHalesia>
      </panthea>
      <sunsuit>
        <ragtagSeptum>cushierAdmittyFadedly73</ragtagSeptum>
      </sunsuit>
      <pamsSpigotRopp umbleMand="canunPan9304" zoaeaReglowsZootomy="dacoitsCharer" disamisUpcreek="8535">
        <warmly>4241230</warmly>
      </pamsSpigotRopp>
      <kokstadTrouvSelly>
        <alls>veilsLyttaeSandkey</alls>
      </kokstadTrouvSelly>
    </punkeyKowhai>
  </zoftigAcaciaDipylon>
  <mangoro combJurantKabbala="pinier" bohor="799932" />
  <camelryProems>
    <referee>
      <slutter>99</slutter>
      <fiscsBritanyMadres bruted="245" scold="907655447">
        <lin>denaryDefogsOxid</lin>
      </fiscsBritanyMadres>
      <fogoGreithFunk>
        <tikkerJong>rinsedTawnies</tikkerJong>
      </fogoGreithFunk>
      <turbo ratifiaUnware="41975911">
        <winersEsdrasBayard>lynchet</winersEsdrasBayard>
      </turbo>
      <langoonGritter bywonerYappCosy="dadingExtgGusset87" whitten="3664908" frillsSpoors="yentasKashrutHamster" tongers="73">
        <rulable>emptionTonies</rulable>
      </langoonGritter>
      <gasped>
        <noumea>pettingSegar</noumea>
      </gasped>
      <dialistKilovarUpbred>
        <capsulaWatapLassoes>4</capsulaWatapLassoes>
      </dialistKilovarUpbred>
      <maoCarnate>
        <agroteBrucinDiswit>tarauGlt</agroteBrucinDiswit>
      </maoCarnate>
      <grimesDeckelChanger woadsSativae="dehgan">
        <whedder>tickieAngakok</whedder>
      </grimesDeckelChanger>
    </referee>
    <whopsStaysSiloed>
      <bespewFeodary>hellish</bespewFeodary>
    </whopsStaysSiloed>
    <starnelMangold bultenUnwaged="piloti">
      <epigramSalukisTormae>flavoneRedoomMalo466</epigramSalukisTormae>
    </starnelMangold>
    <dingleSewars>
      <basokoKernLooch>kukriJamnutMaucaco</basokoKernLooch>
    </dingleSewars>
    <ficcheTourt>
      <godful>dandierCutest7115</godful>
      <kibitz cobossMckaySoccers="7263" virginDoghoodIan="302" herlPerkilyScrawm="sizal">
        <sirra>4</sirra>
      </kibitz>
      <welchesStopwayCrawler solider="lactidBethels" moonetLets="bengAdonitePsora" affiantReplaceHowes="rikk">
        <dhaman>eryngo82</dhaman>
      </welchesStopwayCrawler>
      <prestos haggled="bejazzBebusy1">
        <earable>stobsTrepang</earable>
      </prestos>
      <kwhr velcroSaviorsRetill="avengerAnts" gonium="taxine3" revs="thankeeKiel" dagameHameltDepends="firmity3395">
        <dismailCastralSwagman>1</dismailCastralSwagman>
      </kwhr>
      <wineierSauld>
        <asrama>mynahEspeire3</asrama>
      </wineierSauld>
    </ficcheTourt>
  </camelryProems>
  <blastid plunksHikingTryt="willyerMaccoBath" badmanSabotedTeaboy="ogor" />
  <dolmanOrangesCadets aliquidTortileDirtily="acoupTeanCairns" ameliaVirled="1045">
    <ullaEpiky>
      <seemVakilsNonpoet>scandixOutjazzHurdler1528</seemVakilsNonpoet>
    </ullaEpiky>
    <aesopBakalGuck guahiboMannyDrags="sheddedMonial" musang="hoopCorded996">
      <ferlies>mabelDepDorlot</ferlies>
    </aesopBakalGuck>
  </dolmanOrangesCadets>
</serves>