<?xml version="1.0"?>
<haikalBoblet>
  <impune>
    <slipesPht yarwhip="gigmanImitateRelast" mogs="estival" aptsConcioPandan="8700305" freeish="ugsomeCrepon">
      <sixfoldMakah>yams</sixfoldMakah>
    </slipesPht>
    <boregatInstopHowever>
      <hairyFrump>senors</hairyFrump>
    </boregatInstopHowever>
    <jussi balita="stinkoTrummel" durnSkipwayDouper="kininUhllo" overnewShellac="disbuds" shat="amexPontile394" chumawiCoachy="retalkMelenaOlympia" siddha="merkinNibbing98" oarlockProximoFaking="scyth975">
      <wainerGyrinusLeecher>skewl179</wainerGyrinusLeecher>
      <palfrey rentierSimurghBilging="pangedGagaku">
        <arthelSauch>inland</arthelSauch>
      </palfrey>
      <breckenStrafesFeebler andPuntedCamisa="olefineSyleneYeuky836" pristaw="calquedScherzoBeride877" beheira="cotinga">
        <truckFluidic>lauricWhammed</truckFluidic>
      </breckenStrafesFeebler>
      <viandryRigolFancify audian="tillite" synodusIngang="rakiHypozoa" nutcaseHopyardBearlet="793529133" unsternAlgesis="strifesCabuyasAzoxy">
        <indigo>byzantSlang</indigo>
      </viandryRigolFancify>
      <caduac trigonCrusadePossums="pycnial" psize="capilliWirersShebat" redraft="mafia">
        <fliggerPacha>protegeCandaceTrolly</fliggerPacha>
      </caduac>
      <omasum usurp="lounDisobey207" glotticCrizzle="pistilsFurison" sixte="bemixes8217">
        <paper>collutPeckleDorism</paper>
      </omasum>
      <chinkerGanev>
        <rebukesVariolaTepa>aaronicBleaty</rebukesVariolaTepa>
      </chinkerGanev>
      <kea>
        <cabanasRottoloEel>tildesOside</cabanasRottoloEel>
      </kea>
      <decidedOncosesFirmity zanilyAddaNobber="toying" misstepLianaInpours="crases" vineletChadars="armidaSmalmedRemints" kronorMiranda="nappeGuyer73">
        <strouds>9391288</strouds>
      </decidedOncosesFirmity>
      <cathetiClaxonFlaglet>
        <nichesAdvertsChaya>isagon</nichesAdvertsChaya>
      </cathetiClaxonFlaglet>
      <saudisTinyAedes lucreceSpute="legisLipemia7775" besaiel="pitsWapCloys" beeweedUngiltStary="rocks">
        <depaintLeeksLabor>molassyWadiesNemine</depaintLeeksLabor>
      </saudisTinyAedes>
    </jussi>
    <serenedSchmalz>
      <rewadeBigasTurio>tandanBedaff</rewadeBigasTurio>
      <healedUncloudSklent>
        <liniestChettyFunned>rakesDotlessLat747</liniestChettyFunned>
      </healedUncloudSklent>
      <mashes larvateYerkingCivics="eemis" arlessSiskinKnacks="wehner">
        <caviaLituola>japetusDewoolHomy85</caviaLituola>
      </mashes>
      <burbankShiaiJurel wallingTroys="oxhide" onagriTsoneca="80" stater="cutes" toxodonNematic="luvishSocials">
        <hemmerMattin>riveledKanagiCoprah</hemmerMattin>
      </burbankShiaiJurel>
      <patholWiller demulceManitosAeonial="15649" weirs="3797">
        <disglutGossan>turkishApathus</disglutGossan>
      </patholWiller>
      <endere>
        <gamps>thrawn</gamps>
      </endere>
      <zymasesBusuutiReport twintScornyCaddy="groverRecuses" throuchMenage="mediateChandryMights">
        <wiledCushion>martiusSpiryCypseli</wiledCushion>
      </zymasesBusuutiReport>
      <yerbasStymies mutest="radishDiadromCachila">
        <matreedSaltine>gnarls</matreedSaltine>
      </yerbasStymies>
      <charcaBurlace unbind="sumenUnpopeEel">
        <decaresImagingOrpheus>vital</decaresImagingOrpheus>
      </charcaBurlace>
      <upbeatsHusherBacauan talcoidVoust="84593" centrev="pulsesBaryticGaonate" saetaHush="317218" ono="trysailInculpRumney">
        <dinmanAview>futwaBeloved</dinmanAview>
      </upbeatsHusherBacauan>
      <jarveyProds irelandSlickedEffect="rechal" steeved="gneuGiggledPoori62">
        <arapahoKapok>453508669</arapahoKapok>
      </jarveyProds>
      <stubblyScaenaTeenage>
        <cirusesPastryClime>isotonyTechie</cirusesPastryClime>
      </stubblyScaenaTeenage>
      <eluatedPanelMoblike scute="rosel" biggety="urgingHerdsTonally" guttulaMisfitsGrazier="mirierMints" sleep="972071">
        <alinJantuSnecked>congoniOwenite</alinJantuSnecked>
      </eluatedPanelMoblike>
      <tissual homers="66" masaDufflesBonus="reiveGrumeRappe" noctuaeScoochChloe="kerflapTangka" misfateWus="yewAlepineHookum">
        <scroyleChylify>askersJimbangCharas</scroyleChylify>
      </tissual>
      <carerAhimsaGebanga>
        <boomedJunky>kerasinCorn745</boomedJunky>
      </carerAhimsaGebanga>
      <sunken basesMillionReswept="gigiWatapsGables9" knape="zollTrifaProlix545" addsSlacken="unlocalZonicAnisum" atisBrutageRansack="borerCrozzleUlonata">
        <savour>pavyVodunCowpoke</savour>
      </sunken>
      <epode hingGoondieKings="uncoolMaigre98" dreamsDrukpa="dayanimUnmetedUprouse" sulkierShedderKhepesh="frogman" shelaStrangLyrism="baun">
        <aboughtElmyNeutron>receder</aboughtElmyNeutron>
      </epode>
    </serenedSchmalz>
    <eternal kharifSoapierFoolery="veadore" tutrix="cover" bisie="19837">
      <chuser>4575243</chuser>
      <mithras daytaleUpslantPholas="55">
        <costarsAahing>uigurEtch76</costarsAahing>
      </mithras>
      <wraitheUnbud>
        <culetSues>oakumLeafySlitted</culetSues>
      </wraitheUnbud>
    </eternal>
    <menzieReincurHijacks copsesTurnip="alephSoudan" dammaraHopers="shedman658">
      <parsiBabbitt>biotiteLavaticPlumbum</parsiBabbitt>
    </menzieReincurHijacks>
    <agleafMalign>
      <lususesBoxtop>squary1</lususesBoxtop>
      <studiedPhocidMilan pesadeSidearmUnmewed="repunch" berberyGuttie="errors" mixedly="carlageDiscalScone" drevel="drugger">
        <percentBlockRynt>tourRongaBestore3590</percentBlockRynt>
      </studiedPhocidMilan>
    </agleafMalign>
    <raspersProbit>
      <cartist>whangYird</cartist>
      <stackedNovenasBoater chiverJessedKraft="daviesGiantlyDenes" podicesJuliePlisky="gatemen" writhBarn="841">
        <murdersNotices>corbleuBefrill</murdersNotices>
      </stackedNovenasBoater>
      <puggiLop kosseanSaulgeDhaura="miswernSedanPrimo" leadwayExostra="hoursCeptor" tabutCarersAkra="takenLingala698" andiaVisitaAbove="spicket">
        <coulieBruchusMibs>3832</coulieBruchusMibs>
      </puggiLop>
      <kaibab langiteQuelt="yasnaFitzLanner4">
        <fanwort>teenie</fanwort>
      </kaibab>
      <lashinsLaxer>
        <skidCogsIbex>appayPattingAgeism</skidCogsIbex>
      </lashinsLaxer>
      <unwoolyCaudata fiarsCombreHeeze="71738172">
        <orbicleScomber>stifleLetdown</orbicleScomber>
      </unwoolyCaudata>
      <sulphidPlayactBrince ejidosJeziahDevaunt="bah84" forgab="gulRewwoveBarrett">
        <desex>stolen</desex>
      </sulphidPlayactBrince>
      <output spunkedTerzetUnken="amoebidBrios" jujubesGenettaOpsin="lucaniaBancaBield">
        <rowtYercum>noaEadDithery73</rowtYercum>
      </output>
      <run carbarn="sirexMicelleHenries" galliotLoquat="pintailJorden" foramenTjosite="redweedEskersCedens">
        <shimmed>rhymes74</shimmed>
      </run>
    </raspersProbit>
    <namaOud fatalKemalProle="olomaoCoarser">
      <podiumRedlyWedelns>snooveOutdoorTatsman</podiumRedlyWedelns>
      <gaulterCruisedOverdid ergotSketchyVesigia="boastedCopraClouty" swished="barwalInblowTimbery983" piluleGarudaSnee="lowlierRubabooGannets6">
        <digneBoundlyConspue>arco</digneBoundlyConspue>
      </gaulterCruisedOverdid>
      <cootchArmiger acoponAgynaryCheckup="926299" pecuniaWagaun="967095377" issiteHypogeaSmudges="81614">
        <graced>40168412</graced>
      </cootchArmiger>
      <neums threshCingula="91734707" subsill="scarus" vulvalErnie="oxheal" freemenGenetsShock="turion">
        <samechMutageHeadrig>senecas</samechMutageHeadrig>
      </neums>
      <craftsNomineWarve baccharYowtGrille="9275428" palsify="202855">
        <yankLearnsFertil>vaunterCullasTrumped</yankLearnsFertil>
      </craftsNomineWarve>
      <tolusTuttisHabile discoStirs="mankinGoatlyGoitcho" bantamsBacopa="boxes">
        <koftaRomanaShoeboy>coxiest</koftaRomanaShoeboy>
      </tolusTuttisHabile>
      <refaceTaboursShallop redipsAlya="sweertYearock">
        <emicantBarble>virtuClarist</emicantBarble>
      </refaceTaboursShallop>
      <jikunguJoseyMunnion tamilEagledBasting="apeek">
        <avenidaFearerTipsy>5</avenidaFearerTipsy>
      </jikunguJoseyMunnion>
      <aliencyBurnet gemulRaveDens="sohMailes" nema="lacery" metageHapaleDissave="90588061">
        <ameluMycosinDeify>corvoEmpiric97</ameluMycosinDeify>
      </aliencyBurnet>
      <loinsCadgily>
        <cachingThings>inks</cachingThings>
      </loinsCadgily>
      <mercers>
        <currantZyzomys>4</currantZyzomys>
      </mercers>
      <pitmans auras="843603563" cripsSpatheMilt="obeahHerl">
        <harding>creek</harding>
      </pitmans>
      <abuserSomitic semifitValeurBesin="rakily" baldenPietoso="9" showoffYizkorZonate="reallotPablumPistrix" bandidoUncroptSeaweed="aswoon15">
        <doolfuBoldest>wooldBedlamp</doolfuBoldest>
      </abuserSomitic>
      <kolhozy>
        <deifierBenzolGenghis>adjiga</deifierBenzolGenghis>
      </kolhozy>
      <yakmanMuskie pungentLairsRebar="hennyGummasKedgy" gramp="spill">
        <horlaEpidiaHarmers>brackerKashiraEmceed</horlaEpidiaHarmers>
      </yakmanMuskie>
      <papionArboreaDecrial malpaisCrawScreak="preally" unfaintCaproylEnsiles="2740397" cabber="12" alcali="acadieSunniahAgger">
        <engaudQuerent>913</engaudQuerent>
      </papionArboreaDecrial>
      <thomasRenewHoondi>
        <podzolsCocklesFlawier>brasilsKabikiRupia</podzolsCocklesFlawier>
      </thomasRenewHoondi>
      <wayward ehliteMedine="tumeTulu" glump="fidRoofmenKabard5" skepticUnlent="droudCypre">
        <radians>varied561</radians>
      </wayward>
      <latheryHelionOutdate>
        <epiclyAmorphMurkest>rumples6891</epiclyAmorphMurkest>
      </latheryHelionOutdate>
    </namaOud>
    <deadishCarid>
      <gaonIsaiahAimers>toxifer4615</gaonIsaiahAimers>
    </deadishCarid>
    <pocheTotes>
      <unsawedJerkingDownlie>791899008</unsawedJerkingDownlie>
      <reisnerDispute kenteKorunasYuckel="entadaLyopoma" prosperRippled="cisele" grieve="inhauls" dubbin="debarkAgoutyEdda">
        <decreamMislyEstuous>quitoUncowedUnmodel</decreamMislyEstuous>
      </reisnerDispute>
      <ituriteDeploreVines coddedKerSubmind="bespotPoshlyTeaey" sueViators="langleWetsDescant" cupmanGalliumTannyl="getsul68" sevresDentaleGreaten="locater">
        <hauyneVespersPacas>equatorRelendEgbert</hauyneVespersPacas>
      </ituriteDeploreVines>
      <shreeStratasSpaviet diter="stablesYuch">
        <feselsPeckly>sovransCofaneShrinky</feselsPeckly>
      </shreeStratasSpaviet>
      <sedge whseAlepineBlackit="765" atociaEngraftBanus="macaws" rantree="numina">
        <firyCivilerAgile>gola</firyCivilerAgile>
      </sedge>
      <townishAtaxies goreConnyCalorie="742" trypan="musherWimbrelWhores" friesic="890016298" haught="galp">
        <sceptreCaraja>chalcusUntar</sceptreCaraja>
      </townishAtaxies>
      <wongGinghamSakha veer="copperyGentleClonks" poufs="trifold" cheng="fennecsWardageStyrene7075">
        <teletexSprug>heinShoneBarium</teletexSprug>
      </wongGinghamSakha>
      <unnegroUneases mammeyBerbery="dumpers">
        <thuggedComerSears>waxwingAgaroseAndre</thuggedComerSears>
      </unnegroUneases>
      <neif>
        <pinnal>curaticPitying</pinnal>
      </neif>
      <chequin amelet="dyeings" resweepFlusherMaiming="mirkier" bunionTerret="32551">
        <cucuyoEkka>ravener7568</cucuyoEkka>
      </chequin>
      <stepneyOpiums>
        <chawerTaxibusOakmoss>roofageApeAbrine</chawerTaxibusOakmoss>
      </stepneyOpiums>
      <pungeyTurnixBally outspue="ovisacsFris" enfeoffWindArcuate="729946056">
        <sweetenMantras>cityKnaggy</sweetenMantras>
      </pungeyTurnixBally>
      <blinisFlamer fossaneManholeStambha="legificSlopers">
        <tallies>crocine73</tallies>
      </blinisFlamer>
      <outwoePerfinsBase shastri="miskillSexuale" littleSoueegeWummel="enray72" fylkerCarniedNabak="unnobleTeuch2115" cheesedHolloas="singlet2192">
        <weenyMeantSellers>23628613</weenyMeantSellers>
      </outwoePerfinsBase>
      <fetasAstrier>
        <skimpChevvy>devonic</skimpChevvy>
      </fetasAstrier>
      <kua eutaxie="50945095" ateuchiAbbSpaded="2121302" upliftsEscalinCyanate="tohome">
        <lutewayLucknowCirri>seadogTbs</lutewayLucknowCirri>
      </kua>
      <paselaClones osmic="headerHaviourLawson6" curtein="856939552">
        <bathylMuscle>512025</bathylMuscle>
      </paselaClones>
      <innuate rolandErfSchtick="stovesAltinPruners68" poopsieSurnameTensely="79812810" melliteSelahCamused="unmitre" tattier="rouging">
        <tapounWalchia>myopiasPavageBinge</tapounWalchia>
      </innuate>
      <pothersTubletDomify oreide="porte">
        <asselfTeapoyAnankes>patentAlumiteSewer</asselfTeapoyAnankes>
      </pothersTubletDomify>
      <laseSludderFitchy jimTarriedAeons="rewan" huldeePiwut="remanie" sctDoggo="mauriceUncaPompion" kuneste="birkenRyas">
        <unquodPublicTynd>2078</unquodPublicTynd>
      </laseSludderFitchy>
    </pocheTotes>
    <ambeersElymiDamme>
      <fruslaVendees>schleppOhioans</fruslaVendees>
    </ambeersElymiDamme>
    <sikhDuanSib peleusLemogra="tekedyeKeeksDomini" saultDitali="roverMudraShrewed" pellage="beshellGowdnieUngka">
      <fono>bdl</fono>
      <hereofApodsOgres apricotAmanous="dawishUncreamWailed22" curdoo="kevils" telurgyOwner="mysostMarbler">
        <blomanKikar>regosolEnwindAbscond</blomanKikar>
      </hereofApodsOgres>
    </sikhDuanSib>
    <kahalaJaverBruited>
      <abnetCesta>bastesCesurasRotonde</abnetCesta>
      <unsure cummersBipedHarvard="mouldyTetrixInnerly8060">
        <hydraseBoldo>mitsvah20</hydraseBoldo>
      </unsure>
      <ediyaJutsCroyl lappaJochBalante="stof" diauliTazeeaBourdis="884" verdinAgrania="sistleParaphsEnsteep" umfaanFagaraDudeen="tangles">
        <umload>980156</umload>
      </ediyaJutsCroyl>
      <sememicPugreesStoreen labelTarts="dickyClaquerGondola">
        <ragtimeArriver>nobbutDudlerDebowel</ragtimeArriver>
      </sememicPugreesStoreen>
      <ailingUrohyalLustres porkierBogachAmino="shivsKoilMadrasi816" globoseUntyped="ursulaOrchel" stalkedRundown="womanlyKnabble" streyne="556615">
        <merlesXylaMurrine>12</merlesXylaMurrine>
      </ailingUrohyalLustres>
      <trisemeSesia vaudoux="weigher">
        <truthy>689745</truthy>
      </trisemeSesia>
      <zygomaShuck infused="16" yeeLyceums="durocsZythia" anneal="dioxid">
        <tahsil>775949332</tahsil>
      </zygomaShuck>
      <flatly tyloses="jugger" renish="awhirPhlegmsSpivs" annArteria="shadkanPerusesPolyad" lettic="lathyBlended93">
        <pye>2730</pye>
      </flatly>
      <conreyBardash skookum="618" cereous="yezdiCoffsPushup">
        <bewrapsMont>gangdomPipetsNable</bewrapsMont>
      </conreyBardash>
      <doyen alloxanAhuntRobert="cathion" leptid="saveBihari">
        <hurdledStaitheExile>grapeyUnciaElle</hurdledStaitheExile>
      </doyen>
      <tulcanImpawns>
        <coxesStrep>opiums136</coxesStrep>
      </tulcanImpawns>
      <refenceAmide maximinOutwentPoot="wickerJareedGuama" gipMurrine="hunchyDetests">
        <hurray>taskEnemyMamboes21</hurray>
      </refenceAmide>
    </kahalaJaverBruited>
    <guywireWattage>
      <putageTangIndicts>retraceSkulls</putageTangIndicts>
      <sat curvey="betrail" adhakaNatch="opiatic61" advoweeZorilBaidya="bonaghtCoolers">
        <tiglonsAquariaCandor>53447</tiglonsAquariaCandor>
      </sat>
      <sextansBopyrusCampos etiquet="dobos" euniceWitneys="209" conantTiswin="40" pintoesParados="43">
        <plumeteTrash>8931</plumeteTrash>
      </sextansBopyrusCampos>
      <punditaSookUpsoak>
        <silker>shivey</silker>
      </punditaSookUpsoak>
      <hogtiedStionicDujan jeepneyAblend="809159729">
        <showoffBeedi>boraxBiddery</showoffBeedi>
      </hogtiedStionicDujan>
    </guywireWattage>
    <smallenDetailsVepsish dionaeaCloop="nugator">
      <ratchesBibbleSirdars>ferdwit65</ratchesBibbleSirdars>
      <raxLinterTylus wpm="twingesUncharyBrees" crazingBarns="rooftopMatreed48" enfireKiddosLinener="ganoses">
        <nurhag>jaybird</nurhag>
      </raxLinterTylus>
      <camb solodRonyon="fils" snotsShahsOutgun="walahee" tiltureVeils="fraiseLecheryKelty67" prenzieKakar="9812">
        <anatronExcitesFolial>569294</anatronExcitesFolial>
      </camb>
      <signiorMbeuerMimsy pantasKashan="oxgoadPodgyBoulles9889">
        <chouseWitter>gayal4088</chouseWitter>
      </signiorMbeuerMimsy>
      <worky user="cartierLeadierStilts" clothyCulets="outbat" tarascoRevoirReverb="9075" endowsPuritan="sarlykJawfallCued">
        <muclucsParcels>lookumDruseSwotter</muclucsParcels>
      </worky>
      <oregoni immoteDucatonAbsents="crizzleHoliday70" arboryGroved="nuagistSound" messmanRocketsFidfad="appease">
        <mugglesDerides>sinningBugweedFoiter</mugglesDerides>
      </oregoni>
      <fistuca>
        <kinesesUbi>manasicZonoidIstrian</kinesesUbi>
      </fistuca>
      <mouzahSion uriahCreply="bejan" plankyMorbify="guttusOutspan" snortedTzontleLaking="amtrackScrodsMossy" calesaBirths="beluteTontine4">
        <wizenCitiedMismove>ipm</wizenCitiedMismove>
      </mouzahSion>
      <cockierOutdrawTutball cougnar="barringUpturns" patiseRefires="818043956">
        <veny>awapuhiSeder</veny>
      </cockierOutdrawTutball>
      <vinLepusCaps aurae="41995">
        <rimaViduageMundane>4</rimaViduageMundane>
      </vinLepusCaps>
      <revives>
        <spicaHwy>strobic</spicaHwy>
      </revives>
      <tellsTrulli caviars="measeYowieRomaunt" kabakaUnpuredWispish="57515270" tyring="40">
        <storkToupFermery>kiowan</storkToupFermery>
      </tellsTrulli>
      <welchedPeruleToforn elkanahSlypeTwingle="bemaimChiloma" veskitBramia="1">
        <claviPrepend>syceesCracowe</claviPrepend>
      </welchedPeruleToforn>
      <pteRestiadRefutal bubonicPhotal="ansuOilcake2" almondyToughlyDodging="waken4868" lewannaThapes="tarzans" avertBacket="suavestCitedLurkers403">
        <cogent>bipont</cogent>
      </pteRestiadRefutal>
      <koumysLapland>
        <emerges>basocheBandelHcb</emerges>
      </koumysLapland>
      <gillnetCoonier>
        <cacanaPrices>49</cacanaPrices>
      </gillnetCoonier>
    </smallenDetailsVepsish>
    <dessertTziganeCutters>
      <biunialTrag>ratelsBetoss</biunialTrag>
      <dowingRier trivetsSpeaker="30409" clarinaHungarUntress="aquenchRevelerFits2" lamprey="kauchUdderTrials">
        <loops>windlesKayaks</loops>
      </dowingRier>
      <castersFolLowboys axle="infandJowserRueful" compar="17463" toeExhance="519215165" toldThanStymies="forletReverb">
        <infixalCowing>herman</infixalCowing>
      </castersFolLowboys>
      <titoist salpian="shpGamelyLabret">
        <purdyFrisiiRocky>juiced</purdyFrisiiRocky>
      </titoist>
      <defterHepLoos cozUnson="3" dauting="coptineWallows">
        <utuCoothPitter>seizers</utuCoothPitter>
      </defterHepLoos>
      <leudesNaut algosis="heezeIntra">
        <originMelosDurst>scrieve</originMelosDurst>
      </leudesNaut>
      <teconWrawlSkyman bourse="radiusSourlyTyros" riccia="985828672" achechMindedMedal="blandly">
        <caucus>prev</caucus>
      </teconWrawlSkyman>
      <pupaeLameterIonics carboy="zamouse640" stowps="murrePicrolSmock269" thwack="zoochem" picaeMudcaps="emptilyAgrise">
        <petitUlonata>patsiesNetmanHalve</petitUlonata>
      </pupaeLameterIonics>
      <bafyot feu="jesuBreme76" riotedRecycle="ganga">
        <torquedNext>rowdilyHulkedCommos</torquedNext>
      </bafyot>
      <fliers sapsapCaroid="everettInyalaScolex" labores="ration682" flybackOverest="ninepinRakh">
        <crammed>hunkersXylem52</crammed>
      </fliers>
      <doricLiberaRipped>
        <plummyToledPariah>7391</plummyToledPariah>
      </doricLiberaRipped>
      <nirvana scrobeQuintan="137237" shoveCelsianTalents="prionus" soupledMysoid="80">
        <undevilFinked>32</undevilFinked>
      </nirvana>
    </dessertTziganeCutters>
    <oilless>
      <hollooTroolyAmulae>ceiledBiblUpas</hollooTroolyAmulae>
      <cank pps="cambrelLigase78" meatheHyleanChiros="podsol" ciaoPrunes="hangsCiveTonne" haslockHawedCoaster="chronHyle">
        <outherAdmiredPutoff>cutupsAxiallyJaunts26</outherAdmiredPutoff>
      </cank>
      <averageFelonryMinicab jelabSedumsMediacy="impone">
        <xerosisToorooMorrion>coasterOpalize8</xerosisToorooMorrion>
      </averageFelonryMinicab>
      <tirageShadine medinePossumsRadula="355220291" outsumChurchRetina="signetsPardner" norias="pantie" sprodCalash="wizierTabes">
        <musked>69</musked>
      </tirageShadine>
      <paplikePenster copensUveiticConifer="pulquesAwarderLeaks" hibla="14" unorbedTedderAerosat="504" camocaReposerKappas="freaky">
        <donates>mbeuerHalflinTejon</donates>
      </paplikePenster>
      <yakshi lupulusRoker="17" primlySoliRodless="54834730">
        <outsea>unhandyLogwoodPanting</outsea>
      </yakshi>
      <jeon regidorSputta="18412" lycinePotcherBefist="149751">
        <urinose>60644569</urinose>
      </jeon>
      <archaiBhunder kootchaProsode="poriaMowlandFoal" mowhaCueva="gympie24" caserns="velamen" midewin="unhingeVeinalUndyed">
        <heresAether>antrin</heresAether>
      </archaiBhunder>
      <iciest barksRagazze="truthy" coelomRefered="mugginsTuttiesEssoin" dotterPrigs="sinkedTelpathBooths">
        <lootieDypnoneFiendly>7</lootieDypnoneFiendly>
      </iciest>
      <titbitSapele lames="provola">
        <kansasReekier>achuasAum</kansasReekier>
      </titbitSapele>
      <mikvothRcpt plunkHickeys="trouter" riddingBoglandUncowed="6975397" frumety="4" shamir="17">
        <suturedCorsacsCrusily>51456</suturedCorsacsCrusily>
      </mikvothRcpt>
      <amirateBadge acrock="genomesMedals24" corkingCenoteChaum="548611" laighs="palemanArtabeShindys" podlike="fustyCricketCapotes97">
        <palew>bespray</palew>
      </amirateBadge>
      <leaptWerooleOddness demiEldRhaphe="193" mouls="166779483" pranker="lockramReshow">
        <gairFuskCunan>130534</gairFuskCunan>
      </leaptWerooleOddness>
      <spavit>
        <doserPekins>sperage8479</doserPekins>
      </spavit>
      <sepium fainer="warwolf">
        <aret>florida</aret>
      </sepium>
      <noduleRooserMhz>
        <babassuBunderRuches>tenderStaphWorthed</babassuBunderRuches>
      </noduleRooserMhz>
      <amiantKrebsSloes sociiCaritas="foulishPedicel" cowiestDeewanFormule="diapsidEstevin" jeererBroomer="pave678" alongst="reliner">
        <uxoris>intineLect</uxoris>
      </amiantKrebsSloes>
      <artabaEnrut daterEnatantSchlepp="manlyDyvoursSliting">
        <tiamRayahDomoid>goliardBecurstOracler</tiamRayahDomoid>
      </artabaEnrut>
    </oilless>
    <drammeRaided>
      <curbySeemly>jawansEdictsBalkans</curbySeemly>
      <farmostPut aitis="moldyGroin">
        <cursaroFibulaOzena>impallArcite</cursaroFibulaOzena>
      </farmostPut>
      <gathaRockyTare tipmenHillmen="mildewDuskyPasewa" myosote="simoomsPungyiTurns" titleHugelyGroma="55767519">
        <tapesJinnsAttic>84168</tapesJinnsAttic>
      </gathaRockyTare>
      <kamianUproute cirquesPappies="54">
        <meaner>nealUnrestsAtafter</meaner>
      </kamianUproute>
      <droobPlumpsAuroch racismsEbbet="mullion" blvdAmesiteCyclize="stottMaestri" klinoBecuiba="nuzzler">
        <kodakryChaucerBrocho>foldoutMilagesCedrium</kodakryChaucerBrocho>
      </droobPlumpsAuroch>
      <jussi>
        <stuberBasalt>sweetVigias</stuberBasalt>
      </jussi>
      <mowraBabite uncate="grosz">
        <tupik>mohairsUnrung</tupik>
      </mowraBabite>
      <blollyIgnameKebars>
        <horahChickeeSadist>euchre</horahChickeeSadist>
      </blollyIgnameKebars>
      <chubClapePrincox skeoughMatlessWernard="8443929">
        <toppersRyndTankman>camorraCruzado</toppersRyndTankman>
      </chubClapePrincox>
      <petaliaMarconi judaica="muggursPriodon2471" bacchicBaaingMatroid="yippeeRobandDrachm">
        <coffeaLesathDead>8696579</coffeaLesathDead>
      </petaliaMarconi>
      <covent diazoPippierLantum="sinaiteJaggarTopis" kapukaInrail="moans" lutidin="shankarIta38" quasarsUntall="bosn">
        <cedulaTripe>apiecesMaihems2</cedulaTripe>
      </covent>
      <gammas withteeDaymentMarital="dessusTetchKola">
        <ausformGentileFlatcar>lyristsBrawny28</ausformGentileFlatcar>
      </gammas>
      <capperVulned scogie="cancanBonyGaleres" hunks="367" coostAmomalKwachas="sulphinPerjinkOrgeat472" spoutAidingAutecy="dormersSaudi">
        <dinoFrosts>11969</dinoFrosts>
      </capperVulned>
      <arced>
        <rantyTroy>95</rantyTroy>
      </arced>
    </drammeRaided>
  </impune>
  <wompGedackt sunnismMoans="jonnickAlbin" immitJgerLend="oxeaRefiredJails" mozosHaulse="9" />
  <oryWhumps grieverPulsing="tatteryVorantParasol" vavs="geranic">
    <masconsFeatishReblock>
      <oblatEcca>522235</oblatEcca>
      <civileFoulder aquiliaThrove="factyTraduct620" pinetum="vakilsAwnyTalpine">
        <arabs>olivileFatlike</arabs>
      </civileFoulder>
      <epodesChiding niff="cymlinsWooersUnmew8">
        <therap>torontoMailersSubsalt5</therap>
      </epodesChiding>
      <hypnoneMetateVisited naut="patrial">
        <lipomas>zincicGreboMordv</lipomas>
      </hypnoneMetateVisited>
      <luxatePard belord="atabekMuster" anneals="hirsled">
        <visto>curablyOorali23</visto>
      </luxatePard>
      <maltaseSoaryPinsons>
        <agnelCoastalFeedman>unpliedKraters</agnelCoastalFeedman>
      </maltaseSoaryPinsons>
      <exampleTeckOnliest nitricSkatiku="bowlUptrillHomburg" shorten="socoKareau">
        <rewoundAdagios>egridWeet</rewoundAdagios>
      </exampleTeckOnliest>
      <decresc beltisOrg="cutlets" mensisBefallMammy="czardom8687" bilgingNakir="abillaStripsBraving">
        <person>glints</person>
      </decresc>
      <avoPhotism bedeMiser="vernHippi">
        <acerate>orles2526</acerate>
      </avoPhotism>
      <peep grrMaplandPredusk="credaCentas" schmoTubberEpigoni="stipoAmyleneMzee" villaeCretizeRisible="208456576">
        <dagobasOxwortCancels>egotistFemicUpstair218</dagobasOxwortCancels>
      </peep>
      <superlCircutsStan methane="752676">
        <jarhead>tropylAlidad</jarhead>
      </superlCircutsStan>
      <censerOsirismPrisere auletesTahgookHoke="1982">
        <botany>scabishCullies</botany>
      </censerOsirismPrisere>
      <toquetSubj guarriTostonLigase="50378677" hasidicOficina="refErrancy66">
        <stumDruttleWrote>bluismComply</stumDruttleWrote>
      </toquetSubj>
      <argolicBlithenBiacuru copitaYuncan="mentisUnsidedAetat7852" stubblePalermoAxone="engorge" yaupedLottaCartier="outreadErogateSlubbed">
        <ephah>922731731</ephah>
      </argolicBlithenBiacuru>
      <smittle uperizeMedius="27211">
        <wribleKendoCandier>perauVaagmerDawks140</wribleKendoCandier>
      </smittle>
      <berlinCamayCarbon>
        <tohoPisaca>niggly</tohoPisaca>
      </berlinCamayCarbon>
      <gliffsMattaAro tampons="swamperCicadasFluemen">
        <tubings>sudor</tubings>
      </gliffsMattaAro>
      <hapiDroghUnbud dispend="14">
        <coddleHeedySakeret>521</coddleHeedySakeret>
      </hapiDroghUnbud>
      <apozemaSurviveEmagram lamda="68">
        <aileenOutrailRaved>45418</aileenOutrailRaved>
      </apozemaSurviveEmagram>
      <lepus hootsYuppie="unhazedGoral" jambonAyenPiscian="buzzedPtinidJebel">
        <roeneng>olefinFilate</roeneng>
      </lepus>
    </masconsFeatishReblock>
    <mistersLeifite>
      <spinneyRepew>3130</spinneyRepew>
    </mistersLeifite>
    <tapeatsUnmightCalculi>
      <cols>salepsPekansKinkled</cols>
      <welsom saluted="gadbush8052" quinolAphthic="sputSoyate" acystia="larnyxDottel" pigboatNaulum="pusscat">
        <warnoth>dewaterRaftmanEvans</warnoth>
      </welsom>
      <pastersGraben leckerOrangsJerald="bozal">
        <outshotTaig>404860196</outshotTaig>
      </pastersGraben>
      <lekMsource>
        <gluily>7</gluily>
      </lekMsource>
      <geneat obolesTensed="52" windsorUntillPistle="ster">
        <halperPainter>11</halperPainter>
      </geneat>
      <tannateEquipedGenson rammackAlchera="amalaIapygesEngaze" doing="proreanTappedKnesset" skylark="biblike" malmierBoylikeKink="opifice">
        <beaune>cued45</beaune>
      </tannateEquipedGenson>
      <sweatedSier jalopyUngrown="lateFrappBeehive352" suably="ackmanSongishThenal" mannireArderThrang="hoaredPoinard916" farinhaRailers="128">
        <bolter>peatmanIotizeMistide</bolter>
      </sweatedSier>
      <recrowd nocturn="pelicanStumps" felsicGuberla="banian488">
        <runts>platoidAgelausOtiose</runts>
      </recrowd>
      <gillesOrbing botargoRetsina="uvalaUndownyUnrebel">
        <skatolSkellum>latter</skatolSkellum>
      </gillesOrbing>
      <oilier beetewkDolliaEarhole="15494963" zemniSixths="466443575" loganin="tapeBruise108">
        <wawlTrochedProto>undoneQuadra</wawlTrochedProto>
      </oilier>
      <inulinGaseous>
        <latsLaddishUnelect>656956581</latsLaddishUnelect>
      </inulinGaseous>
      <menial veadarUlcerCurat="stownet" shellsJanapan="flybeltSuppedRedbays" hyblaSungha="soekoe" impingeLof="andaman355">
        <isotomeLegropeGenoese>zeoideiMalagaPisum</isotomeLegropeGenoese>
      </menial>
      <fractusVersaUncart ankhs="17851310" adaptorArbiterAporias="398">
        <bilious>immerdOchtOrillon</bilious>
      </fractusVersaUncart>
      <haircut moroNotated="faux" beingsVolentGooroo="koshaScutateBillyo" dortyApis="myotic" vegete="8412">
        <mostra>5622</mostra>
      </haircut>
      <yetis>
        <assartTendant>1</assartTendant>
      </yetis>
      <vishalKnaggyRefers unpureGalores="coaxesPebbledSexton" gremmyGliffDrusy="coingRevealsPolice" lizard="unearedPyrite">
        <babby>809002</babby>
      </vishalKnaggyRefers>
    </tapeatsUnmightCalculi>
  </oryWhumps>
  <bowyersMartynParvise iwbellsPamlico="venallySinward" />
  <subtleDonskyLhd>
    <arioiScops>
      <porkers>stoven2871</porkers>
      <dehorn>
        <constrOnionAppress>leadierSpile5</constrOnionAppress>
      </dehorn>
      <carboneBuzzleSexfid>
        <pilkinsBacaoHeshvan>binnyYellows</pilkinsBacaoHeshvan>
      </carboneBuzzleSexfid>
      <mawkyCarocheSuccoth>
        <translHenbillTorse>boatieLyratedRutin</translHenbillTorse>
      </mawkyCarocheSuccoth>
      <keetAriteHonk alibiesBiffingMockups="anthill" mastrasWakersTyto="saharaSubact1" pardao="crimeanPlanes5" flytedRiskers="alpheanShuteyeBeadman">
        <kamiksOvis>raidersYawingXipe</kamiksOvis>
      </keetAriteHonk>
      <bakshiBobbies deriv="49" duplex="graphis" copyistSpikily="72448756" folsomAirdropChaitra="908753874">
        <dipl>potoosPlungesSpurted932</dipl>
      </bakshiBobbies>
      <fleabagTrouped foppyPapessGars="siliqueQuinite" tarrifyBhotiya="stylishKeened" gladdyAmorismTrivet="abongoEndless" repand="intuits">
        <ivoryWelsGripman>vapoury</ivoryWelsGripman>
      </fleabagTrouped>
      <skillyHaunts gucked="2319081">
        <oogleaLumpish>sikar</oogleaLumpish>
      </skillyHaunts>
      <pisaShojis>
        <clungAdient>delvingPardaos4</clungAdient>
      </pisaShojis>
      <visayaSurtax enif="staring" typhusToplike="61465" muonsFashery="isotelyEnrages" subletsTicca="dartman">
        <elaWales>hoorayBrock</elaWales>
      </visayaSurtax>
    </arioiScops>
    <treacleLeeCamises adular="tention8845" tempDugalBambino="jussiHydTickler">
      <taipiAlpaxHayrack>tinedCorkPlacit</taipiAlpaxHayrack>
      <maskoidAchueteTussers juralHade="ebonsTerry" iglesiaGreats="synchedPumpman">
        <doupSleight>dominieSackmanOsmite</doupSleight>
      </maskoidAchueteTussers>
      <ceasingGraipScraped azulineDepsidSpotty="insteep" hazeledWhangPiously="osamineStatued" beakful="elmiestBlawing">
        <gltLallansNiminy>40</gltLallansNiminy>
      </ceasingGraipScraped>
      <stamnosTemptSholom chaletsMolassySubjack="95030" tulwar="somnusToil" mercers="vitry">
        <bremeScendedNudiped>deline</bremeScendedNudiped>
      </stamnosTemptSholom>
      <roumanRemus bahanBuzziesLionel="diporpa" stof="tudelAvgases">
        <bhangs>36</bhangs>
      </roumanRemus>
      <unmeetHetPhren parica="partook" piproid="7536611" cgmMya="freakyGordian" unsmartEpuloidRitely="suitlyGaffkya">
        <rizzerDamanBowtie>burgout937</rizzerDamanBowtie>
      </unmeetHetPhren>
      <baywoodPoojah matelyHovelJacunda="snavel" mangweHeirs="40" sclerHugoAncome="psw" godlessHauling="bidryPungled">
        <punicaMahoniaRipal>ambeKulmet</punicaMahoniaRipal>
      </baywoodPoojah>
      <amphora anhangaSeizedRathole="thakRouteBulwand7">
        <swalingClot>dibsLyrists</swalingClot>
      </amphora>
      <seppuku gangueRackers="plebifyDarlingBunty">
        <bulbCobb>ripieniRecloseDanaan</bulbCobb>
      </seppuku>
      <ihsAgugliaShogi somiticSiluric="petrelPeriwig">
        <fractur>screichPresul</fractur>
      </ihsAgugliaShogi>
      <gromilDirtsScaly seemed="shopmanSiping">
        <surcleHokes>djehadAnnulet</surcleHokes>
      </gromilDirtsScaly>
      <agma>
        <rubbisy>enclogAlew</rubbisy>
      </agma>
      <ferrelArtlike flitsPoonsRastle="scudler22">
        <parodoiZoysiasBrow>pedrailInfundCanter1673</parodoiZoysiasBrow>
      </ferrelArtlike>
      <tode tangoedGyringSasine="serapisIulidan9882" dezinc="dado">
        <dimer>ilth</dimer>
      </tode>
    </treacleLeeCamises>
    <finkel yokingEdility="gowlandAwarn" coverer="syndicOrpheum" sepiaryDicastCizar="manentKisan4820" gypsyFranklyAwave="terrar" lorgnonAoteaFullams="scawlAwanTrilled" influx="totersAjhar8" impotKookie="weilang">
      <peartenDonzels>sprits92</peartenDonzels>
      <wanhornBelliesDaudit>
        <rajab>20309185</rajab>
      </wanhornBelliesDaudit>
      <tainan fume="sell" pots="3488" feintsLenaea="champ4">
        <morwong>sylene</morwong>
      </tainan>
      <akneeTramaPlaid reesty="391524448" toryishSweetyLacily="sleechLatroOccluse" basinsPavenHau="ganguesDaukNapkins">
        <unneedyTipcats>ixodic</unneedyTipcats>
      </akneeTramaPlaid>
      <blungerBestialUsward revokes="pernyi">
        <sayingHolmia>ahtCanetteProtea</sayingHolmia>
      </blungerBestialUsward>
      <alix flouted="demesCrapingBagani" desuvreUrtica="reisterTiouPotshaw" gadbushSaporZamarra="lanoseNicol">
        <feyness>silkine</feyness>
      </alix>
      <pousy nagsterPsyches="177671278" sesquiCoonier="cerimanStump" fornaxChurnArling="sniteVavasorBubble690" cabackVishal="garrote">
        <ulminGooier>cobossCrakowAncylus4045</ulminGooier>
      </pousy>
      <betossSprayed sinkingLurrierHonkie="alaskasPayessGoner">
        <gurnardFordedConchs>meloe</gurnardFordedConchs>
      </betossSprayed>
      <tinosaRivulet partenWintled="sunlikeBogiesDrownd">
        <soxhletTitanyl>colonerPundits</soxhletTitanyl>
      </tinosaRivulet>
      <lianesSenor>
        <ditt>12810743</ditt>
      </lianesSenor>
      <aquerne abkaryJaborin="512" drossedAsquirmPenlite="halyardLinctus" coryzasRaftageBegroan="sepiost" rampageLangurs="vendeeStoat">
        <whicken>palatalUnthankRoupily</whicken>
      </aquerne>
      <testule joltsQuernsArcanal="swailsAdaysTropic">
        <olchiStycaExclam>tuftierChirperBebeast53</olchiStycaExclam>
      </testule>
      <acadiaSavoyed vetoerSkeets="beduskPerdie" utaCommode="haremsAftward">
        <doteGeraeraDrawls>triga</doteGeraeraDrawls>
      </acadiaSavoyed>
    </finkel>
    <cetylicKernerPicoid usurp="storesAcoasmaBoggy6" whank="contuse">
      <osseter>3789881</osseter>
    </cetylicKernerPicoid>
    <clarUncoftBuckram>
      <forgabChiurm>tollmen</forgabChiurm>
      <conine hirudoBoxheadMissy="pitpit">
        <reiversKersey>obelise</reiversKersey>
      </conine>
      <odylistSlavistShellac barefitIroned="waffCamelSirpoon" leapers="slouchy" coaidPenis="remindsChitlinHosted">
        <vrowsUproars>abietin920</vrowsUproars>
      </odylistSlavistShellac>
      <jezails horsierDosing="9237" akawaiZambian="2" sejeroShingly="haveageMozetta">
        <pretoldZemmi>tideway</pretoldZemmi>
      </jezails>
      <bish dogedom="dongolaPenultQindar" revoir="cuscutaPatmos" hornetsVistlik="lankly" obeism="decream8852">
        <hussiesRipener>sigGratton</hussiesRipener>
      </bish>
      <ooseAltumalManquee>
        <foisonsWispilyTenrec>augusti</foisonsWispilyTenrec>
      </ooseAltumalManquee>
      <waka stooperPayoffBraird="encoopSemeseBreve994" externMower="standupTiddyMurlain4532" gayatri="adeemed2812">
        <falding>novate</falding>
      </waka>
      <alaria tracerSpouses="powdryFrowShirky" lushing="yetapa2632">
        <spieledMealily>295030414</spieledMealily>
      </alaria>
      <huggle wideZein="epidote" stylets="cutely">
        <wigwagsHirmosAuftakt>shakoAlfalfaRomper</wigwagsHirmosAuftakt>
      </huggle>
      <berustHumetty chez="freezyNeiWeeze">
        <tetrantWacs>reboots880</tetrantWacs>
      </berustHumetty>
      <selsynZaparan wirerWhiling="burlaps" emboleStager="coniums7231" cartopReflies="errant" noodles="copiousBrants">
        <dauncyPipsPlak>433983211</dauncyPipsPlak>
      </selsynZaparan>
      <muktiGalabia bootery="yellersCloseupSimoons" haloMozarab="weilangCurlingCurdled">
        <enrankThsant>tamalesDrams</enrankThsant>
      </muktiGalabia>
    </clarUncoftBuckram>
    <khuziMundifyMinnie kipeFykesPueblo="2" kompeniBarbers="cygnine" zeme="8561978" lila="knowsMesicPasha" mozartHaustSpumed="shivyFore547">
      <kalendsJobbery>149</kalendsJobbery>
    </khuziMundifyMinnie>
    <queuesReffing whys="yillsLeftBedolt" peludoUlnas="tewaVerneukPiest" stouthPhloems="holpenHalvaSenones">
      <fooyung>tonletCordoba</fooyung>
      <manticTimetrpDyeable classesSecond="idoismOcreaLockram" potteryJojobaUnhooks="luigi">
        <sationDeadish>shotsHemippeFoster</sationDeadish>
      </manticTimetrpDyeable>
      <repost hibito="8">
        <uplegPlattenHerdman>stelesGrogramCritism</uplegPlattenHerdman>
      </repost>
      <durmast groundy="baume" snupRegentKoorhmn="7779" den="84821">
        <buriatMafiosi>calina</buriatMafiosi>
      </durmast>
      <gooks bestarFlatsIdistic="untelicLeetmenMaratha" unlunar="lawyeryAimless">
        <desk>earbashTunga</desk>
      </gooks>
      <extras sumbul="taygetaMugwetAlanin">
        <virallyVively>647791940</virallyVively>
      </extras>
      <froisse hyracesWhigged="mellit" cizarMannaiaReburst="crania">
        <rizzerBoubousBiasing>hearing</rizzerBoubousBiasing>
      </froisse>
      <ichnite>
        <edplotWised>aahingGherao</edplotWised>
      </ichnite>
    </queuesReffing>
    <upspeakYielded easier="uncartStrettiCrassly" streitPashtoAmlong="grewiaBolters" sloomWhaleryVirbius="zogo5" abettalMeileKunai="fabraea">
      <sitcomsTaxingYizkor>anychiaTheres</sitcomsTaxingYizkor>
    </upspeakYielded>
    <headlySpeeder wateredOutblow="maillot">
      <fisticAstacusBathos>shacks</fisticAstacusBathos>
    </headlySpeeder>
    <usee>
      <sopitesLimmock>9279254</sopitesLimmock>
      <calfTutriceTervee tillaeaReaddOutshow="triglidSoursDisty465" ayenPresideOgygian="pippingReekersMorulas5410" gnatoo="outsitsLuckMobcap" enginedCarayan="alcmene">
        <rectal>derhamRoughen</rectal>
      </calfTutriceTervee>
      <smuggleBindwebRookie impsChasers="bakepanAbitibi299" seabagsShauls="vilerTayerWharfe2" ibotaAbsolve="outwayOutgaveForgab" huefulSateensChinse="sheeve">
        <birthyNeve>boyardsCarr57</birthyNeve>
      </smuggleBindwebRookie>
      <unbound>
        <kalysis>vexAscendCeruses</kalysis>
      </unbound>
      <foggilyHurtersUntripe>
        <zarnecYite>coddle</zarnecYite>
      </foggilyHurtersUntripe>
      <ecdysonCatholePoind mulleinUlemaSuzette="51724" cineolsEpithi="drunkenProzoneBeach" contendCsectsReeder="95">
        <aptiana>poddiesLiverThoral</aptiana>
      </ecdysonCatholePoind>
      <watched bairnie="ledolQuirt" poxyLobed="6952672">
        <rebox>68</rebox>
      </watched>
      <termino cesuras="110040634" ratlikeEtagereDusack="myrtalIcebergLocums6" rootedFoehnsTallero="26178">
        <gargets>harried221</gargets>
      </termino>
      <viscous saltary="malmagCurrish" downsFarrierBogatyr="cajuputTilledKadu">
        <alicula>8077558</alicula>
      </viscous>
      <squalmDustersFrizz briquetStelarCapple="karossIntradoBeams" fadgeDelude="tangileCampy" resit="lepra" outweepCoxaFender="angryLoboloMetic">
        <acromia>tiddlerAthyrisEutaxy78</acromia>
      </squalmDustersFrizz>
      <braunaProarmyRusma>
        <nudie>betonyTalkfulEarsh</nudie>
      </braunaProarmyRusma>
    </usee>
    <pruningAugitic scruffBooterTarried="filtRozumTeaey" dhotyFlited="xema" schulIxias="energic">
      <wicksPhonilyChymes>98061</wicksPhonilyChymes>
    </pruningAugitic>
    <hickyScrubTattle>
      <stulmGriffin>pmk</stulmGriffin>
      <junciteYowes whistlyCoyedCarbons="atenism" kayoedShierLyctid="spunkie">
        <muxDauties>chapman</muxDauties>
      </junciteYowes>
      <weblike nowhereAuntishPeponid="sothisRoupitOveruse">
        <lingo>398026</lingo>
      </weblike>
      <bocardoBarge paloma="sooreynKuffiehShammer" neiSyndAvocet="manny" genesicPannierMegaerg="apandryProxima">
        <frogmenUpheaveLibitum>kingsApiece2</frogmenUpheaveLibitum>
      </bocardoBarge>
      <cheareMobbedUngiant atomismJaredBruises="suist5" rabbity="niobidMoorpan">
        <zoopsia>2125</zoopsia>
      </cheareMobbedUngiant>
      <skited>
        <moueKankieAgaz>lobarBeday</moueKankieAgaz>
      </skited>
      <brutePecora ehlite="madgeGimmalsLoveman" melch="73240789">
        <chagulHatred>loobToozooPatao</chagulHatred>
      </brutePecora>
      <faunchKusha inkingGoldiBarkan="twinismOverway" sootToenail="lemuresRidgyMaimed" pansitSolved="korova">
        <peaveysGiblets>haziestSetae</peaveysGiblets>
      </faunchKusha>
      <sciniphTinosa twankayFoliums="cigaret" spoutsVulgars="debbies" khaScalenaSauced="mazedRectoDaily">
        <bucayoCull>loren</bucayoCull>
      </sciniphTinosa>
    </hickyScrubTattle>
    <ileusBoglet lenders="9640" yearthPrichIlexes="liltYethUnnails" meriterWiriest="sialicKromeSpif" unterse="mutatesComportMater" pasillo="quataCapella">
      <tunsLatchedResmell>paella3</tunsLatchedResmell>
    </ileusBoglet>
    <coriinStumMammock sheeny="legals">
      <ransesTotymanFranco>ramsch</ransesTotymanFranco>
    </coriinStumMammock>
    <annexalCurries achaguaElbowed="lixiveRecash" quahogs="unionedCulpasKeelie8" dibbledResojetHooper="plows" debeCallous="hyptDipsy631">
      <accentsFurdel>flatly</accentsFurdel>
      <kendos cuddleGrantor="72550">
        <iceman>cavdia</iceman>
      </kendos>
      <fulgur razz="ortrudBodleSacela" mariouCanari="irredEyebar3892" hoeyCarcelZant="mousoniGroppleSego22" sportsToothyGuss="shuttenAppease">
        <winnock>nosiestFpspsShrieky</winnock>
      </fulgur>
      <lavingDetruckFullage uncoachImped="cohowBasten6790" finland="872" sinaic="flawOvercupPueblo32" gilpy="5568">
        <camerasPraamCretism>kasbekeBanners</camerasPraamCretism>
      </lavingDetruckFullage>
      <gurleDrouth ariels="sehyo" spikesJusten="jughead3" fatherAlaOvules="strette">
        <beadlesCorydonMacho>wekeenFeudFrumple</beadlesCorydonMacho>
      </gurleDrouth>
      <boweredCoopDirgler pitiers="howbeitLyditeFiddley">
        <antreSeeping>forane</antreSeeping>
      </boweredCoopDirgler>
      <zealotsTamiseFoulard>
        <acinusLactaryRuellia>limacon</acinusLactaryRuellia>
      </zealotsTamiseFoulard>
      <stampee swirls="curbsPuca" menic="97783732" yorkistAlways="coirIncrustKotows" jannock="attomy">
        <bottleScuttaJoys>busaosNidesChiffon58</bottleScuttaJoys>
      </stampee>
      <pommeloRepUntile wheesht="882579773" beckonFlatcapFriezed="zarebaWyrock">
        <punchesPriest>whydahAsst</punchesPriest>
      </pommeloRepUntile>
      <bentingSlare litarge="joreeAvisJundies" lallsDukhnSlt="1162" overfatAmidsBarked="capedJezail">
        <dachasTeratic>fjorgyn3</dachasTeratic>
      </bentingSlare>
      <imputerKileyGreenth ascitesAgnosia="cohortsTanghinScholar" annistApadana="bigotCaszielDoffer" tippingCarrs="66897010">
        <antsy>reaskUpgushToch</antsy>
      </imputerKileyGreenth>
    </annexalCurries>
    <evese flannedDuotypeHapaxes="14" wriest="bhungi" penultsShengFalern="cumularGrugru8">
      <crwths>supaiIllumed</crwths>
    </evese>
    <pgnttrpSoumakBrawest tipperRondinoOpuses="slakier" loosedStrodeScrobis="unmixedCustron" brackyKaama="ogrism" duceTarrier="20" lingsPeavine="karnNeist" babcock="42238">
      <cistPhyscia>lintersHutched</cistPhyscia>
    </pgnttrpSoumakBrawest>
    <actsQuashy shacky="dana">
      <flioma>cotuitRoupilyTraily</flioma>
      <defleshAsarhLockpin dispulp="germina" disyokeCandid="55867400" mangleUllucoFlowage="scantedOpticon" dapsonRouteAnagram="rollLaconicSagital">
        <cowsonWorkerSmarted>quinua</cowsonWorkerSmarted>
      </defleshAsarhLockpin>
      <flaithNonconKnurry gestapoSunketsSomite="fusionYfacks" teetee="buzzerDures" phallic="tuttedRestate1466" cargosAggratePeplus="22595927">
        <tweesh>382</tweesh>
      </flaithNonconKnurry>
      <indicanAllicit eliMungyBulgur="592">
        <savors>wolfdomAccusedPact</savors>
      </indicanAllicit>
      <wadSiglumWezn triedlyDowlessTawers="nullary">
        <tuille>mesquin524</tuille>
      </wadSiglumWezn>
      <marwerSniped earTergiteSiluric="nonda">
        <sradhasPagador>bandyZippier</sradhasPagador>
      </marwerSniped>
      <rangey>
        <flayedOwenian>3571901</flayedOwenian>
      </rangey>
      <pawl blashy="taglike240" queridaHumeralSopper="28338" achenesOmentumHowdahs="chese" stickle="6347">
        <imidsBanjoesMesela>foresay</imidsBanjoesMesela>
      </pawl>
      <jumbledGemmel luoTousles="dungsPrajnaBrawned">
        <taetsiaSick>wornTraveGeechee</taetsiaSick>
      </jumbledGemmel>
    </actsQuashy>
    <hoodman milsieOxidic="barque" bonairJingletAwols="carzeyTenendaGodsent" satanCrocMasquer="skookum">
      <lea>kickerPeskier</lea>
    </hoodman>
    <imaumBosquesBelling>
      <hermo>linguae</hermo>
    </imaumBosquesBelling>
    <gradsTibbuTossing lambly="globuleTankah">
      <zendik>67</zendik>
    </gradsTibbuTossing>
    <intill datsunsPotwork="wursetStatersPayen272" neutralHetairyTegumen="8890" boomier="bovinesCooler" unpinsConvoysGnawed="15969" safenerAcold="tcheCavia">
      <guanins>wemmy</guanins>
      <middy northsAssays="761470" outputs="entrailWeepersGrilses">
        <socialsAbduceArkosic>5</socialsAbduceArkosic>
      </middy>
      <somdiel>
        <witship>fraryCrayonHwan</witship>
      </somdiel>
      <puteleeMydausIlima didleNotateAitches="33288015" crankSherifsOpal="409">
        <artistRiksha>83272</artistRiksha>
      </puteleeMydausIlima>
      <criss carpeBastingLamper="seracs">
        <sememicTaggingFalsie>lwlPasterChamped</sememicTaggingFalsie>
      </criss>
      <belimeMistime flexile="myosis" freemen="goboesHobnobs" cyclHekteus="enlink" madtomNilling="313357758">
        <hunderBiga>parsecsWoozier</hunderBiga>
      </belimeMistime>
      <cuckooCourlan unneedyPutzDanaine="55484" stotingCamise="ethizeUrushiPlums">
        <duplyConicleCozeier>lupins9156</duplyConicleCozeier>
      </cuckooCourlan>
      <recoinsTaraphPerdus>
        <mondes>vobisDeripia</mondes>
      </recoinsTaraphPerdus>
    </intill>
    <rimerFauvesSadleir wheresoLuggies="demoveVadyUrginea" oaseanGurgoylProtend="glycylParers" arrisesTetePresoak="brashy" cangyKlepticJapyx="502919">
      <bocciasSkeinsMallei>moronesComicsMashed</bocciasSkeinsMallei>
      <dingleForkman pirojkiCaddiceUmist="kyrialCowpoxMongos" sink="heezieEmoloa">
        <epipany>nitryl</epipany>
      </dingleForkman>
      <kibeiRacquetFlea>
        <patencySamoaBeshlik>jurantsVenustyCircaea</patencySamoaBeshlik>
      </kibeiRacquetFlea>
      <vamosedDueful decastPeakily="mawsLathenKintra" shinsGranula="2520" fescuesColure="303191662">
        <mappingInsoulLoki>aldoseProteus</mappingInsoulLoki>
      </vamosedDueful>
      <retripDouchedCaboclo overtoeSestonFlaite="granary">
        <waymarkCormoid>docmacToorie</waymarkCormoid>
      </retripDouchedCaboclo>
      <furiousEntail rhythmFubsSixth="rickeys" amaltasGledeLouvred="oracle" vivasFurrowsApodema="suretyKeteneIrishly">
        <clares>cogman</clares>
      </furiousEntail>
      <kinboteHollowsWarua mosseryLaunces="90" compsGreable="pullen">
        <ladhoodKnesset>browisCarkInshoot971</ladhoodKnesset>
      </kinboteHollowsWarua>
      <turnwayEnwisenCirca muskitAlaiteSeraph="aureiSnaggy">
        <murlinSpicesDocked>dinerosRibat</murlinSpicesDocked>
      </turnwayEnwisenCirca>
      <individShaving kaiaksTarlike="259450504" gremmieMedoc="stingerRackanLis2" nake="pneum">
        <fedora>kapaiBrewage</fedora>
      </individShaving>
      <ameersAnesone>
        <munjeetOutsizeBoleite>secundStealsTotten</munjeetOutsizeBoleite>
      </ameersAnesone>
      <unmaskSteel christsPici="taig" aholtModili="pukuFarleu">
        <gummousDhobieAgleam>adepterPlunged</gummousDhobieAgleam>
      </unmaskSteel>
    </rimerFauvesSadleir>
    <riverlyWidget>
      <wombats>souarisDarbiesFunnier</wombats>
    </riverlyWidget>
  </subtleDonskyLhd>
  <howks reefier="muttenDraughtDriver" human="erseBebleedAladdin" />
  <solanin hanaperCensingOffer="outgoDebauchDisport" bulgeLighten="greeing" rattenTorpex="895" />
  <incluseSolver quipu="713247" haybirdColbackComate="amoralEweryPreys">
    <womera>
      <banks>corbleuRebukerApinage501</banks>
    </womera>
    <tensasUngladBottle>
      <unshipsImmiClypei>scorchNolleRekhti</unshipsImmiClypei>
      <owsenPurlerCasuals belies="4389215" wolfed="roupit" fewKethibGobioid="loriTwindle" mesquinEncore="parava">
        <headers>besootJuticPompons</headers>
      </owsenPurlerCasuals>
      <tortilManacleStash wittal="vittleFlypeCogway400">
        <jegGhurryCall>reefierSnashesMilacre</jegGhurryCall>
      </tortilManacleStash>
      <robertsLaces anguishLairageUraemia="poutingSister" rastikFiretop="durrRakitProface116" pernea="alinedPostmenCutlers">
        <sooperOotid>7</sooperOotid>
      </robertsLaces>
      <saltaryDigram wightsWadnaLuser="quaskyStrekeArabs" engarb="jetting" pawkery="crasher39">
        <wentWedana>decoke</wentWedana>
      </saltaryDigram>
      <cornerOctaryMonose>
        <regie>avenous</regie>
      </cornerOctaryMonose>
      <punamu eomeconPlumpy="6993">
        <jismsLarget>mariePhocian</jismsLarget>
      </punamu>
      <ditchTulchanShrews bedewedSuckeny="nohowRhinion" haida="skopetsUnionid" meter="2677" hints="kotwali">
        <seppa>macersSplent</seppa>
      </ditchTulchanShrews>
      <insite unsoot="zingareMoricheRebook" spackleRicks="brochan" mauriFianna="ramsey2" jerquedNunni="284">
        <pedrosPhaserAdharma>akoSecalinFabes</pedrosPhaserAdharma>
      </insite>
      <sasineTentsJat gatherDraweesAmorism="slepezLeerierPuddee" orcinusBaladaPetaly="campBarkeryOrmazd" bundletNorthen="shibarKaguJessean" languePoche="alyssumGats3624">
        <ballant>addaxLadlesVeneros</ballant>
      </sasineTentsJat>
      <moraysSniveyCarrat kanae="molding" paneledPulpal="unspoke23" long="aeolinaArbtrn7533">
        <juise>aneBakedBowssen</juise>
      </moraysSniveyCarrat>
      <sniftHumerus seederNosairi="marvinToxinsXix" labioseRatioBunted="sovrans9" augererPowterHernani="floristBathosAnarcho">
        <stiriaPsalterArpen>mestlenTinder</stiriaPsalterArpen>
      </sniftHumerus>
      <diaxialFriggaSnying haoris="hauntWhetile3034" thecataMoismCorvo="causateRaraJerky" casheenPommageAnguid="4279562">
        <embloomFumblerTaxers>2371766</embloomFumblerTaxers>
      </diaxialFriggaSnying>
      <disomusAgility fiercerTorulaeHalaka="484883500" goutsSandpitHight="55684522" gertieUnshownLyery="humettyQuaveryUnseat388">
        <jawpSerosal>octoseHillerCoppy</jawpSerosal>
      </disomusAgility>
      <refold>
        <doggetAgadic>wonRubying</doggetAgadic>
      </refold>
      <drugHowish flued="7163">
        <drablerSarsar>adoresBiarchy</drablerSarsar>
      </drugHowish>
      <aruLurker jessamyBobble="pitlikeLimmuRynd" eucre="cequiFigboyAider" amenage="glaze">
        <cloots>473379</cloots>
      </aruLurker>
      <forradSmackImmask thereatEttlePrecoil="polemic" pinolinRhodaChacona="metriaBaruDrill" unlumpyJule="minaret">
        <caroledCramelIntrigo>neville</caroledCramelIntrigo>
      </forradSmackImmask>
    </tensasUngladBottle>
    <pilus byroad="drooly" idiom="plumy" pinteErer="unciaeMolded" pantedFrizingRedoes="purohit">
      <decnet>arbalosPutchen</decnet>
    </pilus>
    <durityMorning tertial="dividedBluntieSalva" bathala="zionite" nankingRegally="bocciesHallway" prothylSmugSouchet="1331" erieVerged="tipmostTaheenAnalyt" neuraleKitanTitoism="155761">
      <lapelerGentiinCiliate>46677</lapelerGentiinCiliate>
    </durityMorning>
    <gleydePartonsHarks>
      <junkyBurbles>colaneBathyl</junkyBurbles>
    </gleydePartonsHarks>
    <outbade>
      <peppery>pareticBonzes2577</peppery>
      <rouble rebuffSvc="6" adalatTorchXenic="linageCrimea" sensorsBurkei="916580792" shankar="16094">
        <taiwan>uncauseFlashlyNapead</taiwan>
      </rouble>
      <incede pupateLydianHelvin="aidful" nakederScawWei="5246425" mosteVipers="blibe">
        <peleanSittersDecadi>1861</peleanSittersDecadi>
      </incede>
    </outbade>
    <inable>
      <oughQuatuor>dianoiaAncien</oughQuatuor>
      <fernsVeeringFafnir>
        <sporingLapbCertie>sainDunnoLimitor</sporingLapbCertie>
      </fernsVeeringFafnir>
      <blumea>
        <kaiwiRatlin>odorizeKaharAdvoke</kaiwiRatlin>
      </blumea>
      <obscure wmkJuslik="paeons" himpleHander="boatlyAmenism950" kwanCunanBudzart="99">
        <hellHagiPrincox>viruses19</hellHagiPrincox>
      </obscure>
      <enactor bemaimAsbolan="loveeBallow6851" coccyx="gorge" torteMider="damp169">
        <piceous>tenuresAmpyces</piceous>
      </enactor>
      <forevowNudist mashakAcetumHicky="candy" domical="palooka" vampSumacsKlaxons="karezHoling">
        <okayParges>krillsBesets</okayParges>
      </forevowNudist>
      <initalMorallySline>
        <congeonSegos>thramTaboo</congeonSegos>
      </initalMorallySline>
      <ratings binmen="iztleLassetRackets" amburyBeshout="setpfxAlepineNighly" hereonPureayn="spatesProrataPingers" arcadedAgnamePampers="tomcodJouncesChoicy56">
        <smoot>preacidAcheronPinball</smoot>
      </ratings>
      <elviraAromalZags saigas="subclei" cicala="pongaSmokeyKongo663" askosMongols="culvertFarfara">
        <dyphone>wursetMahajunOrgyia</dyphone>
      </elviraAromalZags>
      <betire titusWarstNaives="habitsOologic">
        <diakaOcque>sorehonCabree56</diakaOcque>
      </betire>
      <bejade libersFossor="68">
        <portioUchee>vrowAgeusia</portioUchee>
      </bejade>
    </inable>
    <heighPrepack>
      <pantedViolous>carnic8</pantedViolous>
    </heighPrepack>
    <equidSoarers>
      <stgDiked>domina</stgDiked>
      <andarko>
        <dhamanFummelRecency>balingBatedKoreish</dhamanFummelRecency>
      </andarko>
      <pursualToxins>
        <beelbowFerliedLossful>6968881</beelbowFerliedLossful>
      </pursualToxins>
      <wadsPicus teached="erieLinalylCutlers">
        <lignumsTurkman>liqJaup</lignumsTurkman>
      </wadsPicus>
      <luredWamesThroaty sarus="enjoin464" ganzie="frory">
        <beduinsLamish>sharon</beduinsLamish>
      </luredWamesThroaty>
      <pinuelaDikelet cabaanWeiner="quickenWarsawsSwears">
        <yisZabermaIsidium>reconsAbaveEnolase355</yisZabermaIsidium>
      </pinuelaDikelet>
      <smethe>
        <verusSociesSignary>padgeQuantal</verusSociesSignary>
      </smethe>
      <alphasScherziRumpade trocars="orgeatsRuddily" eoan="rolpens">
        <colitic>dobFlesherSomitic</colitic>
      </alphasScherziRumpade>
      <molineJambeBah gibelClaggum="heumiteTamales" yeast="howitz" ocelliMildish="elapidSwanJuggle7">
        <ugliestAptsHelmet>473775</ugliestAptsHelmet>
      </molineJambeBah>
    </equidSoarers>
    <affGuaranaUpward blusherUnbentVigone="gerundsCrepesIch">
      <handerTriblet>88</handerTriblet>
    </affGuaranaUpward>
    <vassals>
      <naetherTonsils>lalaquiYaourtiFaience</naetherTonsils>
    </vassals>
    <slouchLipper>
      <meltingLibbraQuarion>520210794</meltingLibbraQuarion>
      <pouffsTindersTopics garratCercal="ginkAdjigerAugite" bantayUngruffQuery="58243480" gonk="hewnMit" domusAnticum="720419315">
        <shapeOcreate>ultimoAdvtPraiss</shapeOcreate>
      </pouffsTindersTopics>
      <slang equinalJigFinnick="461085614" overrim="762">
        <demands>518114</demands>
      </slang>
      <vined rocsCremesSwouned="ruths61" cuboidDiviBethels="nofilePissedStunt" jackyeEyePtp="flote">
        <suffusePortorPonera>flavinsMingeFuidhir</suffusePortorPonera>
      </vined>
      <cokemanShortieYawned>
        <fermataViertelSowl>oboists</fermataViertelSowl>
      </cokemanShortieYawned>
      <purin warbleStudiedPecked="3247434" tunicleCayennePtoses="gonerilEchucaShifty">
        <kiddieGalusha>acetose</kiddieGalusha>
      </purin>
      <demonio waddiedSaging="factorsDotlike" alliesAlypumAmelia="naker966" eucgiaTowsonMunda="fritterSajou">
        <felineAsself>staverBlattiOometry</felineAsself>
      </demonio>
      <alshain mutingFact="axunge" empriseSud="typebar">
        <sorbetsUndeify>layoutSeimas4</sorbetsUndeify>
      </alshain>
      <tramellRastledChetif>
        <lozengeScriver>harlemMidlegsEarthy</lozengeScriver>
      </tramellRastledChetif>
      <flawsExodyClaques toity="youpon" mesonyx="kotwal61" yarpha="adelingMeratiaDuckies" babools="meiosisMeans">
        <guarabuGeratedMajorat>shiesCorosif</guarabuGeratedMajorat>
      </flawsExodyClaques>
      <enent axonostBorascaWoibe="bordun" rodless="owenite" loopingBahuts="kulaki">
        <raptly>shypooMagnaLamus</raptly>
      </enent>
      <nobbutExon clinoidAxonostVigil="dorsel">
        <rapheRowel>pietist</rapheRowel>
      </nobbutExon>
      <dyphoneMomme>
        <germany>gemYarrFellon</germany>
      </dyphoneMomme>
      <tackingScalesPogrom>
        <glumaCete>lucerneUnhosedOutrig</glumaCete>
      </tackingScalesPogrom>
      <endingMemordaTachist retroNutterSkiey="studiaCrazyWinare" kobusOils="roomUtrumSylloge">
        <indolJathaStuds>destroyConcede</indolJathaStuds>
      </endingMemordaTachist>
      <yerbMumbler cudeighKioskBaptize="lacker" hamotziPleas="concursEosinesBices" rickle="slavin" earflapVoter="buckeyeBagreefEbbet">
        <slurred>halversEquatorFacia5908</slurred>
      </yerbMumbler>
      <gunfire>
        <pentaceNonius>hylidsHydrosFaff</pentaceNonius>
      </gunfire>
    </slouchLipper>
    <diable>
      <skidi>asokPeteman</skidi>
      <gigsPhoresyMasaris relatePeccaryCundy="kenya499" succous="yizkorBladder" luxesAlular="scolb">
        <toteYirrsAphakic>seise9</toteYirrsAphakic>
      </gigsPhoresyMasaris>
      <uilyActon artists="boubousKaoline" unfoxedCorvets="quizzed">
        <acastPendens>538</acastPendens>
      </uilyActon>
      <argononIsabelClonal uncross="betulinStumor" puertoVoyeursTinta="duarchCorders9" hempsDeclareRazzing="ephoiJayceePereira2948" smiters="thymeleMojarra">
        <theerEntree>shooterPlane</theerEntree>
      </argononIsabelClonal>
      <implial>
        <cutie>macrosTroilusRondel</cutie>
      </implial>
      <shebeenCallsPassu>
        <unglaze>chokage</unglaze>
      </shebeenCallsPassu>
      <nary laggar="macumba" exultet="5150259">
        <flawful>crampsChakobu</flawful>
      </nary>
      <sullowSizarsDeposer>
        <dojosOthmany>samples</dojosOthmany>
      </sullowSizarsDeposer>
      <quippyEndwise>
        <wisselCowriesCajoled>pontee</wisselCowriesCajoled>
      </quippyEndwise>
      <ruthSunyataLuddy>
        <bialyFungoseByhand>smeechPlasminOdalman</bialyFungoseByhand>
      </ruthSunyataLuddy>
      <sashayAtauntCrimper>
        <caldenPochay>cocusThreoseUprein</caldenPochay>
      </sashayAtauntCrimper>
      <gunplayPompalChile savviesRummers="ger18" trimmerBase="2898681" abends="69678">
        <onehoodInvite>cavaeFuneral</onehoodInvite>
      </gunplayPompalChile>
      <custardParvuli alogism="subnudeWinchReteach" cogware="clayer" ditton="84">
        <anile>1800</anile>
      </custardParvuli>
      <scuttle>
        <tubaeNudumPreage>jabblePisangEnslave</tubaeNudumPreage>
      </scuttle>
      <swahiliRenate isoamylOsmund="unurn" shiner="hart" squaw="taffeta">
        <bledCerusesMilord>5754</bledCerusesMilord>
      </swahiliRenate>
      <humusUncurl saddhus="70825514" kinneryDonnedFigeter="liasingTainoOuabain" welshesFluids="balledFlukesReded1733">
        <chortiPitchesBourre>6360</chortiPitchesBourre>
      </humusUncurl>
      <disbandAntings oldyKandjar="pipa" alterum="camisaPerfuse" vires="affirms">
        <sudsmenSlakinEpopee>turcianShiestCany</sudsmenSlakinEpopee>
      </disbandAntings>
      <enoint abp="enframe">
        <mozo>piouslyPochoirShowers</mozo>
      </enoint>
      <glackEstrayPruners auntersJumpier="yawnPomoOlla" snakish="hersallSlaverFallacy">
        <bightedHainedSten>5</bightedHainedSten>
      </glackEstrayPruners>
    </diable>
    <toitedNankins rorippaMuckyReyoke="254" rabbisHorsts="humificUpwallAriste" puberal="nomnem9" dozens="341" alnuinTargePiazin="arabize" cabinedFerular="washoff" wigeons="paul">
      <sarigue>52054</sarigue>
      <laydownWhished enrib="skies">
        <byepathReflag>corbedJowarsThalli</byepathReflag>
      </laydownWhished>
      <vies bendedStrych="smudged" knifer="dimbleArdeidPeak" plumletIndignPokier="ground" fasolaSegosNapery="feelerGrasserShorter">
        <juttedBdl>treddleGunyangCooties</juttedBdl>
      </vies>
      <flacked sardoinPinhookGigged="8823748">
        <engageGoldiUntired>lawtonCoaptedWorld</engageGoldiUntired>
      </flacked>
      <outsellSewableMacbeth skimmiaVisorsPopify="uralUntz5" guaricoGiblehPrecook="ovipara6454">
        <canadaApelet>33</canadaApelet>
      </outsellSewableMacbeth>
      <toplineArbelaBalete sulkReflet="barytaDeedboxWirra" runless="cheeper" lucernsPodogyn="birlsRestackSims">
        <tokaysGasconsWoolier>22</tokaysGasconsWoolier>
      </toplineArbelaBalete>
      <briningUncoils keywordMiasmSquaws="omnesProsist5239" earsore="latinsArgotDeke" gimbalLac="crucialUboundDealers">
        <ondyOreweedLarums>misniac</ondyOreweedLarums>
      </briningUncoils>
      <yoghDebaserBitted shouterBiliaryPatch="unalive">
        <becalmDaphnia>1787</becalmDaphnia>
      </yoghDebaserBitted>
      <encasedCoilSangho recitedDandledBlinker="blazeContempSeafolk" lottieRappel="naifly" outtop="601">
        <rehoneCliffs>kelimaButsuPanowie</rehoneCliffs>
      </encasedCoilSangho>
      <foxeryHopyard violentWhosome="liftoff53">
        <appui>redust</appui>
      </foxeryHopyard>
      <calycleMopseyPunas shimperSunbirdMonasa="4502099" ungaudy="uphaspButyn" cypridIdeatum="smoogeCantish">
        <burgs>wedgedOnymalTuckers</burgs>
      </calycleMopseyPunas>
      <comdgLepidlyPiddler gnarredCreaky="unpope">
        <inwraptWild>epopees</inwraptWild>
      </comdgLepidlyPiddler>
      <adaptedUntiredCyclops crambeGirleryForeman="palpate" picotsTanling="8886894" ribosos="murex">
        <kransSummaeShalako>motetsGirlieBible</kransSummaeShalako>
      </adaptedUntiredCyclops>
      <loppyWearierNunhood>
        <dewily>dodsSigmateAirily</dewily>
      </loppyWearierNunhood>
      <oversew permix="subcast" dapifer="nashimComptsAbassi" hayers="theatre2" scornsWeblessClypei="2953401">
        <mechael>aetatArmiger</mechael>
      </oversew>
      <clept coitionBaiGashest="quackyDoggies" jegEraserHumidor="sojournAnglify">
        <pinyinDextroZaque>petunia</pinyinDextroZaque>
      </clept>
    </toitedNankins>
    <nthPossy>
      <barbone>148846</barbone>
    </nthPossy>
    <tregetSylva lyrists="scaphaDillueCallans" cockupGooiest="orotundBhunderCopout" biphase="vowersParamYavapai">
      <sissier>blobberCanopid</sissier>
      <gudokTulcanNerols stridGomeral="pedantsAlphardMin" calmierTargedOstitis="tartine4" madroaPrimoSprues="7" hammaid="hine7">
        <latest>tainted</latest>
      </gudokTulcanNerols>
      <zeuxitePavior fraePrela="prosectGreatenPunkt" emitsManeyCliff="arghelStimied2706">
        <gluersPlicaePituri>aquaridShillaPappier52</gluersPlicaePituri>
      </zeuxitePavior>
      <toplineBumbleLimas fengiteMidleg="imageryDeckman">
        <okinawa>mouchRingersHutchet</okinawa>
      </toplineBumbleLimas>
      <oxfordCapsids>
        <slipped>bambucoNaebody</slipped>
      </oxfordCapsids>
      <flambeeBuddy preshipAracari="donet" dallesScootsEstafa="sidheJaborinChoring" gearset="adzerPinhook22">
        <hexamer>yoldia</hexamer>
      </flambeeBuddy>
      <biforinBranksHeist tubuliSopMoisten="544743070" boreism="eudora" boubousInkhorn="anises">
        <euboicBirdeEnnew>lamaistTirritMegaera1</euboicBirdeEnnew>
      </biforinBranksHeist>
      <rimasCubic abuttalFracidRadiary="1">
        <lomentsOutbowlCompony>218924571</lomentsOutbowlCompony>
      </rimasCubic>
    </tregetSylva>
    <decd genicAssotCowpoke="actinonCabio" cardiaePunctal="upbrook606" foiningIdlersBasters="immunolEtwas">
      <gravingAgenize>chedarDemissSummed</gravingAgenize>
      <griotte anotus="chairer" hormistTackler="plasmFagots" loammiAymaraClr="torque">
        <orageSpeciesJenna>lassieAhimsa</orageSpeciesJenna>
      </griotte>
      <rapidInvar>
        <prawn>2373</prawn>
      </rapidInvar>
      <kiddish risk="cur" plaidieWithierThoght="bandingRambled">
        <polaridKittul>blawsDenomUngnawn</polaridKittul>
      </kiddish>
      <themCresylsRakery laioseCalmantCony="shivooKanuka" knurly="nihalBoniestTits">
        <xenialAmpouleSkete>buksheeOwllikeYabu</xenialAmpouleSkete>
      </themCresylsRakery>
    </decd>
    <febresRockySeedlip chrobatScragsYomim="dafterDieriWebworn">
      <centums>tarpsBraizesAdelia</centums>
      <miekDerek mallow="insecta" mangersBruskFora="swim" hippianSceptic="fulthPoindedWavicle" carne="pontistRazingGowdie">
        <foxlike>unhiveRedds</foxlike>
      </miekDerek>
      <dreesCotoroCrewing>
        <acus>bolos</acus>
      </dreesCotoroCrewing>
      <bangiaAeneid eudaAnilau="sabal" joggersFaenas="whatsoAmanousShinza876" ungyved="crizzelUprouteMeissa2612" kenyansCadmia="gunne">
        <enzoneAdvectsThesis>founder302</enzoneAdvectsThesis>
      </bangiaAeneid>
      <butic>
        <spaded>courtinTertii</spaded>
      </butic>
      <colchisBesteerNoncome mpretAdharaUngueal="ungearEnthuse" smickly="cytoidWortleEnrange745">
        <broguedOutheel>tipmostTeecallKantar</broguedOutheel>
      </colchisBesteerNoncome>
    </febresRockySeedlip>
    <kinsAlfirk>
      <brawnyGannetJuncite>702</brawnyGannetJuncite>
    </kinsAlfirk>
    <artifexVicki>
      <gaucySugg>figgyTaurusYardmen17</gaucySugg>
      <pactumBatzRedans>
        <ajowans>assisaCoverer</ajowans>
      </pactumBatzRedans>
      <crummy blether="wallowsRatatat">
        <clivisMoarian>bonnierLakStratic</clivisMoarian>
      </crummy>
      <toxoids perseidStupors="tuffoonFittingMushy" nebulae="434885669" diffund="9446836" fryers="cultist">
        <nyanjaYede>adpressCorrode</nyanjaYede>
      </toxoids>
      <puranaHecticBaffle spankMargent="priced" pactum="83846017" lumens="yakamik" sankhya="caroome">
        <nogging>organs</nogging>
      </puranaHecticBaffle>
      <spousedSpunkCabret>
        <eloigns>840796</eloigns>
      </spousedSpunkCabret>
      <aclemonAromaMiniate cognateYaup="pietistJumbals" kunesteWhoo="twiddly" brazeraLaminasPraying="982362894" ubiquitGuarrauNonpar="gummedEnamdarBialis1">
        <aogiriZoqueanApium>jarraOaks</aogiriZoqueanApium>
      </aclemonAromaMiniate>
      <astrictUnsaved riddlerFascialFumish="moltenEpigyne795" behestChappalTorses="antisun">
        <columnaJatoThuban>upside</columnaJatoThuban>
      </astrictUnsaved>
      <yeshivaRuminaPiaffer begrimeJubilee="ironishRanglerOlympus" fluffPulings="joshed" pirojki="ceruses">
        <electraCrisperFennish>orgicPeaty</electraCrisperFennish>
      </yeshivaRuminaPiaffer>
      <colchisSpirlie joukingCrenaEvene="33">
        <ager>dozzle5</ager>
      </colchisSpirlie>
    </artifexVicki>
    <meteorsCroutOutshut>
      <ploteOestrum>20102745</ploteOestrum>
      <drosserDesmon hexingBeseenLoquat="797261605" dreyDidy="poodsQuent6" herdessZillahs="rainierAlrune">
        <arousalHuari>astartAmarityConsuls4707</arousalHuari>
      </drosserDesmon>
      <aedinePursletOwtchah caromedTussalRitsu="675483" incase="murzaPanelerGiher">
        <acquitTrigoUpwax>mustiesTrityl</acquitTrigoUpwax>
      </aedinePursletOwtchah>
      <cyanus sculksWhummleVanilla="90568" chelideAxmen="oppress" cowingCutRarety="efsLophin">
        <meatmanCohead>agami</meatmanCohead>
      </cyanus>
      <cozeysViseed baconer="gnarsTonicsFeerie" upblowNewsAhorse="stufferOsage" mineverCosshenAneuch="giarre" graver="cathood">
        <isobathUniquesNapes>251441</isobathUniquesNapes>
      </cozeysViseed>
      <attasteTragia>
        <unanimeCashaForgrow>pickaxe</unanimeCashaForgrow>
      </attasteTragia>
      <pedlersLithoedChrisom sucreBoyaux="bejig501" barkingOriginJorums="65889" cackler="godsons7079" gunline="3269344">
        <cestusRuddledSpurtle>archeanMeekestWashman</cestusRuddledSpurtle>
      </pedlersLithoedChrisom>
      <felsiteBillion>
        <templesSusumuBanky>moschiSwilled</templesSusumuBanky>
      </felsiteBillion>
      <guylineCousinDaubing sabalBrugh="mobbieYeasted" trothsSurrahUnslow="78">
        <velvetsEmbrues>exlexOftensToronja</velvetsEmbrues>
      </guylineCousinDaubing>
    </meteorsCroutOutshut>
    <fluffBarmote reffelt="beetled20" estradoIsoxime="croupal" sucuriCoding="pierineIdiotic" middayTiltup="muskrat" exerceViewedCaddle="tecWaird4864" gorbet="tewedSugarVeinal" vailing="spitedLibr">
      <roesArcaded>hart</roesArcaded>
    </fluffBarmote>
    <ifintDolce>
      <holpen>singfoReadoptHerbal</holpen>
    </ifintDolce>
    <gammers gaurie="7025" gambone="augendKoilonShrinky" withsaw="reviewPleasesPumas">
      <shivah>cafes</shivah>
    </gammers>
    <pythonSteriChang>
      <wellmen>2165025</wellmen>
      <bogMunichTaky caplets="mytilus" sikara="824577845" actualRevince="servian">
        <tampionAmmonalAtomy>aggerSimplerOssuary</tampionAmmonalAtomy>
      </bogMunichTaky>
      <cagingOldie conchoFuye="726831566" kojiriTilak="2706" dashesHankul="viagramUnleaveBigate5" squads="57995134">
        <glebae>pumpageStylarPlushy</glebae>
      </cagingOldie>
      <ashame>
        <zilchesLaichPungey>smeerPassewa</zilchesLaichPungey>
      </ashame>
      <doggeryAdluminMantels cornuaCannierBoldest="clipeiValvula">
        <unsteelNursle>plagues</unsteelNursle>
      </doggeryAdluminMantels>
      <teiidaeSmilyEncreel nicety="nogadaHoosgowOutacts">
        <widenTellsBillies>hoarseDuppyTeflon</widenTellsBillies>
      </teiidaeSmilyEncreel>
      <vacuumaBechalk petaly="begsSetonCaplin" sairDeodand="ocypodaCaskingGedackt">
        <instop>pesos3295</instop>
      </vacuumaBechalk>
      <tiewigAdad hereinUltaLithia="quarticLoungedVvll">
        <ovantTinders>mirier</ovantTinders>
      </tiewigAdad>
      <loboloBombastHearted>
        <lazaretMuter>shellerAbasingRedtab5</lazaretMuter>
      </loboloBombastHearted>
    </pythonSteriChang>
    <leavensEpochal>
      <enemyBelknap>6131842</enemyBelknap>
      <dawningHotness midlegsFrwy="trochaVint1375">
        <cuspalLotterJewelry>66</cuspalLotterJewelry>
      </dawningHotness>
      <leersScatts andriasPoopingArridge="mocker">
        <gorhens>baccaraNitrianSyntagm</gorhens>
      </leersScatts>
      <wickiupPrecary>
        <leggyBruchid>358</leggyBruchid>
      </wickiupPrecary>
      <isseiAdducer awinglyTipsifyFavours="soupfinFaba" untineUncannyPanting="7179" cymricCaretta="topSlutchyBaching">
        <saneSpiliteFacies>bladerFaunaAcmatic</saneSpiliteFacies>
      </isseiAdducer>
      <trypaDuimTweag gibbertDoley="labiteToluido" summityScentsSienite="boggishUnmewedDung">
        <torfel>naunt</torfel>
      </trypaDuimTweag>
      <snookerWandoo pinacolRimed="399190">
        <concheCreaserCays>kuge</concheCreaserCays>
      </snookerWandoo>
      <danteSicanaSheuch longer="sciaridMoaFlaker" postactCrazyBlunks="rawestLevulin" wosome="aquaria">
        <middler>5363</middler>
      </danteSicanaSheuch>
      <antaiosBoutons bulkier="rhagonZincateTampang" amilesIntail="littler">
        <step>grate</step>
      </antaiosBoutons>
      <catstep molosseBulbier="gerendaBalli5" pedary="acalephAlneinGeums" aerials="fornentFright9">
        <dwamishBairnie>181983430</dwamishBairnie>
      </catstep>
      <chapel chaloth="arriba" drinkyFeodum="convOutlets" viajacaCayucoBever="nutlikeCentref" pacotaBop="mantua">
        <sinusJours>victors</sinusJours>
      </chapel>
      <messes>
        <draffs>clysmicShedEnwwove</draffs>
      </messes>
      <donsyInulinVexilla dybbuks="39349462" taberEpeiricSesamin="untidalHesioneMyotomy">
        <beduinsBedogFasels>haftsHadbote</beduinsBedogFasels>
      </donsyInulinVexilla>
    </leavensEpochal>
    <igad ileuses="hornetsNibbledUnroll" akongeResided="lendeeAmplest" dikingDiptycaWashes="chimuPagodsPrivata" wimple="945844">
      <bhutaniGombos>favorStewpan</bhutaniGombos>
      <tineal umpRecideGenoas="549246957">
        <italiHynde>chafferPhossy</italiHynde>
      </tineal>
      <drunker asherahSiamese="suaedaCessant">
        <diglotsHaitWhishts>petunseLockrum</diglotsHaitWhishts>
      </drunker>
      <suionesJoel indweltRewakePissing="transomCapraChokers" foggedMarge="agalenaReamsGirja" discus="827" leaMoperTarries="potcherSixte414">
        <ahoySerinus>558</ahoySerinus>
      </suionesJoel>
      <palis plieTrapper="geleesCymeHessian">
        <cockerJibber>gunsTold</cockerJibber>
      </palis>
      <aruspexCerousChowing curablyBowelQuizzee="aftaba" apayaoForloinSuppled="deavesIncorr" milhaPrevueDoina="tinters">
        <pipping>tetany</pipping>
      </aruspexCerousChowing>
      <gravedCoccoid rispBegift="sugi" torchUntomb="disobeyDebusRenwick">
        <nullingPorky>assaltoArchae</nullingPorky>
      </gravedCoccoid>
      <molmenAlignSyrt>
        <upcutEcitonStrobil>7</upcutEcitonStrobil>
      </molmenAlignSyrt>
      <teiidaeLalang luterBuoyage="99" nudies="slayedGirderYoven" manegeDeathinGriphus="minimus7491">
        <stuber>foreverWismuthUsu</stuber>
      </teiidaeLalang>
      <blimpAnouraJarvies plazaAmlacra="bohoVipHwyl7672" peekedDebel="bigram" busmenModredCagmag="hummedCulex">
        <girning>lateralCrushes924</girning>
      </blimpAnouraJarvies>
      <unusedBacopa>
        <haiks>cowgramFotuiRinsers</haiks>
      </unusedBacopa>
      <beagleMovable>
        <corer>kippageRattoonHimp93</corer>
      </beagleMovable>
      <tamping mongo="pitlike9" bibbsHerbish="kegs">
        <cyamoidFaxes>framersCustron</cyamoidFaxes>
      </tamping>
      <avantBadly>
        <enfirmDescend>281</enfirmDescend>
      </avantBadly>
      <ampsKukangMaltese fanlikeAvarian="straikeFuci">
        <goriestBaniya>mckay</goriestBaniya>
      </ampsKukangMaltese>
      <maculasMoansThugged sexistNebalia="unbolts" almeCivoryDunnage="courbUmptyTatian">
        <floralDisally>idlishDisaLotoses</floralDisally>
      </maculasMoansThugged>
      <oilyishNamma corgiKillickPrelaw="89036121">
        <inutileLanitalEverts>arrand</inutileLanitalEverts>
      </oilyishNamma>
      <geckosMinuetsUnhosed delsSkoo="lappageGunongCleave" harminsCurucui="baasEyeseed">
        <meleeSouls>tarpumPheeal</meleeSouls>
      </geckosMinuetsUnhosed>
      <swasher>
        <choreic>thugged</choreic>
      </swasher>
    </igad>
    <wadableSlows randieMinnow="22" turgorsSparoidFrijol="sarawan" buliesSudderRegimen="shagletCachua" basto="longa" junebud="depth6925">
      <shamusSimbil>semiapeMasonry</shamusSimbil>
    </wadableSlows>
  </incluseSolver>
  <foeti>
    <deigns muricidUnruth="journo">
      <coltersAsuri>789994</coltersAsuri>
      <shumac>
        <pusleyUngreat>rurally</pusleyUngreat>
      </shumac>
      <poulpeSabiaOpiatic>
        <unweptMairieZooidal>boyer334</unweptMairieZooidal>
      </poulpeSabiaOpiatic>
      <guaranaSutlery teninoIricismCalyces="amtmenBrede" feculaPhocaFreeing="upfillNaught">
        <siricid>oceanet</siricid>
      </guaranaSutlery>
    </deigns>
    <flackerCadbaitZosma newly="denimCuppedKuchen6" ladened="808224" patten="maulers">
      <lads>asarh</lads>
    </flackerCadbaitZosma>
    <weasels>
      <tampoeLone>oorialInsectSalaam</tampoeLone>
    </weasels>
    <absentAils scrims="83611" turkeyFitchesEstang="devoursChacteKhesari" pectose="symbol" birchesMuonVigas="braccia955">
      <amusedNursy>whisksRabalCure</amusedNursy>
      <insoulsDilo petunseReligGrayish="raperDabberKasm" liquidyAnconalLepton="beetled">
        <caliph>sajou</caliph>
      </insoulsDilo>
      <chinkle kuwaitHaughs="japRemeet" swank="eyriesBetisesCervix" eprosyShaded="piecersBalanusCoagule" ovarianDenned="achor">
        <begorraBethumpResows>isosterWunner</begorraBethumpResows>
      </chinkle>
      <chadsBismiteTonic applaudFroesFatwa="uncurst9" chaymaTearier="siftedGrowanEosinic" bastenKinkhabAam="poa" spicily="152522264">
        <clientsJereedsKlismoi>2</clientsJereedsKlismoi>
      </chadsBismiteTonic>
      <tanierTofter prese="rumsStogieOxidant">
        <rotted>gib</rotted>
      </tanierTofter>
      <dukumaMottsGranger prologsToffKechel="5296">
        <mommer>kvahSireesCnidae</mommer>
      </dukumaMottsGranger>
      <pippenSikimiCatnep qiviutsDetail="littersAlismaBlushed">
        <placit>8771</placit>
      </pippenSikimiCatnep>
    </absentAils>
    <adda bentang="algebraDivans" amreeta="kiss" toluols="gnomic" obtuser="482195" qualmy="spanemyPigdan">
      <akazginJann>erick243</akazginJann>
    </adda>
    <ukasesOfferTemplum colan="ramseyQuellerBusking" lamutRegieSeimas="obitTamiasRosales9046" cosmoidAntiar="polycotCallop" renneTurbehAhab="exalteeHeily" waywardCellose="fanfoldScuffs" intoed="hyp" sleyBeing="cantinoPosca">
      <goujay>crowbar</goujay>
      <jicaque debasesPoley="unangryModesLamin">
        <nested>57697</nested>
      </jicaque>
      <vertuShewa coupon="spewTubules2783" embalm="trollol" sadwareJivaranBolly="oncomeGarle" quacksQuichesSkywave="muckmanArguingSwobber">
        <aprons>87195</aprons>
      </vertuShewa>
      <maniva burkesUlpanimArbor="implex">
        <judgersTelesia>sook</judgersTelesia>
      </maniva>
      <infects sleyedRemuda="myiasesToying">
        <owningPuplike>71319</owningPuplike>
      </infects>
      <modicum plowsInwindsSerape="zloty" fusateTajikiCaffoy="balkishReawait" repines="fusels" voltaicMannire="museful42">
        <mouchePropio>gunport</mouchePropio>
      </modicum>
      <meatureSprose zabtiYoyoGilbert="8966553" phymaHornero="khuzi">
        <choice>hoyleSallow</choice>
      </meatureSprose>
      <skink armillMudee="dined" miltos="matsuri" whapsSoilureGleams="waggerQuinicWoeful">
        <blethePeeryLui>turnerySkiesMontage</blethePeeryLui>
      </skink>
      <roseolaDulia>
        <benzoleCadie>spokyHerneFare</benzoleCadie>
      </roseolaDulia>
      <ninetyUnlowly latomyEmusive="558726" brangleWoodmanShaiva="libkinCaamaAlveloz">
        <adenous>anchorsTreat</adenous>
      </ninetyUnlowly>
      <guyana>
        <heroine>fulwaTraffic</heroine>
      </guyana>
      <attabalPlessor cuecas="foveolaCeriasSoonly" chaises="cutches399" floresBhadonPruner="mespotGosplan877" basinsSinderProvect="8">
        <joblessBowetBustian>plightsToller</joblessBowetBustian>
      </attabalPlessor>
      <mumnessPeckersSargos nappersTagmeme="sedumFarfetAmadan" spicier="roister">
        <caamaFlooded>kalmiaReassayBaked</caamaFlooded>
      </mumnessPeckersSargos>
      <forgetClammy hermoOrtygan="hirple" trocarsBollock="piesBubales" fanningHielandWarrant="neonedsTrishnaCarcan" tercet="unbulkyLogletPrang">
        <serranaTyphus>comptedSudor</serranaTyphus>
      </forgetClammy>
      <joylessAlebush>
        <bhandarDehairBehaver>5</bhandarDehairBehaver>
      </joylessAlebush>
      <sweeredTwenty bearmJells="adamineTurksNicotic" thwartsSorelGraced="savviesHumping">
        <singlerSyunBlinks>currane</singlerSyunBlinks>
      </sweeredTwenty>
      <alaihi lynxesUrinousIapygii="istrianHeredes" mocuckRespue="iranizeGizmo">
        <phosDrawboyJobbing>inrail</phosDrawboyJobbing>
      </alaihi>
      <keensWimickFibril noritClarCarlina="57234263" sungloTussursBuxine="bucayoAnarya3" loroBureleTender="kiblaErwinCubs" enrheumDiobolInkhorn="bewit">
        <alodium>hegarisSpawner</alodium>
      </keensWimickFibril>
    </ukasesOfferTemplum>
    <birlMisknewWanting pulliTambur="stymiedUnwillGironde" soorawnStm="cowmen" pilar="hylidae" needilyGonyLoafs="lames" angico="jestedUnswear" sialsShumacCements="fervorsOpec" maestro="smirksGalops">
      <metedShortia>lapserCermet</metedShortia>
    </birlMisknewWanting>
    <sectorsHarmoot>
      <nanitic>333165583</nanitic>
    </sectorsHarmoot>
    <sanctumAbatonPrep>
      <hobPhrasyTonsor>incult</hobPhrasyTonsor>
      <copolarPuzzleShame uluhi="yowler95">
        <pensGirtsVodun>volubleRotondaMeshing</pensGirtsVodun>
      </copolarPuzzleShame>
      <unshiny>
        <emeritiImpalesHolpen>nadaAstylarOverpay6944</emeritiImpalesHolpen>
      </unshiny>
      <mahdismMamaloiCrumper>
        <vouchFreakedPlasmid>websMancheLamster</vouchFreakedPlasmid>
      </mahdismMamaloiCrumper>
      <seasonEuglenaYapon sewin="gisantsSulides">
        <whatreWicopyAnserin>ground</whatreWicopyAnserin>
      </seasonEuglenaYapon>
      <wood spavitCelt="tyesFilace" arabanBender="dakerWittolsKutcha716" pursletImmoral="569990" engraftPurpartModally="30797599">
        <stayerCarderSkit>557258284</stayerCarderSkit>
      </wood>
      <tapeats amebian="9" javan="batadPennae">
        <scuttleHodderSilanes>cephalaMillier</scuttleHodderSilanes>
      </tapeats>
      <gurtsHokerly canliPiaffed="choughsTerrie">
        <kowtowsRoguery>lycaena</kowtowsRoguery>
      </gurtsHokerly>
      <grushReofferBonding>
        <camisia>onerate</camisia>
      </grushReofferBonding>
      <kempySleever rafflesUnhoods="aielAvarianSkodaic" ulemasBuraBlowout="clariesSlacksItalian" layshipSnortyEserine="gyres" xatAstraea="trammanFatidic">
        <scaenaCynic>whereup</scaenaCynic>
      </kempySleever>
      <skaithy>
        <manito>forblowDudman</manito>
      </skaithy>
      <caldron upstayNines="63">
        <lockyerHiddenTektos>ortive</lockyerHiddenTektos>
      </caldron>
      <broke collunEffacedLibido="whiledEftsoon5" tsetsesCaused="stuffsPremiumMorays" licuala="fifties">
        <tweetSucrase>2256</tweetSucrase>
      </broke>
      <fugato cubageGasperPrizers="waiklyMenaldPlica550">
        <maladeAnaqua>zootomyMolalDecolor</maladeAnaqua>
      </fugato>
      <gaultsBiscuitOtaria>
        <sexOwedBimong>rusinPisay</sexOwedBimong>
      </gaultsBiscuitOtaria>
      <topmastBravuraHourful>
        <oarlessBarras>mairie957</oarlessBarras>
      </topmastBravuraHourful>
      <deadmenCaecity anba="concur">
        <deskOotsBurnie>keawe</deskOotsBurnie>
      </deadmenCaecity>
      <neozoic glacierTaguan="chagrinModel">
        <ninox>silybumBonkersBragger829</ninox>
      </neozoic>
      <shankerFloorerUretic jocoquiCardias="gripeyGazonPiaster">
        <lencaBegaudTenues>hoodoesDorab</lencaBegaudTenues>
      </shankerFloorerUretic>
    </sanctumAbatonPrep>
    <besootDaunter>
      <metepasCodfish>sordineKumbuk6328</metepasCodfish>
    </besootDaunter>
    <throwsClamorVerves coroneRobeCalque="pulpierLeptera" veletaOxalate="backsRumbaedNiall6" bombaxMoosRaceme="rechainLockian" lacerTuffetMissaid="1" wifeletAmicRespace="5850" uniatRonni="5">
      <heiminAzoresFolium>76445</heiminAzoresFolium>
      <unfix cystal="apathyLapdog" sterinLah="scrimeUntombLutfisk" mucoidsFawnerJejuna="credereLauraeOuenite507" bulimic="porkpiePostmenPoem">
        <seamletWyle>2</seamletWyle>
      </unfix>
      <dhunchiWitting legerTwirler="runoutsBeflumZeekoe" wilfredWizardTattler="487">
        <bolomanGowdsLivable>hypesStair</bolomanGowdsLivable>
      </dhunchiWitting>
      <linkKapaiUrochs kaliana="vaconaGybesHerbane" hagrodeJehovahPlanont="sigherShikse" sabulum="brinedNillsThyrses">
        <ramtilCzechsFurzy>assis</ramtilCzechsFurzy>
      </linkKapaiUrochs>
      <targing sayalHaycockWallago="dwt">
        <bielded>egest</bielded>
      </targing>
      <rampickTouareg brulee="127">
        <bumpyFreckenIlluded>hatticColderZiphius</bumpyFreckenIlluded>
      </rampickTouareg>
      <moodleMenurae keetRepitch="80751714" urchinsOspreyKagos="leiss" boikoPlanaea="94">
        <reaverSen>unwivePanmugSerein</reaverSen>
      </moodleMenurae>
      <dunkerEstreatMerels reaves="sheafBannetScrime" fluidly="arakeKey" wakers="lepadidSlipman54">
        <twists>rort</twists>
      </dunkerEstreatMerels>
      <reaver dehornsTabored="tinererBeguin">
        <plexEthnizeFraunch>sid8416</plexEthnizeFraunch>
      </reaver>
      <smallTrots bestinkPilarHawknut="quaveApathy" adenomaCoprose="664" giedRededLimping="welter">
        <vicaryOboletPrancy>whynessInburstQuartan</vicaryOboletPrancy>
      </smallTrots>
      <abbess>
        <featousLunarEfflux>44</featousLunarEfflux>
      </abbess>
      <gutsy>
        <semmitAlmehBiscuit>papaio</semmitAlmehBiscuit>
      </gutsy>
      <ganton haterMambu="redfoot822" beduinLealtyRimal="jinaHogweed">
        <leatmenFondleOpines>menteryTilthFinicky199</leatmenFondleOpines>
      </ganton>
      <simiousSoutage althing="sawneys">
        <godowns>charilyKonrad</godowns>
      </simiousSoutage>
      <triaceCckw erizo="sourcesAccompt">
        <alcondeRepile>jabbleMorinelRelide</alcondeRepile>
      </triaceCckw>
      <pizzasTriolPropane araneidMarxism="nanesGybes" gestion="tupiksTinnier" messet="yucchCariyo">
        <tlingitCorveesTwagger>amassesHugging</tlingitCorveesTwagger>
      </pizzasTriolPropane>
      <klanismLensedPannam enderOxalateAwrist="macoma" tensionLibyan="imbanTommy">
        <sambucaOilcansYeech>diverse6</sambucaOilcansYeech>
      </klanismLensedPannam>
    </throwsClamorVerves>
  </foeti>
</haikalBoblet>