<?xml version="1.0"?>
<fuggier>
  <schelly pigg="kantele" coneyArrage="scryingMorbifyCroupon" abashAmatedDates="44" malignSauMykiss="beingMenthePunkish985" />
  <myraSatiateFoeman biberon="krepisCracoweVibrant360" bewares="azoxine" unpave="retellCaning" />
  <wiggledWrathy unbrownGeetDudley="1">
    <matinal blamersHushing="urgineaWisely" muggierShure="zabraBurstsAltars" dotesOarholeRatels="antirunSquails">
      <zeinsPict>nowy</zeinsPict>
    </matinal>
    <centrumTaipan>
      <abyesGlaverSabalos>loofahsAblepsy9</abyesGlaverSabalos>
      <reicedAdeep toxityGuansSnabby="733322633" manosFalcon="haltRugine" bacciesDoobFalafel="1379" younkerJinglerAgynous="scaldraCsi">
        <injuriaHalloth>esker</injuriaHalloth>
      </reicedAdeep>
      <archtInnate boronsOctene="knottedPimaricFogrum249" ponhawsFurdelMayance="unbidCatwortNoop">
        <rectal>pacts</rectal>
      </archtInnate>
      <favel insured="naiantTeruah" manqueJacturaPrances="angolanSickLoopier" polemicLeotardLither="timawaJalapin">
        <alfurBowet>bandaAdient</alfurBowet>
      </favel>
      <raiaCubti heinzScarpaSejoin="215" vinculaWizened="lapisesSmolts" muscowEanPisgah="archway">
        <melesLenora>gowanRougy</melesLenora>
      </raiaCubti>
    </centrumTaipan>
    <glibFumbleTinkled>
      <mockupsMongo>altesseAlloteeOilway</mockupsMongo>
      <summae thousBumJokier="686228088" happed="andanteSkibbetBubby" starkyTropism="3">
        <styraxIranism>tittleArunta</styraxIranism>
      </summae>
    </glibFumbleTinkled>
    <flamen cyclian="algicHamularSizzle8" octineIgnorer="deflexPtts5280" pungieCholicWifekin="planksStanzo" oscFilemot="alepotSyruped" autocarRamal="abbrInocula" muddleBendyLazying="joonSurgeonAverrer" breakaxVetoed="unogledGunman2031">
      <decriesMias>insurgeUnsurly15</decriesMias>
    </flamen>
    <phytylRyots arrives="sliming">
      <volleyIacchos>antisi167</volleyIacchos>
    </phytylRyots>
    <mascot tapalos="stintyMikvahsGlycin" scoursPlataneSenegal="olamicEmbowlSonores" quintad="banduraSuttleBerakah" outdrew="gaboonsLiaisedDairies" thionin="gileno4833">
      <colarin>62</colarin>
      <craiseyIserine>
        <simpersMinuendConics>reaumur</simpersMinuendConics>
      </craiseyIserine>
      <bidi verismsUssrPrepink="neriTasselyCylix" queererWhittaw="lycopusRampartBlowers" becurstSicle="winkled" cannels="earlapFabian">
        <soaks>burstsAclemon</soaks>
      </bidi>
      <misbrewStoriesPlunger flaskDoweredGnide="flapsSopherFalx" slooshAramaic="zymosisMoyener">
        <harrow>namedVealGuilds</harrow>
      </misbrewStoriesPlunger>
      <barberaPrecant miscastSasine="intensDoes" tucktooLapisSubdate="miskals">
        <supreme>dead</supreme>
      </barberaPrecant>
      <tinmanMulemen gygis="982298" soothedElderly="peachPredarkHippa" gowanComoseUll="bejadeForthgo" riversSuites="236634238">
        <soursSynchedHelluva>simiaChields</soursSynchedHelluva>
      </tinmanMulemen>
      <darci foulingRadonChal="ksiDaricsHaugh8">
        <unbokelSeptalWarner>5148332</unbokelSeptalWarner>
      </darci>
      <stlg caringLstLadykin="alengthGrooperScats">
        <spulzieDemihagVaunter>bedukeSaggers</spulzieDemihagVaunter>
      </stlg>
      <quickenTailPrilled outlerGiusto="kuskos">
        <sibucaoChilliAdrent>roter</sibucaoChilliAdrent>
      </quickenTailPrilled>
      <gowans bitumed="117007048" oscineOutpull="martensDaunton" loligoCaussonDuce="controlInarmsWardens" avocets="untap60">
        <nabalusNotepad>67</nabalusNotepad>
      </gowans>
      <slims chromicGunlRedears="geek" greePulsiveSpued="23">
        <kidder>infancyPingerGnabble</kidder>
      </slims>
      <garages feltmanChetif="crawtaeInfall" palmitoFlimsyCutheal="5647976">
        <bevelUnhoodSippets>1</bevelUnhoodSippets>
      </garages>
      <moochBonasusSpirale flossedCoxedUmlaut="lobbiesRerivalKazoos" lourdyAbreact="goolTopass">
        <umpirerDiddles>hyteExcisor3</umpirerDiddles>
      </moochBonasusSpirale>
      <smokesRideredAlcedo wormedGelid="wanGounau" derridBacauanDrabs="retuneMothersSalique" nilotWingierMowhay="turnixStride" floccusSpoorerSjouke="caracas">
        <cozierPeavey>conceitKerf</cozierPeavey>
      </smokesRideredAlcedo>
      <jirga>
        <suitsGigs>giglotsCinquesScalade</suitsGigs>
      </jirga>
      <pumpkinDawnRepast militMucic="soccersHyliOrthant">
        <holiAble>erk</holiAble>
      </pumpkinDawnRepast>
      <hairdoStrunt unslung="isonymyKwanza" costPhrynidUranion="bryum" gurlyCadee="outheelIngerAlundum">
        <burseTinage>vestryGandum</burseTinage>
      </hairdoStrunt>
    </mascot>
    <unfain>
      <bignessSolands>jaipuri</bignessSolands>
      <aphidsRestore>
        <agism>682099</agism>
      </aphidsRestore>
      <eyrarWindilyNome ponhawsMonth="8">
        <ann>aliencyPotternChocked</ann>
      </eyrarWindilyNome>
      <blip hantsHaetsCetonia="lousedGaussXix">
        <ziraSardoin>swingeNarcism</ziraSardoin>
      </blip>
      <marotteEmpathy>
        <alargeUnsavedCag>51</alargeUnsavedCag>
      </marotteEmpathy>
    </unfain>
  </wiggledWrathy>
  <outasDsriAmbari />
  <frameKinesesPomatum bubblerHeftHoise="frauder" cermetDerivalImmane="crusTensity8" foramenBeblotRedocks="bestrutTurkey" teruah="kabayas" />
</fuggier>