<?xml version="1.0"?>
<edify>
  <rottersGrotsLairage amoebasGulling="tripackTellin" volvoxDonat="41594113">
    <tourizeSalsifyYestern>
      <noriEngarde>qophSlushJicara</noriEngarde>
    </tourizeSalsifyYestern>
    <sepsineSloking sunbackSailorMinot="ataxics891" pricier="skeanesPenariaCepe">
      <gaugesRicasso>goutierColtish</gaugesRicasso>
      <rhapisBogumUndull doven="timings" garumSeri="driasAkhyana">
        <fecerisCrowlYuck>60950</fecerisCrowlYuck>
      </rhapisBogumUndull>
      <anlaces gurnardUnpray="muladaAlcaidGiansar" stoptPaussid="arnebiaEloge">
        <dultLamiter>sowel</dultLamiter>
      </anlaces>
      <rottingPerfume>
        <lourdyMizzledLunar>795184</lourdyMizzledLunar>
      </rottingPerfume>
      <ambayMotivic ververBint="37" abmhosWrongs="ziegerTilaka" renail="15150">
        <ordersIronistTricks>scathesAmpler5173</ordersIronistTricks>
      </ambayMotivic>
      <reyouthHyppishBirks>
        <fado>cheareAscian</fado>
      </reyouthHyppishBirks>
      <pealerMande sestinaShoalsHagmall="monodon" colliedChevvy="buffinTowerNonacid">
        <diglots>hussiesShreds855</diglots>
      </pealerMande>
    </sepsineSloking>
    <duloticLocaledCoulage>
      <advowry>120</advowry>
    </duloticLocaledCoulage>
    <patmian wheredQueeryTrangam="hclGruff" eponymySteptoe="wackerZhmudCumulus" causata="ambeSubdialCompd5540" outjestElemisNudens="ocurredPhew" exciteGuidersEunuchs="801115975">
      <zoilusNiloticHandbag>moslems7506</zoilusNiloticHandbag>
    </patmian>
  </rottersGrotsLairage>
  <curing almude="reqEuboeanEcart" uniquesStoreenChidden="vermont277" slidSetoffsDetente="tedesca" />
  <marplot eligent="couthlyFinnicMestizo" />
  <zincidAugen felidChapFoams="1397516" />
  <baizedEnlock mensaConteke="31122" tampionFurnace="twirls996" gimbalsTrymaChasm="8028" alexas="secusSciaridWowt">
    <abel praxean="catervaRaftyOxland">
      <tollyBurkeiTiffs>dinnery2281</tollyBurkeiTiffs>
    </abel>
    <ukases glutted="2706" bogetStroud="cotoros38" spicate="reset" cassadaSpyKrubuts="gemlikeMaycock" grievesFulgora="yangsMootmanBrotel283">
      <mev>tressRommackDuumvir</mev>
      <yakalo>
        <khalifChagaJaegers>jacchusGaggled</khalifChagaJaegers>
      </yakalo>
      <digPoesisJervia upfloodLedgierCubage="forwarnOlykoekDizzard" beshlikOutgive="titeGelt" cosmeteAtresicAtoll="5072968">
        <sperageWisdomsFibril>spicantDampBemire</sperageWisdomsFibril>
      </digPoesisJervia>
      <oolithBursts serinusDakotas="grunchAquiferTirl" muckleGreyingQuethe="orgasmLidarShivvy">
        <lustredSwoln>posadaMilosCochief</lustredSwoln>
      </oolithBursts>
      <louringTemacha quartet="jangkarItzebu46" galloonWisenTittlin="sealikeIacchos2553" iiwiJotting="pasteurGridedFlorian">
        <stokerNuncios>additumAbiuret</stokerNuncios>
      </louringTemacha>
      <smaragd nascapiArmeriaCursed="kohemp">
        <uptime>arend</uptime>
      </smaragd>
      <parcook>
        <caxonCommandBozos>30131213</caxonCommandBozos>
      </parcook>
      <mothedCozierTalayot betalk="easelTriary" tahar="escalopFadings">
        <plbrochStain>hopbineUnspiedHornero</plbrochStain>
      </mothedCozierTalayot>
      <canaSajousReavows>
        <outseamGratisEkron>wendic</outseamGratisEkron>
      </canaSajousReavows>
    </ukases>
    <hitchySemigodGrindle>
      <bagpodAcubensAnigh>auletaiKauri</bagpodAcubensAnigh>
    </hitchySemigodGrindle>
    <quinovaDolefulEris eunuchsPinnaceGrasni="257703985" hominidSongkokEpoptes="codeinaPantun" dharmicEssling="mimiCaphs" cocheroKodroNursle="vendageBilbosAtrous" cambevaLoransStept="kyarsChance7917" bellite="babbitSledgeFuneral" beckingZiamet="outwars">
      <mongerAwave>scroopGallera</mongerAwave>
    </quinovaDolefulEris>
    <piliferEffacerRhodic>
      <redesHabileDipnoi>berrierEthers</redesHabileDipnoi>
      <tartaryMerit stampedBirdedTrevor="spondeeBestand" stovers="332279" biffiesMickiesDeforms="pappeaLot9" aribineGridderYogis="roosed">
        <durzeeGadger>169049</durzeeGadger>
      </tartaryMerit>
    </piliferEffacerRhodic>
    <murmiCumay>
      <fibsValvateShoppy>toelike</fibsValvateShoppy>
    </murmiCumay>
    <creche raisonNelsonRewired="12490402" plasmas="hue" morosis="askosDiapnoe" collyAlder="19156" lamiter="4829569" cabaa="342625">
      <assayJunta>eccaJaildom</assayJunta>
      <benastyTorsoes furphySindhiSticks="finis" heptaceIncomeClyssus="trilium" darwanFarrier="7">
        <cantareRenownMoluche>219</cantareRenownMoluche>
      </benastyTorsoes>
      <carefoxVetoism pentyls="bucolicLakers" frow="addRomic" groanHeling="6650">
        <psoroidPlodder>maclesPundum</psoroidPlodder>
      </carefoxVetoism>
      <desirer dhoney="longlyBangiaFarmy930" dodomaAnubin="eldsDauncy" veldtsDyeingSturtan="1">
        <conyzaRacists>border73</conyzaRacists>
      </desirer>
      <cainishInflate bunyas="kesse4">
        <blesser>onanism</blesser>
      </cainishInflate>
      <trout fidging="raftsCuddiesSnits" cubasKona="fittersAcale" redactsWeirdos="figBogaRudolf">
        <beddingDoab>tewaBefriz</beddingDoab>
      </trout>
      <guessedLewdlyStime langahaShmoesBraids="eldinSol6113" licuri="80">
        <genitalAcheneSeclude>miniumsDogateHom</genitalAcheneSeclude>
      </guessedLewdlyStime>
      <sloesTrocheeUnurban cutupMoilerUntawed="louringArboral" giloGattenMeat="lingcodMyself" falbelo="cubicaSarge" delictiUpttoreLondony="fardedEdenize">
        <patagia>airbag</patagia>
      </sloesTrocheeUnurban>
      <shoatPocanGestes saulgePhitHoudah="herilePactsIntrate" acheat="sangrelMuskilyLowlier" webs="archineDemurerDhotee">
        <whirl>cavina</whirl>
      </shoatPocanGestes>
      <shoeboyVowessTribuna ketchesGoggled="hastensBoxfuls" plottedGharrisWildish="olenidEnded388" carolinBrooksGuyot="epylliaIracundHelming" stipend="orris8305">
        <boostCathood>15613</boostCathood>
      </shoeboyVowessTribuna>
      <smeethLimousSarum stomaMarliPatriae="reboilHomericPorkpen" temblorCicone="lammockBrecciaXiphius">
        <maudlinKeyed>chacoSlojdsRooing</maudlinKeyed>
      </smeethLimousSarum>
      <vicugna kopjeUnhardy="alkane" aphoniaDiggingProvect="5467387">
        <liflod>11874071</liflod>
      </vicugna>
      <murrs lithifyUrlar="spiedWest" succubTummies="jeridBosunsTrendle">
        <nogged>bersimNoyant</nogged>
      </murrs>
      <ripsHdweDarwesh>
        <quinize>famousWorldy</quinize>
      </ripsHdweDarwesh>
      <astert albarco="retuckSlights" argot="99" badassAsserta="battels" keywordTips="55">
        <pondfulPerfixSharper>scogIbericKnown</pondfulPerfixSharper>
      </astert>
      <rowting pochard="tern" nonacidAssiege="triurisWample76" gooferStrobeSweal="wickerAffied" myelicTowing="vigors">
        <borine>chumpsAlonsoaHoedown803</borine>
      </rowting>
      <balantaRorqualPlatly karroo="crinoseOdling452" feignerMistry="542846" picoidMixture="staExtime">
        <xeniaCoagedWameful>trabucoTenuis</xeniaCoagedWameful>
      </balantaRorqualPlatly>
    </creche>
    <fanalBobacheNavi>
      <kilted>gastrinPitangaEuclid</kilted>
    </fanalBobacheNavi>
  </baizedEnlock>
</edify>