<?xml version="1.0"?>
<waxersTympany>
  <griped trouts="dismit" bealachTomand="unbuildIlysiaUnornly" />
  <dumpilyLemuelWorths karez="sider" raggee="uranylWirebar" grittle="garo78" outpay="coagulaSheolicRodsmen" />
  <terrorsPhenixAmmines />
  <powersRenownSozzled khakhamLabredt="depose" dishpanNabal="odylismAvoids">
    <laziesGrieve>
      <tyroChromid>bubalis</tyroChromid>
    </laziesGrieve>
    <lacticTybalt follows="fotiveDelictsMerse" rooksCarverLysis="tinfoilCharlieSybotic" reaved="tabeticOxy" sacraryAloetic="82349827" intoedKinetic="siouxBelk" thinlyLigatesHadjee="roed">
      <andrite>comitia</andrite>
    </lacticTybalt>
    <caste>
      <manurerBrushupLutfisk>chidHauling</manurerBrushupLutfisk>
      <aliasJussel nereidsFennel="2397245" currishPrevoteBewreak="amassed" nawobAlluvio="arsenal">
        <galchaTorpexJotting>eczemasLimbicNovelty</galchaTorpexJotting>
      </aliasJussel>
      <cheepyFlakersGlutens epitriaHeilingSuld="mope90" gess="liebigZaberma" speteVestalsHsi="arsacid4301">
        <bedewerGillarBunnies>762630</bedewerGillarBunnies>
      </cheepyFlakersGlutens>
      <mudras mouthyCocoonsAdits="hattyMethodDolts" arachinHognutRebasis="9144">
        <garagesGehennaHaine>cooeeChacte</garagesGehennaHaine>
      </mudras>
      <annexeCronus doggoWaterer="4265499">
        <shedderKeeps>khajurVotiveMarc</shedderKeeps>
      </annexeCronus>
      <cloak truces="calumetPltano" smoppleLiflod="remetHump" doubtPickout="nirvanaLutea" suiformMna="cyamusCaviler5326">
        <numero>ufoTripack</numero>
      </cloak>
      <faints coladaAhaainaDalf="strafed756" gerent="8">
        <amixiaWallach>furoreMymarCottony3344</amixiaWallach>
      </faints>
      <wottestMoloid>
        <endarchQasidaTabers>haemalGuffyDiasyrm</endarchQasidaTabers>
      </wottestMoloid>
      <featousTigreIiasa tintageUtility="3985603" skelterSuddens="twofers" scapExpert="seinedMadhabBare" sextic="nopals">
        <ourangTartsCoca>scowledJarl</ourangTartsCoca>
      </featousTigreIiasa>
      <his monkismMainsTayrona="drestInfixAgritos" pivotalDamaskSlidden="823909">
        <gabbed>caresZaque</gabbed>
      </his>
      <gangsa>
        <nasalsPilpay>4156290</nasalsPilpay>
      </gangsa>
      <foray oxygensParaph="buskers" spritty="travissTurquetBiacid9" plumadeAsarin="commit">
        <geet>burgles</geet>
      </foray>
      <goranYodles dryadicAdawe="lungfulMantic" staupSext="garrickHairnet8192" outcityRejoiceRuminal="lintieCyke" besidesAlalusElhi="unlChisled">
        <graphisKashi>waceSequins</graphisKashi>
      </goranYodles>
      <abollaeFordam unovertNiffersAhu="pimbinaMutilla" tusslesJaszBarbola="keened478" erodeGabariDobbins="pilcornSurfmen" juticRenu="mamsellSeldChalets134">
        <frisado>5361208</frisado>
      </abollaeFordam>
    </caste>
    <grayishCryogen marhalaFracted="2285" flaunt="deimos" schocheCytasicNature="uparch" tapaHeard="162753952" flemBahumaNowed="milesPalmin">
      <tent>ateuchiLadyismLanker</tent>
      <exsertOcker wurst="kalangBrunionUnbolts" potent="1413" donnerdDunkShark="44389">
        <kome>laundry</kome>
      </exsertOcker>
      <serdarFliesFrigid drinkerMarxianTharm="opener">
        <lithely>slimishLardry</lithely>
      </serdarFliesFrigid>
      <yeltRfsEnseat>
        <elatersSlypes>puranicSyrupyPlagal81</elatersSlypes>
      </yeltRfsEnseat>
    </grayishCryogen>
    <farcer vulcano="yereSnig" ooid="gaugedGestateTwanky" hiringBurans="pinkedWye" palgatXystos="87019681" pinkoUpheave="jaimeSyrmaElegy">
      <pastors>bogetAumousCedrus</pastors>
      <pontifySalvosBrawlie hewed="gyves" cremesFlanken="425621" damagesVenerer="settledBrakie75" mucinsSubbankHunfysh="unsparPompal">
        <besides>87259027</besides>
      </pontifySalvosBrawlie>
      <kingsThongy encyclSallies="boaHagfish" ripenerParr="uintjie">
        <hoary>websScriptRatine</hoary>
      </kingsThongy>
      <encoredDrillSmicket notchy="indued" inhaulArseBarfed="634" stichosWer="notour" realiseSag="haupiaBanjos">
        <cretizeAjowansSelva>798741</cretizeAjowansSelva>
      </encoredDrillSmicket>
      <miniousTuskarLounged>
        <emulant>thereupNockerlSlimier</emulant>
      </miniousTuskarLounged>
      <luddenRoachScend debeGremlin="yade">
        <torrifySabeing>kishon8106</torrifySabeing>
      </luddenRoachScend>
      <nervalThymiNick cowpockSnuzzle="sabalCystic" seaxDoubtManquee="phidiac">
        <trottyPursual>maftirs</trottyPursual>
      </nervalThymiNick>
      <ogygiaSapsapHause mahouts="pugil" aldersRemarksAgonic="subbiasAboradDessa" africSanctum="haine2951" robotsIttria="uncakeDunkersPincer8981">
        <resweatMullsCath>930113389</resweatMullsCath>
      </ogygiaSapsapHause>
      <tuner indnRufflyCullay="ayapanaHansomPaschal" kiblahsSamiels="deiseal484" gudrun="7604068">
        <neapsHostie>jorden</neapsHostie>
      </tuner>
    </farcer>
    <sphyrnaWoofs>
      <seinesYatterIctic>shiersRedbugWhoosy</seinesYatterIctic>
    </sphyrnaWoofs>
    <bruetMetrist>
      <onsGleetTooling>rampageEydent</onsGleetTooling>
      <chicsAbey bella="jervineFourreAppay" iritisBilabe="youden">
        <beadleWeighEggfish>lier</beadleWeighEggfish>
      </chicsAbey>
      <archit cowryOrganumFibs="twoferFinificIsomers" woofellBenday="corerDetour">
        <resever>negRestes</resever>
      </archit>
      <eyedSuomic fulmarsStumpy="suiform" teinder="playasPokeysIberis" carafon="freedomUntileTaylor3879">
        <klnSwissesLouis>31</klnSwissesLouis>
      </eyedSuomic>
    </bruetMetrist>
    <snastRougingAnomie>
      <trans>37308</trans>
    </snastRougingAnomie>
    <timothy>
      <skysNudity>1110539</skysNudity>
      <dazaBlowsySerdab>
        <liraSpoorsChemick>encagesDingedHirudin</liraSpoorsChemick>
      </dazaBlowsySerdab>
      <stoicalGnabble oquassaLoreMxd="mistedTroking">
        <mammonsLowserSissify>853342520</mammonsLowserSissify>
      </stoicalGnabble>
      <nippersMonksGag canoingRejects="57" levee="183820" trigos="taxerErgane" kas="chips">
        <pipefulRevealNodder>bigotWarnersTore</pipefulRevealNodder>
      </nippersMonksGag>
      <unfoxed galerieLohana="268599">
        <grivnaBumboatScrin>anahau</grivnaBumboatScrin>
      </unfoxed>
      <stanzeLumpyTowght goggan="bransle" lightenBoxed="moradaAeolidGondang" morsalNonskedRootery="dragees">
        <markkas>krems</markkas>
      </stanzeLumpyTowght>
      <subg convect="chin7" flackedNodesFoining="laxate" yessoSeaveYouden="capric" rerankRefugeAuntre="sunlikeUnfrock3">
        <dogcartBlotchy>117503</dogcartBlotchy>
      </subg>
      <solids biskop="pioxe" riverPeans="aquoseAzan85" begani="ferd">
        <gawn>7751672</gawn>
      </solids>
      <schouwDimTaels firns="vituperDebarksBeret">
        <milchyMescalsAttrite>turnpinGoaling93</milchyMescalsAttrite>
      </schouwDimTaels>
      <trousse azotedPackeryEmeril="fyrd" gramSnaggy="sueyMobleYeat9466" rypeMinoRanales="sciageUmiaq" siresGloomth="gunksThraces">
        <tingleScrowAirmail>snottie7441</tingleScrowAirmail>
      </trousse>
      <dilatesPaula backing="shiplap" decksQuemely="hakuPoohsFirkin" yeggEpinaoi="tetotumDihaloAnjan" spiremMuddiedDomini="reseekFinnier">
        <otacustSheeve>baubleDoghead</otacustSheeve>
      </dilatesPaula>
      <noddersGuarabu rakanCrappinCufic="4" graianSnooveEvang="polypi" swains="kharajMarlockIther" worstsSkewingGladdy="scrimeTawhid7">
        <honanTidder>4025178</honanTidder>
      </noddersGuarabu>
      <drublyWiversTurning>
        <tektosiEvolate>tsineCowPhaca255</tektosiEvolate>
      </drublyWiversTurning>
      <ningAcrook bayaBuraChauna="plak" emperyFoutra="caimanReshoe" leipzig="322578">
        <godfrey>amokePrayersMongler</godfrey>
      </ningAcrook>
    </timothy>
    <kookaUbii brushedSahoAngami="strives" hakimsInnage="1696" epihyal="basculeImplumeAppui" valenceLapel="728" extant="booksPps7">
      <balmGoodies>hosannaHordeum</balmGoodies>
    </kookaUbii>
    <burnupArroya semikahMetingGlary="espritAraca804" sobbing="gnomed" yarkeCaeciasCausata="laurus" mtnBarghLyart="paussidEscalinUlmus" fleing="grouses">
      <saiga>fennelQuawBrute</saiga>
      <fillaLagend bhaktasCodlinRacquet="16620" ravineyTophet="nagnailRabatoEnfoil" aracanaWanningRenames="rioters" prinePlanked="mutus">
        <wealdsSkaterSchmeer>adight</wealdsSkaterSchmeer>
      </fillaLagend>
      <daintyPlanxtyColumns ferriesMauxScrew="menkindOutleapForzato702" ghoulWissing="dabblerMetayerCurring" bardashInfangGalilee="curitesViewier74">
        <boloed>smellsDago</boloed>
      </daintyPlanxtyColumns>
      <aku odsTyronic="guerezaSwamp499">
        <planetPudgyAmyelia>enfavorBuffle</planetPudgyAmyelia>
      </aku>
      <ternedEagles>
        <poshlyGrusianSpear>solvesEcoFrouze</poshlyGrusianSpear>
      </ternedEagles>
      <swoonsQuashedJawp altinOctoicTenoned="upsendsTricked" passimBulwark="5976538" bizoniaAlumianTythes="pong">
        <limitsChemick>tandoor</limitsChemick>
      </swoonsQuashedJawp>
      <baburdBinomyDreigh>
        <acacineJasiesSerpigo>thatchSidBailor</acacineJasiesSerpigo>
      </baburdBinomyDreigh>
      <solatiaMetreme libbers="kuttaPlatersBlaugas">
        <number>checkerAlewhapRanters</number>
      </solatiaMetreme>
      <danite>
        <mickeryFiglike>5</mickeryFiglike>
      </danite>
      <caspianNaikTangoed papuan="tapistUnusual">
        <ukaseVanadyl>waning</ukaseVanadyl>
      </caspianNaikTangoed>
      <prepped cokerMistimeDoz="ligninKalachBeslave" dillPandar="taluhetHiemateFating" errandTwingesUrate="doltMiltier">
        <pricketSauraCherish>fennels</pricketSauraCherish>
      </prepped>
      <bifoilQuartusNepit faecula="cajou9342" susanee="2032644" shellBiffiesPomps="58340678" retreatOzias="naggish">
        <doorsUrinesIncept>gedecktTakaParcook</doorsUrinesIncept>
      </bifoilQuartusNepit>
      <jolts jeanyTalloelJouk="poods7067" shaktiBashersRajahs="crosbyLanateMould" playsHarijan="wriest">
        <orrowJiffies>tectureTonkinMuscat</orrowJiffies>
      </jolts>
      <eftest cassabaGlinse="aeratesSebaitJewing" cheerosFlavin="451" koriPremed="8140" hotsUnwares="veadarCodman">
        <unshout>117</unshout>
      </eftest>
      <satiateChubb stegh="manobo" holpen="806" mumsBanselaHillos="pedleryMowana">
        <dryGummoseUnship>bremelyAlum7536</dryGummoseUnship>
      </satiateChubb>
      <utsuk>
        <stogaCopoutGuiled>29</stogaCopoutGuiled>
      </utsuk>
      <parkishIodide bullbatWidower="boltiNoesis">
        <galerieWhitey>clemAlohas49</galerieWhitey>
      </parkishIodide>
      <peltLilacky ataraxy="fidGable" arukeNasat="9930">
        <afresh>maticoSoriticSuaver</afresh>
      </peltLilacky>
      <thioninAtaxiaDoweled tutorAnimineCarbona="unfiberMattyBillian">
        <prestsGawmTapetis>galeidAltaidGlub</prestsGawmTapetis>
      </thioninAtaxiaDoweled>
      <cornell zitzithLassos="maritaBilletyDebbies1378">
        <yoniRuellia>meltersPrepays</yoniRuellia>
      </cornell>
    </burnupArroya>
    <branle drouthSway="524986">
      <sendFixesRavin>barkeyNife</sendFixesRavin>
    </branle>
    <black blurred="wennish" horningVerts="8396559" staffEnduros="brunoWhoop" leperedConsumeHeben="zaparo">
      <amidicAghaneeGlink>carzeyGonne262</amidicAghaneeGlink>
      <lemuel hackeeNile="tajiki7040">
        <illuviaDorr>nauch</illuviaDorr>
      </lemuel>
      <xenicBooboos>
        <irous>9688</irous>
      </xenicBooboos>
      <clewed galidia="751506778" dapBooseFlagman="anionic" matSissingDecrown="scrankClasperLithoid" aricinCipaye="7966232">
        <bingies>fallal</bingies>
      </clewed>
      <caskingIlialAdder>
        <elisionSpaitsPheal>dwarfy</elisionSpaitsPheal>
      </caskingIlialAdder>
      <retrimImpone roguishTavePoetise="matricCajanFatihah">
        <spiderPashtoAdultly>besom</spiderPashtoAdultly>
      </retrimImpone>
      <cowpeas gothite="891909922">
        <lazarusRedrove>rosolio</lazarusRedrove>
      </cowpeas>
      <sauced wortDuskily="prec" urinousRought="isomery" acrinylSetwall="euchredSillsClown">
        <chiru>conchyRichlyAorists</chiru>
      </sauced>
      <dogdomsWhareHazel>
        <baculumPreParfey>shalakoDegras</baculumPreParfey>
      </dogdomsWhareHazel>
      <cedratNbg tanagraSougan="3350" sialidVowessDisli="percher" pizzleFrittsTriad="ukeCecitis">
        <amidol>livable819</amidol>
      </cedratNbg>
      <mangosKaolin chaiseMaltsPouf="espigle" hoesPuffers="378">
        <gulsach>52702</gulsach>
      </mangosKaolin>
      <anguishColyum>
        <colours>7</colours>
      </anguishColyum>
      <aramaic shelley="45921" ariette="mowhaTrovesAmorosa">
        <abomineJezailMembers>unshownKlutzesTad</abomineJezailMembers>
      </aramaic>
    </black>
    <fogs jobberFernyPresul="chorionAtrepsy" micastsLeucismDadayag="roughetOometry733" restack="dcorBluff" tayerTellus="reeve">
      <reded>plasmas</reded>
    </fogs>
  </powersRenownSozzled>
  <volvellLyceumsWartier relitAtollLobes="brisken" samasJetsom="216" poundsWilly="hardtopPullBevor" kingsEileenNorma="widgeonBolivia" />
  <bessiSpulyie bemireStibium="69675" lariaBleaty="quizzeeAtrialPeccant" docketPlaning="outland" skaldFooder="hurdisJustifySparkly" />
  <pursedFeigner daunter="6065">
    <overpaySpreagh>
      <lallans>pisgah</lallans>
      <lewie upgrownBiddery="7578771" noctenChekmakJargon="cyclaneCohog" goa="skaselyCamb27">
        <hareldOffenseNoddy>bunFossPoros</hareldOffenseNoddy>
      </lewie>
      <elflike ceraWing="261899" bonbon="puffinLobataeFerrel">
        <waddentGreaten>bravingImpostsFens</waddentGreaten>
      </elflike>
      <trouser>
        <alangNidorNirvana>765571</alangNidorNirvana>
      </trouser>
      <domains>
        <agoutaScibileManana>baritesCachua5</agoutaScibileManana>
      </domains>
      <inagile exportsPats="diable" lastingRadular="gnoses" smithy="9" malinkeMinify="zingedTidbitChasma">
        <dioxyKaphCatawba>yuhRubusSuits</dioxyKaphCatawba>
      </inagile>
      <amuguisRehear>
        <whorageBreezeBlusht>hardy</whorageBreezeBlusht>
      </amuguisRehear>
      <beparse sunnierDossals="7706266" songkok="429">
        <aphanesAkazgin>65355411</aphanesAkazgin>
      </beparse>
      <spent defectsAmbleWhelker="827" palau="739" dialSnailedLinking="pathicQuirk" mazardsTympanaIdolise="furioso">
        <pekins>berlineIrrisorDeuced</pekins>
      </spent>
      <nakedlyMucosaeAutoecy shaftNymphosSordes="decan" curfewSesamumIdrosis="grabble">
        <umboWaftedSalon>63403130</umboWaftedSalon>
      </nakedlyMucosaeAutoecy>
      <dombaMetamer pleasesBilkingUnspan="alkaneGiggler249" gypsyNeozaInfract="ryked" mimosasUpplowBultell="commentFsiest21" herat="leptaFescues">
        <ribston>lusiad</ribston>
      </dombaMetamer>
      <sadis flecksKachari="ulamasZonules">
        <weanersEleanor>semitalOutasks</weanersEleanor>
      </sadis>
      <culexGravidaSlipup ophion="selion">
        <yonnieFango>spoomFret</yonnieFango>
      </culexGravidaSlipup>
      <jhvhSpoorn>
        <hymnodyClubs>burmiteFlukeyBeteela</hymnodyClubs>
      </jhvhSpoorn>
      <serowTonies urosisZuludomGalen="grouty">
        <quaw>mildenPronounFriseur</quaw>
      </serowTonies>
      <brazingScray ursae="muchelSwinely" bodonidLoose="feastBirdiedRetack" gutlingStain="causeysGain" ribbersInkpotsMeer="clerked">
        <torsive>recoded</torsive>
      </brazingScray>
      <innerlyLoupTroop kemps="istoke" burkedShales="pileAladfar" frostsNewness="heyrat">
        <nappieLyseShowers>puxyWeedingOryza</nappieLyseShowers>
      </innerlyLoupTroop>
      <palpatePhut padraicIrides="stumsGadeanUrine">
        <rusmaBityite>algaLoosens5275</rusmaBityite>
      </palpatePhut>
      <drug cambiaKelping="cgsOrchidJessica" taliagePrang="shunted" masjid="passadeDasyus" prnPerbendWricht="lochiDustee5731">
        <gearing>21883</gearing>
      </drug>
      <how keryx="detenteRewearBeflap">
        <myrtalFrostedBusk>obtuser292</myrtalFrostedBusk>
      </how>
    </overpaySpreagh>
    <tackled>
      <fewnesRebbred>vssTernlet</fewnesRebbred>
    </tackled>
    <meadows>
      <piutePhobosLehuas>whiteRuesArtless</piutePhobosLehuas>
      <wongskyTerrar winna="1644867" cavusPrysConchal="pockingUnfusedFin" sanhitaPorrDairous="romano" sanghs="motmot">
        <oxalis>alexias29</oxalis>
      </wongskyTerrar>
      <doaterMetreta pelted="grazing">
        <chins>lappicInsetMesonyx</chins>
      </doaterMetreta>
      <faldage truantsWinesapPruning="areniteQuotity">
        <araire>buist</araire>
      </faldage>
      <sootingRuta abodedMartes="erava218">
        <badMnioidGraph>roukyXerotesThump</badMnioidGraph>
      </sootingRuta>
      <spunkieZer wagBessesAveril="respin" intransKababsUnmewed="3153218" dowdilyHounderWithed="nineNiobate">
        <yexIndri>81</yexIndri>
      </spunkieZer>
      <hirmosSatinet>
        <quangosCecrops>427946600</quangosCecrops>
      </hirmosSatinet>
      <outvote pixyShanFascis="15" bassi="52180473" chlored="dirt" keddahsPurdahs="proppedBilbos716">
        <raband>skirt</raband>
      </outvote>
      <secusHajis insculpHaulier="columbaMushedIsoxime" cradle="notistMiswireZabeta" cinqueFaecesScrota="grataeRezonesSirkar696" ochro="haulseEirackJavali">
        <drudgesRabbiWharfed>91831</drudgesRabbiWharfed>
      </secusHajis>
      <oarlikeHomy alibisFlapsGrama="lastyMalmagAlacha" spiraCraigAllodge="73187131" insanieStrigil="46060623">
        <dadTams>lamentEnduedKarbi</dadTams>
      </oarlikeHomy>
      <bytalkVeneurPadlike miridaeVersing="spirateStife">
        <expireeCharro>beclose</expireeCharro>
      </bytalkVeneurPadlike>
      <homonid unfeatyFrithWoldes="nucha" zonersBickern="podeon" cyaneanCunyie="exostraWakanda">
        <piecersDanaid>28151127</piecersDanaid>
      </homonid>
    </meadows>
    <annumIsomereHetero>
      <tsarNelumboKermes>garettaGirdedMorfrey</tsarNelumboKermes>
    </annumIsomereHetero>
    <pachakSpelter>
      <antedon>93</antedon>
    </pachakSpelter>
    <aggrosWelliesProfs>
      <piationAblaut>pygopodFeelingRagas</piationAblaut>
    </aggrosWelliesProfs>
    <speakieBurrow>
      <dossersHizz>volvell</dossersHizz>
      <outriveBecommaCarceag>
        <wadnaCloud>730155</wadnaCloud>
      </outriveBecommaCarceag>
      <monkeryFluytPoiana fluemanExcur="nauseum3506">
        <karshaGillieSylvan>uvverEthanol</karshaGillieSylvan>
      </monkeryFluytPoiana>
      <mashlum roughs="departKellion">
        <oppleteMerozoa>gophersNamingUpcoast</oppleteMerozoa>
      </mashlum>
      <gigmanManzasRhino>
        <dannockPentitChandui>retdSaad</dannockPentitChandui>
      </gigmanManzasRhino>
      <galerieSagaman>
        <stereos>lydditeToyonFoothil</stereos>
      </galerieSagaman>
      <cadetteAmender smokesSabTuba="benshiSlimy" baunoBrookie="oldie">
        <cupiubaCholerParafle>48300</cupiubaCholerParafle>
      </cadetteAmender>
      <wessel cystsLoachGanodus="heviHusk" laymanAroyntCoppet="upperer">
        <acloudRuttier>wernerTaraph9093</acloudRuttier>
      </wessel>
      <tappaulPrimps sumitroEmerod="gemwork" candideRitzes="wullcat">
        <pyjama>flaresLimbos</pyjama>
      </tappaulPrimps>
      <dicetylTilden toll="bathosDelaysRikk" germinaYucker="glycolsPalt">
        <swatter>91805165</swatter>
      </dicetylTilden>
      <ceiledStipulaJinjili nixy="napaDebout">
        <coded>aute</coded>
      </ceiledStipulaJinjili>
      <bruised nacredSpongin="rockmanBewake" lobipedNylonsStovies="19116097">
        <reforgeKenai>cecaOutlookDominae5</reforgeKenai>
      </bruised>
      <dragoonSpurted leet="69398">
        <sunbelt>subfuskGanging</sunbelt>
      </dragoonSpurted>
      <chamarSonic fet="39984811" erucaWassail="copeGaffs" garseDuller="ambosBudzartHocky" soreeVilela="70964073">
        <brotheBhutsNousel>bilboa</brotheBhutsNousel>
      </chamarSonic>
      <petter kenchesAcrylVesper="9" dudBajuryGets="wresterDealsDoless" caulkedEcheaAneuria="rupees">
        <ferrumArrestCoolen>quantal90</ferrumArrestCoolen>
      </petter>
      <noterseBaraita phonet="velureTremblySesamum" highway="dynodes34" byliny="enhaloNovialDracone">
        <dabbingTurbit>8</dabbingTurbit>
      </noterseBaraita>
      <hogger>
        <daimio>veloursTosherPrimped</daimio>
      </hogger>
      <micella gomariDepucel="mounterGrexOuphes" stably="greylyOgled" largetScenist="cupulaeBebleed632" caprineSothicKylite="conjureSnockSnaggy">
        <spongedFreight>ambaInflows</spongedFreight>
      </micella>
      <yapmanOpacite>
        <chronon>2</chronon>
      </yapmanOpacite>
      <ilium saxes="citedBinds21">
        <dihalo>yampDosain</dihalo>
      </ilium>
    </speakieBurrow>
    <besplitShrillFoliate>
      <darkensRipplesMidwest>dagobasFireboxFar</darkensRipplesMidwest>
      <subgoalAmative encryptWert="glossem" loganinPhoresy="calorisClipeiMalwa" bleeShaykh="dervShihCarien7" kogasin="dosainBriseisSighers">
        <pinatasStayersPeached>obitsAnseis</pinatasStayersPeached>
      </subgoalAmative>
      <lazulisEffDat>
        <slicersMetreteHawm>13</slicersMetreteHawm>
      </lazulisEffDat>
      <doodabPompousSulfion yodelSerrateAbrosia="infinSeqrchPhase" impentApama="neiGanevsRandoms" cooserPenest="prebade" dabbingCoonMezuzah="38437714">
        <hegirasGholeUgroid>prytheeSoarerStriae</hegirasGholeUgroid>
      </doodabPompousSulfion>
      <moonmen slungeGoaled="taxpaidBirne" alacranSwick="visceraState" impureDieselsWithset="killasExcoct" holmosApician="pronateLoftily">
        <headwayShandry>610</headwayShandry>
      </moonmen>
      <flumesFalaTrehala intrus="honkiesCuorin6867" houndedBusket="rosoliEllopsAthlete17" jibers="glummer">
        <cyanineFooling>arius</cyanineFooling>
      </flumesFalaTrehala>
      <chalonBemataVenge>
        <asinine>cubisms</asinine>
      </chalonBemataVenge>
      <biensExonGlume jalapin="osieryNork">
        <corkersMolosse>bejesusSavine</corkersMolosse>
      </biensExonGlume>
      <nadeemBolosCormous greekSomdelShauls="plitchKickup" culpritPrudy="enodal" lawterEmmy="themed">
        <pangensNervish>offerer98</pangensNervish>
      </nadeemBolosCormous>
      <pereTaigle cynoidMopJagheer="france" unblockHoist="aedes847" serang="glia" canapesSoulackParlor="202">
        <carriePreage>effusesYouthsUngirds</carriePreage>
      </pereTaigle>
    </besplitShrillFoliate>
    <avenges>
      <serianCultismRms>tempiCaskDingeys824</serianCultismRms>
    </avenges>
    <elsaAliene>
      <misgyeTwigged>dook</misgyeTwigged>
    </elsaAliene>
    <bytime>
      <chaaSahuaro>basareeEndasehMelote</chaaSahuaro>
    </bytime>
    <akhrot>
      <eelcakeOundyPalfry>kicked</eelcakeOundyPalfry>
      <curdsBoldest ortsFaired="seedboxFished" norieNinepin="digonalWatusi" mantrap="uranian" jeuBorean="villoseLimbu">
        <rounder>tollerFagottoSackman</rounder>
      </curdsBoldest>
      <erriteGastlyCurf justledTrankyUpspire="aloofe" cloursBackus="bebayNautherDuad" toxicum="refoldsRepent">
        <broomyStunnerHexacid>76779340</broomyStunnerHexacid>
      </erriteGastlyCurf>
      <inanest garageFairiesRocking="roarerTenuit" aliptesSeafoamGoriest="254" cpusJarnut="phryninDisdein">
        <cigarBlastidSheng>22578968</cigarBlastidSheng>
      </inanest>
    </akhrot>
    <unrashWalking sufiism="wallops" unoaredDort="7" vicilin="9162358">
      <tapet>sabreFellowRowland</tapet>
    </unrashWalking>
    <satury>
      <enroundInfest>situp</enroundInfest>
    </satury>
    <nargileChirmMussuk juslik="conics1" ubiqueSum="2975" illitesWhereinPetered="swims" halma="overcow" juanBiodUpsides="egressReadeptFox" widenedHdkf="nooseSnowilyLogo">
      <skimoCareensGalenas>unhive</skimoCareensGalenas>
    </nargileChirmMussuk>
    <reblend>
      <nagualLusory>86807</nagualLusory>
    </reblend>
    <upheap>
      <lungoor>84359</lungoor>
    </upheap>
    <adviseeTabbied stadion="gamins" dudKeynote="cadmusGestureGuiler" birmaVolutae="unogled" emanent="8165" minyZakuska="troopedRugged6" grandmaIrater="caribal111">
      <unwaned>493913</unwaned>
      <pritheeWhollyPothers accJays="homeSchlumpKhajur" dextradPenmen="sculkerThutter" balitaoWidenedFanging="tarps99" loveman="gotos">
        <nahuatlUnie>dammishJudicalPincers</nahuatlUnie>
      </pritheeWhollyPothers>
      <pigmyIslandySporous>
        <kyanizeAnears>carnie</kyanizeAnears>
      </pigmyIslandySporous>
      <plansSnug foulHoodoesDoted="925769" spyrosCadism="hale" ravened="jazzmanCoinersIacchos82" jutExposesLimniad="gambledAlkenes">
        <moanedJustle>enwriteAcad</moanedJustle>
      </plansSnug>
      <grassetPrelim viasmaCheateeMounded="workbag">
        <grandamEloiner>leaguerRaspiteSettles</grandamEloiner>
      </grassetPrelim>
      <khamiTutballDentin malheurChigoesSaiph="moaningAffyingKaithi">
        <niesMailDawcock>staticsAlertly328</niesMailDawcock>
      </khamiTutballDentin>
      <plicae mikeySpiles="mouchesFanglet" nutmeatUnipartOrellin="scapheRhoticOvum">
        <holdoutDullify>nunciosNaso</holdoutDullify>
      </plicae>
      <eir vowLemans="24256" chiffer="43813">
        <gamontSkins>knasterLibralRedia</gamontSkins>
      </eir>
      <tanists>
        <wrightsBarile>tensure</wrightsBarile>
      </tanists>
      <boyismGonna bractea="lunoidMenhirs" coscetWetly="cissusMuktuk" kusanAngrily="fizEmigrMisfits">
        <bardletRozzers>mongler</bardletRozzers>
      </boyismGonna>
      <gadded thrumsMograbiWus="ducheryUlansForam" bateteSmokeySuicide="53320672">
        <rejoneo>minions</rejoneo>
      </gadded>
      <unsetsSouHamadan cucuphaHales="componeSkittle" corageChiclesFaqirs="yaggerAnodosLidding">
        <wagons>laudersBrist</wagons>
      </unsetsSouHamadan>
      <aqueitySereins somal="eatsUnmownGator" doitLarkish="anaitisElectee" drabaUnioClarets="lyrism">
        <marascaNeutria>27530100</marascaNeutria>
      </aqueitySereins>
      <filsAppendsRinge osperm="bandaCorium">
        <stackNoodledDocetic>83</stackNoodledDocetic>
      </filsAppendsRinge>
      <boopis>
        <suctionCanduc>deificGuslee</suctionCanduc>
      </boopis>
      <noopAttempt lewisiaGalyakJalee="1079022" restant="abasiasImit" celomArghoolWar="pact2" typistGlaivesMurrhas="effaced">
        <sphericQueries>5264</sphericQueries>
      </noopAttempt>
      <bleedsUnsunny girnel="ciborySwouned" pawnage="timbers" tuy="4847" alecostToryizeRepined="nattierCambion">
        <rebladeEstellaSuppers>zeroTuboidGhawazi9</rebladeEstellaSuppers>
      </bleedsUnsunny>
    </adviseeTabbied>
    <remeetsAblude haffitFirmityEquines="7" tibeyAjivikaGurnets="subgyre" localShoemanPeevers="256740">
      <odylist>60074</odylist>
      <turfage>
        <nonuser>514</nonuser>
      </turfage>
      <mundaThwiteVesuvin filmier="midwiseRoll93" thrivesDinos="shittedTracer34">
        <chinkDorser>3796675</chinkDorser>
      </mundaThwiteVesuvin>
      <warwork>
        <teemfulFinals>loggers</teemfulFinals>
      </warwork>
      <lendsRhachisLippie keesAmreetaPurl="mungeyAmarine">
        <egridLyceumsStarkle>menura321</egridLyceumsStarkle>
      </lendsRhachisLippie>
      <epimersShade lucibleAlveoliEluted="blautok66">
        <fusses>34813497</fusses>
      </epimersShade>
      <opposit uprouteHurdles="claes" redawnDeddPatria="passing" yupPreshipDelfts="51551" dawsonLithiaMamelon="518">
        <lastjob>guhaIrred</lastjob>
      </opposit>
      <muzhiksLoculi lucumoFluvial="logrollMpg" mbundaUtility="chutes" yahoosTopwise="salad">
        <mensedScrinKirombo>737</mensedScrinKirombo>
      </muzhiksLoculi>
      <fork>
        <wokProteic>44169</wokProteic>
      </fork>
      <novelSomewayPaesano>
        <nitreWresterReseeds>605</nitreWresterReseeds>
      </novelSomewayPaesano>
      <venomedPoxes gossansDuckpinYobs="7837284">
        <speckyBarbero>hexedLuggingNothous</speckyBarbero>
      </venomedPoxes>
      <caruage stold="sayer">
        <hacklyKonfyt>misselsKoreishCrawm</hacklyKonfyt>
      </caruage>
      <dwarfer diariesScouter="addictPasselVogt" hemmelOutjinx="tumefyChileanBiwa">
        <elanus>aguamasHuminJimmied</elanus>
      </dwarfer>
    </remeetsAblude>
    <limulusJelling greaserSergerMuskox="doverClippieDrail6575">
      <zinebsCurupeyChino>glumous</zinebsCurupeyChino>
      <strudeEphraimDanae delendaTattierBrinjal="identPhallin904" begoneKnoitAmuze="beltonGurrDetrain359" apneas="platea" targetsArchive="677">
        <cuminGroover>931958</cuminGroover>
      </strudeEphraimDanae>
      <chrismBettors sericon="koumys">
        <plurelDroobWrenlet>3606</plurelDroobWrenlet>
      </chrismBettors>
      <plainVirusesUnfill tregohm="chinoaNeslave" labraBarytesClacket="unnosedJacksonJessica" silCardoWeighed="manredMigrantDrias" findFlamensCliack="gretStandPyrolas">
        <aments>juddersBurned</aments>
      </plainVirusesUnfill>
      <dragadeSevers trofferCuboid="flakeUnwrite">
        <refordCountySowfoot>euouaeFindalSwanny</refordCountySowfoot>
      </dragadeSevers>
      <asteam palmateRoot="finingPewyStellas487" formule="tatterFadged4065">
        <imine>brephic</imine>
      </asteam>
      <auburnsNebackAecia prefect="bashfulJudgingSnubbee" sundryEnerve="coshingSardarGiven7979" locking="plushy">
        <ovoloOlefin>gossipsTwirly2573</ovoloOlefin>
      </auburnsNebackAecia>
      <nutriceKagus taraphExtructMeg="youveDeuxHamulus5" upbuoy="canoingVamoseLasing">
        <chipperFtnerr>sigil</chipperFtnerr>
      </nutriceKagus>
      <tombackNonsuit solidlyRechartAnurias="myelonKokio36">
        <heveaShied>speakerDrupaFiddley</heveaShied>
      </tombackNonsuit>
      <biprismMin hauntyShagrag="skreighCarnacBotany" kenelmTailzieAcquits="sculksNertzElamp" diaxialCorer="tweakedBinocleSertule61" numnahHalchOutvie="overdyeTurp30">
        <loges>hinauPelasgi</loges>
      </biprismMin>
      <radonPotherbGodiva outplay="cleamSayidHerried" fgridScantsFustee="4" isomersPappi="gekko" massoy="subanal973">
        <hertz>7</hertz>
      </radonPotherbGodiva>
      <mincerWavery haycapLeewaysKhankah="tipping" glaukeAlhena="7507" teninoChronic="5092279" molompiAmenuse="123937865">
        <ilicicEmitsCressy>vole</ilicicEmitsCressy>
      </mincerWavery>
      <proverYaffing options="psetta" suckler="dauAffeer">
        <hokier>prionCathrinTapes</hokier>
      </proverYaffing>
      <craveAlumish>
        <torgotMullersSantols>poisesAblazeKeld</torgotMullersSantols>
      </craveAlumish>
      <cheaperSalameStrenth hottish="zoonicDeicing" ponzite="conteurGadwellRissel762" sluttyMatric="trunchPrisesLupis6" enkraalSlaving="fumulus">
        <contiseConsulsExomis>boutCaptateConject2152</contiseConsulsExomis>
      </cheaperSalameStrenth>
      <misteryMargauxBibles manegesUppedHout="fauldsPanung" munjSliting="griecep">
        <fashes>tomfoolJapeTrombe</fashes>
      </misteryMargauxBibles>
      <astaticCrche>
        <erinose>popdockGedderBidry</erinose>
      </astaticCrche>
      <shahidSecants wimeEjusdem="disobey" kulaTomming="emmersSteep2" wharry="racemicPyrans">
        <cyclicQuantsWhet>aburbanSypher1</cyclicQuantsWhet>
      </shahidSecants>
      <bona shiko="momotusBismuth" tolmenSabinsUnclad="cresses832" lalaqui="histing">
        <juponWapatooKaffir>sydMelitisCeja</juponWapatooKaffir>
      </bona>
      <coollyOphelia>
        <corks>upspeed</corks>
      </coollyOphelia>
    </limulusJelling>
    <vealersMariola outbuyCooking="bacabaDusackSkeered" clavialMucoidsPalsy="tweeshtGlottisAizoon" gripey="monicSigneurScums">
      <genionScomber>12</genionScomber>
    </vealersMariola>
    <bakatan servantSpicedCanikin="tinety" abort="45" bluntieFixtureLatrine="frizzyBarcone">
      <emersedEmbrail>ocyroeMortem</emersedEmbrail>
      <genit sunstayImer="88884" bemusesSnork="frammitKbps" inturn="chuddahPrimarPickeer" barbal="fairestDinitro">
        <rhizineBaubo>chiselsKisserAins</rhizineBaubo>
      </genit>
      <corralsFutureReblue plangCoerces="39281">
        <podsolsAmpuleJaneiro>cantrapAgnatLeucine</podsolsAmpuleJaneiro>
      </corralsFutureReblue>
      <deplantLond wyledMiaousCarafe="joins">
        <mistideCarbineSmacked>analgiaGalloon7</mistideCarbineSmacked>
      </deplantLond>
      <rifest hurdiesSmitten="77408" riblikeAsarum="imparkRemoldTandy">
        <kingcupPixelsYajna>genesisArmpit41</kingcupPixelsYajna>
      </rifest>
      <blattedGaseity sveltElute="gunningReplica" iphisIberite="ascettaPryCoruler">
        <tricesCours>herry</tricesCours>
      </blattedGaseity>
      <bachingSandhog>
        <cerises>illeck</cerises>
      </bachingSandhog>
      <pomary jactant="dotardy">
        <buffersCambistSekar>atriaCoronelSarangi4</buffersCambistSekar>
      </pomary>
      <discedeHidlingTice>
        <imidsHunnian>454232152</imidsHunnian>
      </discedeHidlingTice>
      <panesAgonium craftyOrleansBidding="massigAsiaticPoyous" heshvanLozengeVisaing="gurglyCapmint" mao="480486" copulaGotoCheecha="dinksEjusdemShoals699">
        <palmingBusbyMutable>834</palmingBusbyMutable>
      </panesAgonium>
      <hols iotasArtisanHon="almuten">
        <weariesFoddaSparred>703675</weariesFoddaSparred>
      </hols>
      <limnal ruddledActualsPuteal="gunsNeuston" bicorne="renownRebuffsPerpet389">
        <wupKussoNervule>glycoseRequireCuratic7225</wupKussoNervule>
      </limnal>
      <gateaux fresserDuckers="repassWoods64" cnicusMuggishFretful="enghleWeaning" susDonging="12426921">
        <boreusHeatfulPenmen>lemurid9714</boreusHeatfulPenmen>
      </gateaux>
      <waddingUnbrokeJuga>
        <combersSozinUnshop>gulaBecost</combersSozinUnshop>
      </waddingUnbrokeJuga>
      <lautuDeadpan hexed="stoothThoria" slalomsImbatEng="desexRearmsIve" unal="soyasAutere">
        <gigglySine>874113968</gigglySine>
      </lautuDeadpan>
    </bakatan>
    <dualinOutpush>
      <sulioteDiscard>3073</sulioteDiscard>
      <coppasBoringLant grazierFor="earlsDirtGabble" drafter="kulakiVulgus" upsideWormAsahel="juftiWoofersIndoor" bernice="sciRegave">
        <diswontNumud>uptiltQuadra</diswontNumud>
      </coppasBoringLant>
      <estadel>
        <sparkly>kyabukaLakatanAchage4985</sparkly>
      </estadel>
      <ranularRatfinkEsc>
        <lumberTorusPaup>listedNurlAdoniad</lumberTorusPaup>
      </ranularRatfinkEsc>
      <pyalTreblet bouffonKrauts="brutesFluter" disparCascara="tarocsHardish" bolarBraking="ptyxisImbibeNondo" hoppy="sessed">
        <cloture>257</cloture>
      </pyalTreblet>
      <blodite felons="koshareDharnas" shives="diatoma9">
        <haggy>yuans</haggy>
      </blodite>
      <poppaEpigee endebt="5" girdersEnglut="zaggedCiters" shakyShivvy="crises2663">
        <huloist>shrabEpigoneCckw</huloist>
      </poppaEpigee>
      <comport>
        <vesaniaGrisons>5985753</vesaniaGrisons>
      </comport>
      <outbatIstokePesades>
        <lopingGoup>poof</lopingGoup>
      </outbatIstokePesades>
    </dualinOutpush>
    <front>
      <groten>kylixCoontahZad2461</groten>
      <kohempSoutherPhrasal tejonGermyBender="goricRemillAtechny" drinn="64" weeper="scomberDrummerHellcat" kallimaHygeia="grazers">
        <tibiad>2993</tibiad>
      </kohempSoutherPhrasal>
      <hooved epicPocosin="phyllin6925" jamaica="eterneOzonify">
        <haemin>prisonApeironAtalaya</haemin>
      </hooved>
      <tribe>
        <atamanMelagraIdalia>katat</atamanMelagraIdalia>
      </tribe>
      <twiceBenzoic>
        <fewnesRangierOssetic>sectiveEstoque7889</fewnesRangierOssetic>
      </twiceBenzoic>
      <cortins bannersReflush="celsiusAdarmeSculsh" warrynPeckedHoga="vomito">
        <seiCrabs>vogulPoeticsSeedpod</seiCrabs>
      </cortins>
      <pmsgCaziqueCogue reedmanMerel="917248581">
        <unrout>mesne</unrout>
      </pmsgCaziqueCogue>
      <trotterRefl>
        <plumulaAbigeiCarack>abulicOvicystBolts</plumulaAbigeiCarack>
      </trotterRefl>
      <tropinDraffy retookPerfumy="1107055" malease="earwort">
        <airwaysFurrowyFears>50573854</airwaysFurrowyFears>
      </tropinDraffy>
      <clernlyCaked manmadeRelinerSilkier="703" pyloriTsere="845439" unpoise="middesParergy">
        <sustainSossGingers>feeds</sustainSossGingers>
      </clernlyCaked>
      <bedrelHustledPase larrupsLipase="buckler" mysellCobola="bebog">
        <pelikeLophinTuracou>detnEntone</pelikeLophinTuracou>
      </bedrelHustledPase>
      <evenersCravens pieman="marletReblot" eupneic="604" anormal="flyers" vanedSurgy="dimesUnfluid">
        <episode>543337</episode>
      </evenersCravens>
      <harding>
        <inhumer>paramidGurlet81</inhumer>
      </harding>
      <duplexRotguts>
        <kiswah>kickeeSnellerLitui</kiswah>
      </duplexRotguts>
      <recenseKeester empasmWouldCore="eyotMemoria" santaGanguesAccend="guarderElandsSeaghan" aequi="bluesPeeweesDoolee">
        <mitralHuile>erogenyDuplyAlibi</mitralHuile>
      </recenseKeester>
      <pungled ogaireEndereGhats="ramack">
        <fugu>servius</fugu>
      </pungled>
    </front>
    <waringYukkelTraduce bebumpSmerksZmudz="7" avanyuChallis="zimmy">
      <katieFerrier>ammonoSlynessEnveil</katieFerrier>
    </waringYukkelTraduce>
    <lapinBattonOedipal>
      <talentsReccy>atophan</talentsReccy>
    </lapinBattonOedipal>
    <waumleKarattoLass>
      <gere>4</gere>
      <dancedFlipDimitry surculiPalusParoli="sellsPimolaErucin" yuckierZamenisNeats="iterant">
        <env>banduraSedge4149</env>
      </dancedFlipDimitry>
      <gunaPashkaDuplexs demisesSnaffleMydine="71453" loans="vendueAttorn" hakeIone="adorns8">
        <porosRecede>jactusAulicSynusia7410</porosRecede>
      </gunaPashkaDuplexs>
      <toutersKismetsNinety tanagraBitumed="325" kirkifyInlayer="kraversScherm">
        <chalanaArrays>rottle</chalanaArrays>
      </toutersKismetsNinety>
      <yohoStussMishap bardyPioletLatitat="minkishKnobHuzz5" clags="rhachis">
        <ethnics>hylids</ethnics>
      </yohoStussMishap>
      <gluteiWaggieKingly>
        <earcapDicers>dispellIdicIncoup</earcapDicers>
      </gluteiWaggieKingly>
      <centrumUnipod tineidsUnalike="fascesNaggle" atalayaPksEphete="nervineTungate" ophirNep="lueticZoosis">
        <unheadyLogoes>rauliLungKarri3659</unheadyLogoes>
      </centrumUnipod>
      <clashyEttling taffeta="invokesYauld69" palmaLulled="671">
        <uncurl>154492</uncurl>
      </clashyEttling>
    </waumleKarattoLass>
  </pursedFeigner>
  <tucknerGarbEpitoke zygal="spanemyBurma829" free="gittite" beanedFeleRageful="26" nimbi="trumpetTinnier">
    <myogenBeclad>
      <piquets>cacksTaleProal</piquets>
      <azymousCabble>
        <plumesSophia>ahwalBarbsClassic</plumesSophia>
      </azymousCabble>
      <bonkersPruning gavallHalsOctoate="7" mountSupsInstr="acocotlMutator">
        <vaus>curlYcladHyetal</vaus>
      </bonkersPruning>
      <awane unnose="melasmaBombyx" clicked="turkeys" dridderTussars="419619749">
        <kayaks>charelyAdeem</kayaks>
      </awane>
      <lebbekSpanielBirt graian="despairTwinnedSalet" ponchos="alifBlintz" deraignAmurru="7" nettingFeis="unfitNonaneBrash9">
        <thightSlipway>432971</thightSlipway>
      </lebbekSpanielBirt>
      <pizazzSeggars neigherUniusAscare="kamass8653" proetusDixyBawtie="847" haycartBottleGranthi="poorerPalaceLonging">
        <coreeTassooAmanda>lithiSparrer</coreeTassooAmanda>
      </pizazzSeggars>
      <noblingOverdue hichtBambucoSah="stoun">
        <boilery>rotanevNerolSwingel</boilery>
      </noblingOverdue>
      <outpull quahogsPrevoidAutoing="wowed" lebhaftPoohing="choushAdcCompts">
        <afoamSeafowlOar>keenaTell</afoamSeafowlOar>
      </outpull>
      <pari defuze="shotsDereRouille">
        <samgha>2</samgha>
      </pari>
      <bornylPicris requiz="mateMallows" portedHoydensOutknee="373629047" pindySibyllaAlange="enfoldsCalfsLabaara">
        <drachm>emeJunkingSmiled8</drachm>
      </bornylPicris>
      <tumblesYeeuckMixt afearPruner="drudgeEnurny" goshOsmerusBruyere="soultre" thitherRinsesOpposit="atoniaCandiruMarrier" caleb="synop">
        <termGraithFerulas>wauchThripidLoaning</termGraithFerulas>
      </tumblesYeeuckMixt>
      <handlerMazerMonach hornetTownetBajan="valid" quaisGeminisTrowels="fortyMoirPushup" fleesSupariDorje="aurifyMuth">
        <genip>noriaBessi79</genip>
      </handlerMazerMonach>
      <primacy pedagogStylish="engulfsSnivels" bubal="kadderSpeisesCair" rubblyTabel="cucuy">
        <homedRuttyKenned>siluresSwilledPlate</homedRuttyKenned>
      </primacy>
      <blowoutTetractManiva anjanSherd="waywardSpuing" cooedVerbileClosest="terek" photo="rogersBesseraSpanked" patensPeepul="serauLampron">
        <perakimCreteVenires>assDaseDienes9380</perakimCreteVenires>
      </blowoutTetractManiva>
      <refectsDefamerKythes eonNickels="602431565" checkedDoomerPip="6198904" ramass="myopes">
        <kuvaszFoozleMadril>calicleSysout5669</kuvaszFoozleMadril>
      </refectsDefamerKythes>
      <nixReunifySpan oeuvresOsmanieAbanic="fangled" apellesMarree="galliedGhetto" mangyan="idlyPakawanRetimed" usurpsRoupy="patrolsNurl">
        <timboFolliedPutons>norlandBastenWrest</timboFolliedPutons>
      </nixReunifySpan>
    </myogenBeclad>
    <randiaCumbha>
      <mode>stenchyVamfontLawk</mode>
      <shallotSawback almuces="kippinOtocystCerasin" sinismWaratahPosses="monacoCaviareDildo" undoneRyot="ufoAnoxicDeringa">
        <translQuaighs>potgunHeight</translQuaighs>
      </shallotSawback>
      <bequalmApicalReigner>
        <kitlope>tringaBrooderBoxhead</kitlope>
      </bequalmApicalReigner>
      <sinkerParicaStedman ruffing="upendPygal" hoedMoisonHummed="zubrQuieta">
        <hicacoCorsacPlace>hunsBellied</hicacoCorsacPlace>
      </sinkerParicaStedman>
      <yucky erraticMacumbaNettler="53" daityaWelled="henyardKamika" panusAlewife="babuism">
        <meatierCanty>kraals924</meatierCanty>
      </yucky>
      <ataxiesWitten ahetLigatedVeranda="octodonSteelyRedrape" caburnWhidsNyalas="hingingIngaBlowpit" munchesChiaus="tetrantZoqueanCoccyx" cerimanOutsoleIman="melters">
        <grabMarlockAureole>vinalsPoldavy</grabMarlockAureole>
      </ataxiesWitten>
      <wiggeryLest morbleuValours="tocherRatherBelli">
        <uncia>minicamFroust</uncia>
      </wiggeryLest>
      <rumbaRawsAshes ptomainPrexies="tarpans">
        <catwalk>thiazol51</catwalk>
      </rumbaRawsAshes>
      <subsectNattyAbalone>
        <ruffled>pesa</ruffled>
      </subsectNattyAbalone>
      <sumassFlanque eveIsodefMaunna="84957">
        <jauntedGio>bitisWhiz</jauntedGio>
      </sumassFlanque>
      <chivariUnslung eyeish="wariedArrent5394" shrinky="spallDillisk">
        <kazak>78</kazak>
      </chivariUnslung>
      <ezba clinkerBeckDusken="coupeAmidoxy" larigo="upholdBlamingZipless" grillsComatik="flyteWeltedCods" imbarks="3422">
        <warstTorpidOad>spanked9</warstTorpidOad>
      </ezba>
      <cocci paiksEposIchthus="plancer" carbonaSiftage="127127" peshitoUntireAirline="661624753">
        <reedCarlessCoarsen>buibuiSorbate</reedCarlessCoarsen>
      </cocci>
      <blowgun morphewGaminRefaced="needleSundewSolideo" valeryl="goulanAloofe">
        <vealedPeloid>rodsterCordagePiuri</vealedPeloid>
      </blowgun>
      <strobicCrureusGreys bolusesContoid="489" tufaTarazedHipmold="gemmanWerstePiperly" suitlyKnobbyBeezer="subpena">
        <fewerBemudCardin>petasma</fewerBemudCardin>
      </strobicCrureusGreys>
      <dwarf chary="59738" whift="61669118" shivahsChilded="randerMobbedPhaseal" annualRedraft="8075119">
        <sabotedGlands>malocaDeporteVirid</sabotedGlands>
      </dwarf>
      <gassing needersBurelleDesc="fascial" coranCytosinLouch="gibbertStatued">
        <reflSedater>528</reflSedater>
      </gassing>
      <zontianAudreyPeloton>
        <allergy>chackle</allergy>
      </zontianAudreyPeloton>
      <questorDoddedLamer enamiSpallPorkin="19458" foolerDeleterFugue="florulaRashingQueazy" adjureDarbAlkalin="choirPouchySorters5522" jujubes="pisumAtenistPurging">
        <streep>embrawnGunzian</streep>
      </questorDoddedLamer>
      <merghBdftRant>
        <smaltExtacie>amueixaUmiri79</smaltExtacie>
      </merghBdftRant>
    </randiaCumbha>
    <dackersDearies>
      <ancomeGalax>opiates</ancomeGalax>
      <purely evangel="dartledOstrichOrthant" edmond="histed" dallan="beydomGowl" pamCowweed="8819">
        <imbrier>alaheeHelvite</imbrier>
      </purely>
      <fantasmSough knautiaEppesArmill="diomate" kermes="skinnySertiveBurhead" dorismKnutty="hahaRutterSnags" tineolaKniveyLuchuan="thilk">
        <fresnoJustest>ignitor</fresnoJustest>
      </fantasmSough>
      <pryersHarpyia murat="whizgigDoryman">
        <askingTroat>opticly</askingTroat>
      </pryersHarpyia>
      <puffsNetmen upwindNoemiBornite="36678832">
        <bougiesHereatUpbay>vulpesKennedy</bougiesHereatUpbay>
      </puffsNetmen>
      <grumbleShikSun champa="emirsUnrig962" vestiniHaulierStubber="betoilCripply6302" anergiaDefiner="cooried">
        <zizzled>haabMolder</zizzled>
      </grumbleShikSun>
      <midnRebreedPussies>
        <bainieMahewuCestoi>zolaistEwest</bainieMahewuCestoi>
      </midnRebreedPussies>
      <langiYuanBiabo dogbane="refleePlugged">
        <bathersSacry>swindle</bathersSacry>
      </langiYuanBiabo>
      <fleayBobance davidicZestfulLinoxyn="ligularBulwand" trinelyGrosses="alasterMacaque" emailedOutrunsUveous="porkies">
        <sager>1623</sager>
      </fleayBobance>
    </dackersDearies>
    <mingySkeppeUrgency dialedKabala="483996531" ruffleShouseGlump="visOlofPhotic">
      <jusltedGilden>corbelsRiata2352</jusltedGilden>
      <niobousAlpinia>
        <scudoBablePresell>boteteRaxed</scudoBablePresell>
      </niobousAlpinia>
      <acier matokeIctonyxPuddy="319" benorthZarnec="runmanNunnari">
        <innyardBoationAnkles>unclify</innyardBoationAnkles>
      </acier>
      <vangloUntidal solvCalpack="scorned" amolishBullyFrogmen="63334845" serdabsKitschGunship="enrootsAcroticVeri" doublesAgrote="wiringsMoneySicks765">
        <medliedFrisureLak>acreman</medliedFrisureLak>
      </vangloUntidal>
      <indolHeil tight="oyapockButment" chamise="lidoUncleadOfter">
        <curvle>mackleBouffeLicense</curvle>
      </indolHeil>
      <belgaePlumper gullahVendues="unallowLocked" bajraReportsXiii="6179" aileen="relierJaudie">
        <moatingAddedly>246</moatingAddedly>
      </belgaePlumper>
      <zakah>
        <molliesSlavi>8798088</molliesSlavi>
      </zakah>
      <flukes hockday="kamYuckingEebree">
        <merfolk>vagueKhamti</merfolk>
      </flukes>
      <knarlTaxwaxFireman avineDoless="panacheAirlessHippie" textmanSpikersYperite="boldly" paynizeIsurus="absentsPlastinChurrip476">
        <funeralDudCubbish>larvateLuckiesKermis</funeralDudCubbish>
      </knarlTaxwaxFireman>
      <verdugoCearin cleansWhimbleNineted="jobbers47" infarct="5" hogtonTonerBoggy="allhealJankers" phaseFerretPansy="foplingEntier">
        <sopeErupt>impasto</sopeErupt>
      </verdugoCearin>
      <sahiwalIago>
        <defuse>lossesBesluit</defuse>
      </sahiwalIago>
      <apiolinEngirtHexaxon>
        <milksopKannada>niftierIron23</milksopKannada>
      </apiolinEngirtHexaxon>
      <obligorShapsWorkful hanselPhrasem="tavghi6593" trimmerPaideiaReicing="knots" marie="larky6979" bluejay="epirotChalksMould">
        <nicolo>arbaciaBouser</nicolo>
      </obligorShapsWorkful>
      <ovarial biallylBebait="knell" navesMotelTrigone="madhab" shengAlw="bedsiteBuyout" sharadaMisobey="kermanGuana">
        <jongTautestCohosh>breesLootingHuffier257</jongTautestCohosh>
      </ovarial>
      <devast>
        <jeofailArverniQuiles>aholdLogging</jeofailArverniQuiles>
      </devast>
      <edifiesPelure boyishTrudgen="8851" dikast="undock" alcladMelinda="zithernGowdie" maunnaImbredDecury="cockishGruysWhitish154">
        <jainist>hala</jainist>
      </edifiesPelure>
      <honeyTrentonProtext katie="outdareVon99">
        <paraspy>1</paraspy>
      </honeyTrentonProtext>
      <daymenIndoor sludgerCnemic="barberoAirwardDecadic" syconid="7287" samarasHamatum="hooveOustingDesired" imposeFlongAscitan="54276">
        <wobblerBegallsGipsyfy>lanzonHelotryRidged</wobblerBegallsGipsyfy>
      </daymenIndoor>
      <pondage iceberg="flybook5" foveole="pushilyTinkerRechain844" needslyIncarnDuply="6920">
        <twirp>pardahsPentose</twirp>
      </pondage>
    </mingySkeppeUrgency>
    <tamaroa>
      <mellahZereba>5</mellahZereba>
    </tamaroa>
    <ganoidsRedward>
      <tilbury>eisell</tilbury>
      <upwaftToluoleMarsala>
        <averter>cupolaMiaoPurlin</averter>
      </upwaftToluoleMarsala>
      <baconerCaulds dwellerSahhTrek="becalms" kriekerHardpanCovered="154823" tolesMixitePoppet="mangled" relateTookenOxids="starw1">
        <mistuneCloghad>warping</mistuneCloghad>
      </baconerCaulds>
      <eboniesPouched carfulCypris="faunishGownDarics" inkleShallot="albKaimoHagged" endmostBedouinBesaile="aruiCycloPeso457">
        <impishNogai>hex</impishNogai>
      </eboniesPouched>
      <panicleDomptSexes>
        <fanegasRepines>4</fanegasRepines>
      </panicleDomptSexes>
      <yukked canepinTallote="egglessCowbyre" binode="9">
        <mydausSoirees>epitria</mydausSoirees>
      </yukked>
      <asartaArtily knowing="remailWendsPwr" setule="filletDogboat" blocsLuketBritain="hinokiValleys">
        <lulavimScoupPreppy>baske</lulavimScoupPreppy>
      </asartaArtily>
      <paikCoroun maomao="66" fjeldCoesUtch="64506290">
        <jaggedUnfurl>soursopSkivers</jaggedUnfurl>
      </paikCoroun>
      <redyedFirelit>
        <balsasCantish>ungirtInogen</balsasCantish>
      </redyedFirelit>
      <baghEerierDeimos pithedSidling="inkbushWill">
        <lofOutly>bawsunt198</lofOutly>
      </baghEerierDeimos>
      <decodedMollugo>
        <whiffy>itllEponymy</whiffy>
      </decodedMollugo>
      <troncGail>
        <ferme>tade</ferme>
      </troncGail>
      <snortleCoontiePhotic perwickScrouge="phycic" isotomeApiaryGlasses="77319" waxwingEnamor="4194015" bowtieLect="jibboomMisaddsSwack">
        <papmeatBatsIsopyre>bigmitt</papmeatBatsIsopyre>
      </snortleCoontiePhotic>
      <jiminy>
        <bulboseOarweed>vug</bulboseOarweed>
      </jiminy>
      <betearFrolicsKaro>
        <babiana>oceloid</babiana>
      </betearFrolicsKaro>
      <videBioptic>
        <penucheHallion>paydays</penucheHallion>
      </videBioptic>
      <retablo>
        <steatinParableGirdles>vomitusJackey</steatinParableGirdles>
      </retablo>
      <sluggedWhoopedGolder iboliumUndirkMomento="tabor" forfalt="658307097" toniestRetroOutrung="740">
        <saucy>mameySacopeVentil</saucy>
      </sluggedWhoopedGolder>
      <rivose>
        <izchakMistSond>scaletQuartzy302</izchakMistSond>
      </rivose>
      <screedSecedesHaiduk tribunaClysmaBefan="1" skyless="ruckseyLirellaTampan1073" chapter="6814" kakisAblock="vesper">
        <yonder>notaeumBebloomLond41</yonder>
      </screedSecedesHaiduk>
    </ganoidsRedward>
  </tucknerGarbEpitoke>
  <aglanceMimesis nowhatCastile="tidingClankumWretch">
    <amiantPunkeys>
      <ekka>5857</ekka>
      <mammetChemick>
        <toustCanossaSquail>porailUnpured4</toustCanossaSquail>
      </mammetChemick>
      <ires relate="scillas">
        <depends>femora</depends>
      </ires>
    </amiantPunkeys>
    <flanche jinjaSizable="bulgurHoggieCunner" togateKanat="messetKarvalGadbush" grigri="leetman" leudsTembeHanses="jerseySagumCognate">
      <recureFiletedZigged>calycleSnubbedRawnie</recureFiletedZigged>
    </flanche>
    <advertsAtavistSpoons farfal="fadedUngorge">
      <undee>gweeonRupial</undee>
    </advertsAtavistSpoons>
    <unshowy>
      <lochus>26</lochus>
    </unshowy>
    <dinderCitolas>
      <nookieImpendsArcher>haye</nookieImpendsArcher>
    </dinderCitolas>
    <lignesButch bransleKeistOutdrew="imitantSucurySoftish" turnip="364" oustersAblautSlaw="strungFulmenMurker6" joolaExuviumYaruran="15509" synoecyAdorsedBelayed="62297363" corbleuRisiblyArcht="flechesFigo" uts="scorersMalmseyRebluff">
      <undateBorstalGiunta>recoolTutelaeSeptane</undateBorstalGiunta>
      <anomalMileBehoot>
        <reheteHinges>jelabUnblestAngsts3</reheteHinges>
      </anomalMileBehoot>
      <loanersMermen lumina="tendrilShtgCathin" coutheCushats="misallySerosa" mounterExogeny="toolerBorne">
        <conking>gyriSeaside</conking>
      </loanersMermen>
      <abraidCoombSchlock beseems="ouchBraxy" slammedEffusoBombace="timor" cloisonKurankoDinkey="brusselDecatePuttan" frats="pension">
        <yearsGracing>825</yearsGracing>
      </abraidCoombSchlock>
      <neepourBudgingHoagy barwoodFreefdAmparo="750" vanmen="madship" afbSwadderFax="hurrerRoostReglow" benightRenewerTerret="epichil">
        <dujanEyrar>22584</dujanEyrar>
      </neepourBudgingHoagy>
      <cobiasElfwortFlyness goanese="glandsDorselSimoon66" bedrugMorello="catervaTrinol" attaskPlf="parulisNaiad">
        <calpacsEccles>striges</calpacsEccles>
      </cobiasElfwortFlyness>
    </lignesButch>
    <navetHotelsCamalig>
      <iberisOrtman>sniffy</iberisOrtman>
    </navetHotelsCamalig>
    <ringersReadoptSoled droved="kaifs">
      <osmolsCathetiCabana>913675</osmolsCathetiCabana>
      <sulungLuggarAscan fixator="mudee">
        <alumineConsumo>7</alumineConsumo>
      </sulungLuggarAscan>
      <dudman entotic="swingleDamagesNitriot3" tapletTisaneAshier="craaledWedelTypp" millard="97428">
        <kodakOpec>mool7</kodakOpec>
      </dudman>
      <timers upstepsOcellar="grugruBeataePawing" abillaGnattyCapanne="595" duftryNighest="karthliBlets">
        <hidatsaGhoomHeliums>91993715</hidatsaGhoomHeliums>
      </timers>
      <holdoutBurner narra="panditFurnishTercets">
        <proteaBawler>sticken</proteaBawler>
      </holdoutBurner>
      <haggyLucesXipe>
        <legropeWisely>epochalMucinHances</legropeWisely>
      </haggyLucesXipe>
      <shyishPorous>
        <kadu>902351</kadu>
      </shyishPorous>
      <chuffIbadite>
        <sightyZocco>dicemanMalakin</sightyZocco>
      </chuffIbadite>
      <pipperMannie bhowaniVetoed="388357" louversSeatTeaing="bering79">
        <swager>49145</swager>
      </pipperMannie>
      <tibiaLoochGasless>
        <tupMonadicAlgist>slaying</tupMonadicAlgist>
      </tibiaLoochGasless>
      <coveFad subatomArgononEyewink="metreteGibber" bkgPorteno="hesioneBraverHirudo413" sephira="recideOutrunsBrand3">
        <steg>tinniLoafed1</steg>
      </coveFad>
      <primpedVenomedTootled duler="ceibas">
        <brassetOtiticComanic>misdietDebat</brassetOtiticComanic>
      </primpedVenomedTootled>
      <tendingDawksBlowzy derivedRetial="kiwaiRepriceSeising" wimbrelFuran="brod24" pomey="upbboreIberic95">
        <filoseBalanid>46177282</filoseBalanid>
      </tendingDawksBlowzy>
      <beseechPlaidedEffund apacheKapas="fulcrumScratMeno" mesnageNormsLena="clethra" quoters="saivismCruset" dinar="impanelLanoseGreta">
        <damped>1</damped>
      </beseechPlaidedEffund>
      <bekingChristyDefame treeifyQuippyTropary="senza94" grandamMimicsSpinets="doaterSuppos" flangedPoliteiOsmol="3715" alpax="7462">
        <jammerAfeardPapuan>sendalsJingoed</jammerAfeardPapuan>
      </bekingChristyDefame>
    </ringersReadoptSoled>
    <coheirFlukilySlimier>
      <incisalClitter>epeirid</incisalClitter>
    </coheirFlukilySlimier>
    <batster siselBoatelsSag="ectal" horningTagalogCobbs="myodesPippier" ricardoArmed="7006464" encharmSkunked="miniate">
      <tattleSainedOmitted>7584928</tattleSainedOmitted>
    </batster>
    <enfiled>
      <snitz>fensTuyeresOculary301</snitz>
      <camelusPried aegagriDopiestSpack="5867242" gummageDermis="58150987">
        <bensallAstiteMitzvah>53173</bensallAstiteMitzvah>
      </camelusPried>
      <bennel>
        <muggursMudroom>91</muggursMudroom>
      </bennel>
      <lairage icebergBatakUnsmoky="dertrum" stagersArthur="annealBaddiesPlayact" aqueityDrossed="cauma">
        <zinckyTsiaBedews>caperer</zinckyTsiaBedews>
      </lairage>
      <rumpusAcanaNaggle resawSmarmy="stubbed" relead="pagador" fatihaSepium="snawsStipula" busts="lophuraEogaea">
        <woodenyTremblyManlike>varmintRooter</woodenyTremblyManlike>
      </rumpusAcanaNaggle>
    </enfiled>
    <creeshyLampDuret sawbuckSautreeSeth="tussuckFullery2" metateSubnudeEdit="2">
      <stretti>ead</stretti>
      <jacktar galumph="chosing" conidia="caneva" knorrSenones="884">
        <yajein>airwardMaria</yajein>
      </jacktar>
      <echoeySoaker feodsNogaku="kintyreOminate" songyNagami="monestDwalm" detersAscitanDepose="corbula" wheeChador="pyridicUmbrine3137">
        <hummus>wavy6134</hummus>
      </echoeySoaker>
      <arghanRelinedPeatmen throckTroupes="tucana" semilogMoo="7">
        <rude>confute</rude>
      </arghanRelinedPeatmen>
      <phonerNurlSkatols thissenBehavedThemer="baumier" nomOverwet="59" akhrot="annaIsthmalWarrant" morcoteUlamas="7">
        <schmelz>woorariCaribesTurfs</schmelz>
      </phonerNurlSkatols>
      <podgyWithdawRubbers metopic="oblatioTarrifyPatee" biferRepolon="uvealSwinger">
        <upcheerAnam>pomacesIrpex</upcheerAnam>
      </podgyWithdawRubbers>
      <delayedPilm>
        <avysIdealyBourage>805158</avysIdealyBourage>
      </delayedPilm>
      <delictoPolandFigeter padeyesHwa="bemask" ungain="caraneDocmac">
        <despiseFantasm>dewaxed</despiseFantasm>
      </delictoPolandFigeter>
      <hydroid snoredPurdaYarn="dazedStoothBepiece" imbibed="tsantsa">
        <virgal>visaedWartProems</virgal>
      </hydroid>
      <marronPodwareZendo zingaraEncup="haptenKerb" phrLeavierCorrody="cousinSirihLienal" pomoEpoptic="lararia" aflauntHoister="fruityStungDivel">
        <austerEltime>chiasm</austerEltime>
      </marronPodwareZendo>
    </creeshyLampDuret>
    <pulpedStiddy journal="defiber5939" ponceauKnesset="refileNaigueGumly" bimasGuerre="2266">
      <theme>gandul</theme>
      <gabbroHandsaw ebb="nickingKepping" mukluks="surfeit" uinalBiotaPurgers="soddensLongbow" gaulinGliomasGossan="dancer">
        <hinnies>croose2701</hinnies>
      </gabbroHandsaw>
      <shaveryCanuckCasina manualIsolnKnab="inculkQuavers" pretireGowansAladfar="nobDugouts">
        <heck>edgeway</heck>
      </shaveryCanuckCasina>
      <muckilyJewdom>
        <tuber>hogties</tuber>
      </muckilyJewdom>
      <shrimpsRotoJubilus previewBaulkedScrewer="pitwoodCohol" neshlyKamichiDisdain="essenisCoarseSapours" unluted="25">
        <ismsVinta>conceptRetrial</ismsVinta>
      </shrimpsRotoJubilus>
      <stabsSpitalWosith onaggriMandanPeters="thyrisHillo" mistuneAbsenceRegrant="benameCameo8" zigged="kitenge">
        <riantAnticorBalaos>sueded</riantAnticorBalaos>
      </stabsSpitalWosith>
      <siculi>
        <whampBus>bothersFitness44</whampBus>
      </siculi>
      <santeePace killoch="roofing" flutherRomp="gnawingFitten" pitangaUnwaresJuga="shrinesHoghood27" dypnoneAsselfDearer="uncroptPyvuril">
        <clourExlexWayfare>pon</clourExlexWayfare>
      </santeePace>
      <doney ozoneCalami="presentSpathaEmerita" veadarGirdle="whitsPulesPernod" anisyl="coversTenorRapeful">
        <chuserAlbaFala>71</chuserAlbaFala>
      </doney>
      <tolaBirthGuyline>
        <sunni>enterAgacantWheezle</sunni>
      </tolaBirthGuyline>
      <piquetsByss isthmSents="amilKickyShading" oleinesDouglas="2600123" moityClrHeadend="49" gurt="ominaLubPittite">
        <jambonZygaenaGrisset>bonnockMowhaOutlimn</jambonZygaenaGrisset>
      </piquetsByss>
      <organrySaltboxPredefy>
        <germing>riglingPanditsPeanuts</germing>
      </organrySaltboxPredefy>
      <dorter shelledRoovedTrussed="atamansVolar3" dotarieCheddar="oakletBears610" dioxaneIciestGuttule="squidgyBugbearCeruses">
        <exoconeBuntyBlamer>druggetRagerCoasts</exoconeBuntyBlamer>
      </dorter>
      <berimesAvosMamluks misbindSightly="tamponSlier1" rakijaReadoptKashan="trones" planera="timbalNausetRajesh" messmanUpspew="cledgyHawkbit">
        <prizerSidney>biotiteAnesoneShicksa</prizerSidney>
      </berimesAvosMamluks>
      <salvos flimsy="barfingJamiInquire">
        <gezerah>voesBenu</gezerah>
      </salvos>
      <hantle snitzBruang="312094" arank="283027">
        <kyabukaShewsPahi>endlessMulattoInhauls</kyabukaShewsPahi>
      </hantle>
      <gimletsCibolanCamagon marehanBanselaDecals="150246" cubisms="tourerUpbuoy" sharpyLieges="nickels">
        <scutePolice>oziasFcy1373</scutePolice>
      </gimletsCibolanCamagon>
      <ablazeFalserLoxotic>
        <illfareTumored>caped</illfareTumored>
      </ablazeFalserLoxotic>
      <mowland>
        <songletElvish>bachingCaproyl</songletElvish>
      </mowland>
    </pulpedStiddy>
    <streel phacopsSpasmed="presesPegger57" latookaLochsTrouse="605600340">
      <woad>9314</woad>
      <warthTappersEnhuile currishSextur="plumule">
        <lichenSails>blotchyVulvas9727</lichenSails>
      </warthTappersEnhuile>
      <soferTimmerPtilota pariliaTiouAreolar="emerizeKabukisMatzoth" bulkierPomeriaElbower="softnerJasione">
        <baalim>304338</baalim>
      </soferTimmerPtilota>
      <goddardAvarLorate>
        <quailyWormerSizeine>tossily21</quailyWormerSizeine>
      </goddardAvarLorate>
      <learntSekane runfish="fitoutHooly" egaliteGurnetJoin="84101" kashima="yacalSaplessFunnies">
        <agromTriages>racketsAlismal</agromTriages>
      </learntSekane>
      <viewingMaro poetize="tamil" screenyNoondayFmt="6182497">
        <plusWishing>broiled</plusWishing>
      </viewingMaro>
      <loukasYukkelSunfoil poneySwisher="meacockTakeoutUnhoods" epigynyBeinly="vestigeBikolNid" perosesComped="shardsMesopicFrotted" triagesJuyasFennec="morpho">
        <morelsResist>fiberRive</morelsResist>
      </loukasYukkelSunfoil>
      <akeyTriggerCork paynimCoccalSolidly="casinaNorse38" kiyasAmbe="clio" bruise="frolicsRopes">
        <ullerAmbachTurcic>3954947</ullerAmbachTurcic>
      </akeyTriggerCork>
      <adermiaCocos resteelVivants="bravestSealike">
        <unpark>slatifyOutwritWons</unpark>
      </adermiaCocos>
      <arroz goos="datakit">
        <blousesCashingSubdual>9259946</blousesCashingSubdual>
      </arroz>
      <femaleDefisBegrett haedGripersIsl="urnsEosins" syndicsViands="outtask">
        <clachGymnicRetruse>aethusaAntiq</clachGymnicRetruse>
      </femaleDefisBegrett>
      <lanner>
        <baffledVictorsJism>hoarseAntaresField</baffledVictorsJism>
      </lanner>
      <stiveSylvicLinitis ruffianPabalum="broilerTskedSafflow" hereinCasinetThewier="359691" ecklein="mastabaSubtreeEarle" naifly="doyley">
        <moaningAzimuth>scuddyGuldens</moaningAzimuth>
      </stiveSylvicLinitis>
      <dalles corridoGotra="neanicRanella381">
        <apochaTings>1144</apochaTings>
      </dalles>
      <fannelLoliTibiale spicula="berollBlusher">
        <gocartCorridoEllipse>95359292</gocartCorridoEllipse>
      </fannelLoliTibiale>
      <yelperSayid ossePontacViziers="mutedlySneaps" datably="3105" femmesComida="hoti" vibicesKuttaurShelver="jaseyedPisum">
        <than>oiiRustlesWreaked</than>
      </yelperSayid>
      <bedlidsSelfdom bellhopGambia="300572944" staysGiant="mayapisUnwagedImbrues63">
        <inial>sorbBoarish</inial>
      </bedlidsSelfdom>
      <tactorTurkish put="culbuteArmsSmokies" cantosTawedShadine="aericalNixiesDeva">
        <glycanJuansPiddle>ankhs</glycanJuansPiddle>
      </tactorTurkish>
      <coatieRebopsMasters yawnedTimidly="brankyFunning" allodyTshiNibby="seesawsSqually" basinedPoledMatrix="faunusIkaryPsychos">
        <tiewigCelemin>antaeanHogwardGears</tiewigCelemin>
      </coatieRebopsMasters>
    </streel>
    <squiresScalareNiobean>
      <indnRowdilyBoggish>steeryOsculum</indnRowdilyBoggish>
    </squiresScalareNiobean>
    <hamfareDemands>
      <fumageBeflourPhymata>acetol</fumageBeflourPhymata>
      <battensCadge cavettiNoilageKnab="cerasOxheal">
        <sinsEnforkTruck>feltRefeign</sinsEnforkTruck>
      </battensCadge>
      <spike sacatonIllumes="hemline" vectorShierRadicle="12227556" unicismSaladin="44" lampreyWakikisAwning="pippinsFaddle">
        <deedilyEvadedSeines>schleppFlapped</deedilyEvadedSeines>
      </spike>
      <ticken pledgedDard="veilerKeener" gondiThankeeDebuted="elihu1194" ment="25475" fonnishOrlPacha="rhedaeBundlerGraip">
        <bashers>eject</bashers>
      </ticken>
      <iprMaleos queuerBaboos="sallooInline" defoilPktSettles="climathRheinGromet4431" evulgeMiff="cordantCoignesAlruna988">
        <hoinWienerSweat>tightsWarstle</hoinWienerSweat>
      </iprMaleos>
      <thomas maenad="pintid">
        <jockerHeelersAdditum>aidmanJohnson5</jockerHeelersAdditum>
      </thomas>
      <spaneSpavitDroved rolandZoomedBetsy="315">
        <yangtzeSonarsCockney>khiAdduct</yangtzeSonarsCockney>
      </spaneSpavitDroved>
      <sinArrameTamps weepedSuddleQuaying="reist8" tweeze="commaes71" tokamak="84">
        <yirthsMegapod>apoluneExarch105</yirthsMegapod>
      </sinArrameTamps>
      <torah achapeDowlessOffend="1" hokumElapine="stonageNoldSanjeev">
        <proverLadybug>misharaQuetAtabal3</proverLadybug>
      </torah>
      <deckenGidgeeAscaron>
        <hollandImoniumLakes>182121954</hollandImoniumLakes>
      </deckenGidgeeAscaron>
      <trousseGypsShwebo quintUphang="hulledMethods" snooksInkedDorsel="demiResewedSextain3" fogyCoudeeKipage="gerbeKabalasOubliet">
        <dirgy>sitten</dirgy>
      </trousseGypsShwebo>
      <agenaBusked oselaAsweat="74" padfootHileLackey="8" duddieAlcannaForold="curveySkullMotiles" nawle="alkalic323">
        <rigling>otello</rigling>
      </agenaBusked>
      <filareeFeuteLimeman rokelayWarrior="ceils22">
        <rumored>eton</rumored>
      </filareeFeuteLimeman>
      <evoker baudsAdamas="buildsClickNowts" hamlahMyrrh="reblownFatcake">
        <contentFluxingInvoked>604168982</contentFluxingInvoked>
      </evoker>
      <dobie dree="emptiedWrithBaccy" pathlet="revoirMatsu" loweredMuongPatents="duyker">
        <udicTohoInserve>additumSetteesBroche</udicTohoInserve>
      </dobie>
      <pickersUlvales edanaNantzMudfat="4813" pterealReseat="verditeZig">
        <axing>cotters</axing>
      </pickersUlvales>
      <chert>
        <develAaliiPlowter>poutierScrotumSews15</develAaliiPlowter>
      </chert>
      <dupioniRicins lilesAcher="caraipaMacbethDirgy" pigmyGuanosCuirie="bewitPloys" arithDisknowLouis="plucksCaky707">
        <pictEasier>34280130</pictEasier>
      </dupioniRicins>
      <devataKalasie duros="blimpTodaFathers" couponPardahs="unbusk" ceiboKiotomy="brediGnars">
        <intransTomming>lacmus</intransTomming>
      </devataKalasie>
    </hamfareDemands>
    <cyaneaLoren>
      <oogleaFullamsCryosel>5079475</oogleaFullamsCryosel>
    </cyaneaLoren>
    <octectDealers>
      <enthral>toutedOnt</enthral>
      <huzzahJennierKitty epuralJunTalcous="thacksBer9" scrogsLocateHeaders="ocasCuberMoonlit" zuludom="preseenAhungry9266" lipperLeesePurset="pannaTurksDryope">
        <avidlyBonitasForage>expwy929</avidlyBonitasForage>
      </huzzahJennierKitty>
      <favismKhoka tsumaPilausCangler="cairProposeChinche4">
        <oceanog>3372</oceanog>
      </favismKhoka>
      <candorWuzu>
        <styesPhilicTranche>ordinesAbieGradual</styesPhilicTranche>
      </candorWuzu>
      <stimied technolKoranResays="galere" emballOfthinkUnbeget="619" pontoon="8725407">
        <saludArablesBooties>scagliaMangers</saludArablesBooties>
      </stimied>
      <isogyreAllyic resnubSine="214073" silvern="beetewkLobbish99" mortarySharifsViola="oint" stoory="nolSighing80">
        <ambrein>grittieBlashyMasjids</ambrein>
      </isogyreAllyic>
      <melaniaBethump>
        <sporid>manletFuzzing</sporid>
      </melaniaBethump>
      <azha bravasHilarWarray="ernesseRecche" flashet="733498" floraNiotaMort="durasPagina" ovibos="inroSkimpTashrif478">
        <sugganTheologHight>semitesCadmean</sugganTheologHight>
      </azha>
      <linedNunshipNovene bandog="tankNthEnvoi" naphthoSaron="8300" yieldy="burion" electra="bhalu">
        <octavo>horaceCabersBalker</octavo>
      </linedNunshipNovene>
      <azafrinSquire alcoveFundiBiloxi="mervail3977" beltsMyocdia="augh" sinopleViddhalEspied="trendelTames">
        <alshainChmn>216504927</alshainChmn>
      </azafrinSquire>
      <nimmerThruway coerces="sapsuckGrove" aminic="1106">
        <cerise>beetle5232</cerise>
      </nimmerThruway>
      <metonymUnannex godless="vouched" adinSpurrer="hyliHouhereAmbulia6" arawakDukelyPneumas="phanos">
        <prosCopeck>epochPalmfulMately</prosCopeck>
      </metonymUnannex>
      <lummoxWheelieLithi mergersGuanin="seggarCesspit22" ribozoOakwebRefresh="869525734" dalaiFlipeMongos="reechoPianist" stoureKnelledDipnoi="atria">
        <beautsJingals>zambeziGladify</beautsJingals>
      </lummoxWheelieLithi>
      <unoared>
        <bromoilTrizoneFoh>bubasRuntyHumite</bromoilTrizoneFoh>
      </unoared>
      <canthusViuva zoonist="deceitMizens" uncrampBurnets="quidam" bobbinFascisEgomism="85716">
        <calyxesUmblesBeltine>inliers</calyxesUmblesBeltine>
      </canthusViuva>
      <untacks urethraZaremaTess="deddEneas7" obeah="arribaDragnetHawky" tartDaffingEnsete="airman">
        <sixishWell>halavah</sixishWell>
      </untacks>
      <swelthKettrinPresage>
        <airbags>tannyl2745</airbags>
      </swelthKettrinPresage>
      <rattonAnnexed chass="kayoed" chicleTibicenFovilla="acrylicWaded">
        <droddumWingtipVilloid>discumb</droddumWingtipVilloid>
      </rattonAnnexed>
      <swiftCadoukLoner jollopYeans="pottled" gauntlyHonanGenera="dzeren481" stalagsFewsome="unhappiRecrate">
        <notedBasterConners>greedy</notedBasterConners>
      </swiftCadoukLoner>
    </octectDealers>
  </aglanceMimesis>
</waxersTympany>