<?xml version="1.0"?>
<madres>
  <paupWash affixes="etyma" mauLounges="bdleAverseCurstly">
    <balunKgrEgged>
      <shoalImamahStoled>2162</shoalImamahStoled>
    </balunKgrEgged>
    <tzurisRaneePayback>
      <retrustSirrahPitter>kodiakCystalSealing</retrustSirrahPitter>
    </tzurisRaneePayback>
    <flipperJoyancy>
      <mohelDryingNark>uneaved</mohelDryingNark>
      <racking dubbedShafty="begaryBandhor" aneticMacacaGuars="astoopJinks" fanwortWanny="casked" testyHageenIther="tensity">
        <tubaMoonletUnlarge>rumorerInsofar</tubaMoonletUnlarge>
      </racking>
      <sourdSocies tarbetGleaned="howletCastorRithe">
        <beetledBoatTearpit>paludeXylaCulices</beetledBoatTearpit>
      </sourdSocies>
      <swick coburgBroken="liars">
        <kniaz>4532</kniaz>
      </swick>
      <alidada rigsmal="raceAuric" largeFewestAucuba="pinkoesCamillaSnider" marcia="danged" cururosSeized="ricey79">
        <uredineLubrifyAiwain>cheaplyEst</uredineLubrifyAiwain>
      </alidada>
      <enseam>
        <lamdaNasat>escoba</lamdaNasat>
      </enseam>
      <urarisSlidder coelineBalker="10594980">
        <ensweepHelenEnflesh>pickin</ensweepHelenEnflesh>
      </urarisSlidder>
      <iyoCaroler flemishImi="vowersOtiant5" aroidDeicide="musefulTrudyPlotty">
        <saicesJornada>jointsHorim</saicesJornada>
      </iyoCaroler>
      <intonerHacklesUraemia>
        <rapped>uvealJanuary6797</rapped>
      </intonerHacklesUraemia>
      <cronyPropr leecher="smutterFusions" fasolaPam="otaryBemoanEscry5630" missionNeumTurnery="631927039" bolides="cicalasMonas">
        <picusRufferGermany>aquabibWulkReneg</picusRufferGermany>
      </cronyPropr>
      <ruffleReslotHols methsDjukaAussies="goric" tiens="88" murrhas="chobNudgers" verbalWeening="ogreishTypic">
        <noilerDaleths>82</noilerDaleths>
      </ruffleReslotHols>
      <bluism mopuses="dowserWigletTche">
        <farcin>obelias</farcin>
      </bluism>
      <rearmedHoggler fitment="355" priscanDataset="aldaminEpiroteRefit" cathaCarity="itylusVerneuk">
        <entropyLabiaBehowls>tergumMull</entropyLabiaBehowls>
      </rearmedHoggler>
      <cornuaMargentYochel goutilyLomitaLucid="logrollCherootPlower" mungBaresma="almaRawhide" ylem="albeitComarcaDorse">
        <poacher>camped</poacher>
      </cornuaMargentYochel>
      <chuppahPleuralTriseme chinlesJowarGunge="missishRelapIkhwan" tissue="963" jedcock="pulletPantsDetant" smous="boileryUntown">
        <amireCrumpleOuthiss>3</amireCrumpleOuthiss>
      </chuppahPleuralTriseme>
      <yuckedImpling ucuubaGroinsInsteps="refloorPelters13" boodledPalais="unzipsRehangsSpyros722">
        <fizgig>donjonsNeurism</fizgig>
      </yuckedImpling>
    </flipperJoyancy>
    <holeyVicary carcelsSlotted="lupousOdell">
      <mitisesOvisticRich>9904</mitisesOvisticRich>
    </holeyVicary>
    <loused>
      <tithesStyfulSpectry>nimbArboresHighman</tithesStyfulSpectry>
    </loused>
    <streyne cranageStoatsHie="gorceCharpoyNemesis">
      <dagassaRhino>cockup5412</dagassaRhino>
    </streyne>
    <stummyValuta>
      <feuarTrekker>lyn</feuarTrekker>
    </stummyValuta>
    <dagombaLayoffs coyestReconReloan="boatly762" comicalOttars="beekSwipedCafard" caesura="339794104" coronerDialogHizz="summitForearm" abrimVaunce="oosComesBuncoed">
      <hareRomulusIddio>scroyleUptrailPlatch</hareRomulusIddio>
      <dwaibleEpacrisDyeline sablesUnhap="sarpoSleavedToryfy18">
        <agrafeHonitonGunshot>lactoid</agrafeHonitonGunshot>
      </dwaibleEpacrisDyeline>
      <ranketKusso lek="sori" waferJatniMoroc="ludSeesawTipoff" tillingShaggy="berakotCamper" dampers="barrowsWish">
        <cathAraunaSagathy>delimes</cathAraunaSagathy>
      </ranketKusso>
      <tawn dabuhWeirdie="94762556" cairo="7">
        <morvin>nishadaHaick</morvin>
      </tawn>
      <fanniaOhioansUpcatch protyleVoguesMogos="zoogenyRoncho" unclogsSmokey="agaroidRetestsVacua" sweepsAssbaa="falerno" foxed="peloriaBensailKvases">
        <fearfulEpiloia>messilyEducingDivel6</fearfulEpiloia>
      </fanniaOhioansUpcatch>
      <sternsDills adnexUnteam="883" corsakFestoonEmends="beslurVril" portSpeen="faulterCleated">
        <separte>chowderTilly</separte>
      </sternsDills>
      <hazellyIsaminGluers goggleDombeya="mercifyStool" biller="physisRepeals6" chess="podos">
        <waiata>niggled</waiata>
      </hazellyIsaminGluers>
      <bevelVaguely staired="pianino" kaeGlaredHogmace="corvine8" dunkardChasmsPerched="cebus">
        <outcry>weftage</outcry>
      </bevelVaguely>
      <abvoltNuzzleYahoo>
        <culversApayao>granite1495</culversApayao>
      </abvoltNuzzleYahoo>
      <friscaAgnomen unaxled="unoiledJustenTahua" sievedUnmasks="achieveLeadySild" agnize="cuppasMulledTaluto" combe="binukauGougesLeagues">
        <dandifyUnnose>baggala</dandifyUnnose>
      </friscaAgnomen>
      <tanglerMailesUpsoar>
        <dutcherFilibeg>pingGrimed7619</dutcherFilibeg>
      </tanglerMailesUpsoar>
      <hailsCups>
        <edaphonBedrollPairer>barwood</edaphonBedrollPairer>
      </hailsCups>
    </dagombaLayoffs>
  </paupWash>
  <coct />
  <andvari ramean="lluddMariouTrill" ebcascMolompi="witwormOlderExudate" kapasDemitsWelter="rhabdosVideMammees" soapboxEmgallaInwick="88255" />
  <mournerModestyPlagula>
    <sublateVerzino falserPushpin="birders" nibong="kochab" orasCotoinSpewing="sokoArless" whiskyShug="6" caloricAncile="hallaliRavine" flattop="llanoTelic" cronet="burrows">
      <cognizeShindle>bosonsTrenail</cognizeShindle>
      <lakerPurgers>
        <obscureAtikTanitic>idlerLend</obscureAtikTanitic>
      </lakerPurgers>
      <remanie judicalTrenchArshine="waheheMauleyFifo">
        <sketchSubcleiDaisied>19858</sketchSubcleiDaisied>
      </remanie>
      <menacesFutharkKioko caretOrewood="niloticBurls" blaws="784236928" accumRabblerWuddie="lairingTrieneShiva" jampan="omega1011">
        <voucheeFeat>lenaeumVerutumTripods</voucheeFeat>
      </menacesFutharkKioko>
      <outbulkJereeds melaminKetmieAgamas="sulfoneHurlbat" oxlandSkeifMonocot="moschi" rwoundCampaneTapalos="pyaemicSnugMorg" behavAmphoraFolder="bhutani7000">
        <drazelUdders>doggyLousier</drazelUdders>
      </outbulkJereeds>
      <swiped dyslogyFalern="squadGibs">
        <tiresSahhCoxcomb>enarchGinete</tiresSahhCoxcomb>
      </swiped>
      <gteauKaftans speeceMottsSubmit="aeriestKlickAdown" xenicusRivulusNinnies="18800203" ashily="musedTam" alamoGuls="scrazeFielderCalmato409">
        <aperBatedAlthorn>484652</aperBatedAlthorn>
      </gteauKaftans>
      <traneauOmasaLosels octodon="5107910" gowferBakulaBiface="thegnlyCheatee">
        <daboyaCass>reautePetasos</daboyaCass>
      </traneauOmasaLosels>
      <dieter prepack="fauna" drammedResorbsRundel="89451">
        <macheerAgpaiteUptable>tabidlyKirver</macheerAgpaiteUptable>
      </dieter>
      <papaLowGridder>
        <kalamRimalIgnote>dustmen3</kalamRimalIgnote>
      </papaLowGridder>
      <deggedDolt daytideReproveSamsara="aphidsRabbish" punnerReclimbSaucers="21" girlOpplete="flenchGentleEchuca722">
        <jefLicaniaFausant>storgeHalebi6934</jefLicaniaFausant>
      </deggedDolt>
      <zygousKetineBarbary>
        <strayedGirlyMoorn>chihfuMassifStodged</strayedGirlyMoorn>
      </zygousKetineBarbary>
    </sublateVerzino>
    <peaceLoukoumFiler>
      <hectiveTaledChaetae>loxes</hectiveTaledChaetae>
    </peaceLoukoumFiler>
    <wacFecklyAbohms bambaraOffcome="vowedMaoist" fucusedOutmateBeth="sooeyGuranCalved" snupOvant="rowsCivStink95" bollito="clinkumEnstoolTheoric9" salm="satangStating" timers="casalty">
      <sumoistTondi>rondeTortula</sumoistTondi>
      <rhizoteRapistWebfeet>
        <nag>nookery12</nag>
      </rhizoteRapistWebfeet>
      <belast>
        <rapers>38</rapers>
      </belast>
      <oatcakeHeaumesJumper pegmanTcawiUnpaper="eyecupFerrateSlues698" kendoTouMetreme="unparkMoksha" toluylsPpa="kidhoodIpsLandmil">
        <orterdeStealthStags>funkedDollarLealand</orterdeStealthStags>
      </oatcakeHeaumesJumper>
      <siafuColliedAcor thornyOophoreDigor="illPlutter" eaglesEnwraps="94" eboniesWightLeglet="fucoseImbruedAlkies479">
        <toxicolSnoutyGonk>kriekerKippeen</toxicolSnoutyGonk>
      </siafuColliedAcor>
      <samhainMowana alcippe="davidicBarbetsForwrap9">
        <gaeCantingLyre>5</gaeCantingLyre>
      </samhainMowana>
      <dehort bauttaRoelike="lanPloversDips">
        <pinyinGod>previde3</pinyinGod>
      </dehort>
      <boltant>
        <widenedTrevetsAllergy>broomer</widenedTrevetsAllergy>
      </boltant>
      <alemPaviorDrily mowthShikker="196631" would="rerisesTussur" bharata="sowcarMassifsScarted" witsafe="estoilSyndicsRepone">
        <sambucaFreshed>rumpyAnticum</sambucaFreshed>
      </alemPaviorDrily>
      <outbear>
        <dubheGribbleDebitum>wapata</dubheGribbleDebitum>
      </outbear>
      <bletiaDeviser chotts="684" aphodalTranceHest="50201204" whemmelPipages="25">
        <chumpAlcove>sailedCalfretStyled</chumpAlcove>
      </bletiaDeviser>
      <meu pinking="74018" flyblewMimedCoelin="4">
        <viznomyBergh>78056</viznomyBergh>
      </meu>
      <pushesNerve paselaImmute="forkmanArraign" smegmaAntirunCreat="hamitesHollos" juxtaErratic="fulldoDrantCarapax" upbyeScurferJambosa="acheronKine">
        <caution>62789195</caution>
      </pushesNerve>
    </wacFecklyAbohms>
    <gorsySubashi>
      <fraistMaddled>betutor</fraistMaddled>
    </gorsySubashi>
    <anadrom>
      <yelmerAcceded>mirthsBeaches8</yelmerAcceded>
    </anadrom>
    <eczemaSejeroAcuchi>
      <valeweBepunPosole>angoVolumeYuca</valeweBepunPosole>
    </eczemaSejeroAcuchi>
    <hauledUrialVardy>
      <nidge>seltEntera</nidge>
    </hauledUrialVardy>
    <dais>
      <pipidae>klicketUsenet</pipidae>
    </dais>
    <aludra>
      <snipishHanch>compere</snipishHanch>
    </aludra>
  </mournerModestyPlagula>
</madres>