<?xml version="1.0"?>
<gumlikeAirfareHypnody>
  <pinyinReslidePopgun stormedMuscone="wafflesAmass" nanes="undryBrocked8">
    <agiosApposerDion caubogeWarabi="enrightTrouvrePenangs" landauDeansCormel="lepalRiever" lamsGadso="2" padda="pollingKanyawGowdnie" wrackerSlaves="lauanDesumeEtymol" tshiPiqueJymold="riskPyritic">
      <trochiAntre>965833845</trochiAntre>
    </agiosApposerDion>
    <kurus>
      <lashinsNyalas>muir461</lashinsNyalas>
      <caromelPiggieFloria linneRemercy="duffers" brevesBobotee="bowlersVoteen" matherBusyish="79991838">
        <fairedPiasavaTercia>tausBauleahGutsily</fairedPiasavaTercia>
      </caromelPiggieFloria>
      <grimBonnet tau="1862" kinosAwfullyKilljoy="sarapeAbaueFulled">
        <aralia>logchipBilkersTrivant</aralia>
      </grimBonnet>
      <lagendUhuru>
        <opecEvillyKarsha>grateMagDextrad</opecEvillyKarsha>
      </lagendUhuru>
      <laridaeKyeRelever ogressFemurSalish="gospelsLexiaRemends">
        <dreidlBesets>trioecsConiineSheenie</dreidlBesets>
      </laridaeKyeRelever>
    </kurus>
    <grudgedSchmoesPuraque sibbens="beebeesBiddieLithate" wishmayKokioConteur="diptoteIonised">
      <vlsiGreetPrangs>26107739</vlsiGreetPrangs>
    </grudgedSchmoesPuraque>
    <veloursBlurs>
      <shurfLycineMasora>mermnadBoldingPolios</shurfLycineMasora>
      <songishRomp frijole="45002" dracoWhoosy="spoke" oxalato="2630611">
        <karshaBarkan>wifish</karshaBarkan>
      </songishRomp>
      <squeamyMolet galootApadanaMenads="gimelsExsertMiking5145" strenthJagged="plonkedInfree">
        <namaNoopGarston>craze</namaNoopGarston>
      </squeamyMolet>
      <hotteryAlemmal pouncedConicMartite="59" tepidlyColorum="aecidiaFireboxNuke23" civieOldsFent="rodney882" churrsCloyer="choleic71">
        <olmDelayer>bohorok6628</olmDelayer>
      </hotteryAlemmal>
      <rustic anelingDansker="bason" sculpedContribUnbark="benthalKraut" ridingDighted="729444">
        <mutatorEupneic>koa</mutatorEupneic>
      </rustic>
      <shyster peavy="deworm" psstLambackRazzed="morallyMedulla445" alkylicSirship="4" hogsPausaiUnrests="regear">
        <pajockPliskie>3</pajockPliskie>
      </shyster>
      <myricyl belloteDugentoTursio="crosnes" gleesHazer="72614295" dribletChopasUnwist="98637">
        <maydaTink>sycoma5</maydaTink>
      </myricyl>
      <sise azotizeUlpanFaailk="eeyuckPotter" geedEmptiedAlw="densPieton5524" bize="untoRevenueRouleau">
        <cuminyl>mauvesSeqqOdyls</cuminyl>
      </sise>
      <renovelGuayule beleftDuomiOscella="nielledPetasmaLawner" gassersPercoctEssede="torporMandaic">
        <pisOpposedDemirep>eblisOutfireGleans</pisOpposedDemirep>
      </renovelGuayule>
      <hopeiteCrusilySocker tofornGyres="carpid94">
        <lyrismsLick>8832485</lyrismsLick>
      </hopeiteCrusilySocker>
      <floydTitman haven="kerfsPrylerApagoge90" solidi="4193782">
        <lentiskWooly>aquas</lentiskWooly>
      </floydTitman>
      <jagathEvans stanceApexes="disodic2" kutcha="blibeYutu" quatuor="corveeKipchakPyoses501">
        <loriotButoxylThasian>711</loriotButoxylThasian>
      </jagathEvans>
      <levaFlick malter="193106" shoe="meet" borascaLogis="adagy">
        <renigMaserWadset>lettingJussal</renigMaserWadset>
      </levaFlick>
      <wedder pupped="1698340" snoutsGassedDuos="amuseePsoai">
        <canarin>bolusesMarkhor</canarin>
      </wedder>
      <burleyPeacherAvailed bagnetBootee="gestapoSundarEncheck" jinking="196609" profferApyrousIambe="spew">
        <lobolaEnactsReverb>sadware641</lobolaEnactsReverb>
      </burleyPeacherAvailed>
      <amidinSpyros>
        <leeringReshown>emim</leeringReshown>
      </amidinSpyros>
      <peeps illyLibido="drivers" ragtimeOceanicSilked="ironismNaively" slopeSeculumRatero="signoraTenuityBiogeny">
        <demeansRiposts>friseAbrin</demeansRiposts>
      </peeps>
      <muriumWainage honour="assuadeCutoutsWimple" pionedRaffingMone="toffishMajesty">
        <catlingAsseour>outzany</catlingAsseour>
      </muriumWainage>
      <resumer pinkiesCleoidBadaga="inthral" abaciChimlaAnklet="cheeker" lohock="48072625" lingotUnspiedPokies="664962">
        <ones>57</ones>
      </resumer>
      <grumKasa lotusinDurwanHuey="3" jertTaffyCloaks="bocalGravestPommee" munt="seemCoversHajji" thriveSwairdPalayan="embusqu84">
        <nounal>gongsSwarbieHeitiki</nounal>
      </grumKasa>
    </veloursBlurs>
    <ammiral soso="dovens" duomi="amadiDithiolRedyes417" tuneboRankerOutlet="84" pixyishDolmenToiles="corkirBradEluder809">
      <bepieceAbashed>subahsMammodi</bepieceAbashed>
      <abwatts aclu="buy" taskedSyllisLunes="tofornAphonyHokey" puchera="slavic" glassenBenzalSwarfs="3">
        <shilhDysury>polack</shilhDysury>
      </abwatts>
      <amoruaThworlRoofers>
        <tipsily>spathMaridAmorosa99</tipsily>
      </amoruaThworlRoofers>
      <gezAlnusSchillu viperPerceptSoya="malachiLaxate">
        <witwormGaller>kazooAumailReedits</witwormGaller>
      </gezAlnusSchillu>
      <mudlarkSubsereTarsale awreakSuantSassaby="yazataUredialTos">
        <clock>wajangBonnockSubtly166</clock>
      </mudlarkSubsereTarsale>
      <kinkDiasper saleSeeably="639" seeweeOrgoneToxine="foemanBorneUnpeg78" linseedTaskitThyrsus="tubalCevenol6">
        <nightsSoupledRoulade>giantLupe</nightsSoupledRoulade>
      </kinkDiasper>
      <warrenHalvahsSaltly>
        <cuisses>bewhite</cuisses>
      </warrenHalvahsSaltly>
      <unquoteSephenPeined cobsMicracoTrucker="desertRetrip" bespeedWok="basion" weenies="rehedgeMartuLhota78" dorse="mangierLassie7643">
        <paulinCleatAucaner>oleoylGutserLogchip90</paulinCleatAucaner>
      </unquoteSephenPeined>
      <agneauYuapinTeed>
        <sandalHerile>degust</sandalHerile>
      </agneauYuapinTeed>
      <werefoxDammitGimmor suivezOristic="deburr" dissava="skinned1824" rhamnal="15038" sawbillMbdTardity="peludoTestone7755">
        <fart>felliesLethalDotlet</fart>
      </werefoxDammitGimmor>
    </ammiral>
    <pamsEntrerCumara merceryCaiqueRamist="8231405" amusivePopsBaguet="astoopExiled28" sufism="pulpalHetchelBurbolt56">
      <alcaicValet>maximRamentHuipil</alcaicValet>
    </pamsEntrerCumara>
    <aeryReceder noctis="oases">
      <bistros>rubbee</bistros>
      <fatuus>
        <elision>ramalDomines6192</elision>
      </fatuus>
      <central>
        <downyBetides>dogyAcronyc</downyBetides>
      </central>
      <resinyUppropBuggane exitureGyrenesBallers="auletaiOrnithPellas" bells="frap" capilliMeated="hureek" purlmanLocumFlneur="ditasSquib23">
        <smilesAosmic>hadntBestKickxia</smilesAosmic>
      </resinyUppropBuggane>
      <cushawEyeroot podagraBounden="engold" miscoin="okes" jutes="88">
        <begazesCymlingIndy>iserineCowkineMalella69</begazesCymlingIndy>
      </cushawEyeroot>
      <scoopedCambiaWicket alienWarpsUswards="curari" cooeesMuffins="8642843" acomaRefan="402926799" broghCoaters="gannetsLarigoTelpher">
        <hopliteLollsBidets>517785069</hopliteLollsBidets>
      </scoopedCambiaWicket>
      <seam mongoe="tambukiEvokersFatuism7117" ephebosXyloyl="turkoisAbba7" jiggly="kinkledPapainsMulsify">
        <bards>cello8</bards>
      </seam>
      <astride depsidCytol="hatredJhowEmigre">
        <hormosChicBucca>juicing</hormosChicBucca>
      </astride>
      <siakFictileWakener coactorBerthaTappers="3809795" namableMobbedUncous="ashakeAscebc" saigon="upcloseAculeaSplinty" passCahnite="undosedParfait17">
        <speanedTogtCalycli>pomfretVasts</speanedTogtCalycli>
      </siakFictileWakener>
      <calinFaggy phraseForemen="carvers" flatbedDrawOilmen="chaptKokuminSubtree" palmad="tympan">
        <bleePintNucule>retenuePreaged</bleePintNucule>
      </calinFaggy>
      <kubbaPietistCrankle begassSeabedGodsent="bepale76">
        <neil>pythonsReiced4</neil>
      </kubbaPietistCrankle>
      <rotanev fluyt="propterIpsoWaivery" kenaiRedrugSiloam="prairieDetains" sabelliAlkene="raneeJoebushSqd" djins="arcadiaDisliPrides">
        <analytOofierGawcey>pivoter</analytOofierGawcey>
      </rotanev>
      <agujonCrowersBoosted backwayGlome="halebiGregau" uriaAcream="fidgingNay">
        <pongeesSwiftieJapish>feltedDundee</pongeesSwiftieJapish>
      </agujonCrowersBoosted>
      <grogBrainy lenRamularPoplar="scoliid" scurryMartial="quantic">
        <untallPsf>dowable</untallPsf>
      </grogBrainy>
      <sulphurEleuin>
        <erstAptote>adoptee754</erstAptote>
      </sulphurEleuin>
    </aeryReceder>
    <forests frypansLainerLinon="nodded" twittyAmbient="bitwise" olea="canopicDan">
      <icterusAudiosLenses>sierOutride</icterusAudiosLenses>
    </forests>
    <lwp>
      <mazzard>frapleMingo</mazzard>
      <bahaistMegilp mewlerChargedJecoral="crewerAcle" isotone="slurpedGleaner" muntjak="nanger307" herls="goalingDawkin">
        <chkfilOutrowBrugh>afacePresumeCrocus</chkfilOutrowBrugh>
      </bahaistMegilp>
      <polaricCschArbitry rubiesBennMarathi="solideo" forlore="metierSillockSear56">
        <jhool>thillsNipas</jhool>
      </polaricCschArbitry>
      <burkedAnoas>
        <trowHurterClashy>74952287</trowHurterClashy>
      </burkedAnoas>
      <unclout>
        <enlard>lobbiesZibet1</enlard>
      </unclout>
      <eutaxieSpecus shiningBahera="waled" foredoAndries="stunner" maudlinHexoneFilmic="burr5314" tunics="124896199">
        <molaUnbraveLair>gambadoCodings19</molaUnbraveLair>
      </eutaxieSpecus>
      <frontesUpshove chockPicketHalberd="ossify77">
        <prink>telergyChapels</prink>
      </frontesUpshove>
      <parisesLeanerLoaflet unscarb="subgitIph" octoadSlee="69" woofNosyHowls="775575">
        <zoarces>stevanPratersMyrtles</zoarces>
      </parisesLeanerLoaflet>
      <butoxyMobable>
        <pique>autoputSinderOes</pique>
      </butoxyMobable>
      <epiky spirol="sutteeWalshHunchy" cfmGurneys="spectraCapfulDecoyed7940" therme="mutuumFumersMaana">
        <amides>onicoloWillied95</amides>
      </epiky>
      <shoveVeranda detects="oxide" oldwifeShip="428396923" vanadic="facadalDeltaic" awkDeglazeTricots="dingheeTypes">
        <gimpedAnheleWasting>pprSteevedApical</gimpedAnheleWasting>
      </shoveVeranda>
      <amyrolHeckled>
        <gapped>4712216</gapped>
      </amyrolHeckled>
    </lwp>
    <cadgedChagaHurting>
      <cookeysLoutingGils>unipedEtches</cookeysLoutingGils>
    </cadgedChagaHurting>
    <sialia lifen="stipo5" resoles="quoinedAlsikes" nisiCannedAllan="assurerFolioed83">
      <bunkumsCaselty>amalUswards</bunkumsCaselty>
      <yantraNickarAvys scopulaAmarine="mateySmegmasRipens">
        <wourariSurtoutGomavel>8</wourariSurtoutGomavel>
      </yantraNickarAvys>
      <parangi huicHazaraSlammer="yojanFleak" gwyniad="gaminsPulsers" jhvhHidage="enteria">
        <daysideFistifyOutcull>86283238</daysideFistifyOutcull>
      </parangi>
      <tutty basellaTsere="87107" sacrateEluvium="1">
        <logwise>527333496</logwise>
      </tutty>
      <pepsineOutreHilch woolf="upsilonSievy275" hutchFetishScene="plounce51">
        <tucktooPlacage>kikiBxs</tucktooPlacage>
      </pepsineOutreHilch>
      <honkers pterinsKayoedParvenu="exiled1" thermes="kokiaLauanRefed">
        <ashot>cenobyKeeslip</ashot>
      </honkers>
      <grunterGapes apiliCasaltyHackies="unbraceGarringAlert" adipose="63812" niggard="layeredTanica3814">
        <matrahFuzilsCyath>dourasBittierMurkily9</matrahFuzilsCyath>
      </grunterGapes>
      <biasesBeakers zaptiehDizenDithion="latence" nemine="wene5" alltud="580361">
        <homardWaur>carcoonShaigiaMicrobe</homardWaur>
      </biasesBeakers>
      <epicierTdr margaBladish="armill" gawkishRegrew="1590" paizingGiarreCrip="caratGriceDetick" dourahs="fasherColate">
        <crchePillars>argoletActin</crchePillars>
      </epicierTdr>
      <andoke rightedSteeve="tirmaLeveful" eloperMountee="guazzoCarver" snazzy="sheltaEnthuse" mansionWarlessMispens="medium">
        <bottegaSikkim>heeledKistDatary</bottegaSikkim>
      </andoke>
      <judeShovelEmerit roasterChasseGalut="spaeingLidarWire" lappulaNuqueOrvieto="deface8171" horselyYanksHaet="pascha" cheney="171576">
        <dasya>jargonJeffery</dasya>
      </judeShovelEmerit>
      <crankleAcidylScraps>
        <roidChancreVingolf>539</roidChancreVingolf>
      </crankleAcidylScraps>
      <halkahsHightsTrilobe>
        <wabster>romps</wabster>
      </halkahsHightsTrilobe>
      <drayageAceite brainyDogdomsPlanury="baltis">
        <carmelMahantTitans>aptoticInstillMissaid</carmelMahantTitans>
      </drayageAceite>
      <charqui stonageSlewsTrachea="chideJocunoSlumber" dailyMisaverGreffe="bochurShiptHeadman" tankers="woneCsardasPavise" eighth="hewedGorkun">
        <yogicSuits>wyne</yogicSuits>
      </charqui>
      <larvaeClachanRowan crooks="koussosSnortGravida">
        <snarks>kelliesRooved</snarks>
      </larvaeClachanRowan>
      <ensky>
        <rotateDentilHydras>cousins</rotateDentilHydras>
      </ensky>
      <unlooseKimchiNoctule>
        <aurigaWartedQasidas>87122</aurigaWartedQasidas>
      </unlooseKimchiNoctule>
      <alulet locoingTiangueKnobs="exogamyEpoxy49" sat="xeroxedMichtStumbly">
        <gypsyryReicing>sortsMossingPigfoot</gypsyryReicing>
      </alulet>
    </sialia>
    <aeolianDarkiesQuailed paddleDeflect="volsciPesade" lizzieAidmen="lithol" vodumsSyd="cuffing1789" nexalHistHodge="96" dukery="1544197">
      <brisksSaulgeHiston>chard</brisksSaulgeHiston>
      <rakefulAriosos cornrow="2318061" leigerNocake="612172936" wiglessRupee="911086" aterianLoment="varusUnarmBrite">
        <liferCrank>9680234</liferCrank>
      </rakefulAriosos>
      <birkiesNauchMuddled enliveNepoteBistro="nonet" gadinicEmbeamTuskers="cuppen">
        <gulixSanche>vejoces</gulixSanche>
      </birkiesNauchMuddled>
      <ardish coplotUnpicks="tariffTimbrelYourt" antaraPaddies="gonakeShtetlToco428" feloid="burkedJivaro">
        <waulsUpreach>asialiaMesses</waulsUpreach>
      </ardish>
      <womansVileynsPassed moltoAuraeMemoria="ramsCrimper" leaner="infeofRamhead" fambleJellied="mtier">
        <synnemaOwnness>64223</synnemaOwnness>
      </womansVileynsPassed>
      <caladeFogless puttyObelial="devcharDetergeSwives" bekingDiscalFloozy="erthlyGestion" ist="dakhiniReginaeKilos" clin="73597355">
        <burlyBiffiesLuxates>fulled</burlyBiffiesLuxates>
      </caladeFogless>
      <coned putlogBenoVelure="3">
        <albucaDanceryToa>1</albucaDanceryToa>
      </coned>
      <amnesicEgre dablet="whataDunness" flearSerta="838623" antaeOlluck="verrelLithiAccoil" salatMurkishNiello="miniumsUpmostMiotic">
        <bilaan>coemptsBattsTieing</bilaan>
      </amnesicEgre>
      <orarionNicetyRecours mealieRhesus="ensafe" deposesCanamoTriunal="ceduleFlettonEggy3" splodgeFitchyLatins="fishRheoKristen" petrolPuntersScooch="136490458">
        <bigateFahlerzFestoon>vervesAcouchi9</bigateFahlerzFestoon>
      </orarionNicetyRecours>
      <wiggishHesione almner="wamus" maniocs="3">
        <hockPelengHout>shakilyRadiacAeolist</hockPelengHout>
      </wiggishHesione>
      <donnockDobla mushersYaups="dagglesMelosDeeping" osteinBindlet="busherAvoOncoses" rippleComsat="matkahAcraze">
        <cretifyKoran>widgetWhittle56</cretifyKoran>
      </donnockDobla>
      <inweedTrame>
        <cholaneCroppieWhatkin>spidgerDoumFaute</cholaneCroppieWhatkin>
      </inweedTrame>
      <poetics mogAirwise="bookersCoalersDaira" nigeriaAdorn="6170982" played="964">
        <florin>coniaColouryEon255</florin>
      </poetics>
      <calepinHoopers bagniosUplong="vermian" ladyishCrops="bendee" eratoOxters="methide755">
        <obmitBiriSpeels>maulBedell</obmitBiriSpeels>
      </calepinHoopers>
      <besourScuffedLatooka hinduHumpty="unscalyImbatSyssel" museTulisanAconic="lingcodToxic1589">
        <stopa>teagueTainteVagrate</stopa>
      </besourScuffedLatooka>
      <padronaZoons aucanSclimSayids="exstill" snawedLoringPommee="twi">
        <revoiceMammodi>potterGouareeChasmal</revoiceMammodi>
      </padronaZoons>
    </aeolianDarkiesQuailed>
    <cooties>
      <abolishPtosesRewater>950243883</abolishPtosesRewater>
    </cooties>
    <thoriasBocherSinzer>
      <diciest>luffsMammee</diciest>
      <napsFrustum>
        <riflerGermule>leased</riflerGermule>
      </napsFrustum>
      <gagePrimiCalomel afflictSnideTasbih="lactamsLineSieving3" deodara="antickt" caliphPhosBroomy="5">
        <svaminAnticalJazy>polynoeAmbittyBloody3693</svaminAnticalJazy>
      </gagePrimiCalomel>
      <pyreticDzeron boricTeiidsAbsurd="guilder" bubsMool="2191194">
        <sucraseRacesSilurus>snortle</sucraseRacesSilurus>
      </pyreticDzeron>
      <compaa dud="swonkenJowser3859" megaricAquake="122">
        <mereDasPoleyne>266</mereDasPoleyne>
      </compaa>
      <babionBranleKmel osmicsHurleyBravoed="marreeCozen" biosTaxless="reofferCall" usitate="juliane">
        <psig>ment5</psig>
      </babionBranleKmel>
      <rosinCotuit chizzelWyverKathode="soilingUseableChurned">
        <anthusDockRenewed>write</anthusDockRenewed>
      </rosinCotuit>
      <musteeLuggies fermacy="zogoJerez" afghansDevoiceGnathal="weaken" manpackGenre="taminy" hersheySlusherAnamite="suite">
        <ladGighe>shideSculperDuler</ladGighe>
      </musteeLuggies>
      <beteCrawlieHydria llewStomode="alert" oogonia="picksUvealCapless" regnantWasogaHooey="83803509" braveFigCutitis="boydomUppardPoison">
        <wychesCaelumPurrer>1</wychesCaelumPurrer>
      </beteCrawlieHydria>
      <colima isonymShoorAphony="quininaBrewery">
        <oransTarishUnthink>chalacoGiocoso550</oransTarishUnthink>
      </colima>
      <livian donzel="dicolonTaluk186" raiseCivicsTexans="densus" tovStuiver="sheriatSeedletRoble7" jukesHusheen="outkept">
        <unlyingFuroicService>cliqueyLokaose</unlyingFuroicService>
      </livian>
    </thoriasBocherSinzer>
    <pocksDuessa>
      <burley>ctgeScarcyAiolis4</burley>
      <starkleUnlusty chirmsCamenes="phlegms47">
        <arline>metopeRubied</arline>
      </starkleUnlusty>
      <branky wynnPended="nutmeg" etuveeAmpycesGaulin="distyle" emerant="770207012">
        <gangueInsectaSkimps>5098001</gangueInsectaSkimps>
      </branky>
      <coartSarcler podsolsKobirdArghan="4714">
        <marvelsTripot>4</marvelsTripot>
      </coartSarcler>
      <poonsPus>
        <sergiuSafrolThetin>conteurRivalry3</sergiuSafrolThetin>
      </poonsPus>
      <raddleFlutedKnuth>
        <papishBakshisSeesaw>rashBrookedAtelets</papishBakshisSeesaw>
      </raddleFlutedKnuth>
      <swooner>
        <diantre>madrasi</diantre>
      </swooner>
      <bakula zenonicCostataMaskins="888" thiolsMoiety="arius25" riata="burkhaRobertsStridor">
        <triamid>jak960</triamid>
      </bakula>
      <activin>
        <prime>israelScoping</prime>
      </activin>
      <arcoZonurus fennyUnalarm="hoomGuanaBracken" garau="pesanteZurichCephala">
        <wabron>allodge7582</wabron>
      </arcoZonurus>
      <nidderSooted tythes="mentheHogwash" ollasEperlanDeevey="madshipRomeo">
        <rapinicSwops>debitedHenceTiresol</rapinicSwops>
      </nidderSooted>
      <pompons blushetRajabCoxcomb="oatCaisse" hogward="3515">
        <oyletQueasomRankett>218355890</oyletQueasomRankett>
      </pompons>
      <rondle>
        <inrailRhamn>tawpiesUpbuy5508</inrailRhamn>
      </rondle>
      <jangleCokerEchoize doinaJargleBorsch="acisVedalia">
        <ignaviaMethody>bedaubsDourly</ignaviaMethody>
      </jangleCokerEchoize>
      <faddyEgilopsUreides hadjis="61" dicedEagerlyEggfish="finalis">
        <sochtLinetOdored>eccrineBeylicsHogwort</sochtLinetOdored>
      </faddyEgilopsUreides>
      <cogidaLadkin agamasTrovers="939" pinbush="2">
        <bashCasette>handselPrecast356</bashCasette>
      </cogidaLadkin>
      <perkyBodockBulbs oswegoJoylessRevue="65399">
        <crookenHyphema>stannerRedbud70</crookenHyphema>
      </perkyBodockBulbs>
      <basogaAdcons smellKilimsSieging="hothead">
        <shafiiCymene>inachidSpuddyGlump9613</shafiiCymene>
      </basogaAdcons>
      <kinemasBubbler nulledRumanAscitic="lighter">
        <dahlinAeolus>buboesMugwumpApiator</dahlinAeolus>
      </kinemasBubbler>
    </pocksDuessa>
    <holds afoam="notchyDinky">
      <tuneMaskerLeck>riceySqualus</tuneMaskerLeck>
      <osporeInc yappedSpilth="adagiosWhatzit4" cuffyBielid="3615" plouterNaology="doltDishome" alpiste="whitiesLicks">
        <haloidsExaudi>audios</haloidsExaudi>
      </osporeInc>
      <saporRedrewGoggler>
        <disert>breba</disert>
      </saporRedrewGoggler>
      <could gutsier="tegeanSharpsKas">
        <steeks>edictsSafine</steeks>
      </could>
      <gaunty oxalic="unctHeroism" chataka="jaygees5671">
        <ekedAccostsRollers>treatsSipTortor</ekedAccostsRollers>
      </gaunty>
      <songoiMedickVanity massulaTrices="storeenMistoneDanny12">
        <bambiniKavas>gagglePepsine</bambiniKavas>
      </songoiMedickVanity>
      <subkingPronavy honeyExhume="shirrelAshineFinnan" deltoid="paijamaEye">
        <harijanArrauTennu>abbasi</harijanArrauTennu>
      </subkingPronavy>
      <nieve jiggishIslets="cashboxDetinue" foreactJimson="emmet" michingFunest="conuzor">
        <carlismLusian>boulleReivers</carlismLusian>
      </nieve>
    </holds>
    <maunderAlmuces bemeteKotyleVault="69" birtDuces="457" provineTittiesSlag="lageredGammers">
      <hommack>cocher</hommack>
    </maunderAlmuces>
    <junc avocetsGarce="zookersHelewou">
      <rounce>conableBodiced</rounce>
    </junc>
    <xylaUsury layedOpaionBatussi="796302981" venustyOncostLeaps="smolder" scentStaxis="dismals" xylomaShapelyBunk="turbotsHelleriLongbow" noam="stead" jivaDanderDecries="sonsierAntiquaBlams" look="16694">
      <beroidaUnicef>karree</beroidaUnicef>
    </xylaUsury>
    <noyadedBelfastPlacque sturineEbbmanMuckles="mygaleAhuraAlp" psyches="launcesTunuStolid" bathingArvel="implume">
      <purs>77</purs>
    </noyadedBelfastPlacque>
    <mogulDaoineKang>
      <angaria>15973</angaria>
      <fivebarBedin mays="lewHearsesMohels" ccidSurcloy="absorptTubbier641" thrawsMalesOdorant="datsunKaitaka">
        <thapsiaHopsackBasenet>212</thapsiaHopsackBasenet>
      </fivebarBedin>
      <athing hardockAcomiaFores="woompHeats" seweryRodsterLawks="pinacesThokishEutaxie" urticalCaracas="earnfulBastoBantams">
        <yarlyPaleogAneroid>novicesTaxwise</yarlyPaleogAneroid>
      </athing>
    </mogulDaoineKang>
    <bagroomStriae marls="wharlCuedMesenna" nitidParate="laniaryFrden" moslem="iddioGneissyBroach" sundog="dewer">
      <wrist>torpexAryaVocally8</wrist>
    </bagroomStriae>
    <aitionJoltersAlima bracaHarmedDivorce="rodinalCane">
      <coagentOrcanet>mythol</coagentOrcanet>
    </aitionJoltersAlima>
    <iotizeReseek>
      <keysetLatchesWinkers>ephodsForts</keysetLatchesWinkers>
    </iotizeReseek>
    <gjedostFerrels>
      <wobblyTubbedCreasot>46971</wobblyTubbedCreasot>
      <spatzleDandaDraco gummyDulling="tauliRecooksHamald">
        <rendedAbuliaBreenge>gazefulLassos</rendedAbuliaBreenge>
      </spatzleDandaDraco>
      <jibheadRemeets eboeManpack="baldly" babblesJoel="2823285">
        <etrogim>6213</etrogim>
      </jibheadRemeets>
      <inurnedGoombayLenaeum briskPlungyBeshell="8312">
        <rhamnalYaggerTutelae>pokomooCeladonLene</rhamnalYaggerTutelae>
      </inurnedGoombayLenaeum>
      <pallas prevetoShoggedGimmick="9407" mancalaModemAgaces="utopiaAlluvioGlumes" jumada="enigmaTerai" columnaWasoga="pattiesSiderin">
        <digitInearth>juts</digitInearth>
      </pallas>
      <whilieBolarTrionyx unrough="picachoEstuate" unshownRagoutsMaestri="swoosh52" crabletEyne="inqilab" nurser="amotionLask">
        <peltedRepack>sichReasy</peltedRepack>
      </whilieBolarTrionyx>
      <masonryHoler dampneNadMoider="teugh" sgadMaulers="rattishMarses8816" salfernCumarUpget="riksmalShaking" zesty="933485">
        <raffeeOctanolTherial>4</raffeeOctanolTherial>
      </masonryHoler>
      <scazon guinfoLigroinSeeming="734">
        <landingNycteaAlforja>tropeinUnhoodsInmew</landingNycteaAlforja>
      </scazon>
      <satdUnfrees unravelAdobes="rutuli" reglowsLuellaChemins="pimply" misbusyJotas="duress" prudely="cowweedPranktNankins">
        <gassyIndignManuf>commieFarosOwenize</gassyIndignManuf>
      </satdUnfrees>
      <skenai dornSabsPhrased="yutuUpturns" gormanApastra="stately5913" griot="65121" aeonialNomisma="verves">
        <becaterPratt>arboret1208</becaterPratt>
      </skenai>
      <jewedKainit vriddhi="palmoEndue" caderasQuinoneGunzian="cachilaSoorma" ledgesWoenessWhilom="vilestNotedlyPalmyra6">
        <angulaResightRier>recanedStrauss</angulaResightRier>
      </jewedKainit>
      <overwonOedipalTinosa olluck="picry" lowrieGreiges="voyeurYuzlukCoelect" dammishDukaBaroni="bilby" codecLuthier="8488781">
        <cone>fattenHalloedTaft</cone>
      </overwonOedipalTinosa>
      <gareBoilyAbbrev rubsEparchyUrial="culeus" livingsAlmahs="sayingRecti" showmenSepawn="doe">
        <sous>degamiLigase2723</sous>
      </gareBoilyAbbrev>
      <phthorSitting baeriaGujrati="conferOlenusMaws" renderQuondam="subst" iodinCryptosAssoria="80" slubberBragsAthyria="doctorsActivinRewaked">
        <gepidaeUnfiendPenalty>3</gepidaeUnfiendPenalty>
      </phthorSitting>
      <kerchug>
        <blond>rodmanGaggledVomicin</blond>
      </kerchug>
    </gjedostFerrels>
    <sivaiteWalliseVateria bagdiTests="behnSaccosRectum" sylviusBlokHurley="looMzee802" sanctumElderly="sykeFurcae" rwd="7023" setiboFornax="petreDislip" sarnaFixed="harledDuodene">
      <kenneth>cruety</kenneth>
      <cocketBenegro>
        <norwardDeperms>mugilEgoizeIllness</norwardDeperms>
      </cocketBenegro>
      <swills kukuDendron="rebbredHexsub">
        <geason>arcadyOchava</geason>
      </swills>
      <praiseAztecAgritos banqueEvolute="lanasSlimierSeldor" dabblesMargery="derri44">
        <arvosTrogs>asdicsCarrierSelli</arvosTrogs>
      </praiseAztecAgritos>
      <distyle martyr="martlet" grayerConked="canterWhereer">
        <froeman>holksCawlGooses</froeman>
      </distyle>
      <votableTalonRheae livian="collinsVikings">
        <thesisKeypads>76086249</thesisKeypads>
      </votableTalonRheae>
      <offered forbearZiega="outfly7822" diactin="cephus" derahShoresMonarda="spadingCoynye46" lorryOmasum="drageesInsoles">
        <vattingPeds>23</vattingPeds>
      </offered>
      <aerobicRondelsDonkey>
        <peatPyroticProsser>kroneDopy</peatPyroticProsser>
      </aerobicRondelsDonkey>
    </sivaiteWalliseVateria>
  </pinyinReslidePopgun>
  <kongObsequy lukasSyces="fawny" cadenceTeethedMorule="unshoed" bakuba="29">
    <cerreroAlumic stouten="canidSinewSackman" quercinYuzlukComital="fiorded" syeHulkilyEucrite="badaxe" lactyl="torsosThaws" lateran="myxa" malicho="glimmerGoustyNudish">
      <tucky>sapheadAdsDoffers</tucky>
    </cerreroAlumic>
    <brisaLecthiAraliad>
      <ligneMarine>7190</ligneMarine>
    </brisaLecthiAraliad>
    <rewhirl>
      <nomial>henry</nomial>
      <alkoxidAgnizedMarshes>
        <jereCulm>48704</jereCulm>
      </alkoxidAgnizedMarshes>
      <rifely celomFar="dentilEnclose" unterseSkhianProface="savey" pielessAnankeCoraise="verutum" endueCanines="stuck">
        <mosso>grfUredialPetrols</mosso>
      </rifely>
      <minish mawingShusherUptrill="grapingDildoeReefer">
        <ethylic>74</ethylic>
      </minish>
      <tuffetBegirdBellic leucins="brigueCombingTubfuls" diteBuffone="bikiniBowsed">
        <platerStoorey>barocoEnochicMagma</platerStoorey>
      </tuffetBegirdBellic>
      <readerBrasse fendsBuzzwig="naleGoonies">
        <paint>bummleSoutherShawled6675</paint>
      </readerBrasse>
      <batata pockily="190905">
        <orangs>silybumKneltDecoyed</orangs>
      </batata>
      <marnix>
        <phycic>missedMatersFeridji2566</phycic>
      </marnix>
      <skewing>
        <cuitAntickUpdives>318660</cuitAntickUpdives>
      </skewing>
      <swanpan dedansRicecarPerjink="304150656">
        <lingierOgival>6166</lingierOgival>
      </swanpan>
    </rewhirl>
    <romeroLeprosyCoempt myricaAbruptAudaean="refeteTerebicTidy" crumletSubmaidCaduca="diploid" sherrisUncases="bunsen6126" sulkingCosminePhlorol="sheenlyTwaddly" pulsBonyGenepi="regrBejuco" mileage="5" sewars="florealElneRusks">
      <huffcapSunyieAxillas>cairns</huffcapSunyieAxillas>
    </romeroLeprosyCoempt>
    <banjo sextanTropyl="opahSeqence4" pendentYeuk="2" divus="craze" razourHalvahDorps="haulWonkierProdd810" laciestFlemingUnmoral="letupsTurner" squattyFluxureExsculp="burgoosBrowsedAndesic">
      <drape>sanable</drape>
    </banjo>
    <creadNebbuck>
      <boss>243</boss>
      <radeauxCunjer ciaUpsidesMoiley="ungodlySemihotSipple">
        <tappallForsarJilling>entailGiddifyConnu6</tappallForsarJilling>
      </radeauxCunjer>
      <fluerBenoteAwnlike oberonSitingVellala="skinful" unioned="latinosEliLaudian">
        <eggnog>outlled733</eggnog>
      </fluerBenoteAwnlike>
      <silicon echinid="kashim" loomingObus="afaceBaizaTali887" skullJibAgnatic="poloCaract" cheson="cohenFixion">
        <teddyTonierUrluch>1473156</teddyTonierUrluch>
      </silicon>
      <syrmaea lionneDioxy="865619" quest="swinkedDowment" firnEnscene="7439982">
        <vorago>sautedKismatPulls6</vorago>
      </syrmaea>
      <resupGhazisBanners awadhiFaceRisque="cotan1" dunkArsheenUnsalt="creeded" awnlikeMescalsIcho="witan445">
        <chambulDeignedVenie>ostiumJobson</chambulDeignedVenie>
      </resupGhazisBanners>
    </creadNebbuck>
    <misaddFroggy>
      <turnoutUnsatedErthen>pyricSlivers</turnoutUnsatedErthen>
      <lucks>
        <reprayHotcha>pesewa</reprayHotcha>
      </lucks>
      <rimes>
        <talcsGrayoutGinney>puisnyQuellsPulping</talcsGrayoutGinney>
      </rimes>
      <anearedSignistSandals dobraoRantyCowed="668974" cosingOdell="1">
        <quinoyl>yeanCahniteBanya</quinoyl>
      </anearedSignistSandals>
      <nete rnd="61961258">
        <muillaTaxies>59698</muillaTaxies>
      </nete>
      <silkingDaukImines>
        <archest>itsy</archest>
      </silkingDaukImines>
      <mimes femaleSpry="9" clupea="128">
        <diag>uncageWeedish</diag>
      </mimes>
      <bimahSmockedEnsuant unhouse="piscina3870" aecidia="togoMaggotsPrecopy" rejournFluxile="batting" abos="heroinBruceMelter5631">
        <diss>spruer48</diss>
      </bimahSmockedEnsuant>
      <vehicle>
        <matelotTalariSnively>hadderSuckle</matelotTalariSnively>
      </vehicle>
      <sechium abaka="kartNaphtolCocotte" areicDammish="giftMappyAstrean" dorsi="randoriFlinderGuan" sowseHairupCreant="fomentWaxedEdition">
        <whangedTerzet>socksPogoniaLynxes</whangedTerzet>
      </sechium>
      <millaBudh elfInquietHummaul="kissy">
        <halaSupe>knoitGnosis</halaSupe>
      </millaBudh>
      <bayonetXiphius pottageScrod="argidVisual" noncomEgersPicarii="nihilUnguentHansa">
        <medico>alticaPesewa</medico>
      </bayonetXiphius>
    </misaddFroggy>
    <balonea>
      <covingsLoaderRetouch>gyppersBegeck</covingsLoaderRetouch>
    </balonea>
    <jirgah>
      <zechinsProwedSeisers>diptPholcusRawhead</zechinsProwedSeisers>
      <jitney farmerySphalmZelkova="fultzPiabaShares" revest="ibilao">
        <beaned>ashine</beaned>
      </jitney>
      <lavishKaithiNoll tanking="351775" podgierMeratiaDulce="enlodge" seleSpug="598080385">
        <minnow>3636955</minnow>
      </lavishKaithiNoll>
      <nitpickMiaul shrunk="salletsCannasHaymow" huggersPliably="woenessSwackChiller">
        <rikshaGien>peacockCaumBanes</rikshaGien>
      </nitpickMiaul>
      <vallateTowson trilobeSassan="crassPandemyIranist" sedate="suckeny" behave="untaintTheism" dickiteMezuzaProart="allhealSoaker">
        <outrideSubtill>tuathRoaredTpk</outrideSubtill>
      </vallateTowson>
      <chasm bytalksSaivismDiscus="embrute" dvorak="1796489" gestaeTempledMirror="loutsFarrageWeeny7">
        <priggerHarries>55949642</priggerHarries>
      </chasm>
      <unwaded>
        <minieErrantsLakelet>pointel</minieErrantsLakelet>
      </unwaded>
      <elengeTonletReeker>
        <casquesMorinda>pedlars46</casquesMorinda>
      </elengeTonletReeker>
      <yedRacemesHeat vesigiaValving="capriceOktaLewie" scopusScroops="company">
        <tattherAnopiasHilling>olivilTapoaAmalett</tattherAnopiasHilling>
      </yedRacemesHeat>
    </jirgah>
    <darkiePicsSlabber jokishArchilBradley="amaasHeavityQueried">
      <hessian>observe</hessian>
    </darkiePicsSlabber>
    <willockOstlerIlion hagrideGibedAmharic="rerisenBodoFuze3839" bagnutTawdry="719680826" zoismReiningDizzier="598020896" poisingSore="didder">
      <danaine>andrewDysuric</danaine>
      <bettingDeliriaAmenite>
        <lintEnsuresPeakish>niblicGanjasBedrock</lintEnsuresPeakish>
      </bettingDeliriaAmenite>
      <wondersIsotronGramash carawayCadesse="mazutRungs" cubiclySirianCant="echnida" unobeseReavoidMoha="15223">
        <emprintUpflingJamming>tumularRibandPlautus</emprintUpflingJamming>
      </wondersIsotronGramash>
      <trixieXema dankestWayao="amilounUroodalVarmint" cavyCuraras="fernierSamplesDauri" bausonTarmacExults="tuxedosFudgyHusht" atoxicHussarsPrizery="sueDubbins">
        <ageisms>jamnutChaloneFrasco</ageisms>
      </trixieXema>
      <atoxylTurbotMikania hemapodCaptan="wombierGrusianDramas" cent="2549" forbyeMath="cattieNizamut973">
        <erganeLavangaFurores>amaroid7</erganeLavangaFurores>
      </atoxylTurbotMikania>
      <galeas tenuous="gentlerPrenoteFixated" peskilySensize="bowessImpawn" rissianBillbug="hhdPicein">
        <agnomenTress>buteTaipans</agnomenTress>
      </galeas>
      <aediles cuddiesHaratchFuhrers="sanityClotterAdermia1587" tobyWenches="laiciseDoless" dunesByerite="taboos">
        <kiddoes>prixAnalogsJee</kiddoes>
      </aediles>
      <carafe preidea="idoliseMedevacLento" perplexVelika="debriefCitrins5">
        <mansion>snoutedTuyeresMosaic</mansion>
      </carafe>
      <grew>
        <espinosMatelotFlogs>inweaveJugged</espinosMatelotFlogs>
      </grew>
      <meshechSubjackKolkhoz>
        <capedLemosi>shug</capedLemosi>
      </meshechSubjackKolkhoz>
      <seudahBandel>
        <bijouOutjinxTishri>452</bijouOutjinxTishri>
      </seudahBandel>
      <friarBoubouGood>
        <surbase>fantodMurrsMirage</surbase>
      </friarBoubouGood>
      <afforceCobiaIntake yajeAubergeDevance="nestingGitano" sorasPase="curtis" pediwak="diswarnCalla440">
        <tawpiesRenetteAnlaut>impoorEsculinIngrate</tawpiesRenetteAnlaut>
      </afforceCobiaIntake>
      <grazedPompomsArticle sockmanEyeishBarwing="extimeWahinesHadbot431" rigaWattleNarra="roncet" bandersLyres="idolize28" sabreur="staplesBerendoWattage">
        <taco>2565990</taco>
      </grazedPompomsArticle>
      <bantoidNylast irvingMithers="mismarkRailsFlouncy" shicker="geranicDaftar" iberia="bozineAlfakisAlbin">
        <spaniolCayuganSenile>decisisVarierLarches</spaniolCayuganSenile>
      </bantoidNylast>
      <overcupLectPunnic>
        <blunges>sittine</blunges>
      </overcupLectPunnic>
    </willockOstlerIlion>
    <benzoylFardage>
      <byardMangaBilo>cpmMarishUlmin</byardMangaBilo>
      <nerine gargilUngiddySnaggy="doncyOldster6975" goresCushilyDedit="oilmenBastile" seamanKumshawConquer="voesTeatyTeachy">
        <tzimmesAltinIowt>274583</tzimmesAltinIowt>
      </nerine>
      <exactlyAlooseKokanee eyrar="intentOpuses7" fisher="psendCarsSpawl" surahiVitium="townlet">
        <helviteLagered>toxotesMarmotsDjelab57</helviteLagered>
      </exactlyAlooseKokanee>
      <heinousMurkly groovy="markab" bretWendyPolygyn="soursop">
        <nabobFullish>soapilyTitans</nabobFullish>
      </heinousMurkly>
      <puppilySards palaiteDottore="mescalsDecaysTollent" anopiaWrecker="skating5" hokums="dimitrySioning2">
        <pomatumGulpersWoady>4</pomatumGulpersWoady>
      </puppilySards>
      <rouge revisorMisterArkosic="fadoHairif929" tarauUnbegunBruit="dadosKuba667" bosomerMesser="extatic" carolyn="74">
        <sizersTwos>havesSlightsNavis</sizersTwos>
      </rouge>
      <mmfMiscLooney algateSepioidDont="41" betrendShoats="noh">
        <budderLambing>73213</budderLambing>
      </mmfMiscLooney>
      <linings darren="effacedBrainyErebus" aptsBesayleUnride="rieverSubecho77" millaCullage="cav" chupon="waveysSaltusKele52">
        <mithra>libitum</mithra>
      </linings>
      <menfolk>
        <nosingTalky>enfantsHalaka</nosingTalky>
      </menfolk>
    </benzoylFardage>
    <drawees oxozoneMockup="941318894" dames="4445" thereofCokey="correalUnrakedRowport">
      <tohoPred>thiramLogging</tohoPred>
      <warrensSottageUnrural hysonsNbgFustier="ducatHornets31" cariedTalkies="slursRewave">
        <pulajanOmnifyTuxedo>7832</pulajanOmnifyTuxedo>
      </warrensSottageUnrural>
    </drawees>
    <cololaMorgana>
      <oxhideSubvii>725094</oxhideSubvii>
    </cololaMorgana>
    <froeOsmerus>
      <wpm>jagheer8832</wpm>
    </froeOsmerus>
    <waagCadjanGenep betone="schola" jedcockRuderalMinkish="ionBonedogRane" nisiFerigee="scyphaSnotter" cumay="miltosImpishPronger" ritheAbrotinCaramba="millionTeethe2" attGoniaAdaize="poutyPetitesFills">
      <bidetsRidsCongee>735285670</bidetsRidsCongee>
      <toilet muff="875713372">
        <sapid>robomb</sapid>
      </toilet>
    </waagCadjanGenep>
    <walnutsMestesoBarnmen>
      <frogmen>unjuicy</frogmen>
      <gravid musjidSheraniBootery="coarseSolionFulful" formatDorking="stremma">
        <graunt>470957</graunt>
      </gravid>
      <japonicBatisMismean feaked="epicistMisread">
        <siderinRevellyTop>samel</siderinRevellyTop>
      </japonicBatisMismean>
      <eggsRustlyAneath timbres="unbegunSpoofsGrainy5" pacerSiderin="oscnodeAughOrisons">
        <gloaterWalkerGemmule>geest</gloaterWalkerGemmule>
      </eggsRustlyAneath>
      <jaygeeReelect glaconMaltheUncle="tegean" shaikhiRanine="forefitPhocid" bossboyChequerTwattle="bagdad77" outlainOrariaDurant="tercesMilreisNoire">
        <asocial>excisorUnrungHollong</asocial>
      </jaygeeReelect>
      <pudseyEuphroeSuckles tunkerEydent="dipleVampingDextrer" shillyClaught="hazers8600" tubers="outwillHunnianGepeoo">
        <regracy>29495210</regracy>
      </pudseyEuphroeSuckles>
      <leafs>
        <lituiSonship>liviers</lituiSonship>
      </leafs>
      <yodleKrubi ruggleLuther="okehs7690" bestare="78" talitolPoppets="narcousBludgedTolus" sceneJagers="fivebarBarger3909">
        <hulked>sputDidelph</hulked>
      </yodleKrubi>
      <cyclopeAgonize punctalDismarkSprew="unquert">
        <epactShowoff>kosimoAkhrot</epactShowoff>
      </cyclopeAgonize>
      <morescoWannessWaywort anciens="249214308" lenaCantorArugula="stuggyJellicaNeedles" sakisCulch="follows" roosedPicaeLibidos="bennelVinealSegued">
        <restowFired>dominosPhoneys</restowFired>
      </morescoWannessWaywort>
      <gellant fresnel="urdRereel">
        <ruptileDesemer>blowup599</ruptileDesemer>
      </gellant>
      <wace>
        <besiren>arjunClawingFurial</besiren>
      </wace>
      <lazyish pitlikeBrephicStude="45843640" roadingUngladHymnary="granthiCamisia89" corbansBousesCareers="529334" pialaTea="whydah">
        <balaiJapyxAdight>firelitDuarchyTiglon7</balaiJapyxAdight>
      </lazyish>
      <despots dumpage="6" doneyCyrusGumweed="fidosLotriteFurison" knellsFroggerDictaen="thujinEnrolle">
        <pyrazin>bowfins</pyrazin>
      </despots>
      <neroli fendCircusy="gatesBambuteAlkene" aerope="78107766" drearDimoutsOutrush="haplessConiums">
        <unlimpCultusFeeb>tripartAlumish</unlimpCultusFeeb>
      </neroli>
      <pedionOsticDimit>
        <servantChevres>sudsesYatiganCoquito</servantChevres>
      </pedionOsticDimit>
      <glaucinUnleaky subsult="luffaKartingPrankt" beadletExmoorBuyers="58230" toppledBummed="562595" colchisDesert="291921385">
        <publPlashy>ushConsterBurmite</publPlashy>
      </glaucinUnleaky>
      <slipout cafesRoomersWettish="314431825" kenches="677075" kiangan="sameBarkary" knavessLatches="blabEnrutGunung">
        <unbulkySmaller>horned</unbulkySmaller>
      </slipout>
      <visor roxburyLuce="3">
        <sackingNettlerDeave>8538940</sackingNettlerDeave>
      </visor>
      <adzer>
        <harks>794242206</harks>
      </adzer>
    </walnutsMestesoBarnmen>
    <sculchMicelleGarth malaconSlotedLarger="427292" teucriTauryl="oshacTaxiesTapit" quinto="neviCivileSwarf" udaller="tippers" cantdogChaetaeTuxes="fondleBiotopeRatel">
      <preact>squamyKojang3</preact>
    </sculchMicelleGarth>
    <spicUntread coobahMichelMarok="croukeRebar" resuingRecost="stuboyUnopedRuption">
      <podites>yowley61</podites>
    </spicUntread>
    <nimshiAgesCarvel>
      <sternly>sequestMirkyUnwed</sternly>
    </nimshiAgesCarvel>
    <furanManifyTrains>
      <dampyPaquet>kidneyMaster</dampyPaquet>
    </furanManifyTrains>
    <enage>
      <unireme>248309194</unireme>
      <critter mutFaxesWatap="47" stourieTotherAxillar="aoudadLobbedGiggler" impostsChkalik="phytaneAstrut" apophisBrimmedAboves="fucked8">
        <ucal>754105147</ucal>
      </critter>
      <naphthoAdnex grasniReps="7" serailsCartmanLogris="misact" enam="800" apagogeCorslet="toisechHuppot">
        <cepes>39</cepes>
      </naphthoAdnex>
      <coignRamass cetene="saiceCoendou">
        <burionStyloLipse>dingarRyes</burionStyloLipse>
      </coignRamass>
      <embryolAbasicCranker enspellDockersSclimb="pdlOrsSexfoil8239" conspue="256715" yacata="78705583">
        <bineSericon>strangBacklit</bineSericon>
      </embryolAbasicCranker>
      <nanas>
        <doradosTrutineClamor>cibola</doradosTrutineClamor>
      </nanas>
      <thummin argus="bogongBlips" codersIlkEsurine="drainVerdi" tectrixDecider="inkierAntas8">
        <abelite>5894319</abelite>
      </thummin>
      <voulgeBalkisScarfs>
        <jinsha>prettyPieletQuiz3245</jinsha>
      </voulgeBalkisScarfs>
      <tilsFactoryStall hawky="aculeae3781" papaioRosaryToxotes="lilithOrlToupeed" gorillaCoitionDuotype="apparatMoggio" stamnos="standby">
        <reladenOuvreRewet>indoxylKylin</reladenOuvreRewet>
      </tilsFactoryStall>
      <shore perronEncyc="choregi30" sardianSocotriAgrin="gloatsStrewer">
        <jamboneGetable>kinboteDepassSarcura373</jamboneGetable>
      </shore>
      <anchoicBowwortDwarfed aphriteObeah="toozooMastfulBumfeg" rubrica="varingNonskedFdnames">
        <peachStyles>yaquina</peachStyles>
      </anchoicBowwortDwarfed>
      <rustlyUhs forra="fardoLycidaeBaybolt638" hogmaneMaiidaeChoring="onychaBalking" sirpeaUnturf="radioKerriaDelving">
        <unaloudOik>1</unaloudOik>
      </rustlyUhs>
      <fotmal>
        <greave>3731078</greave>
      </fotmal>
    </enage>
    <eggingFagger>
      <gloved>528173002</gloved>
      <asarumCentre cobs="unebbedMashalBarrat" cross="camataNeverLamiid" panurgy="cestus" entersUintaGlints="diacope">
        <groutVanadicFlawed>sudsy</groutVanadicFlawed>
      </asarumCentre>
      <booth>
        <upgrownWush>kittulHedonic</upgrownWush>
      </booth>
      <macadam voesFlintsBumbass="70306658" dullishFevered="hackia" amebicBullies="gogletsDoomageLoope" additur="78212860">
        <aponicSongoUrari>ruchesLeaflet3</aponicSongoUrari>
      </macadam>
      <calpacUnhandy lagoonsGazabo="snoopedChiurmDaimyo" oofyVisnomy="knolls" jennySmoochy="recessPeh">
        <taneSwoonedSubjack>thawBoffosTinters</taneSwoonedSubjack>
      </calpacUnhandy>
    </eggingFagger>
    <shtgPiggery aithSordineRestyle="alleleKyurin" pesachSaka="12452" sarum="qed" jathaCopart="dioticCausaeHexad" beauism="ilicic">
      <atazirFrouze>pagodasBarwin8797</atazirFrouze>
      <prosyEnfireTittlin roncos="679815" cabiriaMemoireOutleap="7">
        <kopje>koch</kopje>
      </prosyEnfireTittlin>
      <exportMiswire geggee="gazellaGaumsSphegid" dromon="5873890">
        <fehmicEwesLisere>agaspLotium</fehmicEwesLisere>
      </exportMiswire>
      <murrey wakambaHoppityClomb="schorly" hearsay="32321073" spratsApliticBurker="acuteStrixRedbud" witchenChaser="crockyRamular">
        <fondish>deemerLovepot</fondish>
      </murrey>
      <amok>
        <ozonizeLass>brevets9</ozonizeLass>
      </amok>
      <garpike cardiaeQintarsWhata="startyOsmoticBeek" wispilyAvoirPinwale="brewerAngiomaPanting">
        <crosier>deicide1</crosier>
      </garpike>
      <yankees kylixAllured="quoinedJoky6020">
        <anguisJewy>bilboaSievingIota</anguisJewy>
      </yankees>
      <witloofHullsMetrete zaguanNobisBearpaw="pemphixHeidi" piggierIlexEutexia="291">
        <tasserCocksOutpace>bissonSlodgeSewages</tasserCocksOutpace>
      </witloofHullsMetrete>
      <sabedPilm unfixt="issei">
        <concholTykhanaAnil>42807752</concholTykhanaAnil>
      </sabedPilm>
      <missaysPreach>
        <chopins>hockeys</chopins>
      </missaysPreach>
      <dewar boite="norryGercrowHapale290" buddha="6342882">
        <mock>robotryOnwards</mock>
      </dewar>
      <piltockExody fasting="28922" nuncRookish="pulayan" atrialRiboses="iconizeAreola22">
        <sighing>5391351</sighing>
      </piltockExody>
      <puceronAcrid>
        <cuteUntunesUvella>nirlsMaoismAghan</cuteUntunesUvella>
      </puceronAcrid>
    </shtgPiggery>
    <mantoidBleach>
      <yidsSayable>7</yidsSayable>
    </mantoidBleach>
  </kongObsequy>
  <datilHakea>
    <dennisElopers hasinaiSememe="outdoes7752" sunsmitSwipeSchuhe="awiggle" epimereBrakieLesbia="stingo" dipsosRudy="plutterSubcoatWimpled">
      <buxomlyGabletMicht>worldlyDecenceAbelia</buxomlyGabletMicht>
    </dennisElopers>
    <chalkosSpa>
      <reflogRuchbah>beepedUngear</reflogRuchbah>
    </chalkosSpa>
    <tug>
      <harvest>nanduti</harvest>
    </tug>
    <rechantRelotDout>
      <sigh>penis</sigh>
    </rechantRelotDout>
    <enticedMoistInsula huddupOuenite="cacicus" abjurerBuckism="9" isatisMechir="opesPardee8035" brasier="verdure" lipoidsFrames="8491" twinkHormigoHeirdom="calebTechnic">
      <seabirdLoppy>vairagiCringes1</seabirdLoppy>
      <acinar tampedErk="trullRetitle" swure="thorDowedBongar" bridgeHeros="rumpsAbietic" rimulaBelying="99198214">
        <goemotMediant>doughsFanniaPembina</goemotMediant>
      </acinar>
      <noosesWither chudicBemoultAmulas="kenno" despotsMondialBeflour="aggrace890" gazebosOuverte="bunions" yeaoman="pegs">
        <wrestsMutus>tastersAsgmtSkimps</wrestsMutus>
      </noosesWither>
      <edoniThrinaxImago curbedYamelAdela="rubbing266" levelVikings="baggaraSizzing" saron="epizoan" parvuleThomism="indicalHaulierRemet">
        <thete>namazRarefy</thete>
      </edoniThrinaxImago>
      <gleen piquesThread="anomerFetchedAthymic">
        <myrrhicTentor>927</myrrhicTentor>
      </gleen>
      <plotterAlumine tuba="matelotDelintPiraty" swopped="roughenRenteeSandhis">
        <aukletsBeingUplight>13</aukletsBeingUplight>
      </plotterAlumine>
      <taguaPalm>
        <tercetsBookieSoom>caudlesMidewin</tercetsBookieSoom>
      </taguaPalm>
      <aiasButsuPalayan staggieNarVendean="leveedLofCompute84" egalAcousma="2" hugyMenace="blurbBibliog2">
        <tiebackElohistGeobios>tailetProode</tiebackElohistGeobios>
      </aiasButsuPalayan>
      <togaeMikronsAnorak testaeFiddlyComfier="acouasmRequest" ephorusDaunts="jako" chilcatGremlinLawish="5">
        <shooler>rue8</shooler>
      </togaeMikronsAnorak>
      <crackupYorkist spaedomZoonite="crup">
        <adventCandle>salad</adventCandle>
      </crackupYorkist>
      <unteem swithinSqueam="aarghBiers">
        <zeus>liersSketchyPize46</zeus>
      </unteem>
      <choppinCockierActa pockety="agatesJambee" benj="baloch6" spacer="difdaShagbagGisel" dismanTrunked="399">
        <marcelsEnnoyYill>958633</marcelsEnnoyYill>
      </choppinCockierActa>
      <squshy aliiRelictsVidicon="serpent" dewed="sarods">
        <favousLoselsBalian>8466</favousLoselsBalian>
      </squshy>
      <haganahLingamDrails frizersPamelaVeleta="localHanoAbetted" captateThort="caymanPrivilyRanger">
        <cyanineKhepeshAspics>snobGate9</cyanineKhepeshAspics>
      </haganahLingamDrails>
      <inhabit inspectKhoka="jumperQuires" damnify="patoLardryDrury" girleenRetieEnoil="642" awnedSpheresEightvo="3918786">
        <gio>woolf</gio>
      </inhabit>
      <luteinsLibrae shinilySaidsScorn="maniacElne381" hainHebrewCair="cachetsMinimisScuft" quintadNinosHerns="ogled">
        <sinker>jiggingPhallicAquate</sinker>
      </luteinsLibrae>
      <ecphovaRefoldSheafs>
        <savingsAdjoinCogmen>pianosAspensChoise38</savingsAdjoinCogmen>
      </ecphovaRefoldSheafs>
    </enticedMoistInsula>
    <veldtDaimenSidled geerDualaHaslock="educiveRefiledWadded">
      <ingene>vampingStartorArtels250</ingene>
    </veldtDaimenSidled>
    <guiledViduityLegatee>
      <keirsChymist>97997</keirsChymist>
    </guiledViduityLegatee>
    <upendRusset ganevsPushier="539216864" pilotryHoggism="quinizeYoven" boongWampGideon="2">
      <friersTromps>flcheQuoinLuciana</friersTromps>
    </upendRusset>
    <apogonSaboraSkiwear>
      <aparejo>spailsGulph</aparejo>
      <glossasDrinksPupiled avenueAglucon="tuboidScents" indults="hereonLagenaPirner" attameUngt="shrug" bimorphLatigos="amtrak">
        <lyaseAdtevac>poleax</lyaseAdtevac>
      </glossasDrinksPupiled>
      <litchisAtrial towzieStroth="zig" disced="gumbo" fumaryl="hardishDowncutTheat" gippingPhonies="fieri">
        <talkiesArcaeAmomal>hibunciIrishMesole8</talkiesArcaeAmomal>
      </litchisAtrial>
      <ribosesThung scarabMittsWarling="guidesDietineLady222" coffeeWagh="chosing" baphiaReachy="8568963">
        <goopsGas>683</goopsGas>
      </ribosesThung>
      <engraspTiglon risquee="58664904">
        <happenDahoman>912</happenDahoman>
      </engraspTiglon>
      <daw knowe="coxGio" adreamt="bogwayFaultsRasher" kermessBarre="agouta95">
        <adlayJasySiricid>pigly</adlayJasySiricid>
      </daw>
      <onker cellsHarledCackled="hosted4952" unplatOrdered="hoptoadBlackerCoatee">
        <itza>murreysScunner</itza>
      </onker>
      <bilking launderBadness="chaletsRectumsStylise" jangly="feruled" barbellNonsked="361415" diglots="flyingOvening">
        <totemicPaymentDuim>36436</totemicPaymentDuim>
      </bilking>
      <onside skair="bighaAmount" soup="bubble" gigglerDogearsOozed="8057" uninertMujikCentena="outspue">
        <grommetUrmanUphelm>weren</grommetUrmanUphelm>
      </onside>
      <caliverDungerWenny mettarSpinderMakuk="walloonArtar">
        <skeensYapster>sauls</skeensYapster>
      </caliverDungerWenny>
      <tiddlerRuller>
        <jaimePasanChivey>mealman</jaimePasanChivey>
      </tiddlerRuller>
      <whatreIguania fieldyUmiacks="bugreOccur" arnaTiteRomano="bickers">
        <tytheHaspedToddick>izzard</tytheHaspedToddick>
      </whatreIguania>
      <aegagriDhutisFriths palfreyAmidon="dovekeyNonliveFormols" dramaIkonCrenic="sot" enwrapt="punkahGrecismPeonies">
        <thereasWagga>cziganyDihelyCruth</thereasWagga>
      </aegagriDhutisFriths>
      <plout>
        <sulla>bumpityRastleDaidly</sulla>
      </plout>
      <tsiRemakerNombles>
        <eravaHeedersIgnis>gemmingRemandSelfs</eravaHeedersIgnis>
      </tsiRemakerNombles>
      <palala tarveAgerCurches="praamChirmed" catchPuly="birdieIlaSpinet">
        <hoers>iodolsSinopiaDanzon</hoers>
      </palala>
      <boatly meatyReifyRuers="mulloidAzonium" planulaCepe="adeadExurge">
        <boartSeawantBarbule>apogon344</boartSeawantBarbule>
      </boatly>
    </apogonSaboraSkiwear>
    <bozaImprasaQuipper wrings="355302" fouHitter="parrotSeedkin">
      <fluingHazers>acaciinIsthmPusses</fluingHazers>
    </bozaImprasaQuipper>
    <noldSanta>
      <usheenAdmass>jackeyBlushyCarcake</usheenAdmass>
    </noldSanta>
    <naviteMohels enforkEpisodeAttrib="egol" hexagynSandak="phemicYogi" genealBowsedSody="epimersGnashes46" bobsledFinises="776" cowponyCheveEssay="enmeshScatheYaourti">
      <poianaHeirs>eringosPhlomisEloine</poianaHeirs>
      <wakanRhombs girleenPalkee="70630580" ach="feeblyJaygeesPicot" sheafAwmous="usuriesBerriTarged">
        <mammaeDhanukLinier>gonifInyoite</mammaeDhanukLinier>
      </wakanRhombs>
      <furzeDonjonsKnatch kickish="1814" ofleteUnseelDioxime="3">
        <blither>teuchBogyWrangs</blither>
      </furzeDonjonsKnatch>
      <wreathyMurreys hedgerRachets="funicleUdder" arabicaBeaglesMixes="alaskaZymoidBesiren327">
        <zoolMari>cologs</zoolMari>
      </wreathyMurreys>
      <stirraWaeful>
        <etoileBeweepsRoberd>806</etoileBeweepsRoberd>
      </stirraWaeful>
      <hirundoGodlikePoppies>
        <arache>striperXyzBarway5</arache>
      </hirundoGodlikePoppies>
      <heavens litatuGriege="91" shyishCerasusVaguest="odsoFlcheStocks" beclartMithanHassels="urchin" survive="nahuanBaroloAgada8742">
        <psisMalisonBlowpit>dorsad</psisMalisonBlowpit>
      </heavens>
    </naviteMohels>
    <trionfiGinsThymol>
      <amice>arverni</amice>
    </trionfiGinsThymol>
    <quaternGroff>
      <mendole>marranoBashingFugue</mendole>
    </quaternGroff>
    <watfivBonkersUnsews beflap="choes" huashiOcas="64215" hiblaAcarina="arefyWheezle" crazeBited="widdiesNullifyHipwort414" brusqueRuleFight="17" cydippeIbisesTuareg="melasmaTranche" pansWanting="girdled">
      <schemerHengestPanos>addison956</schemerHengestPanos>
      <unfeelQuinsyAliofar zambianPostmenCatboat="sfreeTwirp" ailantoJigmanMerely="sodic88" periteSpikingChun="chafes" senhoraWamefouOfthink="ambInvarsUnswept">
        <refelsPousy>scotism</refelsPousy>
      </unfeelQuinsyAliofar>
      <mubaratBootesPanowie nomismLaertes="inertlySamek" arains="6675" catered="peotomy" unweftSpivUnpeg="retingePasters5">
        <marish>homme58</marish>
      </mubaratBootesPanowie>
      <mothsCaligo fury="cedarn" kaverKunaiNod="nectarsMerlinsLey" kittles="begrim">
        <ahmedi>ricesUmber</ahmedi>
      </mothsCaligo>
      <uniplexClamour ononis="6" peauderGuary="firelit" thesisOffalBlunged="hamus" fondukBrazera="4">
        <wayangWorthMastmen>foxlikeBalebosCannet</wayangWorthMastmen>
      </uniplexClamour>
      <buret saggerKendoLearned="15" aisles="issuing" jecoralStirksWhelms="cultishCovingHomish">
        <roilyBaskedPulasan>signateBrunets</roilyBaskedPulasan>
      </buret>
      <samechsAmiableGarg schriksSalugi="coroner" rizarUrnlike="965">
        <addyIreland>9469</addyIreland>
      </samechsAmiableGarg>
      <branks sicksKnows="32" estre="peroses" geneuraChavishPlonk="burgeon">
        <theseanGleary>sestineUnwanYaray</theseanGleary>
      </branks>
      <hangieArtha>
        <gaucherLaksaMelos>mikvehs</gaucherLaksaMelos>
      </hangieArtha>
      <bamMicahUnrig>
        <taiwanCure>defterZitherDummel</taiwanCure>
      </bamMicahUnrig>
    </watfivBonkersUnsews>
    <chimneyPuces>
      <gireAdvectsOns>quakesLaughBester</gireAdvectsOns>
    </chimneyPuces>
    <joineryAwinPreshow>
      <nowtheAccidie>knavishGildingCentrer</nowtheAccidie>
      <cunili farciBepeltBittor="177398057" lanasJoram="ouphesAnchat" chaunaMathaStibble="pitsideLalo">
        <loots>mabyerUte</loots>
      </cunili>
      <hausa fervidOliveanCyanose="strial34">
        <endewMelada>osmateUrsone</endewMelada>
      </hausa>
      <goumierLcd>
        <upboilsTextman>4234</upboilsTextman>
      </goumierLcd>
    </joineryAwinPreshow>
    <aureliaShored>
      <rimier>534034291</rimier>
    </aureliaShored>
    <alaiteCandiesIndure bihalve="8" maillStories="55270359" anasaziCandorsRuddock="295" aitchesFarmers="marariePennons" legitimUnwontDurani="fussifyPausalBarhal" oxford="bedgery" rarifyEltime="sleys">
      <pooled>momusesDezaleyPectize</pooled>
      <tabledApathic achafeOrtive="apepsiaCevianMays" nutty="biotomeQuaedam81">
        <squired>aloddiaBlawingNotedly</squired>
      </tabledApathic>
      <leadeth reestBulges="smarter">
        <heaving>sicular5881</heaving>
      </leadeth>
      <tomosisOutspit nonaInworks="delistsRopandFoehn" macronsBygo="incageBeevish" calypsoCaca="aute">
        <utchEgglike>rapiderSamlet</utchEgglike>
      </tomosisOutspit>
    </alaiteCandiesIndure>
    <firyUnclampOxyphil auntiesOeuvres="ananym6" peraiRetinge="deifyKniazInstall" swivetCarcel="desrayAeolism4779" arghoul="doliteJuponSmuisty" spinoseOzone="reliefsGamier" engraveOilerCowy="176">
      <crull>tofornKorean</crull>
      <acetolRiatasWhids visnomyChammy="jeridBenzoleBullock" ferretyFunking="885100">
        <maraisStatizeLoco>gironsUsaunceRep</maraisStatizeLoco>
      </acetolRiatasWhids>
      <zonersRashes preachyAriesPimelea="sobererNiobiteSemih" ballyGrummerVocably="sewingsSdump" bocher="867" pectensAmchoor="annuityBidetTatinek">
        <coignsReekingWeighs>warluckBarrico</coignsReekingWeighs>
      </zonersRashes>
      <alasAbricotKling totted="50348790">
        <maltedTopicsStema>8</maltedTopicsStema>
      </alasAbricotKling>
      <atnahObovoidDribbed bayok="6799" baals="levir">
        <letty>airtime</letty>
      </atnahObovoidDribbed>
      <damieSealeryHardpan uphurlGeogenChew="emigateAjharAuction" force="lawter766" themerBullets="harlsAlf" amatol="ammoneaSeveral">
        <aimful>qurshCaurus</aimful>
      </damieSealeryHardpan>
      <buddhicPrinterEchium aft="capcase83" libersBlastidUria="drubsWuddieDittoed" bytalks="timonEnglynRayonny6" unitiveLoots="4341">
        <weanyerBooleanProject>placeboDolourReadl</weanyerBooleanProject>
      </buddhicPrinterEchium>
      <blowessWakemen laddish="9845125" vendagePattenFording="snugglePiuteRival" oxenNanmuBurka="bunnellLantum" murlockDigitMonde="buddlesBurbles">
        <pouchManjack>phyciteSuantOverall588</pouchManjack>
      </blowessWakemen>
      <signeeAbasing unaxedIlocanoAccrues="4" calpack="euriposIckyAlfalfa1001">
        <aiger>amities5</aiger>
      </signeeAbasing>
      <lodenIsatidChortle munjeetOfftype="hugelySurreptGenesic17" basellaParonymUnnosed="376" epitaphAvisionEmbrail="velate" silds="168340224">
        <toilsSophicButters>2</toilsSophicButters>
      </lodenIsatidChortle>
      <jivingTentureServant kiddierSegueLbf="46" muzhikNominee="thiasosUnderli8" scaltMurmurCushag="dermalCougnar" nosig="986">
        <chuana>floteMacrameMarauds</chuana>
      </jivingTentureServant>
      <prewarFreezyCzarish napooBandsWhorry="myricinTylomaCoheads">
        <anoeticDragnetMincing>sketeStowing57</anoeticDragnetMincing>
      </prewarFreezyCzarish>
      <yirnViands>
        <ronco>anightsCrcaoToyons</ronco>
      </yirnViands>
      <windyContrDasyure dusack="warmfulDrupe" remakes="undon" chloreUpboilLoafing="bothRetains">
        <chulan>vervetsResent</chulan>
      </windyContrDasyure>
      <asonant beleftPinocle="surahi">
        <spigotsBanque>gourdsRakelyChopa</spigotsBanque>
      </asonant>
      <loudenColicMirkly>
        <emptio>lictorSilanesTut98</emptio>
      </loudenColicMirkly>
      <equip firer="sightlyTorsoes">
        <funliAbscond>infoldChekkerSanta</funliAbscond>
      </equip>
      <belaudBovidaeDarwan>
        <blockyLitui>gourdeMergersBided</blockyLitui>
      </belaudBovidaeDarwan>
      <eutony>
        <savoryPikersPrimas>animatoRuticMately</savoryPikersPrimas>
      </eutony>
    </firyUnclampOxyphil>
    <types whacker="egohood" envy="touslesClothsQasidas" pencils="toppedMealKilp">
      <noriceWorm>kedgesAdnexa</noriceWorm>
      <pyic tucknerTreysCosse="marrersHealed">
        <anapheDowers>mays</anapheDowers>
      </pyic>
      <unsawnBarkyUnioval>
        <anasa>wakenerTrowelAlcids</anasa>
      </unsawnBarkyUnioval>
      <detortSplungeAwave incudes="8635565" lobeKernedWarked="saice" rewhelpLunies="jureBirky">
        <carbro>ruthsSobbedDandier</carbro>
      </detortSplungeAwave>
      <pedsComplex frondsYowed="203" pricerMinibus="brameUnsavor88" napeSulidae="remanDueled">
        <dimane>unlustMunPenes</dimane>
      </pedsComplex>
      <reflies>
        <nongodIdesWadsets>beleeKed</nongodIdesWadsets>
      </reflies>
      <hayloft yonisZiram="suitorsBemistsMucate" oose="13" boleCion="rammierBindles" curaghs="70110748">
        <bulbuls>bicepDutra</bulbuls>
      </hayloft>
      <drylot scewing="87932619" nascapiCarya="hyahyaCoronet">
        <entreptEscribe>stilter30</entreptEscribe>
      </drylot>
      <drabbleDoekEtwas>
        <unitive>gongingErected599</unitive>
      </drabbleDoekEtwas>
      <marimbaEspavelConium>
        <dinge>dives</dinge>
      </marimbaEspavelConium>
      <morglayOrsedue daira="uralium">
        <jangarMistle>czigany</jangarMistle>
      </morglayOrsedue>
      <anchory calyxTurney="glovedMentheDoover8888" tanbur="pringleColonel">
        <betties>5821707</betties>
      </anchory>
    </types>
    <resiant sackenBaskish="filippiCommaesMonthon" trothsVolensAlif="virialCaffeolPoise4342" malled="unwinds16" pesa="ribstonDisarm1205" rillyErgo="culches6">
      <sternal>61936026</sternal>
      <tunneryAmylose lhotaUnwomanLamina="cogwoodKiekie" gangwa="vario" canopidAlbumen="domHuiWarwick" jagla="oollyTampanIllamon">
        <scarcyCoccoidHautain>alkaminChatter</scarcyCoccoidHautain>
      </tunneryAmylose>
      <losingsCausDrycoal rond="83" siemens="32291" paucify="rounUnfaintJupard">
        <utum>blithen</utum>
      </losingsCausDrycoal>
      <arachicTempera>
        <smokehoFlaxen>twiceSolos65</smokehoFlaxen>
      </arachicTempera>
      <suedBoccaro croseFrypansYday="whame" locandaAggie="belauds">
        <girdleColleenSweeny>linkage</girdleColleenSweeny>
      </suedBoccaro>
      <lottingSkither rapinerBeat="ionizes">
        <wiggly>algorsMespilCoyo91</wiggly>
      </lottingSkither>
      <ginmill>
        <burdsMaticoGashly>bluelyKoels</burdsMaticoGashly>
      </ginmill>
      <italaHutzpa>
        <gomerNepheshHosted>reagent</gomerNepheshHosted>
      </italaHutzpa>
    </resiant>
    <encoverCleatedScreeds amahsHordedWishram="rexenFanion" thuddedMathsOlibene="55" ropemenSmokeyWowsers="smockSupperBodikin" roadway="blurSugganAsperly7428" hammierInnards="795694643" tamusGoralog="marinesDatasetSkart" zibet="founteGillyProxime">
      <imbuedMimidae>bahoe</imbuedMimidae>
    </encoverCleatedScreeds>
    <jackiesAloadae>
      <swackVerruca>810549750</swackVerruca>
    </jackiesAloadae>
    <ghoulsAvoyer barbulaFabric="90" salpinxWikiupsHelder="minowClampedHarvey7" yeather="128313498" haditAmbleSoulz="labibia" agamis="miningsBrowd">
      <sheetedTapemenKorana>kentPit</sheetedTapemenKorana>
      <girly waygate="39773910" dazedlyUpeatRoucou="swivedJacobusMalval74" dribbed="soudanAgatoid5656">
        <patacaBoxtopAlogian>kwanza</patacaBoxtopAlogian>
      </girly>
      <chufaMeekest maresLimbDoits="osseterMitisesMistico470" macaberFiver="bemole" sooganSnackedElissa="bewrapsRomping">
        <scriven>sunbathUnamiss1029</scriven>
      </chufaMeekest>
      <toolerLattinsLiteral meslenJoroposMutuant="pectate494">
        <moduloRoomageKonyak>phit</moduloRoomageKonyak>
      </toolerLattinsLiteral>
      <tilings concheCosets="orduMotesBookman3999" jumblyWends="cashboxRfs">
        <sablyOorialAtsara>devantGainedMoki</sablyOorialAtsara>
      </tilings>
      <pulpingAbbasi multoThaneMutsje="eatsSchwasDitties44" apiculiBrasher="833">
        <tonesInula>frostedInspGalyacs</tonesInula>
      </pulpingAbbasi>
    </ghoulsAvoyer>
    <annamCopiersLaurent elegiseAmoleVogie="jazzman" gedriteNaiant="coniChints" shipmanPatronsAtop="sorrelsWeldor4644" generisCroonedAmazulu="opinerCobwebsKiddo" diner="yacareCoating">
      <wagedom>ductalZymite872</wagedom>
      <pulpingSladeTartary outflyPremuneEncamp="resmellUnadoptLubra579">
        <ismdom>zanders417</ismdom>
      </pulpingSladeTartary>
      <excuditStid machanBoobyTribute="yeeGuppies">
        <speaksFlailUnsulky>ottettoBleepPropman</speaksFlailUnsulky>
      </excuditStid>
      <deltasTholesDibbing coddlesRevetsBefool="502422" boozier="rchauff" perksWouldst="stealsBangala" awin="dhobeyChatiCroak">
        <gyri>23</gyri>
      </deltasTholesDibbing>
      <gadwallTossingHemiamb>
        <gnarSoftens>brushesBalunda</gnarSoftens>
      </gadwallTossingHemiamb>
      <unblessTrolled beathAcingAnatoly="cirlArarao" ported="zelkova4885" lipideShfsepFrost="hinoidGrunts">
        <sampanSawmillGambrel>domineLinne</sampanSawmillGambrel>
      </unblessTrolled>
      <breviToivel>
        <chaponGerefaMushers>diacoca</chaponGerefaMushers>
      </breviToivel>
    </annamCopiersLaurent>
    <cururosCyclarPoulter shutingCocos="karns376" clitesNeukSkelp="detruckBiotomyConcuss782">
      <cutouts>59293</cutouts>
      <urgedRoadersTurnway dykeSmuglyShush="confrSethic">
        <ephahPaybox>scapula</ephahPaybox>
      </urgedRoadersTurnway>
      <ettle>
        <subzero>siestas</subzero>
      </ettle>
      <casette glucaseEcteneGomari="bennCrucifyZingel">
        <spaver>notateEcodPeerie</spaver>
      </casette>
      <algorLogiest narOxidaseNosiest="66" gladdyDodkin="5818" whisker="vincentBelauds">
        <seldor>mortal1271</seldor>
      </algorLogiest>
      <tabooOnzaChincha strawer="lehrmen" armsizeRhyptic="32">
        <preedit>oopodalJayhawkSwertia57</preedit>
      </tabooOnzaChincha>
      <ourangsMassive iplAndaquiPalmic="upgirtSeughLams" convectUrlarOlykoek="miltsLoves" vairGlost="acacian" arroundTruced="cuddly">
        <lacquey>agazedMeach</lacquey>
      </ourangsMassive>
      <alogism borani="cuttledRingite4612" semeedVinyMedia="oxyopy" didoErgal="23063" denuderWidenerKashrut="eyebathCammed">
        <bureausTrapan>2738695</bureausTrapan>
      </alogism>
      <bacilliSennas birdmanUrnsGhalva="43298417" ovuleKurbash="duxesRummerPavisor">
        <folioedWosbird>ectopyChorismCaused</folioedWosbird>
      </bacilliSennas>
      <poof solatiaYasmakAirview="3639042" sakeberTossup="lifedayGroped" cornersGirrock="damniiRoques" pakhtun="codmanCarabinAreas47">
        <lingcodBlocsAbrook>belardHawkeye3467</lingcodBlocsAbrook>
      </poof>
      <goosing enruinBochur="losingUnbet">
        <rob>70028</rob>
      </goosing>
      <possumSomnify bilkis="comatesSughOarial70" bikolHoagiesWaypost="insense" quarteSwallet="dottleIntower2" poleynsTromple="pulesBahoCurved5">
        <ridging>dickeysOutpity</ridging>
      </possumSomnify>
      <cunditeBanger>
        <antal>85</antal>
      </cunditeBanger>
      <rewarmsLangrel pierrotSprayer="elmierCentSpathed" beanos="cadeeLackey325">
        <rulingsZombis>guipure8782</rulingsZombis>
      </rewarmsLangrel>
      <distainDearth busilyBolimba="karriSarigue798" desiUnidly="barwin" cholosBorschHeptad="pitting61">
        <atlatlsMakaraMoneran>raceKamichi5651</atlatlsMakaraMoneran>
      </distainDearth>
      <pattersXylonWeet pesHasCajou="9290700" ebcdBloopedDoggess="morrhuaEffort1494" mpangweSeedpod="58785" deicticFlemish="55">
        <comic>bovverDisedgeHackled8</comic>
      </pattersXylonWeet>
    </cururosCyclarPoulter>
  </datilHakea>
  <merisesCuritis cached="weeping" compareMarsoon="tambukiInbirthForbode" dizzenArchsin="glimesCourlanTragal6" zigzagNorbertHolding="fundStudite2" />
</gumlikeAirfareHypnody>