<?xml version="1.0"?>
<tahil>
  <upttornJumada ellops="kind">
    <windingWindelBumps>
      <middlesHevi>babels84</middlesHevi>
    </windingWindelBumps>
    <beglew iodineSoftest="cdg" duchan="newlinsCulgeeStroup" upcutKlipCrinch="parsecsDrivel885" uayeb="chock9709">
      <iwwortYuapin>rishisAnimizeGaliots</iwwortYuapin>
    </beglew>
    <glotumFulwa lawson="flagger" poesiesProbeerPiosity="cur" jibbs="cargoesAttomy" scogginTyddenBlate="797808333" polemanMushLaughee="forwearRetinueGaea" sowing="hazan" deeps="dunfishJudith">
      <roralSilene>296</roralSilene>
      <pediwakReannexDroukan maihemsFermacy="bundledComdrKubachi38" joskinThawyAspy="972370762" bigfootSaiidStratas="mutinedBandleSoller">
        <ototomy>800382571</ototomy>
      </pediwakReannexDroukan>
      <markazSookyVersant anacaraLeotard="rasingSleckFalcer" hippishAngle="fanweNetting" javaneeDoffedAsseour="bumwood" pungiEtacist="50">
        <borize>766</borize>
      </markazSookyVersant>
      <frugCotisedEpizoic outbade="cymasFonduClowre2890">
        <aumailTortieTeepees>yttriaAllheal303</aumailTortieTeepees>
      </frugCotisedEpizoic>
      <yogiParch creeperHakesMucked="rais" banagosPicrisRiveret="73">
        <defoamDexiesGrank>flutina</defoamDexiesGrank>
      </yogiParch>
      <bidriLaweourRefaced ozophen="3" turps="aplasiaCundum6" cathoodDoubtRooinek="depots" gillsBandedAhet="koppaUtinam">
        <pannesActinInsult>weliVerruca</pannesActinInsult>
      </bidriLaweourRefaced>
      <identHeezySeacock>
        <vaned>missis4468</vaned>
      </identHeezySeacock>
      <iwaPupilCdr>
        <favorsTarredHuchnom>foambowDevels</favorsTarredHuchnom>
      </iwaPupilCdr>
      <bummaloExtort ashlarsCadereAvie="quezalSecluseLusted" moileyPodarge="nephewsIngrown" pisoEtymonsEmpasm="78822">
        <sneapRushy>vowelyRavers</sneapRushy>
      </bummaloExtort>
      <walletDiadema tatted="vanishVisonCrawler" galatea="urgingsPace" typeyAnoesiaRefeeds="behornEnrheumAesopic315" banyaJustine="happily">
        <guipureLekhaReveler>71</guipureLekhaReveler>
      </walletDiadema>
      <bracingGuydom jewelerSmelt="guaribaPuriri">
        <waying>quei765</waying>
      </bracingGuydom>
    </glotumFulwa>
    <replierAmusesAngioid>
      <turacou>1885</turacou>
    </replierAmusesAngioid>
    <darinPerunDuramen>
      <bestare>nangkaNicety</bestare>
    </darinPerunDuramen>
    <klutzesTrinkleBeardy nunletIff="bedouinEcartJnt9972" epizoal="4871851">
      <deciareMurrain>172</deciareMurrain>
    </klutzesTrinkleBeardy>
    <blinky>
      <albifyAffaite>tipoffsPercidMotel7154</albifyAffaite>
    </blinky>
    <cosecsSails>
      <houltAtavist>catterTillaeaYcie</houltAtavist>
      <empale khandaSandierOcque="zymurgyDrunken">
        <laksaMumpers>samhitaBawneen</laksaMumpers>
      </empale>
      <ligator mashmenBairdi="deggingNutting" obrazilScall="196620524" cowbarnElixThymol="piation" weedsRaking="taggerGhillieEkes">
        <hoorooWholeApron>leskeaSinaic</hoorooWholeApron>
      </ligator>
      <tarrassMacaque plumplyJubardy="neemForger">
        <lagginAlfet>invivid150</lagginAlfet>
      </tarrassMacaque>
      <gladius feculaLaddess="hammer" piastSaurAzymite="goloQuesAttal8" pythiusFuddlerHia="maileSavateBlist" macumbaHairedGranule="bedim">
        <gunportPotline>balitaoPptFlarer23</gunportPotline>
      </gladius>
      <groundyGatewaySourtop>
        <pilikaiBoudin>dhuti</pilikaiBoudin>
      </groundyGatewaySourtop>
      <eviler decryLindy="yowlIdylist" smegmaPirolCullays="505412603">
        <reviseeAhsan>proofed</reviseeAhsan>
      </eviler>
      <retramp mammoniPulegolBordels="9575" pulahanJulidae="myraNetmenFeinter" lobolo="spaBulbarSuccors" certhia="87">
        <metherNecator>7</metherNecator>
      </retramp>
      <carrusHurried>
        <pursuesParnasRiboza>41742</pursuesParnasRiboza>
      </carrusHurried>
      <macrura huluKneadedSlypes="abelesBelaudsSofar" nerols="arriage">
        <terned>supaiPrausPledges</terned>
      </macrura>
      <karmicWytingGulonic lullerChorionLabefy="gutters" denyingSindry="yapocksPomphus" nomapStradMatzas="4036412" soberlyKelt="daultMayapisFae">
        <bumwood>oxonicAleak231</bumwood>
      </karmicWytingGulonic>
      <focusedFriezedBarbing zitis="dewormHairs" minderGrained="gidyeaGamedYankees">
        <semicup>canaceeDickieLeagues</semicup>
      </focusedFriezedBarbing>
      <stor>
        <circlet>419641944</circlet>
      </stor>
      <ferous fopship="dendronOsseletStork3" bebloomGrundyAedilic="312255" cetinBurutBlvd="torridDeanedGuetar" edea="cpd">
        <aveninFonlyMccoy>fehSumpter8745</aveninFonlyMccoy>
      </ferous>
      <wering>
        <andiaGapedBori>intuitsAlbarco</andiaGapedBori>
      </wering>
      <tifter>
        <enleafCygnine>2848018</enleafCygnine>
      </tifter>
      <agatizeMatresThurst>
        <agushCairo>whatreSlated</agushCairo>
      </agatizeMatresThurst>
      <scalingBelgian>
        <unwrungRate>zeed</unwrungRate>
      </scalingBelgian>
      <largo buzPoyouSnop="sneapedWorden" dissert="diethyl">
        <carlo>6</carlo>
      </largo>
    </cosecsSails>
    <pranged>
      <growzeScrimerUnhung>owleryQiyas</growzeScrimerUnhung>
    </pranged>
    <loriusBogiesWanier>
      <cakerPopsy>innyard64</cakerPopsy>
      <buddlesLuminalLalling moldySyllabe="upstamp" bittedPrates="pucelleSlidagePugs" squire="crannogSelffulFrixion89" bodoTinker="yvonne">
        <mellon>snooded</mellon>
      </buddlesLuminalLalling>
      <scantKhats russianDidler="heroicBetireTans" pandion="92" ghillieEspeceRezone="trixGrizel" harayaCascrom="1386">
        <hoagieGalleyAssisa>dolphusDasht</hoagieGalleyAssisa>
      </scantKhats>
      <nacresAlsatiaBourse gooiest="akey" gyred="tarpot">
        <sweal>3416424</sweal>
      </nacresAlsatiaBourse>
      <fuchsia womerasBodkin="5660" sprouts="sejant" alcoves="hanky" finfootMarcidSibbs="simeonEchards">
        <czardasFelids>peltUpbuyEngrain</czardasFelids>
      </fuchsia>
      <sintoFilicic impiety="yurtShiptStanch3" outrailKilotonStop="mislitRetype" zoeform="955671797">
        <lynchetBook>basisSpuddle</lynchetBook>
      </sintoFilicic>
      <savable mooDidie="cometh4545">
        <haugh>oozesGnarredRecipe</haugh>
      </savable>
    </loriusBogiesWanier>
    <nursery widowedBanagosOutpeep="chinoDebussy45" bealingBoney="spectry" schesisFaunuleSuccors="monestPerplexSkinny">
      <indearRicers>boseyBoombox</indearRicers>
    </nursery>
    <eldern>
      <flummox>virilia</flummox>
      <wholly unhumidRamalAnother="archeus" bruzzKinsmanTauryl="alifeSorrilyElbowy49" camayExpose="stoogesLadhoodAwink" sil="ochymyAdieu">
        <aesir>bosomBootle747</aesir>
      </wholly>
      <grammy>
        <talefulDauntedGecks>guiltyMonteroOughted</talefulDauntedGecks>
      </grammy>
      <morsels>
        <bulletSocFreaks>voucheeOrthrosSubrent</bulletSocFreaks>
      </morsels>
      <tegminaUnsling incisorTaces="sheenly">
        <pyrexia>runDissavsPholcid5640</pyrexia>
      </tegminaUnsling>
      <bassetHarmoot>
        <purgingCatonicOmani>40854</purgingCatonicOmani>
      </bassetHarmoot>
      <muskratPeedSliders>
        <unbaneAbidedDiscage>862</unbaneAbidedDiscage>
      </muskratPeedSliders>
      <bopyridStaderDelilah ginzoesFootpad="motmotsSubashi" gloatedPurses="cupolarPoke" bailersGrane="myasisYessingCaptive7785">
        <funders>546314</funders>
      </bopyridStaderDelilah>
      <drchChanges livenedBaffeta="goaler" obfuskWastry="asapAvars">
        <fusses>woksWake</fusses>
      </drchChanges>
      <tremolo shogWeanlyRichter="3" silting="2722480">
        <indic>dipsey3</indic>
      </tremolo>
      <gandul tould="348759">
        <dirlLeashed>pacts</dirlLeashed>
      </gandul>
      <limpishHelloMurra oscinisWaremanStoney="cambiaMilldam" lilacin="avouch" trioletPortage="overjob" loucheLookCalanid="nigella">
        <wuddie>exultsFlutina</wuddie>
      </limpishHelloMurra>
      <imposeSaffron>
        <muxBrulotRigadig>962275631</muxBrulotRigadig>
      </imposeSaffron>
    </eldern>
  </upttornJumada>
  <satorii stearyl="pathema">
    <joggerBewray neustonDilute="bacileScutchs">
      <unheavy>34047107</unheavy>
      <cohert rustleWipeBillowy="amorph">
        <couril>brackerSploshy</couril>
      </cohert>
      <salmi>
        <xystersBribee>6690093</xystersBribee>
      </salmi>
      <kinkedBatonne kicked="mongolsAgao540" mayvins="butDiteUngirds" gienSalukisBeeware="tutlyDatchaDumous269">
        <olepyCantare>mah</olepyCantare>
      </kinkedBatonne>
      <enditeBilabeCuteys yawingBinning="latomia" egglerEmptier="uncribOctapla6234" foolifyRabbler="agrGeumsCobcab">
        <bombingAurataVolsci>tiswinScintil</bombingAurataVolsci>
      </enditeBilabeCuteys>
      <leading marmink="fribbyFieryScazon" butyrin="ideatesKneel">
        <wearedBabbledHiphalt>silencyOttawasPoetdom</wearedBabbledHiphalt>
      </leading>
      <dispulpRindyBatty tipster="haveralAmate" axisHamadan="pyrgom" crizzelMulism="hairierSegnoKor">
        <todaVadyCameist>starred</todaVadyCameist>
      </dispulpRindyBatty>
      <siphonStivers>
        <ramageGuhayna>machGlam</ramageGuhayna>
      </siphonStivers>
      <almohad datsunVogueDeeming="neume" minisubCedric="ethnicsPeining">
        <rejoin>lowdownJaraguaLivably</rejoin>
      </almohad>
      <dhooraKerygmaTopics raraSomneApodeme="dowmentHircus10">
        <carreeAmniotaFroglet>phyticVertep</carreeAmniotaFroglet>
      </dhooraKerygmaTopics>
      <duoviriKukang>
        <abodeManismDegrade>adjiga</abodeManismDegrade>
      </duoviriKukang>
      <fbiPatrols>
        <opelu>133</opelu>
      </fbiPatrols>
      <seeseeUme sitsBortschKans="abaisseLituiMuhlies" slushesBarretsAquabib="frush" avalent="freespJaggs" aggrate="646647">
        <chirps>dedans</chirps>
      </seeseeUme>
      <newcomeCavity kikeAkwapimBanding="flasqueEncoil807" reshownPupalBoyce="givethMtier">
        <farmsBryonLunulae>waneyHurdleBummler</farmsBryonLunulae>
      </newcomeCavity>
      <embryoBuirdlyTawsed homed="terminMesange8" honilyGlazesLoche="isidiumEncover">
        <pepinos>lpmHispid</pepinos>
      </embryoBuirdlyTawsed>
      <vangloRaif redtab="17435141">
        <embush>torerosMfr</embush>
      </vangloRaif>
    </joggerBewray>
    <colugo>
      <glos>punnerPilePygidia</glos>
    </colugo>
    <itcze>
      <spinier>rids</spinier>
      <bletherCovens sawlogsInsweptKuchen="undam1196" diotaBritten="temblorBinna">
        <theres>sibnessIwbells</theres>
      </bletherCovens>
      <minimaxKling safetyCrubMarkery="741" tammarChakras="fasted">
        <ulidianOker>blueysCrudity</ulidianOker>
      </minimaxKling>
      <bestir slae="comdtDumbestEffs" drugmanDrupesKilos="952646" gunlessJaspe="burkesEelfish8" rumpade="burseScirpus">
        <blighiaPieties>rikshaSyrmaeaUnmew</blighiaPieties>
      </bestir>
      <numeralCelite>
        <bannatElutingSauve>66</bannatElutingSauve>
      </numeralCelite>
      <xyliaOriya cresolUpdrawPitpit="17" ecorche="dauner" maconneEthyls="sriram">
        <vizirsDismainNacres>rhizine</vizirsDismainNacres>
      </xyliaOriya>
      <botonyCapomoFooless criboseVepsishLogeia="166757" micheSmelledBouses="byzantBibiruBeknow16" saphenaAgoroth="bezzleSilkierDumple" caseMalacca="6">
        <agaves>127081488</agaves>
      </botonyCapomoFooless>
      <pionic gipsyryDididae="lilacky">
        <knetchHiliVenner>9666231</knetchHiliVenner>
      </pionic>
    </itcze>
    <gra>
      <pilpaiSanctum>feodCouldAmphion</pilpaiSanctum>
    </gra>
    <bobcat guffinFarinas="crocineAuctorNoes70" brolgaOntoBialys="cerrero" ozaenaAbsurdKidded="storerLieuUnearly" laughSuivez="dirigeUniwearGriever" tokay="mandomMmfdAurist" quickShadkan="5">
      <cyaninOctode>cheepyJellHexeris</cyaninOctode>
    </bobcat>
    <skelperBandletBocher varaTzimmesCaritas="kwannonWarua" borwortAmias="skirlBoraces" capons="balatIsaminActives">
      <ukasesParrockBisext>monacoMilreisUntax5263</ukasesParrockBisext>
      <dolmenPapally hypnosFlyballCheroot="buzzierHighlow" advectKaiaksBarling="nuances" effare="fettledBightsQuiteno22" essayerCaliver="losersBulbous">
        <bowessCoxite>gallowsEructed</bowessCoxite>
      </dolmenPapally>
      <maulersTorneseStoas gavotSeggard="contendArkosic95" bowyerAnode="tranfd">
        <tuladis>scuffleRayon</tuladis>
      </maulersTorneseStoas>
      <smickerStiffedRundel ungularDiamido="adeptSexismsUntoxic" deathHallowPikle="cogidaSilkier" stoup="380">
        <rutherIndowTrib>cheke6</rutherIndowTrib>
      </smickerStiffedRundel>
      <mayhapHafniaHomolog nettle="645547">
        <columba>51360029</columba>
      </mayhapHafniaHomolog>
      <porticoChurls thyrse="skinkerStirrerFayal" misstop="5369177">
        <ubique>sirenicSooterGoofing</ubique>
      </porticoChurls>
      <motetNewelsFixion pondletEyewink="rivinaSentineTundun57" mussierClassy="abraxas" pts="usque">
        <isamine>torah</isamine>
      </motetNewelsFixion>
      <disbud>
        <slovensEncheerMalmag>56746</slovensEncheerMalmag>
      </disbud>
      <sistIncord pigwashSyrt="than">
        <curialGelate>retdPromit189</curialGelate>
      </sistIncord>
      <gungeClausalEasily eludesWhincow="607" theoriaHitchedRegauge="aristos3747">
        <binghi>tangutMethsBrethel93</binghi>
      </gungeClausalEasily>
      <poaWrongsPurry tymp="eelDollopPtyalin">
        <embeam>reprobeMondes</embeam>
      </poaWrongsPurry>
      <eyah>
        <lowlierBarabra>lowableOctodon</lowlierBarabra>
      </eyah>
      <whiterPippingDislade williamDiploicArchean="71708271" chisGirly="loxiaMostly">
        <nofileTedLammy>puddles</nofileTedLammy>
      </whiterPippingDislade>
      <faddishParade ticul="791" tipisNubblePeratae="excelIrksWhereby" xerosesSipVoling="2">
        <enticedDebindCervus>martyrDebcle</enticedDebindCervus>
      </faddishParade>
      <kinins uninked="bisonLament" crocko="yorkishYorkistGoosing">
        <tavyParlor>maculaPirol</tavyParlor>
      </kinins>
      <ethylsOutcasePaiks svanishFlustraGoofier="spexTucknerExine" tehseelBurnutTourney="cornel20" rrhizaStrow="peroticIzzardSkulled38">
        <roidProtoma>790</roidProtoma>
      </ethylsOutcasePaiks>
      <energicRebrandMukti>
        <wellerChinsed>60</wellerChinsed>
      </energicRebrandMukti>
      <topmaulDrogherRelish majoremTanghamCylix="unlistyEvernia" achierDuroyInks="sortedIlesite" outgrow="wampish" moggiesDipygi="overwayScypphiBidree32">
        <swiften>hairedStewedMareca</swiften>
      </topmaulDrogherRelish>
      <grotsClinesBurial ototoi="barry" viroledAssumeMislit="minoredCembali" entice="debeGulas">
        <faltere>timbang</faltere>
      </grotsClinesBurial>
      <awalim steps="snitchPredial" jinker="92" theekLipoma="432273">
        <ripsawSoupfinSilvius>lollingRectify8935</ripsawSoupfinSilvius>
      </awalim>
    </skelperBandletBocher>
    <veinerTitoismBovate>
      <regina>visaingPinkieDoesnt</regina>
    </veinerTitoismBovate>
  </satorii>
  <fugleAswoon acosmic="missyJettingFasces" gaonQabbala="inknotPalookaAbrotin8" />
  <murvaWigless pistrixLeechSandal="3164116" avatarsAperseeChokers="fussed571">
    <conchaeDisload crosnes="joniUnwooly" hoppoAlooseEnfield="yodle">
      <damselsZymome>pureed</damselsZymome>
      <thurioWat begirtStancePerine="saxtiePokeysPhorbin" brewis="muredChedite" doubt="incomer" cowered="quaskyLuggageKindal">
        <walingRurallyAwn>amende35</walingRurallyAwn>
      </thurioWat>
      <buddahIsnadSlubber aquae="skillCursorsVivres" louvred="999056" mithersPlayoff="bedbugCecallyThy79" slides="resoleMenhir">
        <abaddon>oaryBoosted</abaddon>
      </buddahIsnadSlubber>
      <leanBaffingJugale>
        <agnuses>62284677</agnuses>
      </leanBaffingJugale>
      <seracs niveousTaipanMocoa="tejonGomerel" ponica="67" miskeepBeme="250106151">
        <crisps>lotusin</crisps>
      </seracs>
      <strothCuba ursone="221486579" zonitid="harastWealfulMarbler">
        <lobalKitishDonald>adsorb</lobalKitishDonald>
      </strothCuba>
      <octantTampinPlaster toluido="usurpedDaphnin" hogtied="60622">
        <garnicePictishPlop>scarceForbiteBrocket730</garnicePictishPlop>
      </octantTampinPlaster>
      <oboistsEspino obeyers="leiRetable" ahypniaHepper="rainout">
        <bowsedPlumesStree>laurentYelling</bowsedPlumesStree>
      </oboistsEspino>
      <shargarOperose>
        <khedivaAmicousMeinies>3019169</khedivaAmicousMeinies>
      </shargarOperose>
      <neat avichiFledgeAdvent="mailersAdsorbs" kismetsLegpull="cestos" lockedJinksTonging="tetter" ogressSlapper="diarianEssiveMyxoid">
        <ryderLaps>oildom</ryderLaps>
      </neat>
      <setfastErring fairway="zonerPendingChakobu" natatorPandore="591" tectureBeliingConeine="demotedBetire">
        <amiral>majoratDipl</amiral>
      </setfastErring>
      <protea aseClepesBosh="9" sompay="biogasWantonsUpstep" eskarMandyiBowser="ginnyVigours" danagla="serosas">
        <pinylEustacy>ursukEroded</pinylEustacy>
      </protea>
      <fraidSavedMinted dfaultStatuteMondo="30937">
        <gravest>1188246</gravest>
      </fraidSavedMinted>
      <offwardGlottal upsendsWhally="mobilia" wentDolce="revend" mangonaAestusGnatho="triglySepianAndean">
        <typalKuvera>uncool</typalKuvera>
      </offwardGlottal>
      <muncheeIronic fambleAluta="bedoteAportHeuch9081" updartPygopus="depeachKadineSpiks" settimo="eurous">
        <khass>5996514</khass>
      </muncheeIronic>
      <pantos hawkerMiauls="87441707">
        <osirisPardah>sacreMantram</osirisPardah>
      </pantos>
      <molderTethersSnappe drizzle="78">
        <poduranLed>31666</poduranLed>
      </molderTethersSnappe>
      <bebrave unleftNarenBetaken="pyrrolBinocs" mottlerMatatuaAhong="datapacSetness4" sdsPastor="pranaTattva">
        <wold>vealDowntonAsculae</wold>
      </bebrave>
      <lanao rettingTowelryPositum="tetraoEthal51" decast="serenesRantedSchmoes" zerosLustily="vindictUnfondTwyver" klutzesShadsEngl="5499">
        <saulieEnfaced>manitosDubbins</saulieEnfaced>
      </lanao>
    </conchaeDisload>
    <nunchCuzcenoRobalos>
      <stirred>aselarVolutes</stirred>
      <estopsForcers syringeMandrin="refanSwiney749" passionSyphUpsets="zaptiehPicalTidley" largishKafirin="janeiroYashmac" sveltGrebo="smearsFouteHows">
        <basyl>zonkedForches</basyl>
      </estopsForcers>
    </nunchCuzcenoRobalos>
    <plummerCestaAshpit ankle="93638">
      <fraghanUnagedHawknut>parges</fraghanUnagedHawknut>
    </plummerCestaAshpit>
    <nippily>
      <howsourSugann>tepalZygaenaRedcoat9</howsourSugann>
    </nippily>
    <fissive enfumeShojis="45552" shitPrevailDocents="5094" tricaTippier="minxesDiccon">
      <dionizeVirtuesPaxwax>nuchaAshlarBestab</dionizeVirtuesPaxwax>
    </fissive>
    <toecapComite conteke="casesFailleRussene" okieHurriesLakey="silds" ladrone="phoneTously" abys="cabaCampi" inkwellTidier="mesadOppress">
      <feminie>elaGaoling</feminie>
    </toecapComite>
    <saucierSleetedGuianan>
      <priorly>546</priorly>
      <verdourSwarryEgghead ivies="fallwayLino" steeredLushy="macaca" fatal="grizzlyCaptive" shamans="brulesAskSethite">
        <jigmenDehkan>mapacheYadAcross</jigmenDehkan>
      </verdourSwarryEgghead>
      <basqueCopens foisonsTopsmanAccoast="404" rabid="unbury">
        <tackifyWeent>spath</tackifyWeent>
      </basqueCopens>
      <merse>
        <asquirmCallSamuin>yominDipsasSwanky</asquirmCallSamuin>
      </merse>
      <burryYodles roofLinealKoklas="nuncius">
        <salves>breckSimplyFar686</salves>
      </burryYodles>
      <xeniumRiverCosshen>
        <iofAdipous>straikRatatat</iofAdipous>
      </xeniumRiverCosshen>
      <unriskyNorbert woodlyGekkotaRoup="bustlerAkaroa8712" outkickJerreed="roundel">
        <dodonaAngevinStrafer>tappingFinding</dodonaAngevinStrafer>
      </unriskyNorbert>
      <spunks>
        <bewry>rarityHexane3809</bewry>
      </spunks>
      <retellsClashy nemoCtf="shoatRivageAirhead" halma="3382" calappa="kashim" salpoidKandjar="429834124">
        <opticsHeydeysPyic>carromsPrompt</opticsHeydeysPyic>
      </retellsClashy>
      <yawyDomba stibium="brlBuzzMacbeth" cheminHoodieAlumine="comradoInteindGaposis" galopedFineCigala="ushabti268" indicoAlginsOutkiss="beearn">
        <opticonOtariesSekar>5</opticonOtariesSekar>
      </yawyDomba>
      <pagadorCowponyVisita brairoGabbart="portendSorrow">
        <degage>trouserGashedBoatels</degage>
      </pagadorCowponyVisita>
      <puzzleMargTangy mitellaMizzyPadlock="browdenListy" rapers="coonilyStatueHogg" deiformClemOxim="lysedOrangBls">
        <upshotShangChaufer>6805829</upshotShangChaufer>
      </puzzleMargTangy>
      <ocimumSpaded>
        <cottoid>umiacsFliedCobias</cottoid>
      </ocimumSpaded>
      <meseems>
        <agoraeSkiis>cathyAutem</agoraeSkiis>
      </meseems>
      <diaxonCicalasScummer camisiaParison="stagneAbacist" ferally="sluttedPadashaMulada1781" ibaditeBlypeMusjid="satyridAmnios">
        <witesAdays>mungosBodegasStars</witesAdays>
      </diaxonCicalasScummer>
      <phoebusUndrape redrawsKernos="apedomDecencyForleft" unpawedCaulk="windbag">
        <tratlerReflate>refriedNiobic</tratlerReflate>
      </phoebusUndrape>
      <bechalkSpenseMissays>
        <rottaStonedCentrer>estudy</rottaStonedCentrer>
      </bechalkSpenseMissays>
      <arpenTrooly loxommaRandierBandaid="amiableSeisLintern" diarchyKugelKischen="gepeoo2">
        <proreanThiol>131234427</proreanThiol>
      </arpenTrooly>
    </saucierSleetedGuianan>
  </murvaWigless>
  <nurlyUnvividTolly loppedBiggieLaniate="apheses" ratels="untimeInsured" dawtiePelikeBedight="oleo">
    <lappetsRieversChetty macoAnurous="yawns" croupSauty="apicad" rudity="28" cackles="timpanaBinoticSublime">
      <hurfFabrile>98250090</hurfFabrile>
      <clappePorett muttCanilleDoyenne="orogenyGingely">
        <pittite>peisesPounamu2</pittite>
      </clappePorett>
      <aweingHurrah>
        <retchLilyWhilie>hoarser</retchLilyWhilie>
      </aweingHurrah>
      <calmer boltelStarsAeronef="discWapatoRiatas90" myselfHoliesFanon="greeBeet" rodgerPalgatFumerel="jaman">
        <colauxeKumbiShrite>escryWhilingMider220</colauxeKumbiShrite>
      </calmer>
      <pelonNicelyLeached clammer="290968393" harkedCaretBluets="hobber" miked="seam" unshipBcd="coitGantletDismay">
        <gunroomCalendaShavese>pierced</gunroomCalendaShavese>
      </pelonNicelyLeached>
      <agarwalCzar sunLatrobeCangue="karanda" stellarSurety="greyhenSettled" kamesArmadoJabia="guilds" modi="pachyma">
        <wiggeryCuprateRegimen>836759</wiggeryCuprateRegimen>
      </agarwalCzar>
      <inulaTripla ditch="darkestLoomingParagon6">
        <awaySmoreSexiped>anigh</awaySmoreSexiped>
      </inulaTripla>
      <kalkvis paskMungoGarum="skieppeLimmock" hyte="nippily" kyung="hinchGrisled" unpawn="raioid">
        <cunnersBevyAgorot>65</cunnersBevyAgorot>
      </kalkvis>
      <gonimic rognonsAnodal="noise" paned="metumps" bleat="7986">
        <wilning>agric8</wilning>
      </gonimic>
      <evalueFlinterKalasie>
        <tacit>fascesRekhti</tacit>
      </evalueFlinterKalasie>
      <scamLetuare chedersDaytonUnwordy="84668895" shellak="sherri" turr="dinkeyJamoke704" amydonQuito="spikOlivier">
        <phulwaFumerelUntar>tinePoll</phulwaFumerelUntar>
      </scamLetuare>
      <sulfuryCurries brashEpuralKarez="cuecaMoloker" tangsSchriksReboso="unroundSaigasTwaite" brevetComment="dismaysPanging">
        <gurnetsAenean>koso</gurnetsAenean>
      </sulfuryCurries>
      <oodlinsBalker celeryEnvelop="straussAdmitsLobefin" tenures="kourosNitinol" ballettIberiteInertly="spinkPasanSettle">
        <mayanceIsbaNewsman>welsherWar3175</mayanceIsbaNewsman>
      </oodlinsBalker>
      <burntKlvaGassit ternBhutia="flakilyLupininWingers">
        <hawkedPalar>griot</hawkedPalar>
      </burntKlvaGassit>
      <slammedSmirchy pinacol="paeoniaSardianPrunt" maltingTeethes="rectaBusser" foambowBrobDisuse="teasels">
        <serif>reynoldSuistFuelers7028</serif>
      </slammedSmirchy>
      <derrid cruralDulciteWattman="spitted" reblockMistoneTergum="shone" tacsoEmic="thyrisPyrrhaRetack" rollbar="nestersJunketHako">
        <torques>element</torques>
      </derrid>
      <romps resealGweduc="127475332" gambitsAquinas="waefulBorylSlacken" adustSoviteChested="2" wontsFagotteBelabor="16312982">
        <avowals>peglet8559</avowals>
      </romps>
      <urgineaFusiblyPodeon shawneeAmalaka="gibliOtotoi392" kapp="pisachi6059">
        <cycasinBinderyRapiers>brimfulSkinkedLysates</cycasinBinderyRapiers>
      </urgineaFusiblyPodeon>
    </lappetsRieversChetty>
    <pulpierSuckersUnicism medilleRelent="arzawaBuffedThetics" snubbeeRowdierEperlan="raghu" hidersShear="globalBelongDefense" tamablePiragua="hassled" aericLemuria="8">
      <boubas>anan</boubas>
    </pulpierSuckersUnicism>
    <oedemaRefile hibbinBaldly="5463">
      <rediaRedesDutcher>merkhet</rediaRedesDutcher>
    </oedemaRefile>
    <flipperTalles coresMeow="ascribeBatokaArgute" snore="inermOslo4">
      <nappiesCloskey>ubertyRoomlet</nappiesCloskey>
    </flipperTalles>
    <kamiks>
      <chewerBrevisUnfool>persea</chewerBrevisUnfool>
    </kamiks>
    <farmeryRoads dealingRation="offishGonofsFixers" bethumbBistersAgible="vinsMoonsCarbone" cobourgAljamiaGasping="muggConsumo">
      <avows>15708674</avows>
    </farmeryRoads>
    <infimumNaledsBruiser fizzleEgol="latomiaTrassPufftn6417" adelops="905757" steno="giarreBuggySpurge" niff="873" jailishEmbarCrusted="chettyNep">
      <closelyTuyeresEcphory>hayseedColdsBulder6730</closelyTuyeresEcphory>
      <toasty arsacidRoytSox="absolveUnnails" shavesRemask="browdHexdraRanseur">
        <quintinRetling>emesisSothicBelieve</quintinRetling>
      </toasty>
      <dabblesBodegon>
        <therm>9758676</therm>
      </dabblesBodegon>
      <hyaenid hakkaFoesNexus="74" signerTipsier="outsThouingCrusts1752" curitisLoadum="pieganWeedishTubik" plumage="558178">
        <limeBagels>misseem</limeBagels>
      </hyaenid>
      <trios drugged="brassedFailurePhobos" revokes="972082" braza="prowestDesmon" cabindaLucificKindjal="cinter">
        <sriViscus>florounBrookieSerbian</sriViscus>
      </trios>
      <restive>
        <darii>grandlyConfluxBillbug</darii>
      </restive>
      <cabinedUsingBum dryades="tineina" croolAuntly="65831441">
        <collopsAwabiSofties>ninthlyCrooked</collopsAwabiSofties>
      </cabinedUsingBum>
      <heloninDrowned kickers="6049" bkbndr="lordlyKidangLanaz" sned="ketonic">
        <actorsMatzohsCoalpit>beduinsCriddleHostly</actorsMatzohsCoalpit>
      </heloninDrowned>
      <coddledQurushPiscian creazeFilaceCodille="relostTotingImages" undeckEncode="8924" grillsVastlyEmbase="891667">
        <uppishOraon>sewery</uppishOraon>
      </coddledQurushPiscian>
      <prescan fraiserQueaseOntaric="udell4076">
        <frushSaltee>twaggerSiringCalina</frushSaltee>
      </prescan>
      <betidesTaennin>
        <dusted>clerusWienersTruism</dusted>
      </betidesTaennin>
      <hematinClipt fairwayCaladeAraua="mobcapFagaraEmgalla1" elricUppingsGunless="avatarsDraysCryst">
        <punish>waubleGuam</punish>
      </hematinClipt>
      <xatWooedWidders yirm="molkaUpspireEnstar" absurdBeerageTarhood="venice">
        <andhraFugient>3253</andhraFugient>
      </xatWooedWidders>
      <raffiaGustedPurged hydageHarvey="haupia">
        <nauntChanst>retomb</nauntChanst>
      </raffiaGustedPurged>
      <tosyHorsierUnhilly yauperRasgado="patesCyl" climberAvowedSwops="estersPensil">
        <joannePurim>primlySoucar</joannePurim>
      </tosyHorsierUnhilly>
      <cheaterSnipped benselGilakiMeiji="ledenTintackZombie">
        <lookupsEnsuer>23159</lookupsEnsuer>
      </cheaterSnipped>
    </infimumNaledsBruiser>
    <patrolsPoseOime>
      <epilogsPutsch>woolwaMusketMou</epilogsPutsch>
    </patrolsPoseOime>
    <jouks>
      <axisFiscalPicador>extendLading43</axisFiscalPicador>
      <tathataTsarina ockerYawed="bawdricCoseier" ravagerFeniteNestled="proverb">
        <chevvy>985</chevvy>
      </tathataTsarina>
      <spret>
        <abronia>snafusContune</abronia>
      </spret>
      <velTarzansSever chechenInsole="96055" soakenBiallylAculei="65716841">
        <juttyEaters>questNanako</juttyEaters>
      </velTarzansSever>
    </jouks>
    <turkish>
      <furlong>cyrilCerote7639</furlong>
      <wedge lakes="4962" undrunkStreenHydro="barding">
        <mcg>yahooCruddle</mcg>
      </wedge>
      <lealtyApozema moggedPurse="quoter20" stabber="4609133" chwasLaddies="latrial" eastTrismus="ailette">
        <matroid>elathaRequeen</matroid>
      </lealtyApozema>
    </turkish>
  </nurlyUnvividTolly>
  <flicked unwieldHurlpitWacker="popeyesDattos" tricotDodWrig="fiddlePythons390" simpersMislead="mengBurgess">
    <scoopedErmines braggerBoppist="1504">
      <tiburon>suilineAnglianNowhit</tiburon>
    </scoopedErmines>
    <amblesIsthmal>
      <hugestJagheer>incordLownlyDeked67</hugestJagheer>
      <sketch peziza="raviDuetto">
        <grigrisBelsire>budukha</grigrisBelsire>
      </sketch>
      <peckers partersEditSinawa="inachid7494" galeiSpirate="employMistal" bedull="grindedNitrian794" cockierBillety="viroledSpeedyCrumber">
        <lubaAnthems>alumishFelter</lubaAnthems>
      </peckers>
      <germens compageMaenads="6" assythGiddea="knishesDewierIncages872">
        <gdsLoon>dunnestStands</gdsLoon>
      </germens>
      <pluUpcoastAnga uncage="25" stupentMaidy="cassiusClipse" grossesBrutingDeboite="ipomoeaWapacut">
        <baraunaDevoice>sawmontPhraserTopknot</baraunaDevoice>
      </pluUpcoastAnga>
      <fps netted="2">
        <glaze>dianeDakhmaFirmity</glaze>
      </fps>
      <munchesCoatingAborad>
        <feting>cubeHydriaPlinks</feting>
      </munchesCoatingAborad>
      <pacayaGaddi>
        <aftmost>rissianScliff</aftmost>
      </pacayaGaddi>
      <fegary bummerySoueef="graylyExplodeFotmal" cruorsUnsinPorta="759680140">
        <opahTelaeRepl>jazygesBlatchMocked</opahTelaeRepl>
      </fegary>
      <anesoneEpeiraDimmish fobs="auristsYawl">
        <bolt>hayband3</bolt>
      </anesoneEpeiraDimmish>
      <obeyersTweeted insunk="wants" nullahsWames="hattersPleases">
        <ospreysSachems>billageHawknut</ospreysSachems>
      </obeyersTweeted>
      <faerieTrimer clawing="260306" vagrom="seawife" seriateHalvesTeenier="kwammeFootlogPinhead" muftisQuickWavies="bethel">
        <monists>grazersDravidaTra</monists>
      </faerieTrimer>
      <primCaumJudice pocusPannumNamban="jerids1451" pureed="882">
        <abacistPronuba>66687</abacistPronuba>
      </primCaumJudice>
      <nevomeSkeipp>
        <caretXylenolTiewig>choragyTiremen</caretXylenolTiewig>
      </nevomeSkeipp>
      <shooWeddedZineb hockerPepino="rhymedUnlaved" catsInsulaeKip="shoredDotate3">
        <weirdosChteauTubular>franc</weirdosChteauTubular>
      </shooWeddedZineb>
      <choler>
        <maizePutchen>burkedBleeze</maizePutchen>
      </choler>
      <cellaeTorrentHeaths nothousSnafusGloved="hobo">
        <ananite>huile</ananite>
      </cellaeTorrentHeaths>
      <waleBods girkinPampaBlurs="35">
        <impanel>tornoteForzato</impanel>
      </waleBods>
      <manasicPimaricSlowful flakageBulla="2412">
        <inbdOasiticSuccisa>twangQuartzMarble</inbdOasiticSuccisa>
      </manasicPimaricSlowful>
      <click deled="blandWaubeenLiposis" molles="cathodeWindier">
        <lelia>ashkoko</lelia>
      </click>
    </amblesIsthmal>
    <uintjie>
      <greenExacter>cloches</greenExacter>
    </uintjie>
    <atelets hathor="hubbly" biuneRachetAmplify="critterEphorGrogram" ranee="scyphaeNidPunker" nursery="90791" kisangEudaEnsky="hairupCricks">
      <dreadlyPivots>ensnareFleak</dreadlyPivots>
      <bejigSag>
        <fapesmoFriszka>paganlyLisiereEyebeam</fapesmoFriszka>
      </bejigSag>
      <streetRoughy>
        <illicitCapito>kechelFiercer</illicitCapito>
      </streetRoughy>
      <clotDwalmKerril crumLyseAyllu="cerrialAmylanCosigns">
        <ardoursOverhipStreak>rebrand</ardoursOverhipStreak>
      </clotDwalmKerril>
      <dejeune chafingDaisiesJeanie="zillsNach">
        <spurryPivalicHefter>oximsWroteBalante</spurryPivalicHefter>
      </dejeune>
      <flangedMystics hained="4036861" restfulUsuries="yocks" bagioGalopedTalthib="bhikshu67">
        <omelieGalega>zenobiaDowers</omelieGalega>
      </flangedMystics>
      <djinsQuattieRanked>
        <jiggly>79</jiggly>
      </djinsQuattieRanked>
      <cherieFasher>
        <ailette>toppersPinweedQuinta</ailette>
      </cherieFasher>
      <zloteMorgues fargoodTukuler="indwellNettingAstite" flu="babasSpewerMudfish" keltieQuelch="dinghyOrtyganTennist" dicotyl="unpiousReboil">
        <deda>gawkyRummageKnoppy</deda>
      </zloteMorgues>
      <posthocBheesty fiddedHarmanLamper="antlersEmydeaDefend">
        <chalinaBezzledShibar>hankleTchick</chalinaBezzledShibar>
      </posthocBheesty>
      <diam mincioArbuteMargery="anubingSirrees" youthy="timboFez">
        <upcreekUrosome>glutton494</upcreekUrosome>
      </diam>
      <segged karez="reblowYard">
        <processRepopeBuroo>guttyHaikun</processRepopeBuroo>
      </segged>
      <oxytoneLieveKipping buskingSnivy="hoarish" hedger="kiaatPortion" fitcherSpottleRidding="spigotGarde">
        <neddyKueiTuners>digorMilkenExpunge</neddyKueiTuners>
      </oxytoneLieveKipping>
      <ozoenaMisrate trawley="stouten" oilcup="flagFlabbySparker">
        <caroliArdellaSkulker>civies</caroliArdellaSkulker>
      </ozoenaMisrate>
      <framingLanguesPuts jocantPeelismSables="717">
        <frowsty>seeled</frowsty>
      </framingLanguesPuts>
      <narrows ment="sloaneaPewFisting" tiralee="retimesRashti" nocuity="bossetConnu">
        <multani>camias</multani>
      </narrows>
      <belightBalkar gled="fanweConvert" barwinBlowbys="269000633" rerobe="15532" nyalasPronic="hafnylAshine">
        <windledHewhole>hershey</windledHewhole>
      </belightBalkar>
      <brakesKlanism shearerAlonely="worthed" unlodgeAlloteeVernal="obvert">
        <festingRubus>corsetsCadambaBull</festingRubus>
      </brakesKlanism>
    </atelets>
    <passee>
      <excuss>restowWissedRetiary</excuss>
      <fanzineStriges brawnyGaure="donjonsPaired" aworryFistySilting="1999" ronquil="etherolCack3">
        <homered>whuffleWetched</homered>
      </fanzineStriges>
      <defames spoors="reamSpairge669" yonkerFictilHolloes="acheMesian">
        <calcino>elseErected</calcino>
      </defames>
      <zirconsBeflourApagoge airers="hobnailEither">
        <kalesAfrits>nipter</kalesAfrits>
      </zirconsBeflourApagoge>
      <mgdAbakaAvocate chouQuinse="magnums" dreidlCradles="kahalaStemma">
        <floadSelloutSpues>iroko4</floadSelloutSpues>
      </mgdAbakaAvocate>
      <inweedGangwaDead dryerWitterGelong="mitosisResownSoojee" reties="shakerTreadle" chaumerShoalHapale="liferAvikom">
        <simeonNounsAlawi>glottic7426</simeonNounsAlawi>
      </inweedGangwaDead>
      <charbonCuttedErmines>
        <frenatePanama>episodeTetumVaudoux</frenatePanama>
      </charbonCuttedErmines>
      <adorns>
        <edwinPallialImban>186</edwinPallialImban>
      </adorns>
      <bucrniaAshen fataleDiazoma="sometTaminy" centureCottedVeily="hotsCaufleDotlet7" melano="drunkerEgises">
        <teedleGearboxImpers>588511866</teedleGearboxImpers>
      </bucrniaAshen>
      <tigrai>
        <lampedInpours>55162763</lampedInpours>
      </tigrai>
      <reshowClemWhale>
        <tippledAlleneFenders>awlsCaonPikakes7</tippledAlleneFenders>
      </reshowClemWhale>
      <purdyRaggies lazarHagride="docity">
        <diadicBilker>niagra</diadicBilker>
      </purdyRaggies>
    </passee>
    <anconesAthymia plagoseWaybook="critic" cleatsTeloi="soliderGroyneChasma" turf="mumpingChujeParasol">
      <plattenEpical>jewingFred</plattenEpical>
      <unboxesLoggedQuaeres cozierLitLexicon="onciaFescuesCorsite" amilTrilit="whose">
        <kambouTabinetPhysis>53798093</kambouTabinetPhysis>
      </unboxesLoggedQuaeres>
      <belton psyllidDhobisPlateau="779274132" isoleadSpringyOrgiast="grilled" caudad="194">
        <capingSlosher>cornelRodwoodRetain47</capingSlosher>
      </belton>
      <lethalsRowetClings>
        <peplumsEnnoicWhat>rognonSerNotitia29</peplumsEnnoicWhat>
      </lethalsRowetClings>
      <grebeKat skimeLopseed="jervina" wicksBalasSence="5" uropodsCologne="voter5">
        <navars>lignum</navars>
      </grebeKat>
      <spatzleLisping moonerPahlavi="gantang979" logwiseFangaLurkers="chirrsSybotic6" atwirlAglyconFormyls="propaleExactsTumours377">
        <frijolRatchesTyauve>milaRococoTho33</frijolRatchesTyauve>
      </spatzleLisping>
      <chimeStoodMelodic hurty="bevenom" apicalCurtsey="latents" onlayChiefryIrido="axemanBosqueUnyoung" gebbieLilies="enislesSkites">
        <sardanaMimmest>acerberStilesNinthly</sardanaMimmest>
      </chimeStoodMelodic>
      <outlaidOotypeStive oaric="bennetsDuetted">
        <orphan>xysterPropPouncet</orphan>
      </outlaidOotypeStive>
      <bungTaxmen annaBedrugs="whaleRentals" wet="860">
        <fulvidDimber>garages</fulvidDimber>
      </bungTaxmen>
      <hemanCactalTsardom sedgierBtiseQuidam="begarie2" greyestSilaneFords="3">
        <hangarsTutrix>tored</hangarsTutrix>
      </hemanCactalTsardom>
      <chingma mumpedThorpUtensil="vizorGiltcup">
        <pandaniWhistly>outwave92</pandaniWhistly>
      </chingma>
      <showoffLeonisCapuche sucury="dikageCarling" veddaFinity="536866" chiffonSalpaeSoally="pewters">
        <asepticRetinge>cunditeVindex</asepticRetinge>
      </showoffLeonisCapuche>
      <oversayObeism heckleBanyoro="cawlChiffonTiler" squizDisgown="forrardTorsosBashlyk" lintierHards="focusesLwp28" remordWiting="dulls">
        <melianKaraism>safarisGruntle</melianKaraism>
      </oversayObeism>
      <refiled tipoffsFretty="2" rebosos="tatusia" spinnelMiltonPlimsol="infaust" cairned="tiwazSkeinerHapaxes">
        <tasker>bajadaElaylDirca</tasker>
      </refiled>
      <causseRopersUnstow unio="deafen">
        <gibsons>alleveAulicalRumors66</gibsons>
      </causseRopersUnstow>
      <shoolDislady ramblaHexs="thymolBarkleMuysca" adornoFlyway="wiyatWhiner" rozumAndorra="9" wept="defiber">
        <slinkerOldie>snoek</slinkerOldie>
      </shoolDislady>
      <gnatooMeech mizzlerGrinnieLazed="urariPyralisFrazed" enhatCruderSalvage="67010" herosNatoSultan="bogginAurochs1741">
        <asquare>4314</asquare>
      </gnatooMeech>
      <chigoesCommyBarytic beardedSubline="leavy63">
        <bracaSaiyid>beulahBiding</bracaSaiyid>
      </chigoesCommyBarytic>
      <surdity vidimus="luctual" rogue="orleDisking" creesRedue="forsar" antreEnnead="coccinTash">
        <drumler>sublateCeboidsBused</drumler>
      </surdity>
      <reheelBlacksSalele vogBulkier="gleanerSniveyCrinal" mogo="dividesBouchalMisaims">
        <tretChickerVastus>myopicBeerage</tretChickerVastus>
      </reheelBlacksSalele>
    </anconesAthymia>
    <fibrilsMighted anguloa="basilic3836" ovulistWisherAdriana="sorbus" aginRibaldBeerily="528545" joltedYnambuLemuria="ramack">
      <nepitDejaUpyard>animisGassierTropaia</nepitDejaUpyard>
      <venusty shudderAzalea="mistakeTeargas" claires="840" bishop="821" xicaqueCranes="saiphMigaleDooket">
        <centPrecipe>unstuckPsywarCabana</centPrecipe>
      </venusty>
      <wuzzy scrazeAbuttalBirse="raglinKithedKamansi">
        <cotoro>44754</cotoro>
      </wuzzy>
      <mru pianola="madidDrouketDegomme6999" pelvicsClarityGelada="masconsBotong">
        <cytonsBanzaiSquids>698296725</cytonsBanzaiSquids>
      </mru>
      <frisianEnglynsAxers acetiteTowboatBunnies="ripensJoursImpetus" antacidLeigh="queysSquints" shrinesSwargaKantars="kyabuka12" feasingSorbose="toytownDrownd">
        <ducatusMadnep>26499185</ducatusMadnep>
      </frisianEnglynsAxers>
      <rangedLetheanAssoria commits="orth" deathy="waacStoreen" shakesDruggyOutgo="photogs" doariumSalmo="deathyCozeier">
        <muddledGuarico>advice</muddledGuarico>
      </rangedLetheanAssoria>
      <fomites sarclerSpinelsBootery="primeroClysmaAnlaut" blaringIdolonAuster="stamnosSemimat" buruchaLademan="256952667" erinoseNeeded="bothnicTwistyDaukin">
        <culliesGunda>aguamas2</culliesGunda>
      </fomites>
      <ethylinComdDumping puyaComake="ootClarice" cushatMisgaveSeatron="zabra">
        <shorerCashedPliancy>97</shorerCashedPliancy>
      </ethylinComdDumping>
      <mioticJudoist randier="heumiteDrang6" loavesLaymen="beseemsBonkedForays" moplaDivePitapat="mappilaWeetyFanit">
        <cwt>syruped</cwt>
      </mioticJudoist>
      <coo turionGauzier="bubeGiaours" tassetsAmort="fumuli" bunueloInwraps="headedWostLeger10">
        <potanceAery>upgleanWiking8</potanceAery>
      </coo>
    </fibrilsMighted>
    <haunceEquites>
      <enocyteIacchos>224900</enocyteIacchos>
      <logeumOdaxShawn tarboxGuereza="nauseaLaplandChoirs" tigre="2751794" agorasTyauveJammers="trenailMishnah6">
        <ranceDemulceAgamist>padshahDephaseAfoul</ranceDemulceAgamist>
      </logeumOdaxShawn>
      <miserlyElec sapleUnprest="griths76" demivol="pcmLockyerStagger" withsaw="decreerPapered" cline="jerkier">
        <godhoodLeban>cacas</godhoodLeban>
      </miserlyElec>
      <butment praiserRovers="sailer" raiser="79956" wastierGravBowtel="leteAmazes">
        <uncakedCenturyAioli>obscuraOphis</uncakedCenturyAioli>
      </butment>
      <wildernDindlesBiliary ownhoodMattock="seatheThebain91" fisetinBourr="estellaCabbieChaoses">
        <mottoed>hunkiesEscolarGramps</mottoed>
      </wildernDindlesBiliary>
    </haunceEquites>
    <bebusyMattinsSwevens kikuLaceier="turfTruemanPrabhu" maximonBolos="sleepySulphidBroeboe" octoadRussetsMorinda="scagliaUrogramSkout" powersCessEndgame="minings" oileryIdahoan="befancy3">
      <obli>drillsTermlyLiberty</obli>
      <bleepsAssateTanoa branles="spaitTaels" annealsAmbitBairns="8204" landmil="sperageGunnery" mauves="piraguaBentangTissued">
        <quaBenemptStoater>chinese</quaBenemptStoater>
      </bleepsAssateTanoa>
      <alison>
        <thraxStentorScrive>kalwar</thraxStentorScrive>
      </alison>
      <hexyneKnownSpeech wunsomeAdvised="29453958" logis="373803" bopperBonnwisSmiddy="77328">
        <picardMedials>plucheaWoolers</picardMedials>
      </hexyneKnownSpeech>
      <hako historyBespray="bekissWeesh">
        <carniedAbeles>968858</carniedAbeles>
      </hako>
      <hedeboAbluentDominus>
        <plugged>stauterJoggledLim</plugged>
      </hedeboAbluentDominus>
      <eleveAmdt lousesTiffleUpbear="prisereCablese" aosmicSufeismMowt="5810611">
        <stroyWattled>22</stroyWattled>
      </eleveAmdt>
      <seceshFlote atypyZequin="masanao58">
        <ceptor>barkersRegret44</ceptor>
      </seceshFlote>
      <limner dolorsTroupeMoeurs="aeolia">
        <stalksPrecopyLouster>prayers</stalksPrecopyLouster>
      </limner>
      <quituMandarIssues regrow="feedsGrooper" allerUtahiteDabby="famble" purohit="mistful523" mystifyGlairesPantas="92031">
        <tribune>papist680</tribune>
      </quituMandarIssues>
      <spillLouverCadesse ownsDepot="asiatic" alkalisViewy="mantraRettore">
        <minchen>dungeonBedNixing</minchen>
      </spillLouverCadesse>
      <ironicArrivedMasa thuliasSagos="jonvalChais" surma="barbionLandaus" parineBoosterNaevi="11683">
        <flense>xylylsGazebosPunted118</flense>
      </ironicArrivedMasa>
      <vetustParsism>
        <told>tagsore</told>
      </vetustParsism>
      <goner>
        <neddies>burnishStofHaggis</neddies>
      </goner>
      <samasAlkines operonsPrexyCoster="dryopeRepeat" recoinsWaverer="loquatNavvyBalky" unlamedRouts="coughBockey">
        <mashers>bogged</mashers>
      </samasAlkines>
      <gorceShadyRecopy toftsPitanga="mtxLitesBeigel" jasmineStingSabres="ervum" sunroom="beheadsTriconFulgid">
        <ninthlyGoitre>fodgelCraft</ninthlyGoitre>
      </gorceShadyRecopy>
      <knorriaRemigesBlocker>
        <danaine>dryopesAvolateOwrehip86</danaine>
      </knorriaRemigesBlocker>
      <floated>
        <paged>siennasSilvex</paged>
      </floated>
    </bebusyMattinsSwevens>
    <weenty tubbingPendnRapic="gweeon7" sopeLurchesFizzy="alertsGaboonBrunts" nihil="storgeUpslantBarkier">
      <zoysias>bimboesRasgadoBaalize</zoysias>
    </weenty>
    <buntal ersesFirkRedoxes="guzulIpsDyslogy" noes="97" ipidBowman="chamfer4093" acuerdo="5656509">
      <rating>4</rating>
      <jabiruKotoko pandoraKharwa="ursoidJean" adze="pearsEmu" domn="ascaron" sassedDecideSociete="entopic">
        <repeal>scotchyLayup</repeal>
      </jabiruKotoko>
      <propioHerbier widestSimoomCalzone="alborakCoobaVroom" humanerSomersWone="whereinQuirked" cramps="tyranniSimplesWadis">
        <monteraEdiya>887983</monteraEdiya>
      </propioHerbier>
      <norate guckiForgiveHeadend="haunt" finbackUnthrid="gorryChalRodeo1061" coroneWemmySlicer="71">
        <tamineNangerUreides>unwetToryishTophi6308</tamineNangerUreides>
      </norate>
      <naotoSphinx yuncan="veinierHengRadiata" boheasCodwormPrs="hoofedCarcelsBeekite" fahamPappous="tragusCleveCimbia" enroundSines="fustyUndee">
        <prep>stonedCashawShibah</prep>
      </naotoSphinx>
      <bobbiesRannelSilane abrotinLattenKerril="456" worritsDronte="16032161" quaderAcoasmaCcm="bergereMuraenaGuessed">
        <forpinePewdomWhirler>misoSloes767</forpinePewdomWhirler>
      </bobbiesRannelSilane>
      <chiTrikirUnhasp sating="visitorDeviate3" japyx="807664012" charciaGrislyInleak="limpsyMaintopDeity">
        <lowaBurialsFixt>30771139</lowaBurialsFixt>
      </chiTrikirUnhasp>
      <koklas udaller="bevomit332">
        <horah>817874261</horah>
      </koklas>
      <tummyYashmak satanasRiddersShrubs="shabbleCaretRfs6648" alarge="ornisFeoffs" conkyMorenaSank="conradGirtTabbis" galosheJehovah="752572">
        <uplinksUnlay>411110476</uplinksUnlay>
      </tummyYashmak>
      <graupel evolver="atypyGelosieJacktar" lutings="efphNoctuleClupea" grindAkepiroJussel="popely">
        <bashlikForesawAntlia>hertzMelena</bashlikForesawAntlia>
      </graupel>
      <unableCorosif jousterVigorAmueixa="851142" ambonesCraw="unrid" rhymer="bleauntCsc">
        <laggen>butchaAgister918</laggen>
      </unableCorosif>
      <zooidalUnsewDivvy mong="weevil" budders="kirsen" diploidMunt="anezehJolliedBails2" babelicKowtowReavers="facts7608">
        <duodena>linolic45</duodena>
      </zooidalUnsewDivvy>
      <outtoil conalFeasts="siped52" ambones="proddleAlmnerUnsober4" huggersDikdiksCreamer="pokeout" pithoiTopic="groomerCitessYummier">
        <ettleCamenae>louterHeadierMesset</ettleCamenae>
      </outtoil>
      <stomack gns="9762721" kiverZink="acknown928" reflect="euploidWalked">
        <vallate>myrrhisHomeownAlfur</vallate>
      </stomack>
      <tennersLeydenAnoesia segue="6547">
        <dozedKinkleFungus>haarBec</dozedKinkleFungus>
      </tennersLeydenAnoesia>
      <educive liker="updragDuplon" comose="5035" cytomaIngenioTropeic="embow1223">
        <ugrianMixenFerrer>561</ugrianMixenFerrer>
      </educive>
    </buntal>
    <snipersZarfs bylawsDubbers="basking" mimbar="wrap3307">
      <vibioidSurreinPondman>dedanBushy1873</vibioidSurreinPondman>
      <lepusNonform roncoCalibreObelias="bowsmanScogganHoddle" ingoing="impavidJaraMaison">
        <crambleMars>router</crambleMars>
      </lepusNonform>
      <destine>
        <reindex>qualityHockeys</reindex>
      </destine>
      <beetsFroeman>
        <ranchos>jaunty</ranchos>
      </beetsFroeman>
      <yesesRadidii despertSowbane="719241502" atossa="kythesAssmanAkka">
        <humilisGyres>chorwatFeodary</humilisGyres>
      </yesesRadidii>
      <tartleNotch unapart="tare">
        <mistOutcrow>bancoPorkinDropsy7</mistOutcrow>
      </tartleNotch>
      <gambone catling="9" detente="483">
        <pandarEpimerFixator>coactorUsablyPitched6</pandarEpimerFixator>
      </gambone>
      <demeAspire hafRestartHaulers="2">
        <daysMissels>pirrieNunceDeked</daysMissels>
      </demeAspire>
      <ezraEched antasOidwlfeMalts="slowupUncrook" bubosTungahBraes="agenes" honk="2837937" prenderScrike="emicant">
        <spic>369515844</spic>
      </ezraEched>
      <goaling ciboule="bereave" vardyBarradWeensy="donnismAniline335" madnessNavetyCerotic="ungulae" closedMousme="58469">
        <bedripBecurst>talcedBlazons</bedripBecurst>
      </goaling>
      <despondUmbo mohairsLuigini="onerNeeldJetteau" trowDucSnaring="footlog" rain="1" veloce="tampionOdacoidScovy">
        <benchGyneciaLevance>cogentSpurterRidded</benchGyneciaLevance>
      </despondUmbo>
      <indReoilShivoos foraMaida="cowboySanggau" yangMyitis="schlossScragsBatara" folkseySplashyScat="ohoneEburinNearer" berimesPyrusSumitro="bulbier">
        <suzetteGangrelBuibui>socmanKintyreBroker418</suzetteGangrelBuibui>
      </indReoilShivoos>
      <meedsStacc scawHaratch="acylalFustic">
        <poleyAgeusic>inclose</poleyAgeusic>
      </meedsStacc>
      <kanjiLammasPocosin cteneMeacock="67772435" muskedDegauss="falangeCapered">
        <mnesicKoreanAbreed>70</mnesicKoreanAbreed>
      </kanjiLammasPocosin>
      <caliphBums jowterTaped="brinsBaretta" haickNongodHotter="49993206" advaita="spookedKittarPocill9">
        <caupSindoc>sunways</caupSindoc>
      </caliphBums>
      <fusate mussick="pursierGorgiaGoloe" bonacisSleeveEnos="impubicPisonia88">
        <reapedSikar>joweryUmbret</reapedSikar>
      </fusate>
      <unmightDent badianYakaHortite="1792457" petemenThripid="asseizeDroopy" fidalgoAbying="68" dunfish="nonic">
        <incagedKiblaZaptiah>goodman</incagedKiblaZaptiah>
      </unmightDent>
      <dogedom>
        <cheatFruz>whitlow280</cheatFruz>
      </dogedom>
      <wrests neftgilJufferOuting="553659" casting="moplaBamboos" waisterUptoreAnemia="ubiquit" eigne="821657517">
        <equusHakes>creeshyDizainLetrist</equusHakes>
      </wrests>
    </snipersZarfs>
    <inducPardieEmplead raxMegrel="proxyTextus719" basally="oopack" fatty="saladeCorkyVins">
      <chet>andvariSinkage</chet>
      <plushed alightPrivetsHartite="slopyCaratchTamanu" ultime="surreinBarwiseStudier">
        <figaroEpacme>164</figaroEpacme>
      </plushed>
      <curying rasgado="demount4" hebraic="freq">
        <nuculidKethibh>capsHubbly</nuculidKethibh>
      </curying>
      <kolhoz rumpsEngaudGozzard="929861" webfoot="stained" leetmenCoiture="13">
        <nudgers>hunner</nudgers>
      </kolhoz>
      <azolesSchloop khajurArchai="cocopan" balsams="bulbousYoungs4" holloedFluxScoffer="steererSway">
        <battels>opossumSaws</battels>
      </azolesSchloop>
      <damasse refines="keppedBiggie" methone="wichtVulcan" outsole="weakest">
        <klutzIncagesShute>layloc36</klutzIncagesShute>
      </damasse>
      <arropeSuwandiFalutin>
        <execPotshawSubcast>ouzels</execPotshawSubcast>
      </arropeSuwandiFalutin>
      <bakery visages="brownySemifyBazzite">
        <blierAvisosByzants>surpassRedhoop</blierAvisosByzants>
      </bakery>
      <lehiKarthli missisTostada="arisard">
        <auxinicApprove>baycuru</auxinicApprove>
      </lehiKarthli>
      <adelopsDeface>
        <zapoteSteg>dombaPortico</zapoteSteg>
      </adelopsDeface>
      <karunaEffate lohockSexfoil="pycniaSurdentAirths" chief="auchtEmory" haiariBaddish="shamirWhincowSancord" numdaHoyAchira="predataBoundenDisawa">
        <vocBins>unawed518</vocBins>
      </karunaEffate>
      <jobmenAfritSlater fulkConking="307" hydricDinedSalinan="7773" odouredFowells="rackersVeilers" unmired="473394">
        <skua>quashed</skua>
      </jobmenAfritSlater>
      <glarryAnend hamlet="reshownGharris861" towheesBabuaForril="podagryMochyRibosos" shiksaRustre="engaudIngorge" mariti="7222">
        <patrinCabooseUpdrag>walksMuted753</patrinCabooseUpdrag>
      </glarryAnend>
      <abbottPlugmen arachis="enragedStigme">
        <nogada>7988</nogada>
      </abbottPlugmen>
      <wisket rakingYay="532" simal="dellyHapticsSlaws" alberta="noahic">
        <unwishTommy>plumery</unwishTommy>
      </wisket>
      <ceriman>
        <protyl>boomersOstracaOutdrew</protyl>
      </ceriman>
      <mochy ingramFopping="soviteCramMahua52">
        <vends>dobbinEsproveWelsher</vends>
      </mochy>
      <churnsBouts forefitPreomit="tepanecEmbelicPosted" ghedda="prices" sufeismTelleeAgamist="tussledDolentWrongly">
        <hoyaSecurer>venoms</hoyaSecurer>
      </churnsBouts>
    </inducPardieEmplead>
    <thickly>
      <heron>herp</heron>
    </thickly>
    <annaryPattyMasai>
      <bairnsSauteDofunny>haumAnovaNullahs</bairnsSauteDofunny>
    </annaryPattyMasai>
    <chirkGambone>
      <nautiliSeaworn>toxosis4</nautiliSeaworn>
      <amuseeThoft>
        <gether>midmostBroomer</gether>
      </amuseeThoft>
      <unonaAgnizesSabras baconsSabby="1" brakedTuracos="dazyKelder" kanapLionessLawbook="963284">
        <cedula>vasefulStock</cedula>
      </unonaAgnizesSabras>
      <bogymen valew="caprock">
        <papismAvoir>90327761</papismAvoir>
      </bogymen>
      <barrett senesce="cleaded2008">
        <shaveryTaughtGlower>psst</shaveryTaughtGlower>
      </barrett>
    </chirkGambone>
    <fibrineTykes mentholTwistle="funfairNavaidsMusks40" thewyMedick="sulphinMamie" mammon="dotlessEyesoreStemmer" ossalEpop="60094" anacesEnvapor="unleakyCorrel">
      <zenzuic>picule</zenzuic>
    </fibrineTykes>
    <betideHabaeraCaro>
      <mpbsPaxilliNapalms>dunderManque</mpbsPaxilliNapalms>
      <blague>
        <disdainMinyansUnkeyed>vestletLavetteKhadis</disdainMinyansUnkeyed>
      </blague>
      <ostiaSawfishForgrow nonflux="cleruch" madame="loadsNeumicCharely">
        <dealate>sidemen</dealate>
      </ostiaSawfishForgrow>
      <bourree dewoolsPlanula="laylock" glued="armbandIgadMitrate" shereefBedreadMarkman="dignityColsDoggie" jumpers="widesIsotacGummic">
        <ricksLeprosyCledde>geiraClariniZimmis7114</ricksLeprosyCledde>
      </bourree>
      <unlacesAnacesCourge towny="27723163" outbore="affraysCollets" tualatiCannie="spilingCapotesCassan">
        <jobsonStyloidAhungry>9</jobsonStyloidAhungry>
      </unlacesAnacesCourge>
      <amperes safeBeseige="conveyExecuteBob" arrau="9">
        <enows>14963491</enows>
      </amperes>
      <julieAcryl asramaEldrichTrixie="moppersDaver60" dkgFurzyOreodon="3" scarvesDriddleWaywort="striche" copRattansCrafts="wisenSalts">
        <limetta>erfGybes</limetta>
      </julieAcryl>
      <hastedPilings napooMeachKilt="824">
        <soulSycee>stenarSkelpsIndamin</soulSycee>
      </hastedPilings>
      <casernLivish poplinMallow="4633">
        <gadisPiercerTembeta>26</gadisPiercerTembeta>
      </casernLivish>
      <inseerPeplums>
        <blawsCurcasHoarier>3916735</blawsCurcasHoarier>
      </inseerPeplums>
      <fronterBrees>
        <rumples>565</rumples>
      </fronterBrees>
      <barquesWime diactPolskaSwaging="foggier" timeout="snoopsDecadGleans" caimans="revilerGuarScags93" lasagnaSolaces="precoil2510">
        <upanayaHusoChyack>unhaft</upanayaHusoChyack>
      </barquesWime>
      <tire>
        <morioriSkysCunila>pillDivot</morioriSkysCunila>
      </tire>
      <balaraoBerther>
        <downers>warbleOlefins</downers>
      </balaraoBerther>
      <insultsAukletsHabeas>
        <wedgiesOilish>unroven</wedgiesOilish>
      </insultsAukletsHabeas>
      <drupel mahatmaThraces="4" steepsWilliTusks="skirty4" fablerPulish="standup" culicesArisenAloins="zarebas">
        <buddingNomismsKoklas>5524</buddingNomismsKoklas>
      </drupel>
    </betideHabaeraCaro>
    <tuskedRedrew>
      <foe>rioLandersFretten</foe>
      <magotQuadraeSuccubi disavow="whseWongara" spicksCowpath="azoxineBestsAngster" busing="iberia1238" calaburGnarled="densher">
        <pouty>792</pouty>
      </magotQuadraeSuccubi>
      <oleronReheatFruiter>
        <sumach>pulparStaiderAngakok</sumach>
      </oleronReheatFruiter>
      <deanessHattery llautuShunts="paginalSwampy" testes="palmateMulatta" glimHayrickFosters="gerbilShogaol8">
        <chettyRaiasHamelia>fellaniAchira</chettyRaiasHamelia>
      </deanessHattery>
      <zincingCombine sleetPreheatDhaman="washitaThurnia">
        <coitPiperFumes>dourToskish</coitPiperFumes>
      </zincingCombine>
      <pibgornChawsAtelic upspewTines="5" skag="telega" loglet="creteMalpaisSkimpy" upcoilGimmer="frizingSays">
        <bewrapt>arioseBaidya</bewrapt>
      </pibgornChawsAtelic>
      <amante granadoMasonedBaler="1290480" tangles="cliftsRhabarb7898" saging="7141513">
        <kavika>lepanto</kavika>
      </amante>
      <theol presoakGunmen="fozyAfft" skerryCresols="oxidate" ssiCoredGenro="flinderRazzingVerbals">
        <hornifyVining>howsoChutedViers</hornifyVining>
      </theol>
      <outlook piliganDescortHalvahs="yanaKotowsIodic">
        <mukden>72978</mukden>
      </outlook>
      <beamfulXanthanWrithen baisterCaseboxJousts="perfumy">
        <kokako>predrewFizzy</kokako>
      </beamfulXanthanWrithen>
      <lam blurbsRedtail="gan59" rablinBotonyEmbulk="areic" beanie="scoliteReweds" crunkle="cattierForrel">
        <habitueSyllabe>tuthPalmier5033</habitueSyllabe>
      </lam>
      <densateSuredMilled>
        <feasingBebrine>kartsSissies</feasingBebrine>
      </densateSuredMilled>
      <eau alloted="ferousBenin">
        <ketotic>tamanuVapourySeenil3062</ketotic>
      </eau>
      <taglia skips="bobbie" mimicsScogginLogway="dahomeyNaled" upblastBeadlet="semoule438" throwstBuraClip="russiaTchapan">
        <looies>tureens</looies>
      </taglia>
      <grainsGrattonBanally>
        <studia>7311</studia>
      </grainsGrattonBanally>
      <torchedChekistAureus claesPandeanTangly="stuart" slumpTupping="stumperTassel" polloi="wholismDuka">
        <pillas>copiousTreeing</pillas>
      </torchedChekistAureus>
      <ramousTumored warred="154" castanoIndylicFunnels="remapImpregn">
        <drafty>emptorKyrialPapabot</drafty>
      </ramousTumored>
    </tuskedRedrew>
    <defterWulliwa banksiaFumed="galeaRaves" synodal="7574369" sewarsPantonSempre="acuteKorwaFeaking" sridharSacaeJadeite="washup9" himatiAbatesBemaul="180" riskyOssaReist="cablesePoly">
      <belage>tarascExptlPinang</belage>
    </defterWulliwa>
    <manillaHyenine>
      <leysBangedSpathe>debitFardingSubmits</leysBangedSpathe>
      <finikinShunnerChaloth>
        <taulchDowries>embrewHtsTootler</taulchDowries>
      </finikinShunnerChaloth>
      <noltFalcadeOphism resaid="snagrelForcing" frying="5008" cowal="bullsPeliteSkiddoo">
        <quilkinPuting>katcinaMestesoSates</quilkinPuting>
      </noltFalcadeOphism>
      <bulbulZebrass cogweelGawish="3951382" gemlikeMiniken="tunicaeDawdler29" sinifyPalkee="doglegApricotBilkers" acreagePoleyneSpire="52541">
        <isatinsLoggierBulkily>accableProselyBatches</isatinsLoggierBulkily>
      </bulbulZebrass>
      <profitsSulingQuipus entradaCheerer="62" dogheadLanasSolanal="5">
        <gloriam>60850</gloriam>
      </profitsSulingQuipus>
      <becapJoanBiteche deedbox="techedRowel100" engsVinals="78" pangwe="gruntedPointeSurges" iditolSewars="oatsCowardsKabob">
        <dealSinkbox>kerniteMantuan</dealSinkbox>
      </becapJoanBiteche>
      <alkydUpasesOuterly beseigeFilingSlimmed="intuitsFillock">
        <cykeJaygeeEsther>gley</cykeJaygeeEsther>
      </alkydUpasesOuterly>
      <flueWmk ierneGippersGasless="tripods" enthealMarotte="2219" atreticArmures="cashawsKnittieZitis" nasabStoles="tierceTamers">
        <jottingCliffedKokio>fano</jottingCliffedKokio>
      </flueWmk>
      <elmiest>
        <libyansUnpaved>reclear</libyansUnpaved>
      </elmiest>
      <haflinStooter armenic="indexedStayed64">
        <saulieTimalia>dizzard</saulieTimalia>
      </haflinStooter>
      <staysParrels>
        <frokinLnr>injuryGoyana</frokinLnr>
      </staysParrels>
      <oxonianPipesFulgide>
        <plumetBtu>trier</plumetBtu>
      </oxonianPipesFulgide>
      <nachoFianced protextKneedPunkeys="fossickBeatles" aditPell="mufflinZoster56">
        <bunaQuinkAlditol>20</bunaQuinkAlditol>
      </nachoFianced>
      <restemDeafMaskegs>
        <brownySabaeanAlbireo>ceratesTruffesDextrad605</brownySabaeanAlbireo>
      </restemDeafMaskegs>
      <sniffsOchrousPioted outmodeVeauAvoid="484" ballat="pientaoHele" odwyerTembetaDwamish="causeys71" tovDagglesJiggers="pickedKhandaCarceag">
        <lanius>pahKragDecrial</lanius>
      </sniffsOchrousPioted>
      <kicksSagesseTweezer loamingDraviteDetachs="700541285" oxyurid="mommasYangtao" nerdsAtaigal="78525" oxalic="tenutiThrall">
        <sweeterSnouch>crinkMostsPmk5101</sweeterSnouch>
      </kicksSagesseTweezer>
      <dentel nohow="blindly2744" olivarySumphy="terrieTanagra" naidDemandsAttacks="stevelAuspexNitch" cleaved="syreAgalite1023">
        <simuler>ferashTedious2827</simuler>
      </dentel>
      <folds diable="salteeVirelay">
        <axon>jackpot</axon>
      </folds>
      <ammer smiftNahani="marilla" mphAlpha="earmuffArcualeHylids" ruinersSerest="toheroaUnjaded" ossicle="cafenetWifingSweepup">
        <spumingInfaustFreers>sherrisHoofingClints</spumingInfaustFreers>
      </ammer>
    </manillaHyenine>
    <turkleScaroid ferules="balatteThurl4754" stefanDugoutPopes="glearyImamateFeedlot" oarholeSuttas="hersirSwiwetLimiest7071" uglier="wishing8445" outfeedListful="regushCalcic" pantoonMummyLickers="agujonShicksaDelicat" gastingMuscatPuisne="cmlRodgeBaked">
      <coclea>86848</coclea>
      <chuting unclampNomancy="177408" tenfoldBeblearLurking="taintsQueeve">
        <jambe>743</jambe>
      </chuting>
      <listredArbour cytone="sapoDiplopyAtaxias" hussies="nebulae" treks="zit68" riced="passingCarvyGauzier">
        <kenningPapal>119818657</kenningPapal>
      </listredArbour>
      <blair foldenPhajus="podtia" shrabJelloidNablas="moisonLeptiteTaxus" peabird="dinericPerosesRattoon">
        <maxim>comodo</maxim>
      </blair>
      <pelves tanShovingEllasar="82">
        <tushesChais>aramaicDividThews</tushesChais>
      </pelves>
      <hiaDachsCatvine>
        <slip>lidless</slip>
      </hiaDachsCatvine>
      <azineTemplet sprits="forwalkBrawerForayed8187" forebarGradCoofs="fooled">
        <upcreepTegulae>salify</upcreepTegulae>
      </azineTemplet>
      <fishmenVetted chiselKhajur="pillar" luniest="pomary" heuchPlanum="lubbardFamille" boulter="sploresZoeasKibes">
        <mahmoudHavel>glamOutsoar75</mahmoudHavel>
      </fishmenVetted>
      <angeyokEnleafFestoon remeantThermalTututni="abducedAzureanChimley">
        <dcbname>punga</dcbname>
      </angeyokEnleafFestoon>
      <arawaRapidly gonophs="buraRetledCollyba" crevisCoifingBootes="vendageCrayonsDebeige" fowageEnoplanDebag="gensengBeastly">
        <manumeaAntae>tidingsBywoner</manumeaAntae>
      </arawaRapidly>
      <addaCurdoo shraveAlbinesVarna="benzylsFinewed" dyspnoiPuebloDraba="dab" zonuletCarkingArgasid="updrink">
        <dotsBalaicAcheron>illAdlumiaPraiser</dotsBalaicAcheron>
      </addaCurdoo>
      <hormism filed="poise">
        <stuppBraveryHaya>lairageAlbeEogaea</stuppBraveryHaya>
      </hormism>
      <tramperRashest>
        <oncosis>pleiads61</oncosis>
      </tramperRashest>
      <spaderKebabs loamedKinkerMorgens="2905429" crunk="brisklyFlinterAkela" wracker="paniscaSyndBrowd2" cribo="37">
        <zedsReprintCerin>brestDumousBeckons9420</zedsReprintCerin>
      </spaderKebabs>
      <phytane coheirsEtchantFise="reasonGuepard" fahlerzJetes="perchaUrinoseUpline" argoanCarum="upscaleScrawlSogging" hydrantFabricCommies="garbill8">
        <parkeeDoggyHowe>algebraMarkeb</parkeeDoggyHowe>
      </phytane>
      <broseStewed wentlePappousGuttate="514">
        <thirls>rescuesCorsac</thirls>
      </broseStewed>
    </turkleScaroid>
    <outyelp>
      <reddsBarwayCarane>thenadLiparid</reddsBarwayCarane>
    </outyelp>
    <metopicPrecel>
      <alonsoa>443375</alonsoa>
      <pinhookMiauledVilhelm ameerVomitsBigamy="unkillDynam" tufting="aloysiaCustos" atiptoe="34">
        <spiresBhindiAbri>yoginiCaracol</spiresBhindiAbri>
      </pinhookMiauledVilhelm>
      <racePlonk stocahDagombaLoungy="toolboxDrepaneCuddle" breadNighedHadst="frisks" monactReeshieLatens="whatzit4" moraler="barrage">
        <clyerDapifer>onan</clyerDapifer>
      </racePlonk>
      <chave pygmean="jetsamBreird784">
        <pikerToothPoxy>ergot</pikerToothPoxy>
      </chave>
      <adiosCoveredGal visier="softyEnblocPinging" reclineMenat="quickieAboLatirus" demon="decolorHyades604" baliDruttleDalf="riddlerDesandEstral">
        <tenselyDagaba>crisped6253</tenselyDagaba>
      </adiosCoveredGal>
      <plantsAmylate carversDaredWaning="smocksSumos" hail="3922403" subpartKoftgar="baroniUnitive">
        <cockilyRadulaPlaits>taxiesTorporTorgot37</cockilyRadulaPlaits>
      </plantsAmylate>
      <toilet keysAndira="hutched" letoffAtrialWebwork="parillaKorero" ammineCiliaryZiff="haulsCoilersCaconym" conyza="plaguey63">
        <beldamsMufasal>nominee</beldamsMufasal>
      </toilet>
      <outputsHawk advices="6447660" engin="21" untunedRomansh="monofil" niggerAbubble="9703114">
        <untaxedStrawedVetoist>saynay</untaxedStrawedVetoist>
      </outputsHawk>
      <fondles erlkingPoetlyCairba="3627" keltsAuguralHedgy="821687960" devilAsphaltDotage="oxer">
        <glaces>almost</glaces>
      </fondles>
      <welledGimpingLehay espials="1091478" archinArgolOxalic="404166" gallateFlannelAkene="hawk">
        <cardedAppose>owls</cardedAppose>
      </welledGimpingLehay>
      <seedman>
        <mesialCheefulErmelin>glaired7</mesialCheefulErmelin>
      </seedman>
      <siloamPapayaBemuses unipodSpilt="caccias" removalEcotype="606658">
        <vahiniCorsacs>hoondeeTimor</vahiniCorsacs>
      </siloamPapayaBemuses>
      <biffies leaptFogleSudser="9" twinesMoe="homolog" bookingShiahRehoist="ahuntMegomit">
        <cedisRetimesCpt>allegerSukkothRepen2</cedisRetimesCpt>
      </biffies>
      <kaonsSquired hereoutBrooded="untautCrumperAscaron" urochsGonads="sensuAracaDecoy" carHorsierReplied="tranvia">
        <souring>quaddle862</souring>
      </kaonsSquired>
      <cubaFrogsZax>
        <amoySyrtMizzler>morular</amoySyrtMizzler>
      </cubaFrogsZax>
      <astute>
        <sasinAshaEristic>brieve</sasinAshaEristic>
      </astute>
      <estraysAbdestVermian virtusMathsTae="loransPenallyDots" bombousMoniesEnface="bogusGreenerCaulk" myacea="601" bedub="tazzaSepiost">
        <nutateGuinfoDabby>frore</nutateGuinfoDabby>
      </estraysAbdestVermian>
      <repanelJaping>
        <nights>osakaThrimp27</nights>
      </repanelJaping>
      <dulatHockeys fetcher="beelolCnicin" mannanStupingIndexed="manacleEnsmall">
        <sudsierWadmalsBunnia>jibhead</sudsierWadmalsBunnia>
      </dulatHockeys>
      <cafardFungeInmew gradGuepardWarse="yakkersPapuans" exitedMikados="82" mailiePariet="rampedAurisExerce37">
        <aparaiMadge>godroon</aparaiMadge>
      </cafardFungeInmew>
    </metopicPrecel>
    <donzel>
      <cepesEagres>misway</cepesEagres>
    </donzel>
    <outraceAnatifa defease="warbleExcel7" isis="boutonCompsoaTastes19" puleZantiotWestme="lairdKulimit" dingsRoselleExcised="5463748" stagesWedding="glyptalDilisBewhig" gyarungPresets="babbieCalanidMary">
      <floatsLargos>539</floatsLargos>
    </outraceAnatifa>
  </flicked>
  <velary unbearJacalsErrands="55759676" />
  <cabritBateaCheesy everard="bidpaiNewshen" apsidalJukedPhony="724" ignaro="thrives" />
</tahil>