<?xml version="1.0"?>
<starersAortismPrimy>
  <overdyeLumined>
    <becolorPoemletLadydom>
      <lohockAckmenFounce>782553044</lohockAckmenFounce>
    </becolorPoemletLadydom>
    <tohomeSiecleLitany>
      <kaylesMullasElamite>depleteLost</kaylesMullasElamite>
      <entersPrancedSapsago apicesGrottyPakawan="joggledOxyphil" normanEmma="precoil">
        <asbolin>guilingSkoalWample</asbolin>
      </entersPrancedSapsago>
      <whrAsbolinBalanus lugnasPelmetDessous="aureousUponLuctual" pepos="angliaeAnnistWuff" readeptUptillSulfur="otomian" apology="rededPredate8151">
        <batmenPilary>humettyFractur55</batmenPilary>
      </whrAsbolinBalanus>
      <latvianGlens sagerTougherCod="pygididNiters" outgave="punkierTyromasCaapeba" axoneme="vilestMessireScents" pleroma="scafferBrantle">
        <tirledMatralArrows>75863730</tirledMatralArrows>
      </latvianGlens>
      <tearierDelubra corriveHerdmanAve="5347182">
        <tachesGaddis>257512607</tachesGaddis>
      </tearierDelubra>
      <orchApothec alainMahaSilanga="manBluntlyMoorage36" len="78" colmarNoses="chewierBago" riksmalHausseBancos="hatpinSlewer">
        <soam>earclipBridled</soam>
      </orchApothec>
      <celli>
        <sylvae>orfrays</sylvae>
      </celli>
      <dubbyLimbicShauled>
        <weeversCowper>fustet</weeversCowper>
      </dubbyLimbicShauled>
      <dopaDagging cession="40076" avania="16598" lerpThistleNotal="tanistKnut" hopefulUglify="366">
        <maesOinomelCitee>9</maesOinomelCitee>
      </dopaDagging>
    </tohomeSiecleLitany>
    <pettersRegnantHostler>
      <boyauxBrickenSluicer>pajockFutwaStirk</boyauxBrickenSluicer>
    </pettersRegnantHostler>
    <hussyProtoma garaged="daglock7" coreid="kurubaIncline336" kittarPropos="duckerUntough" dray="tubig" inditesCingulaNoes="468" aciesManyema="barrelsSeedful">
      <odallerUnopenTipster>cocytusDanielDurani</odallerUnopenTipster>
    </hussyProtoma>
  </overdyeLumined>
  <cubageWanhap quadratKyanite="algorAssume" upseize="inmost" memRetells="quirlStounds7943" shik="arxChazzenKroner">
    <browsSarsa restem="buxomlyKerslam">
      <jeuLabredtHairse>exclRebase74</jeuLabredtHairse>
      <mustiesOculliTyres swedes="30" debagDarkHuff="intransSwealFurzy" doffedEnsober="violinEaseledBeltie" pledgee="51727">
        <idyllia>rosinMayflyYeeuch</idyllia>
      </mustiesOculliTyres>
      <frenaTokelauRetinae dessertVeniceBidets="setoseGray" chicaAuthor="tagetesBespill" cosminePanfulsIntrant="amiralLancing" bowgeFires="kiosksDardaolEnsiled15">
        <galaxy>13</galaxy>
      </frenaTokelauRetinae>
      <olds>
        <merelsSapours>lodenDefiner</merelsSapours>
      </olds>
      <bruang nullah="bywalk" codhead="tifterBuccin">
        <readier>79676</readier>
      </bruang>
      <kunkurAridity adjustsHygeiaCoecum="quirkedDhoolyCurin7970" bausondAnaretaCadjan="sootiedCaract47">
        <protaxEntente>klom823</protaxEntente>
      </kunkurAridity>
      <tossups payoff="988955">
        <trockLeeway>54698760</trockLeeway>
      </tossups>
    </browsSarsa>
    <henrysFudgeFittest flavor="rightyMeny" logeumUnaus="estrinMesons" entachMaestri="chackleSwot" ramnesCollum="hadboteBrite" wirersGullahUnchild="agoniedNudelyRoister" jambSouths="nomads323" duendeDroughtOakesia="cressyBehowlSheas">
      <dowdBolagTallboy>dotingCopolarTalkee</dowdBolagTallboy>
      <alecs darersOvertip="quenite1832" oui="nonfactGetaway" fibberyCithren="2859" ideeNazismLonga="friscoMuta">
        <peccaryBirri>limbatOstiateBalate</peccaryBirri>
      </alecs>
      <alanyl hoiden="godsent" surelyBonaci="csnetStorksParten">
        <vairyDidosMaclib>alopekeAdelgesFoller</vairyDidosMaclib>
      </alanyl>
      <baggingMtge>
        <shippon>8340538</shippon>
      </baggingMtge>
      <parlay araujia="wekaFakesBedford" sylvate="bremelyAkebiAhaaina4689" tarrifyBisme="sluesMonieAdipsy" soporsTrowth="caresMayoralRehoist">
        <oboistSpleenyJudaic>cuishesArrent</oboistSpleenyJudaic>
      </parlay>
      <coiny bounced="aionialSolentTowser" waiwaiExigent="inthrowAzlonsPompano8">
        <dobbie>550</dobbie>
      </coiny>
      <ganLeadwayOvillus kilo="72" engorgeSchoCasease="painted" aumbry="equableDizdar" epochsCollun="rewaken">
        <climathMissishGippers>pealUndidCentiar</climathMissishGippers>
      </ganLeadwayOvillus>
      <hondasJiffies paravaDunsterSchist="backhoeImpacts972" kickerWindigoCnidian="venatic" outgoFacie="eauxSeparte32" box="490342">
        <unowingAssegai>52162</unowingAssegai>
      </hondasJiffies>
      <ashantiHayweed riteOughtntAirbag="pinheadBeltene" clavateVirgos="contribBecardScotal823" residueQuetch="kvutzaCheeney" catbirdSnopPilings="578">
        <suburbHaum>defraysPorret</suburbHaum>
      </ashantiHayweed>
    </henrysFudgeFittest>
    <zoogeogCaserio>
      <elogiumSheenyEtrier>typingDukker75</elogiumSheenyEtrier>
    </zoogeogCaserio>
  </cubageWanhap>
  <dikdikMannerTetrane nestledMaudlin="919509" anticarSikarPokily="chilliAhypnia" boomSattvic="luralRingers39" />
  <brigousAthort scrappyIwbells="foolPileous" guesserStealerLametta="teledus" wampum="bromiseTouchedLusts" restuffKef="lambsFumiest">
    <poebird>
      <coraledWilbur>closish56</coraledWilbur>
      <cyclCorrump zooks="79" trumpet="alegerScrogApathia" cricOutroot="kizil">
        <spinodeKetimidRummier>sozzlyAntedCardol</spinodeKetimidRummier>
      </cyclCorrump>
      <leninParoticStash bangashSherman="holkingUnborne9" nestler="unducal15" heddlerChauiIambe="catawba8412" crotons="torsionFrigga">
        <undaubComidDanic>subjFainty</undaubComidDanic>
      </leninParoticStash>
      <alephSofts fordone="lockCoupled">
        <etwees>shoaMudsillBezils</etwees>
      </alephSofts>
      <perseidSantour hexaBengal="tupekRamneek116" ashrafi="63794">
        <placulaSnicketPeart>enowFuzedCruised</placulaSnicketPeart>
      </perseidSantour>
      <trescheKammeuFarci>
        <spurgesNayar>buddedArmload</spurgesNayar>
      </trescheKammeuFarci>
      <ebbetsRuderalSharers>
        <lampf>magueys</lampf>
      </ebbetsRuderalSharers>
      <woke lacemen="bibulusCharpitPrague" firsMandi="rehidMazeSirrees" murreysDextrer="5">
        <mallsRecoals>endablePlangor7</mallsRecoals>
      </woke>
      <tities groopDiiodidRetards="inkrootCranniaMarge" salic="6" murrResatPlayful="masque">
        <tumblerRococoAddable>atkaScrayeJacanas2200</tumblerRococoAddable>
      </tities>
      <relatchArollaLogbook gnat="9929146" hurtingMesa="jondlaFoll60" routs="possess">
        <philtre>61717781</philtre>
      </relatchArollaLogbook>
      <rublesScardsAdoulie>
        <anillaEmitterCoyure>46619906</anillaEmitterCoyure>
      </rublesScardsAdoulie>
      <barsacRapic>
        <crabutRussePuparia>sattvaUrosome</crabutRussePuparia>
      </barsacRapic>
    </poebird>
    <sooreyn>
      <dwight>cremeKearn</dwight>
    </sooreyn>
    <holloosWyn>
      <hoper>doxieHajesBitty434</hoper>
    </holloosWyn>
    <uppererBoblet>
      <pitapat>stokerCupfulBizant</pitapat>
    </uppererBoblet>
    <altairFotiveCattier>
      <pagan>falterInduces3712</pagan>
      <purseAbashed saintedDetinueCissoid="tropist" grips="hokey" nontaxSoever="7651" abelePiggyTeufit="1">
        <chyakSadis>bredesAire</chyakSadis>
      </purseAbashed>
      <lupinHalesiaFence exudes="trustAirdate" twifoil="16" culms="admirerFalserLeptome" cerotinHawkGrecism="squirmy">
        <owd>indusRudousBlowup</owd>
      </lupinHalesiaFence>
      <gams wrastMullahs="jutishToyed">
        <mufferAlkylsAbler>gymnureCzarinaYakkers</mufferAlkylsAbler>
      </gams>
      <longers solids="howdyBrachGaysome" cuzceno="aptsEnhappyJulien8591">
        <baccharPersaeRoute>946136</baccharPersaeRoute>
      </longers>
      <quasars saulsVailedPeddler="anticumBadgersEleatic" smutsUnbrace="koranaFudgeDespert953" dhakGunnung="foisonsGausses490">
        <trytPeshkarHuashi>avens</trytPeshkarHuashi>
      </quasars>
      <aerify muphridReluce="argel" gulfedArtamusUrubu="binniteTalukaOenolin">
        <anestri>cubicsKababsPenlop</anestri>
      </aerify>
      <gonneMealman beans="quaife" trioecsGoracco="7301" yagis="sphyrnaDumbingHuskier1">
        <knackedBaldrib>zonesSickbedCorbleu</knackedBaldrib>
      </gonneMealman>
      <sarans>
        <outbook>187781698</outbook>
      </sarans>
      <roamingDoubtForril olivilGoldsPantle="arni30">
        <troopedAndsFro>matteArmlet</troopedAndsFro>
      </roamingDoubtForril>
      <cirsiumLetitia>
        <topside>gonif333</topside>
      </cirsiumLetitia>
      <untaped barecaMeasly="707228" temenosDrapedKelson="tucunaKinaseMopeder">
        <kitengeOrachesCestoi>corinnaRebelsUvella</kitengeOrachesCestoi>
      </untaped>
      <malarKnabbleWading jibeMahmudiYex="beetlesYuftZesting2" decoyCouldst="muggursTeemedStyrone">
        <playte>rankishRimples950</playte>
      </malarKnabbleWading>
      <vavUncoftKuhnia>
        <cassieBerthed>eldredShippenLlautu</cassieBerthed>
      </vavUncoftKuhnia>
    </altairFotiveCattier>
    <pierageStaplfDowress gobletTildesPiceous="archer">
      <hechOoftishKoolah>forlaneBlockerShamble</hechOoftishKoolah>
    </pierageStaplfDowress>
    <veinousPackmanLends>
      <shoofaRecanesLobbied>unhastyNoebcd</shoofaRecanesLobbied>
    </veinousPackmanLends>
    <steepen kinklyHearsayChromas="46282539" nosegayLemuel="trucingToadletWorldy4" neopineThujinBegary="paigleFlags" hansZeugiteTrionfi="leyden">
      <crochePeeves>821</crochePeeves>
      <vughBesour scufflyMauvine="smugism" sotikLoosest="kifsRays">
        <illbredNoddingProd>rassleRadiumsOvereat</illbredNoddingProd>
      </vughBesour>
    </steepen>
    <prehapsZimmy>
      <pendomInkpot>gadman</pendomInkpot>
    </prehapsZimmy>
  </brigousAthort>
  <screamyWigged ovaria="panusQuoteBandon" groggy="bonism" langite="qual1" />
  <jutesTakosis vinny="exturbMerceCurches">
    <bolarBarouni clodlet="49" pouncet="lemnadForestAbloom36">
      <lucres>retablo68</lucres>
      <egadAescMegohm limemanSniffly="maddishPotanceFeminie">
        <perkier>medusanAlliageMizzles</perkier>
      </egadAescMegohm>
      <pitangaDoum>
        <anearsMyoxineUntoxic>gaumsGirlismRasant</anearsMyoxineUntoxic>
      </pitangaDoum>
      <bestrutBlaoner jiggingPoditesSeaward="sucrase288">
        <frecketVisaing>7</frecketVisaing>
      </bestrutBlaoner>
      <flavourDevilet shimperLentiskCookout="billete" toasts="heerSestiaReprove">
        <topazHyne>puleynHearer</topazHyne>
      </flavourDevilet>
      <resistsHogmace butteryTrag="civilerBlungedNaiad" axumite="wenePoonsBleary" oatlike="ensueEroticaQuakily" aphisDavidicWillets="haremsAlastor">
        <adinElleBoxhead>bongoCaird</adinElleBoxhead>
      </resistsHogmace>
      <awnlessNill>
        <malaxisShaulaSnoek>441008</malaxisShaulaSnoek>
      </awnlessNill>
      <outaddsHasntSutoria curiate="yewNitsLordkin4766" andreTelynBroeboe="supTympans" kindsClack="midrash1" agaroseDurityWoodlot="pewyDeflect">
        <varvelHapliteNeurin>offenseFells209</varvelHapliteNeurin>
      </outaddsHasntSutoria>
      <lahore wrightCabooseBowels="mays">
        <taculli>soapiToriesSirpea</taculli>
      </lahore>
      <riveHenenAbamp armures="bedullNemeanDetests979" soueege="soryHrznSutoria489" traily="alightsUnmazePurples" fiscs="kumniIrido">
        <dryopeAwmousAlantin>hetman</dryopeAwmousAlantin>
      </riveHenenAbamp>
      <werefoxBopeep maunnaLokao="bossdom">
        <gadlingGratedScintle>bricked</gadlingGratedScintle>
      </werefoxBopeep>
      <coxcomb sopping="tirret" diwansPunned="delayerBarchan">
        <ilicic>sulfatoYulesKhevzur</ilicic>
      </coxcomb>
      <tergiteDrubble marchet="avisGrabenSkoal" wildersWays="fakesCurrach92">
        <astrand>38924848</astrand>
      </tergiteDrubble>
      <biters thicket="stoupCilia" latimer="musca">
        <alophasGabbier>pigling</alophasGabbier>
      </biters>
      <thamin pornoSwiftie="3106939" paroliVirtue="honitonBoweledHals374" eidolaCogons="667017">
        <arridge>towanGlucase975</arridge>
      </thamin>
      <boveyXylolsStealy drowns="tackierRemarryUrsuk">
        <codilla>kislevAlkies7476</codilla>
      </boveyXylolsStealy>
      <waly thirl="woopsPartersLicit" durnsDaddle="binnedSeven">
        <bhabar>informMiniardWhirley</bhabar>
      </waly>
      <chalker disrulyCaligaBrunch="soddier" lindensPapism="abjunctBleauntDraught" utmostPurpieYam="6580653" tsardomEnclog="dinomicLoro">
        <anybodyStuddieDisfen>impedit6</anybodyStuddieDisfen>
      </chalker>
      <reignFrumpy motty="paloma" ptomainExpanseSagina="lobbyerCellite" brazerDryops="choupGuimpes">
        <samkara>doonHushaby</samkara>
      </reignFrumpy>
    </bolarBarouni>
    <scampsGrimyTarre solgel="backoffHaviors" appetitOxidateFarness="praam">
      <whereto>basket</whereto>
    </scampsGrimyTarre>
    <scotomy risotto="10" fidgetsGonapod="reredosWalySottie3022" agars="upcover">
      <gaynessBarmkin>dualist</gaynessBarmkin>
      <owlsSidion layeredProrsadAmbrain="85">
        <camisiaEmane>denselyAsteismTittery</camisiaEmane>
      </owlsSidion>
      <gaging>
        <grimily>undenStagierLegato50</grimily>
      </gaging>
      <gumlyMegaric offend="jazzedSkidiTrilli" capelan="126" lazCallateTitulus="shorerPikake" olefinsShrape="prfMadhucaCzechic">
        <tannage>7228</tannage>
      </gumlyMegaric>
      <ravishGypsineSabring>
        <gavialsMusSewered>dimerEvolves4</gavialsMusSewered>
      </ravishGypsineSabring>
      <inblowDebonerGradine waps="savates2395" satrapyStintBecall="84067937" distoma="amalicAmbiens60" lexicogUpshutFlche="betookBeglueSpavin">
        <dependsEntity>prowlerFledgesMaximum</dependsEntity>
      </inblowDebonerGradine>
      <biotomyUlidianSnowed>
        <pinealPop>24712224</pinealPop>
      </biotomyUlidianSnowed>
    </scotomy>
    <donaMahatma>
      <winishIambiRhodes>saripOutsee</winishIambiRhodes>
    </donaMahatma>
    <whoppedSickie>
      <nuptialKluck>8797302</nuptialKluck>
      <mazur>
        <cardiasVeneers>probitHoulet</cardiasVeneers>
      </mazur>
      <masonedApprise pom="856" renal="indoor866" shrubMurva="compage" veganScorer="2228">
        <ostemiaMicro>fiorded</ostemiaMicro>
      </masonedApprise>
      <vellumsPastlerSepiola manakin="brideSarkarMaty" bytes="8669" tuttoQuizzes="barneyPorn" fidosLancersPahos="gaddersInmewGirnel">
        <clotbur>kalifs</clotbur>
      </vellumsPastlerSepiola>
      <sarawan bellumExptl="735182" naif="2">
        <giantryManavel>18089</giantryManavel>
      </sarawan>
      <alshainSumpleDualin>
        <decanes>hotbedTannestSteepy</decanes>
      </alshainSumpleDualin>
      <beaCreeshy straintKilleen="musterVilZygoid" flavineMounBrab="mysoid">
        <murrahRcdOnline>esqSaferNahum7945</murrahRcdOnline>
      </beaCreeshy>
      <lipidsPolyp spninxYogee="centrexScolex" brindleConvellMicah="1575">
        <unquickUnpapalLeafen>roam</unquickUnpapalLeafen>
      </lipidsPolyp>
      <bespedHollers seines="dirigeScarify">
        <whitest>cluppe8218</whitest>
      </bespedHollers>
      <snobsKook weeds="pinkifyMuzzleUnami97" skreigh="upfill" mulettaRisqu="aleyard">
        <unguis>toffees</unguis>
      </snobsKook>
      <culpon heronBrewedDuffers="calyxes" undomed="2554484">
        <portmanJangle>avatars</portmanJangle>
      </culpon>
      <dannockMurgeon koshaBroose="cassieEnglad" callerTerpin="crier" ruddilyRuffles="elatine">
        <targerTactorTaurite>cards</targerTactorTaurite>
      </dannockMurgeon>
      <mowing netlikeSubfile="20227" jammerAnisylAllicit="dextroBinderMalaxis">
        <misniac>skeegBiblessBeylic</misniac>
      </mowing>
      <chervilMetopicGinnel unrobed="coapt" plumifyLoggat="reluceAboil">
        <theismsRegressRitual>pepino</theismsRegressRitual>
      </chervilMetopicGinnel>
      <trypsinPyrenin recederFrack="6552" treefulBendySapote="oeletPrize1892" tailorsEyrarTangs="pygargGenu">
        <barbreBewigs>5558</barbreBewigs>
      </trypsinPyrenin>
      <bawbleEmulousBasongo>
        <skycapsTepee>skerretChasms55</skycapsTepee>
      </bawbleEmulousBasongo>
    </whoppedSickie>
    <hangdog pillowsSirioneBulkish="ananRowedDisroof" bugleSusRuff="hyphens980" reslotSweets="acktonDebtsAped7931" rimmedDungolNabal="vannus" bealing="diamUnbroadTryst" childly="unstuffAciliusMoneys" diaxone="mugglesCaninusVexedly">
      <adaiWans>9880</adaiWans>
      <teacup becurstObverts="slows" succubiNutmeatInfilm="olent" soothly="dazedlyBelong88" samielWenchBedawee="licht">
        <themes>assorts</themes>
      </teacup>
      <slaveysCywydd>
        <alveusSesiaSalter>rikshaTermorUnneth</alveusSesiaSalter>
      </slaveysCywydd>
      <findersSiperGonotyl bobcatsCajangWrit="saecula" bergallKumariMashpee="138776064" punksLepta="litholBauble" woosh="weightChoux">
        <paguridBucculaCragged>571231509</paguridBucculaCragged>
      </findersSiperGonotyl>
      <bulimicAlbs exsculpCitrulFuran="spandexBibbler">
        <ursulaDevastCorral>37796436</ursulaDevastCorral>
      </bulimicAlbs>
      <lapies>
        <renamedSwerveEmprime>chyazicInfest</renamedSwerveEmprime>
      </lapies>
      <sprushDyadsUnlive prosoma="blainsVergesAltica">
        <arewBilges>inkieTypalToo35</arewBilges>
      </sprushDyadsUnlive>
      <epinaosShops residueHelipad="quothAlbinesEyry" twirl="ricersAnchorAvoset" meadowy="zosmaMavisesApres544">
        <fusilsVintagePlonked>agamousStookieAquo</fusilsVintagePlonked>
      </epinaosShops>
      <dryads cobblyToader="athanorDevice267" entombLabefy="3784">
        <enlists>gargetsUnadded</enlists>
      </dryads>
    </hangdog>
    <mailleFishgigScaur>
      <gyronNoneneServoed>90977056</gyronNoneneServoed>
      <holl byworks="zeistImams">
        <raft>herriesOpine4200</raft>
      </holl>
      <bugiYexAvocets santeeMashonaScaddle="pouffeRamuleHaglin" cetonia="whilterChrySampan" palishBerrierPigpen="saffiorKadiLorenzo" silkinePeeler="550">
        <snaith>992820</snaith>
      </bugiYexAvocets>
      <burblerAlfioneKoan>
        <chemisSortiedClammed>photsGnosesDwining7</chemisSortiedClammed>
      </burblerAlfioneKoan>
      <enghle>
        <upbuildTimet>ripsackFount</upbuildTimet>
      </enghle>
      <earnieAhey safiniFraenum="defoams" tucanaeBinate="tgnMechlin" darbiesSevres="unducal" ambiguBalarao="gruntleGriecep">
        <spatzle>6</spatzle>
      </earnieAhey>
      <adytaCeyx fitzroyDative="nils" corbeilClassy="besetsPutidly">
        <coevalOufCocains>guttateEmbolo5100</coevalOufCocains>
      </adytaCeyx>
      <flyflapErdvarkPlimmed bade="shielGolgiDevilet" hoondiLoukoum="cadeauUglis" forevow="84085863" tunesEmpexaPhytyl="bottlesUndigneMishnah">
        <gurishClint>ethnalAioli</gurishClint>
      </flyflapErdvarkPlimmed>
      <fordoneKyurinBlush bunkoCarettaVined="4" waft="67793137" forkmanSanzenAzilian="vmsizeVenose">
        <reharmPingosDualin>fleshInspectToken</reharmPingosDualin>
      </fordoneKyurinBlush>
      <pilled raspierKelebeNane="pneumeHoward">
        <mildewsSkatolsBestead>fared</mildewsSkatolsBestead>
      </pilled>
      <thomasa sculch="47341" oogoniaPeperekEgging="devanceNutriceSupples970" shrugStof="mirkyKlip" mincerDeriverBarsac="55657">
        <nawabLotahsDegerms>alfonso</nawabLotahsDegerms>
      </thomasa>
      <lymBoonsSnocher renigs="cobbWarmupPlitch1252" envinedLispersEthid="3873" camocaRewire="shuswapHermitsUnhayed7">
        <teasedPreview>1400811</teasedPreview>
      </lymBoonsSnocher>
      <ghebeta belonid="minny" phoPenshipKalmia="combleMelamed" lithestRecusedTattied="2586257">
        <geotaxyHuffer>pinnelLimbs</geotaxyHuffer>
      </ghebeta>
      <tonner arrondi="pteleaClough" logresGowans="pumicerSyrup">
        <sawan>wifesRelig</sawan>
      </tonner>
      <oxalatoOldiesScotch unfeelMargot="681" kabel="apilaryPunker" unramUlidianCunette="naaman7">
        <hovererDehors>bursch</hovererDehors>
      </oxalatoOldiesScotch>
      <duennaMurralBunjara racche="snakierOstracaKogasin" recule="arvo">
        <placent>2</placent>
      </duennaMurralBunjara>
      <contekeGreablyLotan>
        <neuronsStengah>crabutCorking</neuronsStengah>
      </contekeGreablyLotan>
      <turkis disced="footed">
        <mafeyCaterer>1</mafeyCaterer>
      </turkis>
    </mailleFishgigScaur>
    <gypUnrobes>
      <toitishCanales>cossieAlphosUncoly</toitishCanales>
    </gypUnrobes>
    <gullahDiamineSwisses hags="haemic" gerentTwofers="541929" tempreCrumperGnathal="reptServantGawp" unnaptLilyOunds="98995937" scrimpyYapping="trogRediae">
      <allisJubilarByword>ismatic</allisJubilarByword>
      <agoingLawsuitBeauish>
        <uhlanUnlaces>rasour</uhlanUnlaces>
      </agoingLawsuitBeauish>
      <addieAllure forlaneBlomanNerka="sogaAvoiderFezes" conflabPewit="fictive" hearseBlinded="bergamoKelper" midmain="mobileArabism">
        <cooee>goniac</cooee>
      </addieAllure>
      <zoogonySeastarPottur bandleAbrasedFae="axifera" afghan="36">
        <bedbugs>8920</bedbugs>
      </zoogonySeastarPottur>
      <califsStarryBonjour>
        <feerBesplitBice>145475</feerBesplitBice>
      </califsStarryBonjour>
      <colies rechalHajjisRepic="volutes" rhagoseJibedComrado="gesling" miauledInfixalLoke="heatedDoormen9932" garblerTagus="bhang2">
        <lapeler>44</lapeler>
      </colies>
      <griped>
        <wantedCzardas>kotower</wantedCzardas>
      </griped>
      <possumGoatsGiunta>
        <rebrush>pooty</rebrush>
      </possumGoatsGiunta>
      <molten fewestPastaCasalty="balloteBalli" dustin="101979" pifflerSprotyCrts="131929" lucanWadmealCursor="neifRemital">
        <coaxyWarmupCongery>corgiBum</coaxyWarmupCongery>
      </molten>
      <sonnetsCoalite>
        <rotonde>kielAmblingGowns</rotonde>
      </sonnetsCoalite>
      <raimentAcylalOrthron navvy="gooneysSkurryTabards12" briskyScry="184382044" knutUbertyCornein="gimpQuassesSpheres">
        <nailset>xosaPultonWelters</nailset>
      </raimentAcylalOrthron>
      <unsaintPepsins moharBrakierRomney="6880">
        <elucidRah>ceragoDortsTurfier55</elucidRah>
      </unsaintPepsins>
      <fecitCroodPorett fitters="558" slingeMorbifyQuavery="1" mafia="2">
        <gemel>monimiaMackOffset</gemel>
      </fecitCroodPorett>
      <cannatChaya torteau="tankasVillote3" blanderShifts="alogian5" ceneCiv="wally7983">
        <smart>sassesNimbed9</smart>
      </cannatChaya>
    </gullahDiamineSwisses>
    <salvoYeomen>
      <eesomeXerogelOchroid>mirific</eesomeXerogelOchroid>
    </salvoYeomen>
    <snittleCults>
      <enlodgeIwaObesely>thrivedCuissen</enlodgeIwaObesely>
    </snittleCults>
    <snaringHammaid>
      <tutsanBulla>inkishSessed94</tutsanBulla>
      <cesspit>
        <kiltingReesle>thiggerDebted6299</kiltingReesle>
      </cesspit>
      <legginUnaimed ogtiern="epiglotReciteExults" wiggerDickies="701064" stertorRazzEthynyl="woodierLaceSmriti">
        <deedAegis>landingLongeeGenoa</deedAegis>
      </legginUnaimed>
      <grangesLangrelFoxie taxis="771179" inciterNaish="mayanceBloop" unshinyYetlingBooming="33">
        <mlangeStencilPyjama>notches</mlangeStencilPyjama>
      </grangesLangrelFoxie>
      <unpegsAngakut garish="dequeenAwashHurdies" crocardAnotus="4" mirkCreasotCrevet="argean">
        <kidcoteCranny>89833363</kidcoteCranny>
      </unpegsAngakut>
      <mahuang poorTeslas="decode" ecorcheOphisVacouf="adradDoormat" toozooBrumbyTykes="anchoicEngraffHeidi" nanniesCavilsBaffs="macagueRotchesAddio">
        <peplusTunist>gaboonGalenasYills</peplusTunist>
      </mahuang>
      <wamesConflowCuttage parrallCicerosWavicle="2258">
        <amididMyasisFondant>48177614</amididMyasisFondant>
      </wamesConflowCuttage>
      <labrysAbjures humulus="cacicus" sunwardSalsolaKilties="hyraxDeckleBuckeen" tiepinJemble="fourreIsotelyBagdad">
        <foveaeBemoat>2324</foveaeBemoat>
      </labrysAbjures>
      <eulima>
        <psychAlauda>haunterDittyIcaria1674</psychAlauda>
      </eulima>
      <keld>
        <maiusPunlessCarful>taxman</maiusPunlessCarful>
      </keld>
      <retled feedbinAlezanPiteira="sina" mogoMichael="4" calappaFrogman="58679">
        <omlah>zoogamy</omlah>
      </retled>
      <spurrey fullery="strews" sewarUsingDiodia="reexpel322" sault="haymish" blobbyPsykter="2">
        <garlopaDispandAnanter>9</garlopaDispandAnanter>
      </spurrey>
      <roscoesOwlism>
        <edemata>56</edemata>
      </roscoesOwlism>
    </snaringHammaid>
    <faxedTeiids anolesAlinotaDunted="seanceTroneKayos">
      <scamper>hipsterTouted</scamper>
      <sluicyRaconGuazzo tritSiniticGisel="fetid">
        <baraniRexWeazand>cinter</baraniRexWeazand>
      </sluicyRaconGuazzo>
      <amoving>
        <beholds>sorting</beholds>
      </amoving>
      <rayageBidetsPithead>
        <ittria>170231</ittria>
      </rayageBidetsPithead>
      <deisms putteeJostle="spumes915" heiauPeiktha="2">
        <lyricSish>hoopoesGloby</lyricSish>
      </deisms>
      <safesEvangFruiter bibberyNavajo="ethoxyl" rompuAlnage="anteingMoreish" allan="agisterCerasus" fallway="dirhemCanille68">
        <barish>fubsAlmucesCoxiest</barish>
      </safesEvangFruiter>
    </faxedTeiids>
    <danniePeyotesNandina>
      <brunoKoolah>beenBefogsGael721</brunoKoolah>
    </danniePeyotesNandina>
    <cierzosVomitHowadji>
      <gaulinHouhereAcrab>219</gaulinHouhereAcrab>
    </cierzosVomitHowadji>
    <psw>
      <followsTasajo>29448732</followsTasajo>
      <sexpotsPilpul ionisedBooteesLaetic="diambicArietta">
        <crudelyGutweed>32929517</crudelyGutweed>
      </sexpotsPilpul>
      <cloamerBesom keup="tortula" palgat="bubbaTinilyWatter" whimsyBoller="molder8736">
        <poppeanVisasCaeomas>golferArmseye78</poppeanVisasCaeomas>
      </cloamerBesom>
      <vester trued="32933">
        <fimbleTorcher>retryUncap</fimbleTorcher>
      </vester>
      <sieclesBeswarm ashraf="commaes" gruidaeQuomodoAphids="coupleMentPhantic">
        <glaux>narcismObtuseCop</glaux>
      </sieclesBeswarm>
      <subvola kotoCleaves="guisard9090" jankPansiesStaffs="cuscutaOooo" chaberDelimes="2">
        <incute>weldsRosaryGrees</incute>
      </subvola>
      <chanterTuttiFunic gamelinRockishOnboard="naivelyTherese5950" mutuelsCabioFlorida="walkedScutchs" salvoes="dudeensAnomia">
        <amorist>539</amorist>
      </chanterTuttiFunic>
      <vidkidSeleneGardens>
        <neogene>unhewnCannat</neogene>
      </vidkidSeleneGardens>
      <easilyAscitic croh="couxio" peageDeashedJob="puggerTarsi">
        <debaserPumpmen>stewpotBristleTernion</debaserPumpmen>
      </easilyAscitic>
      <storingMedlars quibbleAnguineChurchy="wenlock" ferri="alerse" mem="arrtezConsomm93" aleger="apoda13">
        <carguedBilboas>benegroImagesTalwood</carguedBilboas>
      </storingMedlars>
    </psw>
    <moulageFungusMimmoud>
      <speaveZuza>diodont</speaveZuza>
      <froustyFabula bolters="lissUnnapt" zoboUnanime="970477806">
        <cho>aisling9430</cho>
      </froustyFabula>
      <zirconsZira phare="ador3">
        <spiedFuzzes>hiblaUnleaveAcouchy</spiedFuzzes>
      </zirconsZira>
      <shayedRoukyBefavor harmon="regurChiral">
        <polyol>pernyiSphalm557</polyol>
      </shayedRoukyBefavor>
      <ratty>
        <loanersKvutzah>unplumbAlgatesPrebade</loanersKvutzah>
      </ratty>
      <quintes calydon="sapsSploitAgogics" nevada="java" isogyre="toadletTapirsPalis">
        <satinsKalif>localsTwittle</satinsKalif>
      </quintes>
      <zakuska subethHustingChass="nogged143" hoisterBefileClifty="cravoPapererIvresse1034" feltsZho="43072" gisSultaneClogwyn="memoireLaibach283">
        <phizAiwain>enskiedPasillo96</phizAiwain>
      </zakuska>
      <zimmiAmole twat="cobbra" tookenCoving="gamelinCleanTapasvi79" dhikrsDirgesReshow="dialinBenim">
        <abstainLungie>941</abstainLungie>
      </zimmiAmole>
      <gruelsAbac betas="homRejolt3502" boerdom="clumNavviesOutdone">
        <firearm>omarSuptionRegd</firearm>
      </gruelsAbac>
      <quidam faraonOpelet="605001700" kikeAlmesHied="bladedTowsHooking1">
        <misima>prelacyTelyn</misima>
      </quidam>
      <sulingReamer>
        <dyphone>justice</dyphone>
      </sulingReamer>
      <caitifOgees>
        <whosisManavel>outshotBelloteJnt</whosisManavel>
      </caitifOgees>
      <caules diodont="tushiesFuriedPaxes96" fluemen="sisal">
        <snootedEffulge>whilieNoah</snootedEffulge>
      </caules>
      <pathwayBatfish swatter="81883518" divvies="tinnersClumpedSavacu" tenantStannylHelical="twinsAbsolve4087" zingerDesight="279">
        <reopensCashbox>bailiffBrottLeto</reopensCashbox>
      </pathwayBatfish>
    </moulageFungusMimmoud>
    <howish humblieMangoBoson="cotorosBaguetsDots" gulp="diuronCerebriEesome" pyroidWheem="docetaeAckerRectify" attalMetred="galbanAuxTapas2079" chugsApteranBricks="boggard" tossut="beepingWale">
      <violetAgalite>boccaImbruesPalamae</violetAgalite>
    </howish>
    <greavesPyuriaTictoc robalo="digitsFactorsPaba" cackSudaniDeve="hognose">
      <thereupNumbatBismer>10</thereupNumbatBismer>
    </greavesPyuriaTictoc>
    <pholcidBonedry hourPlowerCoquets="globesSprush" crumbed="papanePennia">
      <airer>75931</airer>
    </pholcidBonedry>
    <addyKinoneIsoetes wansomeOvenlyUnclean="cursorsTricks">
      <equaledCankery>renege</equaledCankery>
    </addyKinoneIsoetes>
  </jutesTakosis>
  <epoxied decylic="enfarceComdtWarryn" dailyIntortCaffle="waggelShareef">
    <gander>
      <cotingaBlesmolBellite>bilalo</cotingaBlesmolBellite>
      <sigmas>
        <deluceCaseins>jugularCervus</deluceCaseins>
      </sigmas>
      <ostmark triaminLygus="5017">
        <scrankyNebs>hyphaeScutchs</scrankyNebs>
      </ostmark>
      <domed dutchedLampfly="10464" abmhosAgonied="decrewTapwortMushy" leadingDens="scarryBogie" gurgle="dousers">
        <shivas>414536</shivas>
      </domed>
      <glutealQuey sauchs="novaleArylate" usuriesTasserJudica="resumesGermonIve">
        <scraber>galera</scraber>
      </glutealQuey>
      <danieleQuoties apoopDecliveGinny="guemal779">
        <sepsisAnarchsRespin>cameistOutgnaw2560</sepsisAnarchsRespin>
      </danieleQuoties>
      <buxerryCoifsSharira>
        <almaWashtub>tattoos</almaWashtub>
      </buxerryCoifsSharira>
      <mashingThongsLacmoid winsterBeylic="mizzledKantar">
        <tossing>lacunar</tossing>
      </mashingThongsLacmoid>
      <pawningTimarri tidderTinklyAprilis="485" angerBemeCulpas="arachic" iberite="habenarPredamnNexal3698" potworkRisibleAmbages="sannops">
        <teughDowncryQuiteve>cloamerCuminol</teughDowncryQuiteve>
      </pawningTimarri>
      <lazulisUnricht kodkodYieldy="sottingHermit" gookyFelup="866" russellWhiningOgor="wirebarHulsite" apronsVesteePegador="embar">
        <ptg>ataigalFlexile</ptg>
      </lazulisUnricht>
      <estreatDeponed kuarPyrenin="groucho">
        <meteDerivalRacket>blunge</meteDerivalRacket>
      </estreatDeponed>
      <atabegVaporyKaren marcsGoodiesAirier="solandsOvenmanPrefab" arsinic="aliquotAtebaGumby">
        <climantSuccumb>cravatsStipendGrim</climantSuccumb>
      </atabegVaporyKaren>
    </gander>
    <wonkyMockadoVariac rapidoGharris="780" snowingKsi="4454" beantAzilianPernod="teise" fanega="raucous">
      <jnanas>pirogueReamedDipygi</jnanas>
      <ruledomRockierPeacock lotor="utu8755" laria="nickle1480" palpateSextosFamulli="diptyca">
        <bulkishOecusHoke>goffers</bulkishOecusHoke>
      </ruledomRockierPeacock>
      <cowardsSleechyGemsbok>
        <fally>84667609</fally>
      </cowardsSleechyGemsbok>
      <sexlikeSubpassAddr tunniesAfloatAboon="64147" cowls="surmit525" pussySpiral="jaghireUptrain">
        <arain>97201598</arain>
      </sexlikeSubpassAddr>
      <gurshesRaffled guldensMiddler="74836" cochon="oyanaMulierUnlit" goalaAngerly="123" idiomEneidJemmies="sneezedCanning">
        <guamaOrthrosRhoeo>ekedDrame</guamaOrthrosRhoeo>
      </gurshesRaffled>
      <cidRefelsMarbled juncusBonnily="liukiu" cressonNebulaeTaconic="penicilOutrake">
        <rakersMarches>9625</rakersMarches>
      </cidRefelsMarbled>
      <blayne lecturn="bendee" tundrasFlacksVeg="yeast">
        <tonneTommedSoshed>ovinae</tonneTommedSoshed>
      </blayne>
      <gloriesTympani crudestFoulder="unakin" odinianFumidTasker="biblistNabbed7" muclucsBesotExhaled="sicleArneb">
        <mistersEgolSkal>pigheadAshlingBarcone</mistersEgolSkal>
      </gloriesTympani>
      <rajpoot enstoolDuncify="remicleSimaba">
        <extent>hulaHemself</extent>
      </rajpoot>
      <hypatonDotishBrief forheedFujiGrimes="bails5" urubuShushedPapoosh="lobbing">
        <loggetsMarred>fuder</loggetsMarred>
      </hypatonDotishBrief>
      <pitman>
        <bucklesNedderShamer>pursuesVerek</bucklesNedderShamer>
      </pitman>
      <dicyclyOutrace zanjona="ostitisReflingOrpheus" ecandaReekedFeaked="feezed">
        <tabic>singers</tabic>
      </dicyclyOutrace>
      <doaNighsLeaden easers="onkerZaffir189">
        <negoceBeeweedMonose>wilsomeRetialCrystic</negoceBeeweedMonose>
      </doaNighsLeaden>
      <guessJaguars upburst="mbaya" malleal="douanesStempelLingams8" odorantCreesFerulae="45909" turfdomPerilArvejon="blahSpiled">
        <rax>arcsin</rax>
      </guessJaguars>
      <antrin warmusPreideaToyless="tewing6990" ajugaDunger="pacayEsneKick" isolate="heartlyBaskeStreet">
        <plodded>spaedomTalariRances</plodded>
      </antrin>
      <viiiTentier ichebuShingleCeiler="jebelsRajes" lioncedForgersTinamou="syagushThrombiXylans" oriole="soutenuVampireKillers">
        <gibbusDurion>orphismAurificScrums</gibbusDurion>
      </viiiTentier>
      <bakie tackifyTmemataBushet="aerugo" subaSenaahAlea="tanyardMagnet">
        <ephebiSelagoRhymed>chinny9457</ephebiSelagoRhymed>
      </bakie>
      <unrustChemins unwist="5698" haredCtenoid="laudismBuffet">
        <dignifyKome>atule</dignifyKome>
      </unrustChemins>
    </wonkyMockadoVariac>
    <muttonsTsiJoiners pigfulParriesConvex="sautesCalicheCougnar305" radsEnrank="unaware" banago="akhyanaMedickVillar" curstlyPipiest="leprosyNimbose" pursuesExpoundLadino="variate" gulist="nagsterRaisineLastre" beslurGayishUlama="odeonsFlowkUnsteel">
      <woadwaxHonkies>humphedSophene</woadwaxHonkies>
    </muttonsTsiJoiners>
    <diodesAbraxasElsehow swaying="pleuronBooleyAvenge">
      <tatsRearii>axiferaCoontah</tatsRearii>
    </diodesAbraxasElsehow>
    <jellsMaimingAlienor>
      <hangupsLamplit>amusArctic</hangupsLamplit>
      <notchyIngangCaboclo>
        <pentaHing>lithosAcylate</pentaHing>
      </notchyIngangCaboclo>
      <ceaseReboilsSheenly madzoon="bhpBeslow26" besselAltaidItelmes="forel" idylian="metus" quitchNurling="70872475">
        <formatArupa>dif6</formatArupa>
      </ceaseReboilsSheenly>
      <jaimeKhodjaRadar perfidy="shushSoakyWrabbe" coccous="miliary" rebent="rashing">
        <stollen>867152</stollen>
      </jaimeKhodjaRadar>
      <dimps calomelYwis="seise">
        <kritonBklr>haab</kritonBklr>
      </dimps>
      <whereMadrih wateryBrocket="cundRevuePrancy">
        <pacify>refired</pacify>
      </whereMadrih>
      <onychiaAntifatDollied sarkingChamberRheumic="ixias" totherTapirusJig="wiseToxcatl1763">
        <bikeSimagreRennins>barisIzdubarAdorers</bikeSimagreRennins>
      </onychiaAntifatDollied>
      <emydeMillile labPalps="3844" seedletRackingEpodic="striaeEigne" quemelyCaltrop="geatStabberDiets">
        <raidingArmeniaUnfar>1722</raidingArmeniaUnfar>
      </emydeMillile>
      <womerahAmazesEgging>
        <petrelsClangerLoren>skeeterMalellaItza9433</petrelsClangerLoren>
      </womerahAmazesEgging>
      <tonkin breamedGybed="474" dramTulleLuge="mirky873" flutier="codeinaKoine" dresdenJoelAgues="963905478">
        <hounds>oryBeknit</hounds>
      </tonkin>
      <studProllerRefits>
        <methoneCalyxQrs>upgrewOutdate</methoneCalyxQrs>
      </studProllerRefits>
      <stibicPlacage comteBramahLashkar="lulusLadrone" betiseBathylNuggets="fishway" webbierIndogenGoy="ptyxisUnfoggy">
        <gildenHitlerAshwort>awinglyBasked</gildenHitlerAshwort>
      </stibicPlacage>
      <chauleKobongClum glubTuff="idoletSpewEryngos" drosser="obtuseGlidingIchnite" leonidWhutherWeeding="waftureFarmostVeneres">
        <gislerSapinda>monacanConsuls</gislerSapinda>
      </chauleKobongClum>
      <thought omitisSulphas="chamlet">
        <crusieGuttlerChavel>bergmanWaffly8134</crusieGuttlerChavel>
      </thought>
      <kathalRebanAguamas curtseyGanof="axonemeEnow">
        <jogtrot>362</jogtrot>
      </kathalRebanAguamas>
      <steeredGlossedCostars fjordSalmoDhurra="elev" epheticSawn="poloDiazideSemeed">
        <otxiFeedbagRevolt>isadoraTannaimRisked</otxiFeedbagRevolt>
      </steeredGlossedCostars>
      <abthainVictimDebones jugulaDevests="shansaSclatChange" zunyiteButut="cabiric">
        <bardieWhabbyLeproma>flyleafVictorSapinda33</bardieWhabbyLeproma>
      </abthainVictimDebones>
    </jellsMaimingAlienor>
    <anoasEsrogsEtchant>
      <seederCymtia>stumbly</seederCymtia>
      <backingTreatee darius="agathisUndelveBriard" papsCrazeEmerods="933316776" pannier="weapon">
        <hoteOmnist>cervidAuride</hoteOmnist>
      </backingTreatee>
      <morsel>
        <ablates>oroideSikara</ablates>
      </morsel>
      <teheran stashesWilful="75854937" skeilyCannat="bubbles" pullmanGoatish="prickerCombing" canilleSwaraj="6986">
        <thujeneGoddam>cometh</thujeneGoddam>
      </teheran>
      <laceySeweredHelper disputeSistrenWiretap="flunksCoached">
        <apophisGilseCroyl>arrouse</apophisGilseCroyl>
      </laceySeweredHelper>
      <uptrunk jassidsParodoi="hubba" erectOzonidSuriga="bluster">
        <offbeat>brabble</offbeat>
      </uptrunk>
      <leamer lucetBylinerSwishes="voluta" darling="okerRutherAddeem">
        <rawer>hazenLaceman</rawer>
      </leamer>
      <wealds peerieMaile="burgledCohobDerride3441" monoidFits="winnersLimbusBosslet" robinsDamnum="fatigueSstorBechirp">
        <genipAblateTartana>61416</genipAblateTartana>
      </wealds>
      <gliffyRequins striderBolti="disherWhigsPalps9797" dogeBarrackKande="litres" biocideCohos="siaChiripa" guaryIncamp="shrinerEidolic1">
        <loimic>irredKylikes</loimic>
      </gliffyRequins>
      <magnale omenedCastled="sautedSicarii" scleral="anisoylSuttle" solands="laighsOddman">
        <scionsLowboys>mauvine</scionsLowboys>
      </magnale>
      <inshadeShoggly rifts="ustionRepoussShaws">
        <tipletDarkeys>reshAgeist8</tipletDarkeys>
      </inshadeShoggly>
      <sanctusGeranin>
        <bailorsRetaken>tankasHezron</bailorsRetaken>
      </sanctusGeranin>
      <ossianDukaHexads stoopedTombletViddui="1285761" stealsNonetExpunge="adaptorLealty">
        <recsUnwordyWealths>seder</recsUnwordyWealths>
      </ossianDukaHexads>
      <sutten yasmaksDevious="ghee" malapiTwinesMeats="tokopatCrith" wowtToadess="masser">
        <closerPnyxMormons>kolushReboundPenk</closerPnyxMormons>
      </sutten>
    </anoasEsrogsEtchant>
    <redskin>
      <encover>hoboeLevanto</encover>
      <hawed donjons="torsadeKithingUnlit" readilyMarist="phillisConkyBlocked7" swashPerfect="reinter" reslashAzofyCloes="azofyLamedh">
        <befoolCrassis>56</befoolCrassis>
      </hawed>
      <spasmicPaeonRoutes berberiHissedRament="32095704">
        <auntsOutlipAcidoid>corebox</auntsOutlipAcidoid>
      </spasmicPaeonRoutes>
      <apina aimerSacs="horizonSinkbox" berbersFormyl="7249879" palingsMormoKanji="52" ragtagsEpocheWawa="venero">
        <indowedSpilesBrumous>abollae4</indowedSpilesBrumous>
      </apina>
      <larvasTorquerScowled sheafedPonied="crimpsRaccoonOmaha" squealsAtbash="pyjamasStakeZygoma73" yippiePablum="chitakHydrid">
        <redbugNizeyGnow>vaudoisObrize</redbugNizeyGnow>
      </larvasTorquerScowled>
      <petrogPhill foliums="appetSolfgeFerrous">
        <comesBingyAeaean>vucomsSweater</comesBingyAeaean>
      </petrogPhill>
      <isomery pavisRufflesFlatman="bagdi" riffianPlissesLubbers="10227" ooooOvuliteWatter="coodleTacketSwithen" flecken="clangerGainsJilling">
        <gadsPtarmic>sus</gadsPtarmic>
      </isomery>
    </redskin>
    <anniAntiarPunning>
      <bombastMolle>portersPantiesLaw</bombastMolle>
    </anniAntiarPunning>
    <helingAssort rewakenStaph="farrelMisniacSpecky855" magh="tunebo">
      <perdues>byth</perdues>
    </helingAssort>
    <telembiSangria>
      <ripingBhara>ghastImagineSenega</ripingBhara>
    </telembiSangria>
    <deducerUpaisle>
      <planet>620714</planet>
    </deducerUpaisle>
    <ericius>
      <jankEarwigs>cavers</jankEarwigs>
    </ericius>
    <closetsPudgily boygNangaKepping="8" bosserToxemicInface="koppaAntre3554" sordinoPupping="cambismLethy89">
      <borshtsRusa>manufDelictiSocies</borshtsRusa>
      <finical pulayanRegrant="peculia" sestonChoesChairer="710199" luralMall="enfoldsGleety">
        <taulaRamrodsParados>asquare</taulaRamrodsParados>
      </finical>
      <enlard mts="melaminBarfy" motivesMullion="aldusTalonic89" theoriaPortwayRekeyed="50322">
        <slags>scalz</slags>
      </enlard>
      <luna biconeLehua="53467631" outseekRandsGarlic="borasco" chorgi="2">
        <clich>alexius</clich>
      </luna>
      <biofog lipperPiteiraUsuries="pibgorn84" rhumbEyrenWinklet="800">
        <copaSnaring>justify</copaSnaring>
      </biofog>
      <knife buickVacant="gujar" towghtCivoryUmps="editalDictyReleap" samanSieges="coteauxBortzesTraipse" westernNicher="285586813">
        <tatouPallet>tinderUptrainGasts</tatouPallet>
      </knife>
      <psychRestrip toffsClayey="calqued" valhallSish="rancorsChenar">
        <averaGoblinKvutzah>divas663</averaGoblinKvutzah>
      </psychRestrip>
      <havanceUnhair gteRues="37138" porry="60679" pastingMammut="garbles" epigeicBedeman="spathalBromideRyotwar">
        <dromondDuster>oneraryStawn</dromondDuster>
      </havanceUnhair>
      <delictoDhak pairialSuccube="mahaly" streakyMolet="jowterPlank" arcana="4963">
        <fermageJiaoPrewire>video</fermageJiaoPrewire>
      </delictoDhak>
      <lacers yetling="layMullaHapax" homagedStrider="oxheal" palule="caraja" coaxerKozoRived="kimmo">
        <garconPilauedBalonea>friezeLeaguer1718</garconPilauedBalonea>
      </lacers>
      <gawkish ewer="mogsProvedTangue2023" vertepCragged="soapsud8787" noiresAxesCitrins="rumb" poddingSteedsKallah="wince">
        <clayeNisnas>laithe</clayeNisnas>
      </gawkish>
      <simplerOot greteGelatiaGimping="sebillaQuipful2" lutoseVannai="smilerGloves">
        <encamp>tussal</encamp>
      </simplerOot>
      <dongYuckedGualaca widthsElektra="museist">
        <scarfy>sculperFondueBlurb</scarfy>
      </dongYuckedGualaca>
      <striderCavus leasedBiliary="chevaux" puparia="phiesHoarier" henlikeEllickYeasty="kamePosDomes">
        <hout>washers</hout>
      </striderCavus>
      <scraggy nitid="orneryBraccioEmpaler" zippedPendule="livyersTillite" skintleBruiseOutfish="clanked">
        <yogeesBilletsBandhu>44553272</yogeesBilletsBandhu>
      </scraggy>
      <loftmanCandide caulite="aubainReddish34" spirtWehner="senator">
        <miships>19059</miships>
      </loftmanCandide>
      <softlyMolto scoursScreeds="teethe712" haulierSquinMirbane="orceinsPremieHobbing" annas="aloed3704" cooksZoilismDander="dikeriaSara">
        <topau>45905</topau>
      </softlyMolto>
    </closetsPudgily>
    <sida>
      <abelThujas>aholtCururo</abelThujas>
    </sida>
    <outcameBreirdCenacle fortesLoe="mugginsFictilFeazes" khasiGelosie="alanylsParviseTrump">
      <daterRumbas>3</daterRumbas>
    </outcameBreirdCenacle>
    <polygonKamachi>
      <berlinsGhettosSensory>parsRametMyarian</berlinsGhettosSensory>
      <abantesGorgiaHederic your="gunnels">
        <yerb>4206526</yerb>
      </abantesGorgiaHederic>
      <anusimDilatedTurtan idiomsRussianFlype="abasHassarSex" schwasAlansSepioid="foppingHeroRibbier62">
        <dreaderTrustle>vining</dreaderTrustle>
      </anusimDilatedTurtan>
      <marySurfmanTwaddle upgo="enniaDayak" birredLipin="177">
        <hurdisManaThrave>bergBluecup</hurdisManaThrave>
      </marySurfmanTwaddle>
      <tutorlyLaveersCaribi>
        <phajus>1919</phajus>
      </tutorlyLaveersCaribi>
      <capstanTacketsMaltine couthieLupulinRales="outwakeParlaysStyline" smecticDumpageTittles="19" braingeCashes="curatesNettsFaon" cotingaChefdomBosks="revokedTektosGambas">
        <unwholeMxd>naggy</unwholeMxd>
      </capstanTacketsMaltine>
      <mowthDizzier amaistObolaryMudflow="2">
        <ecgonin>helideLlewSpudder9947</ecgonin>
      </mowthDizzier>
      <bowshotImmunolAntica chandamAnta="cameryBandaka">
        <caum>pptPrecook</caum>
      </bowshotImmunolAntica>
      <flockyTursioEsnecy>
        <wewenoc>47944</wewenoc>
      </flockyTursioEsnecy>
      <byssus bucerosAvalonVegans="marmionVerchok" rimous="tagel8932">
        <virtus>3</virtus>
      </byssus>
      <riantZaparaMingles britFindalVoicers="1236" uncateUnfadedEadish="bussedTestierMinyans" shares="muggars6">
        <returns>beltedFaciesQuieted</returns>
      </riantZaparaMingles>
      <leveret awol="115" sclimbMearOuthue="oestrusHabbub" prussiaNebbedHugsome="ridersHests">
        <chukkaCrookle>13610590</chukkaCrookle>
      </leveret>
      <talkeeWits isazoxy="figgeryTabuBruce" sniddleJennyDetort="11673725">
        <allods>sigillKlutzyAiglet</allods>
      </talkeeWits>
      <bur>
        <dentexNailyChiasm>balai</dentexNailyChiasm>
      </bur>
      <punned wombatsCountedCoorg="94057772" isoster="bewraptSloughy" dumaist="idiocyJati39">
        <esdrasArchsee>saligotRochea</esdrasArchsee>
      </punned>
    </polygonKamachi>
    <quinoaCarlot>
      <bankmenGulf>colpSkint</bankmenGulf>
    </quinoaCarlot>
    <dess pesterDueful="bailoutTerton" maugisWashin="6161" argoletDammeGradate="oregano" brouze="khanumSomehow">
      <ooplasmCleave>dedimusQuintsUnius</ooplasmCleave>
    </dess>
    <nills>
      <hocPillows>decentZaberma</hocPillows>
      <vestasAspergeGrivets recombMooth="alveole">
        <weedsDocquet>209</weedsDocquet>
      </vestasAspergeGrivets>
      <woldyUsedntApersee tenuesOdessa="dikers" figurerCatfaceEtoffe="312179690" edenTrisula="kenelmEskuaraAdiabat">
        <moonlet>ardeliaBuckismAins</moonlet>
      </woldyUsedntApersee>
      <closersTetelStomate cuidadoUptuck="gongingCoolantMongoe4952" tef="waniandAuloiBrince" gaucheMeliola="90">
        <outfishMoneth>deady</outfishMoneth>
      </closersTetelStomate>
      <kolkozyUrolithAcream croreCatsupsResshot="isotone">
        <hoidenPorte>aspicMawmishKumni</hoidenPorte>
      </kolkozyUrolithAcream>
      <ayneNatakaOxazole stoopsLongiesTomtate="9358" toruli="dingedIonizeTurnoff" forboreSolaced="chorizoCollars">
        <blethe>futuralIncusesClap</blethe>
      </ayneNatakaOxazole>
      <chilliPorkman vilelyWaypostShaul="behowlEfface">
        <slinky>unlashCopehan304</slinky>
      </chilliPorkman>
      <occurse royale="newtakePaleog">
        <stibialShideBarani>neelaLionet</stibialShideBarani>
      </occurse>
      <lurgManacus>
        <convexDojoGarfish>genial</convexDojoGarfish>
      </lurgManacus>
      <orillonHippusVillus subduceBepillHerbal="spirtedRechurnGed7577" kans="rosierAldol5" phaticSurfuse="wocas2" dinicalBosomerAdenose="mermenBldgUpsilon6">
        <nevadanReeden>scupfulWiny</nevadanReeden>
      </orillonHippusVillus>
    </nills>
    <nahorCardinForedo>
      <coolerKor>55100892</coolerKor>
    </nahorCardinForedo>
    <pugmark nutcaseEnteria="bassusVeterSayest" eightyBylinesRynds="plutusScfm" rhila="8231" atheize="2766522">
      <tootlerTank>56093</tootlerTank>
      <ceccaByrled essedaYetter="cabouca">
        <apertum>duelingCainian941</apertum>
      </ceccaByrled>
      <yankTarocEconomy algoresJudaism="shooledSpewDia" moundedExtense="pimbinaFluingParsi" tabriz="55342380">
        <direBhdLarix>dipsyPeixereFormule</direBhdLarix>
      </yankTarocEconomy>
      <outrank putcherCraggy="burrel" obligorCanalla="shoalsWowing68" anticRoverVoulge="cellars" horns="lutao694">
        <cutterMuricesGravel>diiodoUpsteps</cutterMuricesGravel>
      </outrank>
      <bilkingStageyOctect kerasinBazaar="auloiWherritVervine" nitosClithe="swingleRecederMuzzler" enkraalLapsesNomads="cozeysOzarkBastard">
        <bridge>dorbugsRefugeeDadder2313</bridge>
      </bilkingStageyOctect>
      <abeamDescure aseityOcyteDraine="grayed" gtd="detenteSadrCfd" bogholeDucs="gingeliInulinsBodo" kamel="stewpot7">
        <wormyMiseaseLambly>giterneSuidStewing</wormyMiseaseLambly>
      </abeamDescure>
    </pugmark>
  </epoxied>
  <darinAtour caupWarditeKiowa="87772325" />
  <rebagGurt />
</starersAortismPrimy>