<?xml version="1.0"?>
<zemmi>
  <balor diodont="navewLanding524" crissaMinos="haircutShawneeSnorter" angerlyUniquer="mayhem">
    <ear>
      <clootRanchHaps>dumpers</clootRanchHaps>
      <alcidsGunport passionHeritor="243366210">
        <imaretsGerful>rebuffHarmoutHond</imaretsGerful>
      </alcidsGunport>
      <chivariElideBrockle bandeTarrack="libsSlinkyRuck" chandul="fittenThundHavings" egghotCliniaGrout="lyricalShoguns" panurgySpilomaSongo="creatin6">
        <hyblanCultistAirns>culliesDreadly</hyblanCultistAirns>
      </chivariElideBrockle>
      <anilicWavedNagual reemit="otaries" brechtQuantsProudly="turfy" impedor="goarCuraresTanling33">
        <nuntiusNuculeConcoct>954455</nuntiusNuculeConcoct>
      </anilicWavedNagual>
      <shinier ragoutDriasLaughed="subitemEireAlkanal" chocho="zincyConinesUnbroid" agritosRiggers="blowier">
        <kennellEcbatic>billmen</kennellEcbatic>
      </shinier>
      <glenFurfooz ephebusHazier="polkaInkman963">
        <dweeble>opposeGalidiaInvitee7</dweeble>
      </glenFurfooz>
      <carrackTrfSurcloy emf="atenistCitesYareta" cordiesForwrapGarce="gingleHoydensJaycee" guckiFondishPyritic="bronzenPopulumHavage522" stoup="onwardTakerNatl">
        <curtainPeed>pinnedSeisin</curtainPeed>
      </carrackTrfSurcloy>
      <dreyLayupEnseam denudedDulosisFriezer="irishryTimaliaOwght">
        <areic>vapory</areic>
      </dreyLayupEnseam>
      <densher mammeysRitz="armied865" stalelyBeckyMorphol="stocked" autumnTrips="hocusesZackVaulter">
        <coronasSliwer>aglance</coronasSliwer>
      </densher>
      <mickery rereadStromalRiotise="3">
        <overdue>borrowsUnsays2</overdue>
      </mickery>
      <worryUllaged couxiaBuffoCongers="nerkaHoboe" marx="rhyssaVoyager" shapes="bonitaDulcets7">
        <vulgusEgghead>oofbirdBegot</vulgusEgghead>
      </worryUllaged>
      <unwomanPeropus marathiSamshoo="cynebotImpship" cholla="84">
        <styles>acylal</styles>
      </unwomanPeropus>
    </ear>
    <plumpy wanrufeFreijo="mogadorHoed" prioThrilly="sick573" leah="momentaClour" permixRetrim="fossors2" coequal="densestPepsiStonify">
      <rhapheRhaphae>verily</rhapheRhaphae>
    </plumpy>
    <kados>
      <factoryDaseWhussle>unonaUnloftyWalsh9221</factoryDaseWhussle>
    </kados>
    <arretezRedust>
      <wochuaEnecate>thawersHimming</wochuaEnecate>
    </arretezRedust>
    <racesMohock aruncusGomeral="serums" balau="surely" wraithTaroks="protextInstamp" clavalKoranic="percyAptianHyloid" hingersBayman="79299608">
      <glanceSyftn>14510581</glanceSyftn>
      <trimer dinomicSteeplyBonav="drouthsSarcler" abuleia="munchSippyLayover868" tyros="sumiChutzpaMarbled" buddiesEspino="myricaTorose">
        <voguesDigamyOutbuy>kindjalUnswingDawdles518</voguesDigamyOutbuy>
      </trimer>
      <limbaGuazuti hatchLininSmackee="946359992" attarsRotas="525893" auca="sabbat">
        <zingelHarlingBidpai>enduresSurfieMosaism</zingelHarlingBidpai>
      </limbaGuazuti>
      <elbuckCanapes clamant="remindZutugil8" dibasic="jewlikeMinuend" thraveMusic="hirstieSawmanMuscule" findonGuango="barmfelUranistRappite">
        <spickle>tebeldiPaulite</spickle>
      </elbuckCanapes>
      <cystoidBulbRestiad propmen="kernel">
        <aurated>luperciTaktOpes</aurated>
      </cystoidBulbRestiad>
      <watcher bummockGarnishCarid="onychaSeptaneCia">
        <baffleCojudgeCloned>morglay</baffleCojudgeCloned>
      </watcher>
      <fuddled beveler="kondeRabbitToured" parodePomoKantian="599984822" atypy="8462877" iffVestaAtemoya="firringIzafat7">
        <tahonaAnadem>drawnlyBabbly</tahonaAnadem>
      </fuddled>
      <vernonElanus whewerWhare="562000" zestier="canos92">
        <intrapArgulusActions>8</intrapArgulusActions>
      </vernonElanus>
    </racesMohock>
    <voltesSospiroFavose simoolChat="otosisJustedAgio" headwayTownify="cocosCuckoldWhooper40" beaut="rhibiaBanyans2" gives="rancer" erasesKhattiExiture="basicsDioximeMothier" anapneaGlyn="typedPeaiismBombace">
      <facialsUproom>sparserEarsYokelry</facialsUproom>
      <bewray curioso="salvesKuaGunrack">
        <anither>12869</anither>
      </bewray>
      <mohabat malleinDrails="6" proserEquineBennel="planetPronpl" convive="martedDayak" johns="pardahs">
        <devoirNerving>sundewsSchemerTuffets</devoirNerving>
      </mohabat>
      <cologneBaltiOutbar dyarchyTawnleScorse="rosiestGallon" sowderGreggThemed="failedScaena">
        <blowflyBashyleFunked>bunksSmidgen833</blowflyBashyleFunked>
      </cologneBaltiOutbar>
      <duopolyNiagara mateSalaam="soireeSinkerSmarms" ordealsDearths="fibberyIntends" guslaBlessesOverbet="ouvrageTicul" stiffenBalker="stunScraily">
        <rhumb>shedded</rhumb>
      </duopolyNiagara>
    </voltesSospiroFavose>
    <gansa>
      <chounceOvertaxNatured>spitterBicronsIndogen</chounceOvertaxNatured>
      <losh>
        <sarinEcitonDecrown>unloadsCarafeAurists</sarinEcitonDecrown>
      </losh>
      <anatmanExradioFicelle upthrew="97751493" pupilsAcopic="thole">
        <mumblesBields>torqued</mumblesBields>
      </anatmanExradioFicelle>
      <abraumUnrip veneficSwink="schloopPurinsStouts66" watchesDwindle="himself">
        <charredPeabush>lanolinCrissTieless</charredPeabush>
      </abraumUnrip>
      <shoats faqir="splash" mosguMadnep="renegesGavial">
        <joeyes>99717</joeyes>
      </shoats>
      <voesButein remueTowingBoolya="242224" indoles="teethe4563" dipcoatFreakToraja="sunnyNorway">
        <kaliph>dotes</kaliph>
      </voesButein>
      <pionery enodalLumineDetroit="ladlesIntimeConite">
        <upplowShnaps>boaterCorsletFeatish</upplowShnaps>
      </pionery>
    </gansa>
    <courapDingleItauba>
      <grampaRakers>6</grampaRakers>
    </courapDingleItauba>
    <feazeHexapedRauriki>
      <joieChowse>unraped</joieChowse>
    </feazeHexapedRauriki>
    <anneVenged kakapo="anabataAsteism" suineOsticCaelum="topingCutifyDaimios6075" octetteLoadSpools="beefierRepairTrumph" enarch="9989479" naval="107">
      <vicarlyCuitled>manalBalds</vicarlyCuitled>
    </anneVenged>
    <cookish>
      <vesterFabTarboy>vacouaCoulTaximen</vesterFabTarboy>
    </cookish>
    <teapoyHolly>
      <lai>jiltsShradh</lai>
    </teapoyHolly>
    <oncettaSchuytDebit>
      <pally>bedwardAtreticGoyin</pally>
      <overhitFonBeride karouCrojackWaugh="aboulia">
        <dwaiblyRhodite>celtdom</dwaiblyRhodite>
      </overhitFonBeride>
      <etude calesasAfrayUsuary="142055" meltonCoarbAlcosol="chenMessed">
        <oneida>porcate</oneida>
      </etude>
      <recap sledgeDelta="redelyGrsSepoy" hagmallAroliumTuille="94">
        <gadslid>moronsRotates</gadslid>
      </recap>
      <lampingFustic jerboaOsages="aurumsSithenJambe">
        <theirInquiryFoldure>cullet444</theirInquiryFoldure>
      </lampingFustic>
      <specif geetRetries="lyremanSnooksMorular" segarLorica="crozesRahdariGuttles" meggerGirtingCentro="crimSampans3882" bogumConchoReefs="forayedAccord">
        <diewiseDowage>530</diewiseDowage>
      </specif>
      <siganusFalus>
        <sikaOglalaHershey>grimly</sikaOglalaHershey>
      </siganusFalus>
      <tarring tomentaYecchs="5" blotchyDamner="howishLacking" devaunt="decourt" coulisSubheadLewie="farinasAuctors">
        <saliteVedaic>terraneLegged</saliteVedaic>
      </tarring>
      <quadle garehCuttlerDolabra="31872338" priePatmos="polacre" baugeCourie="bunsenMarkingQuinon814" imbandDarioleRasers="tenno">
        <redoingStaggie>drou</redoingStaggie>
      </quadle>
      <hutung>
        <parejaBeldameAvocate>419651886</parejaBeldameAvocate>
      </hutung>
      <furca sperm="outdoEthnishSconcer" borsTensePsiloi="bruised" daukinReadorn="enecate16">
        <snuffleRediaeSouslik>carboneHopeful</snuffleRediaeSouslik>
      </furca>
      <firmestMilting wirebar="prudesBaidakBurler" geryon="jennies" beglicCrinchRoyally="puppiesAnding">
        <blessesHilloedCapably>uphandDycePuddy992</blessesHilloedCapably>
      </firmestMilting>
    </oncettaSchuytDebit>
    <plassonSpirous emulsor="proteusYadayim">
      <algolEldestSimps>vakeelsGregg</algolEldestSimps>
    </plassonSpirous>
    <rotates>
      <embryoBifrostCamlets>furan</embryoBifrostCamlets>
    </rotates>
    <theatry>
      <egressStippen>setwiseOilskin84</egressStippen>
      <flirtsDialkyl seedkinGeumJazeran="8">
        <intownRewhirl>8385216</intownRewhirl>
      </flirtsDialkyl>
      <plotterTaffias aburtonFloccedHamper="65613174" gangersRcvr="5" restfulHoggler="3">
        <vertigoMutestHotdogs>nymphsAcholia</vertigoMutestHotdogs>
      </plotterTaffias>
      <washaki stubeAggies="lysateJetAnginal" risqueSaeter="sayFen">
        <purged>pranksElephas</purged>
      </washaki>
      <redressOrselleWho>
        <bygoDodders>peyotlRisus9</bygoDodders>
      </redressOrselleWho>
      <honkie sinalCresolSurfs="ballastDariiClovene">
        <oxyacidSmeltBelve>beshellUnmowed</oxyacidSmeltBelve>
      </honkie>
      <patriot>
        <nisiRags>lowwoodApastraThief9</nisiRags>
      </patriot>
      <nankingMilkily normed="ean5" spratsPolabDopier="abating77" sleptShogs="beaut" refold="tellyKandol4186">
        <crankyAeonistCulett>didicoyDepeOkta</crankyAeonistCulett>
      </nankingMilkily>
      <panmug gelCladine="bealingBds" snuff="oilishAaruKui" ppb="1941008" driversBrasilSloth="airersRemorseWran">
        <dubby>1277003</dubby>
      </panmug>
      <gaddisToyotasFeely beateeQuires="peavy57" enwood="reload" jayhawkFrutage="peerly" poldavyHakeemsDreamsy="scharf">
        <deriverAbraderScup>tchAlleges</deriverAbraderScup>
      </gaddisToyotasFeely>
      <tatianBlerePodge bridelyGunneTucked="cobra" cravenPhraserLoghead="synocha" discardDashed="22" boarPopulum="stylineDietiesKenyte">
        <loresLawks>gerusia</loresLawks>
      </tatianBlerePodge>
      <homyRolpens boddaghWhimmedAmlet="etatismEmraud5088">
        <charlesZlotys>mize</charlesZlotys>
      </homyRolpens>
      <impubic unadded="spuming" gauzesDomal="mincersDhutis309" discerpShow="peptid">
        <hoorayOssifyDapples>futRodded59</hoorayOssifyDapples>
      </impubic>
      <snowdonBulker beleve="burnGawkResidue" tattiedJumperRattan="widish" ferratePunnersBandman="iraqBeakNewsies" yferreShingly="nettsFlavour">
        <scamp>idyllia3</scamp>
      </snowdonBulker>
    </theatry>
    <strigaeBarongaBerger sloughy="helenusOgygiaBoreens836" choora="trankaFacierSkiis" elitism="eild" derningUnurged="sahmeLotium">
      <arbutesAwfullyHelix>himmingMyomata5761</arbutesAwfullyHelix>
    </strigaeBarongaBerger>
    <sekaniPeonFaverel>
      <flary>scuffs657</flary>
    </sekaniPeonFaverel>
    <boldineDregs snawTarpansCoremia="purryVulpes" holiaPix="washers">
      <nijholt>paddock</nijholt>
      <leonardQuicksRial dikshaSolertRoaming="lagettoAzoted" shukriaLurefulGoosery="tenours">
        <pinch>cesiousPicrate</pinch>
      </leonardQuicksRial>
      <amenageTheor>
        <poggies>repressProlylLeeway</poggies>
      </amenageTheor>
      <feasorOristic loresScaglia="eyehookGestenAdon" zoogeogTessAzox="odonate">
        <titmalVenose>6</titmalVenose>
      </feasorOristic>
      <gulashSynWhereis>
        <copartBodegaFoo>ungrainZonerFang</copartBodegaFoo>
      </gulashSynWhereis>
      <helixAnybodyPinings>
        <dotherWeneth>gigtreeFudger</dotherWeneth>
      </helixAnybodyPinings>
      <takuHermae>
        <muskieWishmayAmosite>latonaUnswearRepurge</muskieWishmayAmosite>
      </takuHermae>
      <bingos oozingGerateRetying="planaeaVeloute" thebaid="angoraUlta" aloid="arianUpspeakFallacy" zebusUmiaqsSnouch="12080">
        <lightedCapletsMincing>99</lightedCapletsMincing>
      </bingos>
      <cheyneyBelandaPoignet ara="flyswatSweeny54">
        <rokCountyFoliage>necktieSukuKnesset</rokCountyFoliage>
      </cheyneyBelandaPoignet>
      <teammanNiffers casuleFoxfishDinetic="amahsDanda" foxTessWoful="angolarInnyard" dortRiffled="gawkishSetaria" hapuku="slimilyNarthexQuata">
        <turtanSnifty>orthrosTsubaEarworm</turtanSnifty>
      </teammanNiffers>
      <fuck codaminImpi="plasmonAudings">
        <rambla>716074</rambla>
      </fuck>
      <glanisCornbin bluetit="airmail">
        <asarta>fleuron</asarta>
      </glanisCornbin>
      <dwellsAerie becrust="45517734" adhortAugurer="foggy" batzen="tangleAndorra" limpish="ghoom">
        <benzo>waltron7</benzo>
      </dwellsAerie>
    </boldineDregs>
    <irokPamiri eggerScreenyOronoco="javelotZipVoiture" bhatCoostShade="iononesWithbeg" senorCuracePools="ascendDearQuatral6696">
      <smokosDobuleShimal>unsowed</smokosDobuleShimal>
    </irokPamiri>
    <fineryCroupesCre>
      <tissued>knosped</tissued>
      <cesiums creticsResinkWorth="the" tophe="sleaves5137">
        <salmaryBalitaMasc>81793190</salmaryBalitaMasc>
      </cesiums>
      <outfishAnticalGoustie dewani="megafogHickeyRepot" upcard="agnelVidianIortn" chwanaHob="thulia6568">
        <taliageHeimish>pholad54</taliageHeimish>
      </outfishAnticalGoustie>
      <heaf gabblesVicia="79110" matra="10139469">
        <profferPocoson>gliosa</profferPocoson>
      </heaf>
      <quislerTongersRetablo shirker="literFoundry">
        <syllabUnpeace>tierrasSieursDroning</syllabUnpeace>
      </quislerTongersRetablo>
      <bayletMootedHoddens queues="cyanusPhasmTuath" asopCheaperDamosel="253">
        <skreeghJewless>6131588</skreeghJewless>
      </bayletMootedHoddens>
      <lumpedBridely bhava="mezzos1160" aconeWhibaKamiks="jole" nattClewsGise="engirt" toile="9110">
        <martingArche>janapaAcrobat</martingArche>
      </lumpedBridely>
      <rilieviTurndun lininThierry="46033">
        <mindel>censedBowsieTiffing</mindel>
      </rilieviTurndun>
      <daymareInstallPuan whiskSilageBited="codfishCalorie" biker="dipcoat" lingaRusselDesigns="coatingSeemly">
        <delhiSalineOrcas>poschaySawmonPiolets</delhiSalineOrcas>
      </daymareInstallPuan>
      <nincumDelimit parbate="528" refriesHabutaiAgency="halferQuicks">
        <boudoir>lispCharvet</boudoir>
      </nincumDelimit>
      <pschentDowningBoteler witchedSignumDeifier="uppardRundleAmtrak" wurstsOffal="skeeredRiteCrom" xylosesLepidin="9">
        <pireneChadors>vicaBlufferItali</pireneChadors>
      </pschentDowningBoteler>
      <attristDamozel pinfishNiter="senecasEvokers" retiesFungoesBanyans="fath">
        <fagsDoek>asphyxy</fagsDoek>
      </attristDamozel>
      <bindingSyncopeNimiety vidry="viremicOrdureHaoris" whistly="penniaWaxbush" perfinRepandSunbake="whalishFormant" nursed="wharfThrist">
        <taborinJests>devilerJawlikeBoopis</taborinJests>
      </bindingSyncopeNimiety>
      <orlop tingesNatale="mirachRhino" invoy="chivw">
        <tektosiHeypenAmmono>pulayanHypozoaRoble</tektosiHeypenAmmono>
      </orlop>
      <aurideJurantsDjelfa>
        <cloisonLennyTribble>sanand</cloisonLennyTribble>
      </aurideJurantsDjelfa>
      <mealyCoreignLucken uncover="5110460">
        <syrinx>chafePreagedBreath</syrinx>
      </mealyCoreignLucken>
      <censure belliedAzotineHedging="liyuanMudfish" triasSeagoerExedrae="chinarBeys" velaFrikeGrated="douar" hajibFodgel="colinus6">
        <updrawLungeLobolo>lardoon</updrawLungeLobolo>
      </censure>
      <dracmaNudeHeo>
        <dueful>ducape67</dueful>
      </dracmaNudeHeo>
      <hoaxee>
        <feselsScag>auloi</feselsScag>
      </hoaxee>
      <funsterWipersDepone guffy="carryRalesEloise">
        <swingleEnlarge>boutel</swingleEnlarge>
      </funsterWipersDepone>
    </fineryCroupesCre>
    <bekickSlog wittallCulla="permiakBogiesTerais158" slogged="parson" realmsCestida="potchUncostMalady" swayful="slackKino" teenierCathood="urdee65">
      <velaria>germalBanchi</velaria>
      <glettyAngekutWint furbishSah="lealtyCineolAngular" cragganHola="padsNodulus" earwax="kinbote6892">
        <intimae>ataxicSawback105</intimae>
      </glettyAngekutWint>
      <tripleVerrucaUnfatty prancedMirzaArpanet="updriesMimosaHist" hamose="restart" lampas="1521" banduraJocund="roupetHumaner">
        <amebeanPlaneraHeptose>bullerPontoEttle</amebeanPlaneraHeptose>
      </tripleVerrucaUnfatty>
      <ghanBarthKagus arrearsDescaleDrifts="spary">
        <exstillSkivingWlench>90872</exstillSkivingWlench>
      </ghanBarthKagus>
      <gluteus justlerWoodine="zizanySoleyneStoury">
        <natterBrotanSadists>brakie8724</natterBrotanSadists>
      </gluteus>
      <purree octavdVallisBrasil="crpeUjiBuncoed" tweeshtTiremenCunan="91" begrim="bespeedEggroll" sansarBeguessColi="794210523">
        <laloCothy>scalopsScallomHyla</laloCothy>
      </purree>
      <tinealBuzzwigBuccin haideeTympanyMidship="howdahsRegiveTchast" gayetyUpanayaDolos="variac" tipNodChawia="silkenReslash" nuntiusGregalAmakebe="latexes">
        <brlSubaquaFixe>157656309</brlSubaquaFixe>
      </tinealBuzzwigBuccin>
      <buoyantTace dentil="whilkut">
        <highth>moolviSightyDarogha</highth>
      </buoyantTace>
      <inhalerFille sulphidMacula="46405" beanedFlickyOrcinus="hematic" darogaRatwood="carksVentanaTar">
        <snipped>89</snipped>
      </inhalerFille>
      <conteurRockingWaugh crisply="raft1" roguedStond="756050" cased="probing">
        <jerridsOchresPhtalic>tenailCorylusUncinch</jerridsOchresPhtalic>
      </conteurRockingWaugh>
      <mandrelRuptile kabard="17" doorTowkayFaute="4780210" sulfidsBullary="aumbryAulicRumney">
        <refrEmbiid>jalapGolems517</refrEmbiid>
      </mandrelRuptile>
      <preopenFerretFractur hingingOedema="assumptChidingPabulum" min="5585" stongEscrodDinical="whitsun" boding="landausClocker">
        <sagaBackerGid>psychsHirsle</sagaBackerGid>
      </preopenFerretFractur>
      <ganchedChasmal garni="solenne4664" deniersHoisedBegrain="excussSkreighCarfare" peagesMeinyShravey="128317138" sextryCrannia="87331224">
        <rennase>pullersTapeElboic</rennase>
      </ganchedChasmal>
      <baculi sepsinTargedKeno="wulderUnbendsOutsee" smich="asserveDiluent" cooliesRacche="debeigeNguyen" daleaJamokeVrooms="ibidCollum">
        <litoralPhyllis>5292165</litoralPhyllis>
      </baculi>
      <sextonRimula cautivoEjusdem="plaidsMimming" jesuitsConia="ghanianCaiquesShaster3113" censedKilldee="457" czechsPukrasLicked="91971">
        <olentPones>zibet</olentPones>
      </sextonRimula>
      <nobatch cyborgsJubile="rechoseSenna">
        <sickensZonulaSpiel>betread</sickensZonulaSpiel>
      </nobatch>
      <gullahTawpi unbrazeLanas="aginner" tweezerShishHubb="akoWanigan">
        <potherApoopXylyl>eaverSepticWissing</potherApoopXylyl>
      </gullahTawpi>
      <wursetComps lispOutjazz="fondled82" thisnDirgler="slappyJades" refanMispart="fultzIring">
        <lithoSigilsBeroe>riff</lithoSigilsBeroe>
      </wursetComps>
      <middes togglerBagniosEstrums="talcous" entete="goofPuniestTweese" oxozoneBurley="unsnibCobbin">
        <zonicHeughMilter>raggetyYouze</zonicHeughMilter>
      </middes>
      <fagotte wallahGapingTiffie="fanwiseSylphon" venires="4685" arbors="saltest">
        <saccateSiccaToling>psocidTilaitePelon</saccateSiccaToling>
      </fagotte>
    </bekickSlog>
    <kotylos>
      <kiowaGrinnieBeghard>pertly</kiowaGrinnieBeghard>
    </kotylos>
  </balor>
</zemmi>