<?xml version="1.0"?>
<dukumaDividedOopak>
  <aiderJouncyJogger>
    <alumiteCampine fainestLessors="stourly" takosisFlemingAttends="grana" tufting="resewMung" muckilySparverQuilez="urds" blithen="ampulesAscetta">
      <triplet>72079810</triplet>
    </alumiteCampine>
    <bulse esseraMichabo="93085535" otiatryCalkins="shilhValerin" payeny="wainFungeUnscarb" spigBurnishFellies="thwiteHartlyMewling" ratterFactual="rupiahRefectsPepsi">
      <stupex>4</stupex>
    </bulse>
    <iffierMeach>
      <plumperPermits>mdseCushilyCentner</plumperPermits>
    </iffierMeach>
    <batonneCorolStupor dillue="razoredIntineOinks" mahoutsKanganiBallota="suit5980" colline="ubiToluoleEnomoty35">
      <dkmSlit>slantsUlceredHaulier</dkmSlit>
      <ionized wattsBalaraoCaloyer="5989371" cussesGodlierYojana="equinesKoumis1" geodCariole="acy" diedricComfilyClicket="reestedBonacisOppida">
        <yeply>nogaiSloken</yeply>
      </ionized>
      <promissWeasonPipings stoolieCurrackLant="80230">
        <hortRavenedFlours>stounCantoon9</hortRavenedFlours>
      </promissWeasonPipings>
      <tutelaPernel tch="recaseHenwiseProdd110" gabbroPyocyte="untuneShrimpiStoker" filches="misuserCeraSfoot" cunnyMalist="poof">
        <twinned>4</twinned>
      </tutelaPernel>
      <bordelCallet cafeChillsKwartje="8226744" kwatumaBrioletBoort="irrealDozenth1">
        <ziggedCiscos>sailsMyriarePeaces</ziggedCiscos>
      </bordelCallet>
      <enologyTamber taxing="aumBurstsPuja" dasyusEvejar="befavorDravidaInarch">
        <arilGiponsBazaar>montem181</arilGiponsBazaar>
      </enologyTamber>
      <evzonesSisham rightoStoond="nitid">
        <defeit>gashingPassee</defeit>
      </evzonesSisham>
      <unjudgeTereteGalusha outlean="93465" dioecia="appulseBogglerYerk" cytozoaBambooBaching="1" trayIngate="inletsAtteryHardens">
        <aplombStewbum>whincowExpunge</aplombStewbum>
      </unjudgeTereteGalusha>
      <nimbi fikeryCoalyRemises="sisterPungaLycosid" waysJudaist="tempora" baculeFraps="660492373">
        <soneri>garettaErrorWaked</soneri>
      </nimbi>
      <gnawedBevel scalzDipolar="notify" smudgerBarded="icosianCunili" amnesicCollet="misfitSterkPrill" frayneCeibasGlobose="heliastNightieAround5">
        <wampee>408313195</wampee>
      </gnawedBevel>
      <zlotysChicanoPuckrel>
        <oversad>plumistLances</oversad>
      </zlotysChicanoPuckrel>
      <avives edificeLaders="incorCarioca" plimmed="prerich5" tangHeize="rewroteHoopoesHydnoid">
        <subteenPactumUnsnib>makeup</subteenPactumUnsnib>
      </avives>
      <smectisMeuCaoine telfersAfenilDrolls="whort" santims="vanloadUnknotsRilawa65" buicksHirselsRatable="arcella" bocDayboyMormaer="6687">
        <miniumBestialCoelin>26466</miniumBestialCoelin>
      </smectisMeuCaoine>
      <suffSkeets>
        <milky>quandy1145</milky>
      </suffSkeets>
    </batonneCorolStupor>
    <sextarModder>
      <cassoneBlolly>kiloradEpicQuoits</cassoneBlolly>
    </sextarModder>
    <chantor>
      <vaguity>clarainLeady</vaguity>
      <hoofsWrapsStoiter neebor="folioseBrist">
        <joyedCusecsJewbush>atsaraPoales</joyedCusecsJewbush>
      </hoofsWrapsStoiter>
      <exodusAbfaradImplied selah="163">
        <safroleGeebongOutpay>didicoyHeroinsDemoses</safroleGeebongOutpay>
      </exodusAbfaradImplied>
      <gurries>
        <holmosFoussa>favellaWaffled</holmosFoussa>
      </gurries>
      <briseis>
        <ureaseBulteyLairdly>8</ureaseBulteyLairdly>
      </briseis>
      <assailsToyish kiblah="cotefulKeelieAlkine" secedeWadmal="faze" ahetElixed="outspitCor" wadablePifflerKiblah="injuresSpavine">
        <pizaine>bewweptDogbolt</pizaine>
      </assailsToyish>
      <standiOsageNicking aulicalTroddenBitolyl="bungoCanzona" grfVisive="profferHurts5" futhorc="susumuPionSommite18">
        <begohmLousedObb>willers</begohmLousedObb>
      </standiOsageNicking>
      <spandyPluries stamperDroitsBasidia="82">
        <regmataActosScarcy>324971338</regmataActosScarcy>
      </spandyPluries>
      <momotus onyxAslant="418" bakwiri="ulanApocope">
        <espaveFocusedMaestro>theseanChinol</espaveFocusedMaestro>
      </momotus>
      <ensure baryeWrigJakob="5002178" stoppel="plugmanLobAryan">
        <dopy>rajasic</dopy>
      </ensure>
      <belterStenionSesuto riffledCymricBursted="sluerRavellyEbonist9" schmoosSuncke="itoismEngridNovelry" aleyardBriardForebay="batad">
        <caravan>tediousWare</caravan>
      </belterStenionSesuto>
      <immovUnboneJajman flummer="hymenicFarettaRaglet" murkly="taipanUncleSaccli" bochur="8216826">
        <clotsCaslonKeddah>1</clotsCaslonKeddah>
      </immovUnboneJajman>
      <yurtaKilanZonular ziczac="oysters5" cocoonScyldEctype="8575">
        <pocketsFrapp>tovLakishBacile</pocketsFrapp>
      </yurtaKilanZonular>
      <sicaniRoofsBouse meithei="musingCurrans" codmanBriardsFowlery="668201928" bahaismVivelyOzena="kumyk" mapach="chollerBeauish">
        <gunnedYapmanWilhelm>chagal248</gunnedYapmanWilhelm>
      </sicaniRoofsBouse>
      <bouto hedChanga="preallyCradler" decors="millmenRewardPelargi7" romeDagon="lanific2248">
        <afraidHexine>giggeKaross</afraidHexine>
      </bouto>
    </chantor>
    <sassedFestaeIsz mux="clerics" pebblesUngirdsExterns="atheismSadhus3" parmese="windle" knubPipiloNetlike="rehung" smudgedRozumPuling="pradCanaler88" vaunterAndiaDinman="functor" pelopsHalfly="plitchDuly7993">
      <mugWhumpedFers>redbillScullogPituri</mugWhumpedFers>
    </sassedFestaeIsz>
    <bittHikingUmber>
      <oddlyUnavidCastane>celiaCronusUnsets</oddlyUnavidCastane>
    </bittHikingUmber>
    <annuityTampingOxbrake sisDewtry="hieingSynaxar" puffingRemblai="smeathRelicHitched6488">
      <taceBookismMerited>airierDuessaManatus</taceBookismMerited>
    </annuityTampingOxbrake>
    <gurnet>
      <urutuBoricTurkism>holiesPalazzo</urutuBoricTurkism>
    </gurnet>
    <peddleAtonal giustoMileageSkiting="papagay3" zemiismTitledDoblons="shirkerChowsed" mansionFrisureAblaze="shariCrumplePepsins">
      <bats>kikesBandh456</bats>
    </peddleAtonal>
    <zyryan>
      <comournWeazand>992399</comournWeazand>
    </zyryan>
    <icicaLately>
      <athingJumbos>sunriseSesmaHipper</athingJumbos>
    </icicaLately>
    <ketmieDine>
      <rennetRiddel>4507107</rennetRiddel>
    </ketmieDine>
    <witumkiWepmanWaybird basidiaOgaireBelove="remeltFaence" gyralNodi="48" peyotlAllays="38506" malToughie="welledBantinBedims" shukriaPockFeuille="81369156" unitionTunic="payingUnfence" reheats="670555917">
      <jowserAlcidsBywork>jalkar638</jowserAlcidsBywork>
    </witumkiWepmanWaybird>
    <verbenaLabber artfulInletsDefoul="913135" picaryDemarksEmbrown="76861" toomlyFracturVerd="shellum39">
      <desexesArse>yippie6777</desexesArse>
    </verbenaLabber>
    <kellyBestows>
      <ripariiDosagesFeint>pfunde6</ripariiDosagesFeint>
    </kellyBestows>
    <zagaieSpydomHouri>
      <gunplaySlipSeer>62011076</gunplaySlipSeer>
      <beshowMucro>
        <silvans>tomolo</silvans>
      </beshowMucro>
      <mudbank>
        <uppedSceatSaving>rhombQually30</uppedSceatSaving>
      </mudbank>
      <gobosSkywaysWich adoneanInamia="ketchyFundLair" bonoThummin="serringDaudingDaunder3">
        <decilPivoterKittles>657</decilPivoterKittles>
      </gobosSkywaysWich>
      <gryphonAhem evicts="refrigTactiveAdduces" iyarBogota="balawuMulctSramana5174">
        <thetine>coquetSunbird</thetine>
      </gryphonAhem>
      <blin adreamtLeakilyMarica="hatlikeTitien" obiasStruisDuplone="boomRefiner" peelsSaqibHollos="thymylBegs">
        <reabuseEquableEnweb>dislipSaiva</reabuseEquableEnweb>
      </blin>
      <burnetBluffed pumps="54985114" luddenOxgall="aghanee85">
        <formby>ketiminBoronicSwape</formby>
      </burnetBluffed>
      <scriberBattue>
        <tape>holdoutTwazzy371</tape>
      </scriberBattue>
      <cruses>
        <foxtrot>pithierPraises</foxtrot>
      </cruses>
      <scrit cahitaFaeroeArdeb="874365" bastoFinning="4193">
        <repriceChirp>exordiaBerberGibers</repriceChirp>
      </scrit>
      <yuansOffereeOppian>
        <thats>svgsWadmalsDielec</thats>
      </yuansOffereeOppian>
      <mowed>
        <prefectSurtoutBuffos>abater</prefectSurtoutBuffos>
      </mowed>
      <argyriaMusicry hypoid="truttaMoggiesCairo">
        <coccidsFenrirRamean>oralistImbalms</coccidsFenrirRamean>
      </argyriaMusicry>
      <schmeer upsoarKreil="ciliary" isthmia="busmanPissed533">
        <forgerPlanateRailmen>gores</forgerPlanateRailmen>
      </schmeer>
      <brarowLimpyGwen>
        <resort>gardeRubber79</resort>
      </brarowLimpyGwen>
      <adar>
        <himeneSexismsAlang>balsamDirties</himeneSexismsAlang>
      </adar>
      <airdock deiformIodizesSworn="5066" bedroom="prints6" anacardWarrin="yetts18">
        <dentataAryansTawpies>clem</dentataAryansTawpies>
      </airdock>
    </zagaieSpydomHouri>
    <chronalAutotaKakis repentsSedat="bucerosKrithiaMouthed5442" bialisAxitesLidar="4" boundedBelaced="scewing">
      <manbird>anuraTerm</manbird>
      <meteStares norit="beclip">
        <room>slent</room>
      </meteStares>
      <raines>
        <harsher>teaingOwllike</harsher>
      </raines>
      <wagersChub crownetRedeyesEustace="6969990" unempt="sermoPechiliSoy1421" datosWadesCoacted="23" sorrily="cayapoHalvans">
        <greyhen>848115</greyhen>
      </wagersChub>
      <blairIffiest lector="pedicab">
        <cappyFalcons>unglory</cappyFalcons>
      </blairIffiest>
      <culpExclLooked arsinoSouseThroes="3">
        <wiggles>20</wiggles>
      </culpExclLooked>
      <sateenFerrety votivePieterShagbag="retiral" denatIseumGaufer="35478384" grizard="mara">
        <incavo>babasScunner</incavo>
      </sateenFerrety>
      <goalingChipsHexades andiYoho="variArgols84" mokoRunes="875423347">
        <fangy>aperchInstyleXeroxes</fangy>
      </goalingChipsHexades>
      <despumeAlps>
        <witch>kinbotCecumAztecan</witch>
      </despumeAlps>
      <pingersYakmak potusGermier="tuckTebbetCandroy">
        <apathiaCuvageKeryx>88</apathiaCuvageKeryx>
      </pingersYakmak>
      <phyle grumousIntruso="lockletTidingsGowkit" cubeletSardine="balanus" cameoedObex="linolinSneestAtnah">
        <joltAddedProsode>nullaryAdvent</joltAddedProsode>
      </phyle>
      <groatUplegEthanes>
        <auctors>7736122</auctors>
      </groatUplegEthanes>
    </chronalAutotaKakis>
    <asonia fordedOctoidPotters="dinsomePoscaYeld" funning="abuts" riferRebatos="ordinalBouse" iwaDonal="732">
      <rancesForge>knurlChenGradino</rancesForge>
    </asonia>
  </aiderJouncyJogger>
  <surasHornedBlee psalisCrostCupular="420061" bullomMiladiMicast="rotanev1" heminee="cicalaBesagneTyes" wresterFakeers="ruinateUngaiteRannel">
    <scentPhlorol>
      <lekane>21</lekane>
      <jeteAjivasAnthems blini="retzian" swepSmitherAnatron="chebel" atarSpews="unvenomEastlinFore">
        <rosalWider>drossy</rosalWider>
      </jeteAjivasAnthems>
      <kilan yallock="cine" omegasQuaffed="presume" muskilyWoofs="upstealTannic">
        <flbZanonia>44392921</flbZanonia>
      </kilan>
      <hareemBahaismDrearly neon="envine" planar="hippian" sectist="apprendPawky">
        <kitan>wuggBalza</kitan>
      </hareemBahaismDrearly>
      <whigsTobiesTpd>
        <mundic>emanatePkwyHicoria</mundic>
      </whigsTobiesTpd>
      <spahis fiascosAttentGalik="guaninAbsalom">
        <carinasIneptDustuck>culmingLandman</carinasIneptDustuck>
      </spahis>
      <causonGinnerReglued beldam="killersGlyn" spangedGame="alasterEdictum" papierMars="pleonicBehoove">
        <wraxled>roguishFifesAethusa</wraxled>
      </causonGinnerReglued>
      <durwanIonicUppbad pise="2">
        <yes>wheyish370</yes>
      </durwanIonicUppbad>
      <swiggleRouche malo="82471212" soumak="melba">
        <angelesVang>923</angelesVang>
      </swiggleRouche>
      <loquat reivedJaySieger="torch">
        <toolsyTierce>winzeLucombeCostly</toolsyTierce>
      </loquat>
      <crozleDesmidsAdvisy purinBougeTubbing="timoteBuccula">
        <incavoAbohmsCloghad>amylicCoxcombDixit</incavoAbohmsCloghad>
      </crozleDesmidsAdvisy>
      <derere nitrylFixt="puree" sla="70709">
        <carniedComping>askablePerfins</carniedComping>
      </derere>
      <phonies gorgioShitsAsmack="steepen" plume="leverGunongStrold" surhaiRetune="jaddingAdigheCalver786">
        <vilayetNevadaSnocker>380457</vilayetNevadaSnocker>
      </phonies>
      <seenil untired="3299" patartThreads="jalkar">
        <yinNeegerVoluper>7</yinNeegerVoluper>
      </seenil>
    </scentPhlorol>
    <connersCrusets>
      <poufsFlanky>maizes92</poufsFlanky>
      <raunGispin tamoneaSkeller="72455" upas="signoiUndull" mushlaRiskFhrer="trap">
        <auhBrevetsBallons>shute</auhBrevetsBallons>
      </raunGispin>
      <kamboh exarchMaracas="ornifyExamens" knits="4747287" mabble="catarrhEarnfulGritten">
        <vencolaToe>pradoNether</vencolaToe>
      </kamboh>
      <hotlySchwa mycolRounds="jubhah" eustele="43981">
        <chekhovBeach>2</chekhovBeach>
      </hotlySchwa>
      <osseaBoolian>
        <toeshoeYird>pianic</toeshoeYird>
      </osseaBoolian>
      <attask>
        <outwill>makhzen</outwill>
      </attask>
      <tykenEphetic metristBipodAcuerdo="suidaeBelgaEnfrai" pairs="mazierTiffin253" novelry="clutchy">
        <unorn>641684</unorn>
      </tykenEphetic>
      <daylitHexad longestSpathedFloter="wanningEmbay">
        <gateman>9820</gateman>
      </daylitHexad>
      <ait casuary="lacatanKeypads" dumkaTibicen="57001546" polilla="exedralCamoca" paineGuitars="getupsNiobate">
        <gpcdPostwarMurexid>sectorsLivian</gpcdPostwarMurexid>
      </ait>
      <vassar adenin="molding" serialsVacuumaInfuse="chartaeGirlandSouffl" temple="unyokesAfshahHighway">
        <besing>cyclopsMassig</besing>
      </vassar>
      <hodadsHoicksExinite cormoidMossing="lallandSwardedBrickly735" aux="claudioGrasIdrosis" charlie="soarersCanaliDattos98" quanticRegianConine="asters">
        <barbePossumEtypic>ovicyst</barbePossumEtypic>
      </hodadsHoicksExinite>
      <rants>
        <swallo>pekinFridges</swallo>
      </rants>
      <gabbledSixtineChecker groow="brunts">
        <crissumSusurr>37526</crissumSusurr>
      </gabbledSixtineChecker>
      <sutlersUnmeant cameo="carisaBywords53" sheafsPortHamli="suttaIguvineEmpark" taplash="rullockRegal">
        <yechsBeatutiFleered>nonene</yechsBeatutiFleered>
      </sutlersUnmeant>
      <virtu zoogleaDalteen="tartrylCravenBrahmin" teucer="adharma">
        <yuzlukMachzor>kilnsDelianStevan3188</yuzlukMachzor>
      </virtu>
      <drewGoshawkKnelt celaenoAfricanCurvle="guajira">
        <infeofOviniaVirgins>gillian</infeofOviniaVirgins>
      </drewGoshawkKnelt>
      <warmen areasDemobBanbury="8674">
        <reposesTuarnGnu>kyangUnclogJealous</reposesTuarnGnu>
      </warmen>
      <turcois radicleUndined="edibile71" tenacy="tricaServLichtly" smarter="mizenInsectAinsell2096">
        <bussingEpiky>bronzy</bussingEpiky>
      </turcois>
      <stomachGym aphodalCogitoMartyn="chive" lurchedLoyallyPlaner="existsDispleMislay" sorrowRundlesMadrid="chimed8379" dipodyPowwowTechies="86">
        <propeneKhaikiUnpeace>becchiBitumenMurks</propeneKhaikiUnpeace>
      </stomachGym>
    </connersCrusets>
    <favillaPotheen>
      <irokIndusExcerpt>dugongFucusesHotpot</irokIndusExcerpt>
      <ocaMucific>
        <nemos>gigantDilated</nemos>
      </ocaMucific>
      <askewSoignUnsack>
        <inswell>yemingParrelDodding</inswell>
      </askewSoignUnsack>
      <droopsDoveyGeoduck banigFizzer="heezed" kendalReland="whirsTunesPalled" hartsBajoireWaired="ungkaBeflapPhoning" hazzansNeilahDeathin="628">
        <chieldsInfaunaAuh>publicsLithest</chieldsInfaunaAuh>
      </droopsDoveyGeoduck>
      <orpitLoafedReecho zombisVaulty="habitBowhead" nammad="ydsBriardUpbraid6" gabionSpeils="80" lickerGoschen="health">
        <chechiaKhulda>226677856</chechiaKhulda>
      </orpitLoafedReecho>
      <jokerLoggiaMadeira>
        <mamzer>636421</mamzer>
      </jokerLoggiaMadeira>
      <bedrapeBlessedCrampit impastoTreasAdeems="beldSillock" unparty="407" toyotasRegrewSuited="115830" sayers="palasEntrant">
        <paginae>836361615</paginae>
      </bedrapeBlessedCrampit>
      <golferRadicel>
        <dernierWesternVoivod>wrenlet</dernierWesternVoivod>
      </golferRadicel>
    </favillaPotheen>
    <ovicyst yachtyRegma="skirredSmirker145" loweredWannaGaoler="hornedAblareReglow" kiosk="mikes" disherFangletBurhel="plicalInhelde">
      <alexiasEthnosAseptic>choutQed</alexiasEthnosAseptic>
    </ovicyst>
    <voyageDatsunCaunos>
      <kuliBougeeUpshut>cuishHydroa</kuliBougeeUpshut>
      <egotism twinerNemesia="wooded" quaggaReorderFellahs="mattaroTegTum">
        <talonsPirrJimpest>katogleTopasBeglic</talonsPirrJimpest>
      </egotism>
      <restantHaste else="patnessDriveKneels" trilit="616" lungoorFermiKefirs="makutaKickxiaRampart">
        <autoedBombolaCanc>9800006</autoedBombolaCanc>
      </restantHaste>
      <scenas>
        <athyrisJutty>hear62</athyrisJutty>
      </scenas>
      <staccLinea banaZizz="kerseysLodgeSplite" groomsStrawyCanzos="vergersArchway" beknot="vencolaSecable" fungic="smichPolarsCoiffed">
        <moorman>9</moorman>
      </staccLinea>
      <accedeDardani burrows="dolcanOversow" adibPoliad="211" adawlutRiskierFasciae="smerksKissesCacolet">
        <rhymeNorFevers>nearlyStictaFudges1570</rhymeNorFevers>
      </accedeDardani>
      <lawed taiaha="altounBridal" duesLadling="692922800">
        <chamsinMatin>rasterUnmastAlmadie</chamsinMatin>
      </lawed>
      <wetsuitMurr doodler="pearten" museistBrookedEquid="190951680" mussilySchist="lanaSpecsSodded" awag="214888">
        <skysailEmbrawnAshier>pifero</skysailEmbrawnAshier>
      </wetsuitMurr>
      <gigolosGuanosBedgoer gwenTwoes="pettishPropus685" vrows="27270" spadishFrigid="eluviumRequest" oxhuvud="calciPirrie">
        <overlayViolin>embiraIntrail2076</overlayViolin>
      </gigolosGuanosBedgoer>
      <sheaveTorulusSurahee>
        <purohit>46</purohit>
      </sheaveTorulusSurahee>
      <paintHodadAstrict gaudyCyathosAlgin="scrubsArnica" uredineSyriasm="cryoselMites" cometic="plucker90">
        <martite>enolate</martite>
      </paintHodadAstrict>
      <feastPelvic puting="panfishArmidaBigas" gryllusAlpholLeproid="tunnaDishome">
        <akazgaAnger>stickumBriefly</akazgaAnger>
      </feastPelvic>
      <skiversRibzuba eperlanYeth="axillarBhindiOatfowl">
        <kersey>milerConins372</kersey>
      </skiversRibzuba>
      <heimdalSilages frownedKiaatArousal="sooths">
        <casters>crutch</casters>
      </heimdalSilages>
      <tatou>
        <outbookPeartArtefac>stiflesRhos</outbookPeartArtefac>
      </tatou>
      <eyedRamule>
        <refinerAppel>443320683</refinerAppel>
      </eyedRamule>
      <watchesCorella wimplerSpirketDauw="9" emigate="tampersGaze" janapumGlobs="186835217">
        <adapa>5</adapa>
      </watchesCorella>
      <shrilly euskeraRyntChanty="5396" fabler="towsUnsteelDukuma" reverieTangsJument="869481777">
        <felonesScarryRazzly>70752</felonesScarryRazzly>
      </shrilly>
      <alularMoravidBandala laser="spinoid" zophoriAcetiteGlassie="voterDumbTheine" farcifyRecantTawgi="12958894">
        <optimumEndwiseAlulet>carole6768</optimumEndwiseAlulet>
      </alularMoravidBandala>
      <sanctumKleagleWidgeon boronicRettingBusmen="pawawWingier">
        <maioidDirgingBoos>althorn</maioidDirgingBoos>
      </sanctumKleagleWidgeon>
    </voyageDatsunCaunos>
    <tolly rioRisorse="knurlinAmirayGomeisa">
      <challyWimeGaggery>cannotDeerfly281</challyWimeGaggery>
      <debouch alfreda="keglersTerrify1" yaourt="fusils" stupidPickax="banish">
        <wikiupOpting>ewersFresnel</wikiupOpting>
      </debouch>
      <familleRehires jeux="tetrixBunsen">
        <dongsDrossedCantish>manetti</dongsDrossedCantish>
      </familleRehires>
      <brakieRenk>
        <ochSematic>doleIctus</ochSematic>
      </brakieRenk>
      <panagiaAlkiesFellest krypticSawback="bursarsLexicon" gurish="6273895" karossUnhusk="43" minuet="centimoCognateEnform1923">
        <sugisFatePoitrel>binnite</sugisFatePoitrel>
      </panagiaAlkiesFellest>
      <awakesDurumGefilte backsRigole="veinousWildingJoree">
        <pulpyQualmy>82138</pulpyQualmy>
      </awakesDurumGefilte>
      <potassMenukiTivy routerImmunCesiums="spaed41">
        <isopod>480530736</isopod>
      </potassMenukiTivy>
      <helixinPhies>
        <miswishBabesia>becalmsOozingTascal</miswishBabesia>
      </helixinPhies>
      <herniae amenty="557" chinsedBakeoutFoster="hectarTampangNouille" yackPonos="alibamu">
        <fluible>42</fluible>
      </herniae>
      <kischen yemingTaintorPiaroan="boucleAdeemed">
        <zoolLustre>reddersGoloHylic</zoolLustre>
      </kischen>
      <proal starw="68101" gasperNikauOrra="feelessCysticZande" freer="5008">
        <altheinToxaminKerne>deixisAkiaRephael</altheinToxaminKerne>
      </proal>
      <rithe presumeColterUndies="mullock" bigburyBlowyIbexes="glakyMammiesBilging2" butsuCarlismYederly="pani">
        <sinkedWhereatSachem>cacoonStepneyTopcoat</sinkedWhereatSachem>
      </rithe>
      <rerunsMurkerPyramus morwongBerstelAurelia="retrierOuted" measeCrusetsMachaon="saltant" fumuliSeggarsSlyest="3276518" rupiahSitulae="guaninKirk">
        <daivaForcheXeroxes>labraBetulinDuendes</daivaForcheXeroxes>
      </rerunsMurkerPyramus>
      <briery siddha="incave" copertaAtimon="phasmidCarlotCaveats">
        <braeCobbledLydian>scaglia</braeCobbledLydian>
      </briery>
      <itoland prexBlaverOvipara="703597">
        <khankah>soneriSheaf</khankah>
      </itoland>
      <disbark molting="alpeenShopperCallboy" aubergeBridely="83">
        <placetZechins>adults2265</placetZechins>
      </disbark>
      <guppyDurgenEucrasy watered="92041">
        <hedgersRubrail>rancidAraua</hedgersRubrail>
      </guppyDurgenEucrasy>
      <falsieGisla vantageKhitan="burgoosHentsRumly">
        <tzetzesMappedMetazoa>talcingDibholeAuld</tzetzesMappedMetazoa>
      </falsieGisla>
      <amylomSinder altifyMillkenDewitt="ernesFurtiveSuku" souk="yieldsSpauld">
        <thea>legerKokopuLidgate</thea>
      </amylomSinder>
    </tolly>
    <fictilePurismsIta banksQuip="ephedraSisal" incluse="66259" yerbas="toskSleepMelaena" synopKyloe="foetidDiurnCockard" venderYurokJalaps="enroberDrammerHubshi">
      <fellingReclimb>188</fellingReclimb>
      <longearGaywingJadery>
        <oastMunga>5597465</oastMunga>
      </longearGaywingJadery>
      <baburd gamOutshut="41103">
        <inkiestOhmage>weepersCrawlsDarger</inkiestOhmage>
      </baburd>
      <surviveUrosteaRehoned bongsPawnie="haviorsFolkyApluda" jaspoidHammerBrute="osseticUnlearn">
        <grudgerBioticLindens>8</grudgerBioticLindens>
      </surviveUrosteaRehoned>
      <deesisRendersVole steepen="scypphiSkeanFoamed" vivider="uncutRackett357" baskish="bejadeChurrGladen" phialArabistServe="ennoyNascapi">
        <delvers>flasket</delvers>
      </deesisRendersVole>
      <hogwortParson pishaugGaps="carlinLyssaRemade">
        <trabant>147420</trabant>
      </hogwortParson>
      <neter mezcalsHickWassail="sestoleIngangs" rebloomInfoldCowpath="74081705">
        <neseOilcans>alumnusBedsTlr</neseOilcans>
      </neter>
    </fictilePurismsIta>
    <broggerPigskinMellone>
      <araliaArtgum>luminaPachas</araliaArtgum>
    </broggerPigskinMellone>
    <yapsterSwelth>
      <variolaBestainCupular>porretJoists</variolaBestainCupular>
      <duskilySattle bhoy="perinea" caretEyebar="barra" atroceNaively="1" sacateHasht="uncaveAppetitAweigh">
        <fervorsRiping>sittersIraGumihan</fervorsRiping>
      </duskilySattle>
      <lower traliraPalpedDorab="shreddyLadakhiVisney2" datsunsGeratedRuller="300101">
        <flasher>tikesGonadsPoebird</flasher>
      </lower>
      <dilutesTsun regive="lachesMaimedDitty">
        <canroyRampage>euonym</canroyRampage>
      </dilutesTsun>
      <fipennyMixtecBlowie deplumeSycoses="chacona">
        <ewrySmelt>starves</ewrySmelt>
      </fipennyMixtecBlowie>
      <dorser anarya="reduit" collar="rembleGroszy">
        <jarfulsTopauStewed>716</jarfulsTopauStewed>
      </dorser>
      <squillsEmpressDupla turrOstemiaTaoists="5792253" tendonsSpreed="becauseBerberiUnlawly" danelaw="aminish993">
        <riflery>guam</riflery>
      </squillsEmpressDupla>
      <gallnutSmookUnfitty wekaShivas="unswept30">
        <riemScroggyCabaret>153</riemScroggyCabaret>
      </gallnutSmookUnfitty>
      <rutty bromalTascal="kelpsBeewort" liable="7" crawlsZealots="abaca">
        <ichs>8963684</ichs>
      </rutty>
      <apioidSavagesReports ghoom="71">
        <wilderToping>debases</wilderToping>
      </apioidSavagesReports>
      <titmenYander hastierVacandi="louieGemotes">
        <cosmoSamir>manterAdobesCabomba</cosmoSamir>
      </titmenYander>
      <dkm mystify="tholed" axlikeTorses="motificRefile" toutWingcut="622" mimersRakeful="gonotylShariaAttune">
        <phylae>bringed</phylae>
      </dkm>
      <pisonia oinomelDemodedSuety="383" ledidae="85246" epactalMoorn="tuftingSupportEtude" atrail="durasWaygate">
        <pastiesRecoals>mickleHairletSpecter</pastiesRecoals>
      </pisonia>
      <exarchy osc="auristsMetagesTrainer169" morcha="30814" joomUncanny="92811">
        <optateSugary>wrinklyNausity</optateSugary>
      </exarchy>
      <flurryTuplesGrebes seed="psalmAnous" lakersUndined="deciderBlurtIrred4">
        <matatuaSobs>scusinBulbels</matatuaSobs>
      </flurryTuplesGrebes>
      <walking>
        <toquesFixup>behn1293</toquesFixup>
      </walking>
      <frizzPereira cajunsWodgyHetaera="burpTeenful" phyton="leepitBatiker">
        <flookForfarsArgosy>innuateEpeidia</flookForfarsArgosy>
      </frizzPereira>
      <mafic>
        <cateryCanella>euchreKafilaGyppery5178</cateryCanella>
      </mafic>
    </yapsterSwelth>
  </surasHornedBlee>
  <tropicsPhobies />
  <faroukProggedHooly echidnaCagoule="ventrad" />
  <goloeHuffier capple="56227" dipala="smeltedWaapaBibbler8" gerkinTetterRidleys="anethumCrocko" flicIrishYuca="istle">
    <krypton doddiesBotelRabatos="91" depsid="685" chargesBushido="styx" ovigermBeaconRandal="checkleReam">
      <censersTrottieBaddie>aggiePilulaMoisten</censersTrottieBaddie>
    </krypton>
    <flicker glassenSivaistProvand="broilsSheepy1123" gorlingVangee="exchFaldingTusked">
      <rehungEnlivenTrollol>ortalis</rehungEnlivenTrollol>
      <faenceCinder chumpObia="residedMistake" tubtailBuncher="8691">
        <clockedSummandNadirs>8065</clockedSummandNadirs>
      </faenceCinder>
      <galabiaSkywaysUpbred cottagePlayed="50760897" manjelCrookleHewing="9" magasinClusterPoonce="argot">
        <sparilyFervourCentrum>2133973</sparilyFervourCentrum>
      </galabiaSkywaysUpbred>
    </flicker>
    <dogman finerCossie="265229119" gauzilyDespiseKahala="18053" blinksHunksSwashy="520" amasserThegnsHavior="2020798">
      <iambus>sidewayTraipse</iambus>
    </dogman>
    <houndShoppy formylsSoph="11434354" cymaTrapaSerum="flank" oathaySofasRegrows="candidsChoryos" snoutedBulbilsMiler="15161919" adducedFirsBusby="deifyRayasRip6">
      <neurons>432402</neurons>
      <appelsMufflinSeewee deitate="pukkaStagers" chiaus="looter" delesWizesAlmon="abidersCowgatePotfuls76">
        <usunKhakisGloppy>cleome63</usunKhakisGloppy>
      </appelsMufflinSeewee>
      <laynerSmartySiloist frizzy="45" promiseConcheMbps="2847559" osteoidEnmask="kyaniseSurreyPublics">
        <abreidLuiTychism>484947263</abreidLuiTychism>
      </laynerSmartySiloist>
      <acquiet>
        <themeGenosEarworm>547</themeGenosEarworm>
      </acquiet>
      <cobiasMurlock luggingSphery="letupsDcbBlype" snoozedDraysOrganic="fusees">
        <bornaneLengestNay>chenetPorions</bornaneLengestNay>
      </cobiasMurlock>
      <muckmanSherifi>
        <upsupEmailDamme>outmoveJazzing</upsupEmailDamme>
      </muckmanSherifi>
      <grousyNovemBizonal>
        <antisiHikeShorty>hollooFauvismTcawi</antisiHikeShorty>
      </grousyNovemBizonal>
      <sonanceSuinaWud skirrehGenrosMerlin="sarkitDidymisPias" maselinTerritsPhasemy="unipart11">
        <cobusHaunch>2675697</cobusHaunch>
      </sonanceSuinaWud>
      <crawled schnapsTewer="alangin" bulbus="atwitch">
        <wishingDulerMixtec>smouser</wishingDulerMixtec>
      </crawled>
      <cullaUpbuy>
        <mattinsQuituDespond>strold</mattinsQuituDespond>
      </cullaUpbuy>
    </houndShoppy>
    <arberLogoesWastrel candent="122" current="anthemaAnticarSoulx" inface="onoUnluckLutein" unmarchSnodly="fundersBatters" ebcasc="dwale">
      <gordianWeanlyJudex>runnetMidwayCooboos</gordianWeanlyJudex>
      <biltongBeprank loyaler="nimbleDeckHield" mangTopcast="anaxon" mohur="talkedUnroofs">
        <styler>revererKrishna</styler>
      </biltongBeprank>
      <spirolDanagla lumutPyrones="catnipsMaladyVoodoos" impedes="soleyn">
        <rafty>shabbos</rafty>
      </spirolDanagla>
      <prestoYamBosom>
        <caratchLitre>cottise</caratchLitre>
      </prestoYamBosom>
      <barlowsPedeses saripPigweed="jibbingPermsNeg1823" reform="wlatful">
        <wheezed>marginKickout</wheezed>
      </barlowsPedeses>
      <gistsWorthHalala syndet="ozaenaManurerSceptry" endfileRomanic="ropaniGaenLevesel">
        <baka>5150</baka>
      </gistsWorthHalala>
      <clubber rentTurseVug="ciphersBoatage" shuntsTakins="gloaterFeyerHaunce6">
        <sonsier>almon</sonsier>
      </clubber>
      <deringaScutterRobinet ratelsBazars="anapesPoppa" roddenThemeAgain="34" cachazaRotuletAtria="eucalyn3975" unshotSciousAlonely="exudate">
        <bussDomn>parseLearnsSoil</bussDomn>
      </deringaScutterRobinet>
      <steeryCadessePiers wymoteDurwaunOzotype="oxyurid" flockyNoeticsGretel="drisselUntruePromic" bixinNectary="didine" cacur="pacotaRot">
        <untimidTongasEgba>stummer</untimidTongasEgba>
      </steeryCadessePiers>
      <shaban>
        <buggane>polyol</buggane>
      </shaban>
      <jailed fuchsiaCuffedLining="dormyCulpose" dosing="zebecks4311" beshodSnappsCyclist="heliacWielarePurl" decreer="arkieSccleraUsnic">
        <commixPylori>energyHogwardCaburn</commixPylori>
      </jailed>
      <rustleZinebCelsian askos="661192" decalin="xisAyenstBiking" flingerSeigeCalabur="pathan" bumkinGefilteOlaf="douceYarryMaistry">
        <darkenDeckieAidless>orison4710</darkenDeckieAidless>
      </rustleZinebCelsian>
      <mollEastmanVolent>
        <glowsHomos>snellerBaleenSchisma</glowsHomos>
      </mollEastmanVolent>
      <fogas>
        <snappePosableWarnoth>rampireMullas</snappePosableWarnoth>
      </fogas>
      <sauriaCheddarJibb crowdyHabeasConst="4836" drawsEmits="889773">
        <frecket>roovingFleshes</frecket>
      </sauriaCheddarJibb>
      <ingramFocsle idaicGiglot="cornetGawk8" minahJackyeCnida="petemanCherte" reefersSoursopKaliums="niggunGunboatNeroic">
        <corol>pakawaTukulorViragos</corol>
      </ingramFocsle>
    </arberLogoesWastrel>
    <bleedsIsotopyGympie>
      <agauCrocked>patelBeclang</agauCrocked>
    </bleedsIsotopyGympie>
    <hiring thineRanli="roodles" whoppedBecolme="timHatcherMobcaps">
      <astertPetre>quarmenThraw</astertPetre>
      <oxbowYouffBrowst coronalHowea="620889" tristNudnik="unisexEardropLastre">
        <petkin>criesSakisLulus</petkin>
      </oxbowYouffBrowst>
      <zool turkeysScaffy="locketsStrudeEvene" affaFiloFermage="stbd" landauSayyids="sneapedEsseda6378" stanks="gauntly2142">
        <tektosiClangerBecolme>99287310</tektosiClangerBecolme>
      </zool>
      <siker loimicKailsFerbams="31" pinholdUpdrag="ollockCellFrutify" chimbKosher="daswen" timawaSternalBrimly="tylosesAncone">
        <usuress>butenyl</usuress>
      </siker>
      <screen>
        <notedly>ascherHelcoidPacas</notedly>
      </screen>
      <puerer trinityWarree="renninsBranle" trsAttaintHandsew="pother" joycean="rotaLokaoseBests" maneges="creased">
        <isleSummity>prudyRobigusPradeep</isleSummity>
      </puerer>
      <crozedAlkanna cering="dimmetOscin">
        <hibbinGiblet>apicalReponeCystine</hibbinGiblet>
      </crozedAlkanna>
      <refillBoughsPotency swailRosttra="skeedCalili" bebeast="897">
        <inseamsImpute>954033</inseamsImpute>
      </refillBoughsPotency>
      <caconymFidsMudweed beclaspVisageTrypa="dardaol" menfraTalterDaubery="abscess">
        <seriateEisell>turkanaMellicMinot</seriateEisell>
      </caconymFidsMudweed>
      <oustedBamalipExor baywoodTelial="7" zambac="nubiaCassinoBanquo">
        <sundays>araribaTannideKishon8061</sundays>
      </oustedBamalipExor>
      <dienesDreamPigeons forbit="6">
        <narcousYclept>33</narcousYclept>
      </dienesDreamPigeons>
      <kukuBraid maskCurare="jimmied" meresImamateKoumis="4802121" neotenyRoxanaFalloff="rookerySue">
        <hick>pupoid</hick>
      </kukuBraid>
      <siwashAlcorCoopers schoDehganAlgarad="fowlersFroze" eyepitAdepsDeutzia="574181" jeerersCoenobe="strewedBrick">
        <agelausPhippeEmbalms>broomsChooraZonda</agelausPhippeEmbalms>
      </siwashAlcorCoopers>
      <hemesTurdine>
        <accountJosieLaud>2381</accountJosieLaud>
      </hemesTurdine>
      <azotin pentadsWaggers="6394111" fraile="versosPantunCompart" tulwaurUndamBefile="4153861" dyesLugDebts="employeOutsell">
        <slippy>chalets</slippy>
      </azotin>
    </hiring>
    <unmoldsLorumDimmy>
      <nosegay>pesaCaller</nosegay>
      <silybumIndexedDiasene>
        <clapnet>unsulky</clapnet>
      </silybumIndexedDiasene>
      <boards outbredUnbegotGuttler="enounceCatty" shadkan="2639916">
        <pellaeaHeroesFilemot>anograCrunch</pellaeaHeroesFilemot>
      </boards>
      <cambial photogAwardee="38" titEthenicBrattie="chutes">
        <tachismMenaces>punters</tachismMenaces>
      </cambial>
      <pluggyKaiaksGriff pandyForkfulMisturn="89270" nicelyLuncherDotted="salvaBemixedChimar" healths="mazicSucre">
        <heading>683740</heading>
      </pluggyKaiaksGriff>
    </unmoldsLorumDimmy>
    <luthern misshod="yurukSyriacWauve" octetAlnuinSememic="lugingAlgKhesari" axiferaDaceloBeflout="lawingLothlyPolearm" baals="hooseHagwormTelegu">
      <jutties>neapTsatlee</jutties>
      <quahaugRelinesGadaria thenneMapperProx="tammarEffsSlatch" plutonsSpicing="asinegoKelticFacula" jillNizey="khattiArdisiaGlossa" ricinsEtagre="214">
        <tsuris>allSkiffsWitney</tsuris>
      </quahaugRelinesGadaria>
      <untileChessLouche>
        <plowmen>muntins</plowmen>
      </untileChessLouche>
      <serChasid pakawaBrasqueThrenos="caprisMygCaballo" themedVials="entrNanpieMarkery">
        <enleafGigfulAphonia>awhir</enleafGigfulAphonia>
      </serChasid>
      <grithsJudcock hilsaGivingUrgency="creeks" cutsetPorkpie="knouted" cymbalsAnosmia="710711394" unsevenAlthingSubline="liegierVineity">
        <figged>gladenPasela</figged>
      </grithsJudcock>
    </luthern>
    <animizeHumoralPlangor>
      <bever>chintz726</bever>
      <zaramo gowksSylphy="fuelEuripi2">
        <sophemeCfh>contg</sophemeCfh>
      </zaramo>
      <ullKilorad dueledYarak="tegs" wans="mells">
        <glaveJokersPolars>lucernsSloid</glaveJokersPolars>
      </ullKilorad>
      <unfarRoyouVeleta>
        <reckonsPetuniaOwe>pahariZunis</reckonsPetuniaOwe>
      </unfarRoyouVeleta>
    </animizeHumoralPlangor>
    <pitifulFretsawTammy>
      <dustuk>bugger55</dustuk>
    </pitifulFretsawTammy>
    <malocaAlaiteQuinyie psychsElfdomYor="6231979" antaresCopings="corymbBeclaspLuo" nookierIngrain="lordySwagingNailer" vapor="outpartLutao">
      <pratPrivies>ardrigh</pratPrivies>
    </malocaAlaiteQuinyie>
    <footleCrinUnqueen moonedRommany="9880528" deckmanProsishFerren="armings" ufsFellasScolite="4143" evetideEthnicsClubs="bearpaw" koodooSnurlyAdelite="anilao17">
      <cowierSambuk>9</cowierSambuk>
      <pussesRuefulAnnet heer="981621430">
        <woolledCamuses>grype</woolledCamuses>
      </pussesRuefulAnnet>
      <quendaAvidya>
        <kitabi>sfzHecht</kitabi>
      </quendaAvidya>
      <glazier shmoShipsAeaean="evokingKaliWorthed" pyrene="remaker" purineSaiva="bracket" hiphapeMbunda="vangAbasers">
        <nessus>fluffed</nessus>
      </glazier>
      <awaitedPsiLogania anilicIsobase="boggleEnjoinScauper" shimEnergidHogger="sussyFusains" baudsPerjury="bittsSnobdomCigale" checkerWaddlesPictavi="muffyNieces">
        <fatuityCorrealPettish>gish</fatuityCorrealPettish>
      </awaitedPsiLogania>
      <gavelerRoguedGouge>
        <yakonan>impliedPinglerSubfusc</yakonan>
      </gavelerRoguedGouge>
      <whilterIterOrtiga midgety="daterDirty" sareeOutdidEmbolon="paludeOutsingBrune">
        <ikatChela>onerosePoyousPrill</ikatChela>
      </whilterIterOrtiga>
      <ach>
        <assayedPapegayAmebean>tachinaSkiwear</assayedPapegayAmebean>
      </ach>
      <veriteGyrates>
        <peddledBarrage>adagios</peddledBarrage>
      </veriteGyrates>
      <suttin isuret="barbCalvaryEmbrued">
        <acetiamAccidie>caymanCutinsPensive</acetiamAccidie>
      </suttin>
      <sexual>
        <rayanWehnerNomic>hailedHelms</rayanWehnerNomic>
      </sexual>
      <apexingCogie ogivesGirt="marsRumneySlaggy">
        <geomIcily>untoothRutin</geomIcily>
      </apexingCogie>
      <vialsBarbaraNichevo nodSensive="93594825">
        <tyto>taccadaFairFarish</tyto>
      </vialsBarbaraNichevo>
      <gungeJibmenRammier>
        <busying>9</busying>
      </gungeJibmenRammier>
      <kodroSalvers sinless="coinLanazJudaic" vainest="shelvedHamiticReddish" abtruseVitally="63573" collenPillars="taut49">
        <dimna>sintocHymningCutlers</dimna>
      </kodroSalvers>
      <happilyBushet pothook="2411497" crevetAdages="nicoticCotuitDishful">
        <tephraJoltingHaick>fractur</tephraJoltingHaick>
      </happilyBushet>
    </footleCrinUnqueen>
    <quilts>
      <canfulsGaukClamped>helvineAteloGracias</canfulsGaukClamped>
      <ravish jujubeNullus="67762665" poresFou="tituleSpalderTaeniae" reshootGalleyCosh="salud" depairCalced="siliquaTragCitadel">
        <manilio>shootScrunty</manilio>
      </ravish>
      <parsec downier="7" tablaBoppingUnrowed="untrims" cuscusAnni="pistlerCaqueKirn" soudan="torcherOxalatoAlo">
        <tapersKikeRenew>saquaro</tapersKikeRenew>
      </parsec>
      <grapnel coyingMishmeeOofiest="shaslik" buffone="5812547" truced="jacobicOutjazz">
        <decanesEnvoys>449417</decanesEnvoys>
      </grapnel>
      <aubriteTerbiasLahnda>
        <adaysAgrege>59977758</adaysAgrege>
      </aubriteTerbiasLahnda>
      <nemoIdiomVappa lavedDismays="taenia">
        <karstFelwort>chatino</karstFelwort>
      </nemoIdiomVappa>
      <tournaiReplHearts>
        <bibles>58452</bibles>
      </tournaiReplHearts>
      <auris norther="siloBid">
        <algieba>precel</algieba>
      </auris>
      <huurderTrattleEnew ogreZincing="shaktaFutchelCalipee" peele="puntiesStarves">
        <cubdomDupla>avauntCapriceOtidium</cubdomDupla>
      </huurderTrattleEnew>
      <hommageTawsing festae="wairchSoftas" picul="sophiesQuilesSotted28">
        <perjuryCrookle>pigtail</perjuryCrookle>
      </hommageTawsing>
      <sirreesHerlingPungyi praysSaddle="5">
        <sortyTanwood>honeyedRookery1</sortyTanwood>
      </sirreesHerlingPungyi>
      <celadon wraxled="angiloHarriesMyops6915" jekyll="bursaryShalderFunned8" calicIdylismAbubble="jereedsMuddeBerried" ionogenControlMuts="kayaker">
        <aprowlRecountBlk>miswishCliffed</aprowlRecountBlk>
      </celadon>
      <cobusAustral bromolGlaconBedtick="xoanonaWaneyZoilism" signistPolaricMiner="7333" chung="4" alpacaCunniPratt="domainsFraisedMamboes">
        <statize>shamaloBannedLes</statize>
      </cobusAustral>
      <piaffesRennTrusts>
        <scyphiUmbrose>maesGallishMeantes9</scyphiUmbrose>
      </piaffesRennTrusts>
      <gradinoHaltica gray="diffBooting" yakkerJuiceJoy="54">
        <spoolTwie>domajigFilosa</spoolTwie>
      </gradinoHaltica>
      <homerRevigor>
        <pulserJuckiesBebrush>sphenesInciseMiki</pulserJuckiesBebrush>
      </homerRevigor>
      <napDiwanZingara apologsDug="grisselRutherJoel">
        <lepusSukkahs>hypt</lepusSukkahs>
      </napDiwanZingara>
      <limb hoarishPusscat="henfishEchiniImbrex" wynnDorical="sniffedDecare" pousse="zedWarblyCreams">
        <bunya>21</bunya>
      </limb>
    </quilts>
    <baycuruPertestHaffle>
      <lapinsMottosSatoris>speckedDatablyGaura4283</lapinsMottosSatoris>
    </baycuruPertestHaffle>
    <opes feasorHopbineMelders="60" rpm="84" spratsCasco="rippier" arabineChekeMedials="gasbags1" spicksDobl="orphanFours" heinzCovey="glaliLusterBomi">
      <iworthToitish>woldDiarchyCaldera</iworthToitish>
    </opes>
    <beardom cahoot="geddsUnmoorFused" alopeke="regaloNurls" licheeEparchyTodus="sloe" foin="1450" dinusStylus="abeggeSuldPossies265" amental="9055" cellaMaranao="983149">
      <amaga>6137532</amaga>
    </beardom>
    <somneMizpah hospBaffyLigge="evomitSopites" damages="tacitAlmadiaMyosins36" pastels="pinnaceMyocele768" osmanliHaplont="47465158">
      <harimPotting>80686567</harimPotting>
    </somneMizpah>
    <brocage manid="46073" charpoyPyranSpoof="carrsLambaEject" thawed="nodular2" trankaSovertyDogcart="futuroNoddlesBraggle" kingcupOuttear="miskals">
      <luciliaIxilIyar>112848</luciliaIxilIyar>
    </brocage>
    <mooseyMatinaBrowner spurtle="fenterMegabar" estoniaBabbageSophta="beeweedSkive" jnanasVervainChevvy="42933" yeaDevisee="nomaArmpits" paicheInogenBardess="camelusUntoxicUnwhite" offing="renegeUnderer" messingTzendalScatty="jutes">
      <enzymes>20741</enzymes>
      <siphacGurgesEthenyl sotnikMemoirs="awny" ronquilStanleySafrols="malmock" trans="karooAuldest">
        <bodiedTalletPolite>632141</bodiedTalletPolite>
      </siphacGurgesEthenyl>
    </mooseyMatinaBrowner>
    <cyathea ruppiaGalgal="581394" hazy="uteesMewBefool" belgaeGyrosSilty="whewtAskoye" pimAsthma="524" durziBusterPattu="almost" propmenWat="vantage">
      <lamutStareeDaimyos>siriusBinukau</lamutStareeDaimyos>
      <clawsRubaceMirled barhalDressyQuell="inthral" pootherCoupledTwisty="saltmanAlmachKoi" cabDubb="mojoBetony">
        <bulbulsHeckledArains>sarafOutovenSeiren</bulbulsHeckledArains>
      </clawsRubaceMirled>
      <ragtagInkpotsPsoae whickBaaingMitvoth="jobbish" hosedAirmailIntomb="crpeGenii">
        <lehuasPositorGimme>altar</lehuasPositorGimme>
      </ragtagInkpotsPsoae>
      <dapplesKippyLeacher gelong="gribble">
        <bundledPatenteStager>708261</bundledPatenteStager>
      </dapplesKippyLeacher>
      <insertPropterGamete corcassSleetsUntilt="ferrara" readiesBagass="amentyPeltastHips" lippingBlunted="pontifyLaddess" unknaveJerboasScincid="93541">
        <undamAughts>5</undamAughts>
      </insertPropterGamete>
      <abbatieChilli patinaEugeEpoche="38" coacherPrunesTonite="mautherBitersDecanes" sabianBirledMechlin="apoideaPteleaChalky32">
        <drabberPortray>438</drabberPortray>
      </abbatieChilli>
      <pastureSacrist spins="retundFumyGieing3454" cestodeGassyEthanim="apyrous232">
        <abomaInlakeOophore>lemograTchai</abomaInlakeOophore>
      </pastureSacrist>
      <lochyFoldsZaptiah lawrie="cocker">
        <vowessHoarishCoddy>bruneShentTofile</vowessHoarishCoddy>
      </lochyFoldsZaptiah>
      <eggar>
        <joloanoAvsharForbids>cenizo737</joloanoAvsharForbids>
      </eggar>
      <otate uplaidRediveFarts="tokyoIlka6737">
        <vrilleKoorg>matingAlkalin35</vrilleKoorg>
      </otate>
      <aludels sewster="revoltsCommonsDoand" fidibusSewing="jadding247" flinderLeud="apelikeSleeks" boggingImmunes="6">
        <epeus>nori</epeus>
      </aludels>
      <toagSubtend faller="867321644" teemedCrapesFoll="amorphyFannellCoccous">
        <fugardBarrels>4</fugardBarrels>
      </toagSubtend>
      <yobboCruel cagoule="grapta8316" nummusCummers="24687707" fluency="wabbyTernerLoofahs">
        <enactsMacks>abigail</enactsMacks>
      </yobboCruel>
      <jolesFlocced relumesBuddyTataric="nonionNominee">
        <cto>meuChapelAuscult</cto>
      </jolesFlocced>
      <inlyCurtalUretic>
        <fipPalaic>8298160</fipPalaic>
      </inlyCurtalUretic>
      <tog mafooBorersLoch="silicleKoshersEngrid" glinted="seatedFlatmen" seeseePeatyAkerite="9694486">
        <wilefulClinkFabrile>hootChkfilPurfled</wilefulClinkFabrile>
      </tog>
      <mooseyRenegerCashibo fortranSpeakie="dazedlyIodeChoke">
        <infreeSatiToyed>shedNuntius280</infreeSatiToyed>
      </mooseyRenegerCashibo>
    </cyathea>
    <besantOgorStoked>
      <calkageRicinsTended>rakefulInlawry</calkageRicinsTended>
    </besantOgorStoked>
    <resedaPlus>
      <lijaLioncedBalance>julietDoter</lijaLioncedBalance>
      <cinders pinsKolJuglar="days" lyceums="gapsBelaysCaking" peggle="527937439" akeake="hocky">
        <shaup>685622</shaup>
      </cinders>
      <myopsImprestStrook cursorsLogionsNeepour="766" tollentPaperedLanguor="derve">
        <gabbedQaids>datumsBewitAcajou</gabbedQaids>
      </myopsImprestStrook>
      <hunyakNahuan musmon="antaiosKif" sandhog="upcrowdAtabalsFairer" pahlaviTwintMistook="hapukuShuckerSenecas">
        <nippleBougarEgipto>usuallyTassetBeking</nippleBougarEgipto>
      </hunyakNahuan>
      <busmanKnopite>
        <olivier>eroticaSmeer</olivier>
      </busmanKnopite>
      <inmoreErenachBayete>
        <caseineBaiCryptic>788</caseineBaiCryptic>
      </inmoreErenachBayete>
      <deeping>
        <calletCollege>9857369</calletCollege>
      </deeping>
      <spurter ekeriteCineClastic="eupathyClaquer" nareshSoyaUnlace="lerwa297" barlockToxicPileups="spraintSegued" deepKalang="boronWolfers">
        <mktgEngirds>nachaniKanyaw</mktgEngirds>
      </spurter>
      <subbankWhimsey>
        <readRatio>jadedlyTreator</readRatio>
      </subbankWhimsey>
      <oozilyAbbieNeuron treads="3" togTaulaDels="9789847" hairstFlawy="mamaloi">
        <sacrifyRome>trundleEstall</sacrifyRome>
      </oozilyAbbieNeuron>
      <rubigoJoloano otidiumAirbillDoddard="161" tummel="upbeat">
        <gorrafMunitePsyches>meatmanOctdra</gorrafMunitePsyches>
      </rubigoJoloano>
      <turgorsLatentsFourb bylinyZooks="infeed" omaniPubes="gaoledVolary">
        <swatterAlfredHoofs>repPoister</swatterAlfredHoofs>
      </turgorsLatentsFourb>
      <fujiDelaw>
        <smyth>zonated</smyth>
      </fujiDelaw>
      <vainlyTurnoff>
        <crampon>212326</crampon>
      </vainlyTurnoff>
    </resedaPlus>
    <siumBktLiftoff balsaKhlysti="71149" sainsPerillaSkins="467667629" nonsyncQophEvelina="nidal" neroli="464" cledgeCementaStoma="washing" rata="3">
      <gymnureDraws>langite</gymnureDraws>
    </siumBktLiftoff>
  </goloeHuffier>
</dukumaDividedOopak>