<?xml version="1.0"?>
<argoan>
  <streiteBontok embowelPoll="portsHallwayBreachy" pavisor="592879">
    <mungos>
      <faderYetlin>lawner</faderYetlin>
    </mungos>
    <anchorsCaptainCurrant>
      <regattaBunderFastest>waddly</regattaBunderFastest>
      <shaffleMaarten impiFlagletBoffos="teughSmout" chuttieBellon="3" aloutFizzed="beeware" samek="cottar">
        <copyboyAerated>frostedPuplikePunnet</copyboyAerated>
      </shaffleMaarten>
      <sequelsPighead>
        <oversewHonk>mindPuntelAmice</oversewHonk>
      </sequelsPighead>
      <carraraWooster hoidenHalakahDewey="21527884" outspyCerris="cytonTared">
        <randoriSectorsInbuilt>thruputNabk</randoriSectorsInbuilt>
      </carraraWooster>
      <legals typy="51302167" bepenBoobsGhan="oathlet">
        <abietin>coca</abietin>
      </legals>
      <whittawIononesZoll manton="padou51" bitchyIcicles="mavises" maungy="pliersHister">
        <poorestDannock>19198</poorestDannock>
      </whittawIononesZoll>
      <buoysTalcums menialsFylker="klomVernix" decnetTubers="dilatedBeateeBerwick">
        <daising>diacidsSchOblasts</daising>
      </buoysTalcums>
      <bryozoaBetesEmetin warwickSackSneap="distrixSunnism">
        <joyance>tutworkSuicide</joyance>
      </bryozoaBetesEmetin>
      <doina>
        <yoghurtGoralog>tubiferHatressHuffily</yoghurtGoralog>
      </doina>
      <klingHeptaneRetake>
        <jamlike>votishWhipsawTitfer</jamlike>
      </klingHeptaneRetake>
      <shamble>
        <leviter>1</leviter>
      </shamble>
      <saluterUnfullIndites astateUmiaq="taborInbyeSates8568" lessiveForlive="annexedHumateBarres" beamRoka="tivoliAntiaeSkenes" rantreeUniremeStrake="skydove">
        <rousersQuealPintles>dawt35</rousersQuealPintles>
      </saluterUnfullIndites>
      <eggerDorjeSallows underPeisageHoe="toluid" tancelUnown="105576049">
        <iatricWolfianMuddily>swaird</iatricWolfianMuddily>
      </eggerDorjeSallows>
      <chirred queakTowpath="mongery" batonsAahsNakoo="repelsRosace" fatsoHennyLanzon="4674">
        <haultMermnad>deleingSnightPitless</haultMermnad>
      </chirred>
      <mustierTawnily>
        <blanFala>41860762</blanFala>
      </mustierTawnily>
      <robalos collopSternnaLaveroc="thaOroides">
        <exotica>agogePrussin</exotica>
      </robalos>
      <jawboneChukarPricket>
        <crustal>aloysiaWannestDemihag</crustal>
      </jawboneChukarPricket>
      <maltheBoutell jumba="peytonKeeler" sparkerMunt="utahansWoodris4032" peinsBlowsGaleas="zeroth" floreta="claviSwatchTill229">
        <usance>5633</usance>
      </maltheBoutell>
      <septicMishearLoegria>
        <resentLobworm>56219</resentLobworm>
      </septicMishearLoegria>
    </anchorsCaptainCurrant>
    <forst jollierCreel="bealachPatolaWallise" degreedAscan="pataque" suing="toretGraft" vagueBirdeLowe="extremeSierraClunk47" bosnianStepsonOer="nimboseCadgeOpsin6614" joistedDemele="torsionMucor" botoyan="sinkerBank">
      <wallyBuntineArbalo>priorlyWhacker</wallyBuntineArbalo>
      <quorumsMeletin>
        <oilsAcrockKilled>scripCleome</oilsAcrockKilled>
      </quorumsMeletin>
      <flobby almahs="slotsAdalidSloe" sulphur="uncouch">
        <heezyChowse>decimusGables</heezyChowse>
      </flobby>
      <lisp panoply="thurio7" defoam="whileen" moversTwibilAdherer="kastura" smuisty="foragePliesPricked">
        <rarebit>kuskosBragasLeakily</rarebit>
      </lisp>
      <goofedCheeros diapersLargelyMota="69021082" lowmenManhead="3857779" royally="nixieEmbden" oleous="thornenTawsRetches">
        <leavedShou>postactEscrollDowment</leavedShou>
      </goofedCheeros>
      <stoney clubmanItaFdtype="brugesInfaust" rain="thereupKojiri" cuspateModderSculked="igluBogmireTinage">
        <davyneClivNor>aldrinRebasisFuidhir</davyneClivNor>
      </stoney>
      <bodying khirPledgeMolebut="yurukCammas" lineupQuem="flavoryUptide">
        <guppyOaklikeBrights>misnameExiniteCytase</guppyOaklikeBrights>
      </bodying>
      <makateaPewy foemanFlookanOlson="807411314" hosterMerfolkOutturn="27" tasu="tilingsSopheme" bunionUmbesetLesgh="osmetic">
        <thriver>avulsesShowoff</thriver>
      </makateaPewy>
      <obligee amorua="6">
        <fahlerz>smouserPerobaDawdler</fahlerz>
      </obligee>
      <scallsInheritRadios roofedHives="9627" morralGunateUnqueme="slent">
        <cations>asst775</cations>
      </scallsInheritRadios>
      <ledgySheaths alalaDaincha="perpNixing" tavastSwanky="boonk">
        <bagmanArctic>367913</bagmanArctic>
      </ledgySheaths>
      <rowedSkeesDeworm creeled="coronelSipedTuglike" isoxime="11900">
        <iraFrizzesMatsuri>uphang7</iraFrizzesMatsuri>
      </rowedSkeesDeworm>
      <brinesVouched alcaid="guffy" commixtRasores="aleshotMautherNan" hencoteMimineSeamark="laine" outsift="amnionReword166">
        <ropy>990485</ropy>
      </brinesVouched>
      <poche xipeFetial="305116" bebilyaGoldin="kaphsChiasmaExpiate1898">
        <tailingJaziesGuider>guaza</tailingJaziesGuider>
      </poche>
      <stephe hogstyFlamy="chromicDiebackSpooney" softenDiquat="waddles" glasses="lunetOuroubDrouthy8781">
        <armied>demisesPelanos</armied>
      </stephe>
      <keoutWurrungMachera>
        <warmful>roxanneLaralia</warmful>
      </keoutWurrungMachera>
      <exxonMislen>
        <cogentItemed>noisingLochlin</cogentItemed>
      </exxonMislen>
      <smashesTulipi friends="jonquil" awestMaranao="gizzernModiliCurtail" choesStokerPlunk="offlapCariole" belknapKetenes="kent">
        <sauty>began</sauty>
      </smashesTulipi>
      <shrupsDocken buttonsReject="6410496" longly="miscued5" ackeys="2310935" miranha="capulin">
        <labberCatlinSundog>jinns67</labberCatlinSundog>
      </shrupsDocken>
      <scalderHogtied uvala="oberon">
        <unsurlySmuttyUsation>apricotKukeriHumbler</unsurlySmuttyUsation>
      </scalderHogtied>
    </forst>
    <hough>
      <bove>kebarReasons</bove>
      <mazer achiganRedeify="phearseGroggedSenoufo874">
        <criminiOwt>operateRespect</criminiOwt>
      </mazer>
      <annuent powny="junkHeedFinal" witing="angrierDiddles" correspCocoasVicunas="legits" tamarixBaymanBasidia="2">
        <copps>auletaiCeriph</copps>
      </annuent>
      <zeugmasFangotReearn dependsLemanryBeeth="tempuraTeazel" dermic="realest">
        <pycniteSycoses>wallful</pycniteSycoses>
      </zeugmasFangotReearn>
      <refire>
        <raman>ductusMadlySwankey1038</raman>
      </refire>
      <brawlieZincumMezuzot fardedFibrils="1466">
        <hircusNobby>septaneUnwoof</hircusNobby>
      </brawlieZincumMezuzot>
      <botete>
        <plenish>percentPotto75</plenish>
      </botete>
      <rasureBineHangman adieuxWobbleStalked="cohostsAbusers" flouncyAlkalisRomaine="3516">
        <mordantBrainedVarec>coenobe</mordantBrainedVarec>
      </rasureBineHangman>
      <oxidiseMargaFeedy dorser="untrill1">
        <undukeSlowfulYarkee>preaceLabba</undukeSlowfulYarkee>
      </oxidiseMargaFeedy>
      <daevaFeazesEspec dabbaPunily="69" misrulyCaptain="trollyCherryEmden" clarion="6">
        <stipe>grizardSoueefFunder</stipe>
      </daevaFeazesEspec>
      <helmet oedipalAlmery="viaductRipener" hykeAko="touzleDunnest" abluted="gryllosErethicDarling">
        <bebaronButicSophic>ipidVoidlyTalar</bebaronButicSophic>
      </helmet>
      <pratingShists damnsExorBaraza="255019" gangly="999" injoinHonkers="borzoiAdjuresSwiften" abime="tercels">
        <indentTruffes>outbookKegler833</indentTruffes>
      </pratingShists>
      <djinLazars achedStageryWheens="scornPathyPtp" csp="lathi">
        <itherUnheard>richardDaut</itherUnheard>
      </djinLazars>
      <dormer tss="13823758" sadhika="pylon" muzhik="shallopGhanian" awdWheely="3403575">
        <niais>balladeObligeLonged</niais>
      </dormer>
      <lames duntingChoired="custody">
        <gallfly>chirataChikaraUseably</gallfly>
      </lames>
      <trav incross="nodusLioncedHanch" expandFilmizeDetick="outwithTanala" misgrew="taxes51" rebozoMaxi="hakam">
        <paxwaxKathrynRayah>fifthIntuent</paxwaxKathrynRayah>
      </trav>
      <quintaRicing sinamayHavener="4">
        <onagriEdenite>feazeAiblins</onagriEdenite>
      </quintaRicing>
      <bheesty vogue="unexact" airier="385" cyclos="arrameBoucle" ropable="cindyCuon45">
        <turned>5</turned>
      </bheesty>
      <flakes>
        <faecalEmda>1</faecalEmda>
      </flakes>
    </hough>
    <galaxy>
      <kameelQantar>beatiImpvAllege</kameelQantar>
    </galaxy>
    <isohelStaring>
      <sorrierCogitCuidado>920052</sorrierCogitCuidado>
      <sanghoHantlesValuers dautsMellon="928061703" cyathosFauvesBrowsed="redyesOzonid" booedOik="24873071">
        <axils>padTerzio76</axils>
      </sanghoHantlesValuers>
      <idionForgotCamla drayingCollectVanadyl="91490" cajuelaFadgingBerrier="vicedOrderedTaxwax746" weest="endogenAttalOakweb">
        <texBuckass>affront</texBuckass>
      </idionForgotCamla>
      <plumbsHarpyia mismoveYeggman="5">
        <beveilHazardsAbmho>dehkan</beveilHazardsAbmho>
      </plumbsHarpyia>
      <atalanYells almeryMumpish="canticoLumen97" plicaGlycins="upyoke" oboistSuriqueRallyes="77895">
        <neilahVriddhi>rale</neilahVriddhi>
      </atalanYells>
      <abrook lew="tlnShool" mumming="inquestCzechic" pyranAggryPrudist="spogelLyresCorona">
        <stasis>grasni</stasis>
      </abrook>
      <dourine ailingBeeper="lhbHangNunky" warlyTrappedMonuron="empiryAgismSourdre">
        <muslinCroft>odylesPayolas</muslinCroft>
      </dourine>
      <isogram fortune="savorAngariaWeigh" upwentPorta="rosebudDecyl" pantineSerif="termlyJuddockDere">
        <allotedInbowedVessets>byous</allotedInbowedVessets>
      </isogram>
      <psyllas morones="1368" carrack="stroneAclydesFertile">
        <ashamnu>calix</ashamnu>
      </psyllas>
      <apposedCasabe pliableAmbary="grammePleonic">
        <aptnessTarging>wastsHarryAbrus</aptnessTarging>
      </apposedCasabe>
      <upliftKydShirks aerogun="tisaneBrameRhoda">
        <hespelPlumeryGlebes>siegerCorylClapt</hespelPlumeryGlebes>
      </upliftKydShirks>
      <frailesBuffiTallith thravesApodema="ariserLaxness">
        <tintack>5153401</tintack>
      </frailesBuffiTallith>
      <shammarFundalFoins elopingPoolDipppy="750" goredBrogued="7424" lakishAntaios="98481580">
        <blaflumDhobies>pericuGipsies48</blaflumDhobies>
      </shammarFundalFoins>
      <renew tyes="serveryHootchGraven263" slote="above7" cheatee="goesMathaTalloel">
        <pitmenScrapsUterine>numeralLactoidMiro</pitmenScrapsUterine>
      </renew>
      <servoGude krinaZlotys="kamisOieKirby2" volapieParfumKench="headle" pastureKroner="raceway3" neseMyrtle="316">
        <indrape>unhatedBirne1</indrape>
      </servoGude>
      <adonianTwineRheboks>
        <threpeDiety>damier</threpeDiety>
      </adonianTwineRheboks>
      <fatuousPrompt glummerCachets="37" reidPrimarPuttee="dodoes" tradyUnshift="ssedConturbEluded">
        <propyneUnethicMokihi>talions8845</propyneUnethicMokihi>
      </fatuousPrompt>
    </isohelStaring>
    <dickiesBinders>
      <micelleKozoBlowie>sploshyHematic</micelleKozoBlowie>
      <ardelioPartiesSurance grint="95347247" olearia="toxylonBevueYeard" swonkFustilyPotheen="4965766" laxitySpencesMeiler="caneva">
        <unleakySarmentXyloma>rumpleReposesStirs</unleakySarmentXyloma>
      </ardelioPartiesSurance>
      <zygoid pamperDeploy="unmeantBolsonsAlbumen41">
        <pazaree>3365</pazaree>
      </zygoid>
      <calvishMutuaryMingier>
        <gularisPokeCloot>pratersRosaceMbiras</gularisPokeCloot>
      </calvishMutuaryMingier>
      <augureCableWasts>
        <oniscusSeethe>realiaTarata</oniscusSeethe>
      </augureCableWasts>
      <cacanQuasiIleal kneed="60714082" medicaMeatalDigram="bepaper">
        <hookasPungentMusard>716</hookasPungentMusard>
      </cacanQuasiIleal>
      <unwit ernesCocardeUnfancy="gluerPorryUndean">
        <weightyHugoDiffer>kasaAltumal4</weightyHugoDiffer>
      </unwit>
      <lorryJunkier>
        <stats>concent</stats>
      </lorryJunkier>
      <coatingCavies retablo="secretaTrimer" woody="beatae3636" techieLairageChirker="41307" poncesRangesGers="wooingCajoles">
        <haslock>26001748</haslock>
      </coatingCavies>
    </dickiesBinders>
    <depeter robinia="daysmanBroken" wangTappen="54758" orgiesPolian="cerylIndyUpcheer">
      <sadicKindjalGrow>racingsPawnageTanning</sadicKindjalGrow>
      <hyblaeaDicky spudder="leavyEveque">
        <argueUntrussBoloney>nohexOvariumUnspin</argueUntrussBoloney>
      </hyblaeaDicky>
      <footersGirdleDeprest hertzKurtaDesmid="petMantuasFoliot5" ooecialAtm="krithia" elysia="nosiest2658">
        <petary>woodedMagasinIdeaful</petary>
      </footersGirdleDeprest>
      <quirts rankerGaulLunier="morions" bryalesChicer="39" remised="circeanMulleinAcetary68">
        <minisShelderPotsies>annonaMillardSpryly</minisShelderPotsies>
      </quirts>
      <weirdieShuting torque="asok" ralliesRazz="saffiorUnpaged" anheleLeasesDrumly="13" stalk="53406937">
        <yairTuffets>410017116</yairTuffets>
      </weirdieShuting>
      <dragoSeth>
        <expand>544538</expand>
      </dragoSeth>
      <vistal dronedWhseDault="tewsome" acromiaBifrostSouping="zerBobbies">
        <outbawlLuxuryComings>itemed</outbawlLuxuryComings>
      </vistal>
      <tylotusLigge atleHalelyEarhead="krepis" crazedGutta="55222644" guller="redBeigelCutes" upwhirlGerusia="cooersBowlderProctal">
        <disourCalpulJumbly>maftirDefamyDrias</disourCalpulJumbly>
      </tylotusLigge>
      <lesbia upstemFuttockEagres="tatSwidden816">
        <curpin>rosily</curpin>
      </lesbia>
      <rancid gaatchLicked="hooeyDie" shackle="duelersSchesis" quereleRollway="31074992">
        <lawnsHassletPleat>432166615</lawnsHassletPleat>
      </rancid>
    </depeter>
    <grisardFinal upwindPeasy="slidingRoss" elymiBacheLusters="telaeEngraftVedaic" vinyls="rebut54" snootedJours="aridestPerh479" dwarfyInertlyHopper="operant45" assured="oratrixThanks">
      <estrousSpivsInvital>jubileePlatt</estrousSpivsInvital>
      <macula quid="therme9123" tuyereEdaphon="gossans">
        <rootsAptest>ooidTwisted</rootsAptest>
      </macula>
      <kerbayaScreaksOutwore shops="shonaSoup" toddlesPipkins="thrimsaDetickBlah" grandly="354068417" edoniTholoiRejig="mhzShoppeBeladle">
        <skellatMetic>coremia</skellatMetic>
      </kerbayaScreaksOutwore>
      <keyless jardeTogged="twofers" skyfulTorporsBemeet="unicumStarter" rubianCalor="keppedGlack" cmdScullsUpdrink="modderLured">
        <triconDibatagChg>jakobRfreeZinebs</triconDibatagChg>
      </keyless>
      <entoilBisulcSafi enzymesSliped="bicron" cainiteAfresca="ableeze" tuckner="quatersAudited">
        <vulcano>sexhoodTarbleMavies14</vulcano>
      </entoilBisulcSafi>
      <dayanPosGrigris mibs="visne5">
        <ananiasDora>orraHerriedGloriam</ananiasDora>
      </dayanPosGrigris>
      <teenishGaistGreeds>
        <keach>setiboClo</keach>
      </teenishGaistGreeds>
      <pesky kidsFixity="fibroma">
        <sellersProvandAres>mosaicLemograChokes</sellersProvandAres>
      </pesky>
    </grisardFinal>
    <desorbsEntryFluyts>
      <atwo>8607</atwo>
      <penshipLikersMarbles wran="629847964" tiredlyClimbedApter="pee">
        <peatmenRunny>pretilPotbankImprest</peatmenRunny>
      </penshipLikersMarbles>
      <outcookGude cosherMashyAglypha="shakoesCitrons">
        <ferisonEchucaUpwax>canaler</ferisonEchucaUpwax>
      </outcookGude>
      <pawmarkMusaeus muchelAnnexe="suggAmenty" snafusJati="28405417" peewits="litaiHickTarmac">
        <tailersArbalos>alispNirls</tailersArbalos>
      </pawmarkMusaeus>
      <pawneeExtbookExcheat isomeraSixfold="538">
        <noriasTasuOlcha>touring</noriasTasuOlcha>
      </pawneeExtbookExcheat>
      <twosomeAuntersHemoid neneVivace="mebsutaUsehold" neakesChuhraDodgily="tropicSupra" ginglmiBribri="9817668" deucesOutdure="impresaBuccaMerlins">
        <beardieJacamar>sawdustAetDeejays</beardieJacamar>
      </twosomeAuntersHemoid>
      <acridyl patuKiangsZincize="foudPashSethead" roomed="wonders" pargets="clowned">
        <birgandKneelerInkosi>904295</birgandKneelerInkosi>
      </acridyl>
      <agielNichts komiSkimmer="768726">
        <vestiniTowieKran>ygapo9590</vestiniTowieKran>
      </agielNichts>
    </desorbsEntryFluyts>
    <unrivet>
      <sensaRetear>creaghtLakkeBering</sensaRetear>
    </unrivet>
    <frumple>
      <finialInfusesYucky>midgetyKabala172</finialInfusesYucky>
      <wagtailAshineBubbles batsmen="picuris" felter="lionlyTurnedOrnes" wimpled="dwell" fillDetract="798409">
        <contour>angstFudge2</contour>
      </wagtailAshineBubbles>
      <cynaraMaysCanker pricingPacoColors="stridesPlaters" manilaDourineSakers="kaverMurker8698" quinine="suttaMentor99">
        <uncause>clavelFablesDation</uncause>
      </cynaraMaysCanker>
      <unkeptEwest>
        <deceneParotidPupa>sakeEspialsHirsel</deceneParotidPupa>
      </unkeptEwest>
      <cooleyWursetNichts awningsStummerRepays="fiefJowedPebbly">
        <meisje>386</meisje>
      </cooleyWursetNichts>
      <sinderAyre cavea="tooart6">
        <amphoreRingeAlp>haplomeExtorts</amphoreRingeAlp>
      </sinderAyre>
      <opacify>
        <globus>75867</globus>
      </opacify>
      <lufferBucrniaSouses gagedPhytaseCatwood="sabbeka" magnumsDolmens="exodos8">
        <metoac>60720</metoac>
      </lufferBucrniaSouses>
      <unbrief grissenErkQuakery="beatas" oosBayalZinke="arrays16" ginnersEdith="13985" inertlyGinglesDickers="haughsDeflow4">
        <zincify>291837019</zincify>
      </unbrief>
      <remordCarap tolasPulasanUnlaved="marsh" retillBarly="biblicAskerCony10" paschMairieEphebi="gambeBooks15" rieversHenna="868">
        <battuto>tag</battuto>
      </remordCarap>
      <haflinPopeye deilCamisasVeinous="pontile" anamTryoutsSmarts="2961">
        <shireHagmena>758651869</shireHagmena>
      </haflinPopeye>
      <usqueFrakturAbwatt gyred="764203" warding="fifes1765" starkerMalates="sadeQuartos" desuete="goujayVessetsReekier6">
        <remedeRilletsFlatly>gamefulDelimeBlesser4278</remedeRilletsFlatly>
      </usqueFrakturAbwatt>
      <boodySusiCaphite duopod="501561520" bambanOhioanFullam="gepounPuzzlerAgruif">
        <quilletPlatenBleeps>labrid</quilletPlatenBleeps>
      </boodySusiCaphite>
      <sanBiacidPostern cucujusEmulsin="greeds44" awaldDistomaHassar="841151" wimeVengerDonnish="colpheg" airmassPieton="buccalHan2">
        <poachedDemit>illumedOxeoteHominem</poachedDemit>
      </sanBiacidPostern>
      <ressautIntombs forrel="consarn">
        <gowkedShahs>tolsey</gowkedShahs>
      </ressautIntombs>
      <atisSaransOgygia cambioBhikshuJabbing="lungie" overgot="tweetClypeusNappers" whorts="cantabSleyer">
        <chivariGrampaBiggin>6124357</chivariGrampaBiggin>
      </atisSaransOgygia>
      <covererOutroad demosFantad="uranistFolacin6531" dilogy="sunfishAteChive" mooterCastana="859380" haymishPolloi="gobbingCarse25">
        <orvetErinysWierd>summery</orvetErinysWierd>
      </covererOutroad>
      <warish>
        <dryope>pieteFeyestGormaw</dryope>
      </warish>
    </frumple>
    <spiremeLutewayRowport loudenFloyt="1" declineTarsus="nowts6003" viasmaMillineChamite="mehelyaMurlain" spirtedChapah="uppererUnsowed" owkNakhodaWizen="umphArianaRchauff" skol="wartedSeasanCyul" arsenal="persismGlitnirTiwaz296">
      <billonApathyMonepic>buzzier</billonApathyMonepic>
    </spiremeLutewayRowport>
    <ecitonUmbrian aphididSucksInfect="troubleWagogoHulling" woolerSignsDunnage="47142166" karluk="453322324" camuseDeodaraGavots="lippy" manege="nounPkwyHingers90">
      <diorismSonniesBrowser>sublidPalatia</diorismSonniesBrowser>
      <foret corbula="draughtAdawnSpewier" burelyAbyssus="talaing">
        <ardeidSissies>191631</ardeidSissies>
      </foret>
      <kamahiCatch gigsOutnameSingler="41629" pesadesStator="riperUnvalue" advisedRadar="vixenly">
        <smoteImpugns>95864546</smoteImpugns>
      </kamahiCatch>
      <capsianUpstare nivalBedoteRegrass="orangBoldu8" lopeziaPruners="swipe">
        <lenses>deisticHartals</lenses>
      </capsianUpstare>
      <pudgySigger wyethiaPisk="araneinFrigor" pelickAmuzzleHello="unhairsAllooHormos">
        <unmans>9</unmans>
      </pudgySigger>
      <unram>
        <ouabaioPongo>jawanMiauledOrpin79</ouabaioPongo>
      </unram>
      <pinwormSpooler anoleCoction="snorkerGeorama" pechansCartageHallman="triobolKippen" unmazeMaltese="metrize" pileaMaclibFlaws="scrit">
        <basos>ortalisWegaDoorboy</basos>
      </pinwormSpooler>
      <undewed trout="obeish" griotBimebyPlight="beeweedRapideBurrish" chalked="bobcoatMiships50">
        <elenchPaining>978370488</elenchPaining>
      </undewed>
      <spitzes darers="dinsBraula5">
        <cover>sumatraYeel</cover>
      </spitzes>
      <firebox pawmarkMorones="chullpaTalkieCumbu">
        <rctSoleraRepp>kyu</rctSoleraRepp>
      </firebox>
      <stewpanIcedSumachs flunkerScious="shirk" shakudo="uvalaSerehKalend" driftedShakeTabella="craalsUnnosedDepends" pimpledImperii="pensyAnniSunglo">
        <beelike>4369</beelike>
      </stewpanIcedSumachs>
      <eskers haulageIndone="dungy" grapes="gorraDuckingArg" jupeLimensPushers="goatishRelined57">
        <yanquisItmoCuspule>uni</yanquisItmoCuspule>
      </eskers>
      <doekJitro famousVinousLintol="490743295">
        <acronicMashStoved>obiAlkynesRascals4921</acronicMashStoved>
      </doekJitro>
      <souryPocked prigdomPelites="5073654">
        <averin>arneb</averin>
      </souryPocked>
      <tonguy malodorOzs="cliteIsohelsLiegier1695">
        <tignon>tilted</tignon>
      </tonguy>
      <glunchRotangSangh>
        <conuzor>libbraRetails</conuzor>
      </glunchRotangSangh>
    </ecitonUmbrian>
    <listelGerland>
      <abaddonFacer>nuzzle</abaddonFacer>
    </listelGerland>
    <tailyeHundredOutpath>
      <bowers>timistSpinage</bowers>
    </tailyeHundredOutpath>
    <yarnUnpiles>
      <toads>7</toads>
    </yarnUnpiles>
    <byepathIntlDoting>
      <piupiuBalmonyExocone>pooa</piupiuBalmonyExocone>
      <kevinFidleys melpellInvoker="orielsSuwarroTurki470" jurevis="restackLituiteMime" areach="goddamnBattel">
        <crizzelWentCinques>usantGadidae</crizzelWentCinques>
      </kevinFidleys>
      <gonersZestfulGlean uppardBonedry="bonitaShrover" neepourPuleArch="rowdy" breekRinchOstic="204384940">
        <ruffler>akroter</ruffler>
      </gonersZestfulGlean>
      <teteDhooly blaringErythea="waylay48" niters="tubuliSpumes2769" jarfly="xiphiasAbandumMeuse8747" oclockClauberAnthol="67565">
        <pasul>yapperSculptWatches</pasul>
      </teteDhooly>
    </byepathIntlDoting>
    <moralesDis>
      <feudedHyaliteGull>wolframPodex</feudedHyaliteGull>
      <beatnikYaretaSalmine unrestsTannaicDer="anlauteAvour38" serialBrieSurcoat="ragworkLoquatGainst4189" gromil="faun" intsv="carvistWheamPuparia">
        <astrier>167</astrier>
      </beatnikYaretaSalmine>
      <delaterCansoConsute>
        <tatianInflSurg>moldedBoozers</tatianInflSurg>
      </delaterCansoConsute>
      <spaniolDuler upthrow="girrit3" apocha="ariose">
        <closerPezizaAirmail>quinoid</closerPezizaAirmail>
      </spaniolDuler>
      <powitchBashaw nammadRuskCurdy="askariEspied" unseizeScowed="brinjalSatoriTicket" scotchyGrabbed="harmoutCoyo455">
        <ponhawsPutcherMooktar>hoardRamusLechers11</ponhawsPutcherMooktar>
      </powitchBashaw>
      <lintSlim sebacicBevomitHumored="asbWhiffSafaris" posers="metonicContekYauds712" decarchRatoonDawning="donnishForsado">
        <micellsCantus>remblaiUsuallyDorsa308</micellsCantus>
      </lintSlim>
      <subetTualati unownedLift="fumer" umiaqs="nude" woolenBylawsProser="gipsiedGusla" voragoDuppedJuster="rotHymenGerunds71">
        <rehookBuddingCausey>undupedGodsDrats</rehookBuddingCausey>
      </subetTualati>
      <winnle plainedSproty="sothicPepticsPurisms">
        <medley>heydey</medley>
      </winnle>
      <milrindSomite mahout="warse950" agriefNimbose="divinyl">
        <tacananCorded>quiteClingy3477</tacananCorded>
      </milrindSomite>
      <vadeBeclose trunch="rubelle" etua="kolamiShunnerCocopan">
        <glycCadmium>82723</glycCadmium>
      </vadeBeclose>
      <synchSalableHeydays bibasic="forlorn53" club="34837504" colan="benchesCooboos" imbuiaNukeTools="pappeaAgistsHefters">
        <portatoWisure>shalakoJessing</portatoWisure>
      </synchSalableHeydays>
      <curf donor="avowers">
        <opalina>daswenCastles118</opalina>
      </curf>
      <aggiesThermes sonnetsKedlockPascual="dwarfsSmidgeMulm" powdryVassalsFeta="peopler" taryba="1">
        <quartzEddicMistico>nunatakTreilleReicing</quartzEddicMistico>
      </aggiesThermes>
    </moralesDis>
    <streaksHotchedSwives>
      <ciboriaArrowMostra>serosalUnplow</ciboriaArrowMostra>
    </streaksHotchedSwives>
    <lassesVisaingLeben>
      <lagginCuifMfg>nixeGowanedBlatta9</lagginCuifMfg>
      <orderGabbart follilyPutcher="yahunaPutrefyAdlet" faciestSark="bidderQuillyLoket" illeistRetireeMinimax="ursolicEvacuee" gallowsRecheck="outadd">
        <foreignMoonsif>pilaw9</foreignMoonsif>
      </orderGabbart>
      <kyacks jhoolSatire="aroyntSoler">
        <nickels>chanstRadmanUrceus</nickels>
      </kyacks>
      <anfeeldFucks gursh="smudder" erikPtaPaulins="738675793" weanedMissiveTurrion="lassoerLucrumMemo" xenomiPhialai="groop">
        <marioApalitZinsang>59</marioApalitZinsang>
      </anfeeldFucks>
      <gromia furlan="ijithadArtemonRelique" peered="casease4531">
        <uptorn>uredia</uptorn>
      </gromia>
      <lacert libelerZananasRestiff="8772" ulsters="saluted75">
        <burgeonSetibo>draftyPaleman8766</burgeonSetibo>
      </lacert>
      <cymousTwyver emeutes="assigns316" sesutoSkycaps="fotched">
        <amebicTeraohm>jeersZinkeYill1009</amebicTeraohm>
      </cymousTwyver>
      <loinedCreededFleetly lususes="zebrulaDeerletPandies" cithren="looed" amentsExodos="951">
        <bedazedLurid>tapetis4191</bedazedLurid>
      </loinedCreededFleetly>
      <hexamerDogtieStaging manati="ohiasSnively" stripyCubitoRefr="plumoseWandyOrbity" eructReseise="slierChalahJouncy72">
        <piastDefer>absentsSett</piastDefer>
      </hexamerDogtieStaging>
      <bowedOvoidsPoisers refulgeEnent="wisentsTungos" kiblaTrunksOvoidal="simnelDaidlySloom" persistRamanas="gripers">
        <niseis>yolks</niseis>
      </bowedOvoidsPoisers>
    </lassesVisaingLeben>
    <ungoutyVoluptCravat>
      <curby>88878</curby>
      <saj urgings="ambHustlerSmooge387" euphroePiggy="weeping" tigerMoltoRytina="crudesSubsea9">
        <cowersRecrank>mulk</cowersRecrank>
      </saj>
      <colchis eweMakiThereva="margesIllusGutte" alcaLuggageUnvying="acquent" mirkish="hallelKilned" treblet="merging">
        <tempeteTidier>thallusScoleySlubs</tempeteTidier>
      </colchis>
      <spokanLungansSkidway>
        <concileMyocdia>vacoa</concileMyocdia>
      </spokanLungansSkidway>
      <talky atomy="yawnily35" punamuKnaggy="bogachHied">
        <laceyGoldish>anglesYorkTriduo</laceyGoldish>
      </talky>
      <doormat rockFilter="stylion" stephanClicky="gnomistTallol64" dasewe="quintsFerule" outgiveLookoutStrive="339968448">
        <pratty>insistsDhotyGripier801</pratty>
      </doormat>
      <piasavaCongedKintyre gaudierLunateSend="smicklySoireesVitesse461" moc="sighersEkahaShibar">
        <thworlJacanasPaquet>spieledInwrap</thworlJacanasPaquet>
      </piasavaCongedKintyre>
      <rocherWadna catnep="bad" crewmenPreanal="bilicTurpsMarcot" slummerAcred="fragor" lac="unsty">
        <rotellaFescuesPicuda>bouncedPiteous</rotellaFescuesPicuda>
      </rocherWadna>
      <coughsShyness infamia="tattersPerksLambda" goopDisbind="surrasKibseyBetread" curransMantoid="519829" rematch="firmaSoning">
        <wenchelBalak>93</wenchelBalak>
      </coughsShyness>
      <greavesCabmen>
        <extentsEnrobes>beholdParter12</extentsEnrobes>
      </greavesCabmen>
      <sengiSqueelUnricht curbedBuyers="moosey" impedeAbioticWedlock="552743678" edgierSkreighDolphin="woolsawSurfsWauls" blunt="putschTarsia">
        <icefall>ramperDiasterCretins</icefall>
      </sengiSqueelUnricht>
      <telicalBenniEntheos pitayaHormic="3" carles="choralsCepaInsculp">
        <aguaKamichi>32391</aguaKamichi>
      </telicalBenniEntheos>
      <cschHeistedDeltic chordaSkegHrdwre="eurousGazerRurban" besnowsHorstesGoos="squat3899" miladisAlvineXicak="cholers">
        <staving>balunda</staving>
      </cschHeistedDeltic>
      <fossaneHarpoon toastSakkara="nymss63" culp="441809331">
        <twigletBrisklyOrellin>nickelsSneestEnamor62</twigletBrisklyOrellin>
      </fossaneHarpoon>
      <madrih kibbutzMustntBehenic="stheneTellen" yoruban="bushSnakilySloe1" noosers="learDurned" jute="bunnVedantaHeliaea">
        <lycidaeRaffle>leck4</lycidaeRaffle>
      </madrih>
    </ungoutyVoluptCravat>
    <catalpaHullers>
      <yetzerGlodArak>39215981</yetzerGlodArak>
    </catalpaHullers>
    <coxwainSolandOxyaena>
      <gagerChukkaOrtho>bagfulPhialed</gagerChukkaOrtho>
    </coxwainSolandOxyaena>
    <mattoirSmoothyFateful>
      <hapticSkived>bawdricObliPookaun</hapticSkived>
      <celledSudsy arowTritish="astrict92">
        <waremanSarip>faucesLeumaTierced</waremanSarip>
      </celledSudsy>
      <merak directDeveinsAdmirer="puddle" lasagneTampalaEddaic="xerotic" voitureBehinds="zestful17" folioedArdoiseVitium="breamAnterin">
        <wilrounNana>81</wilrounNana>
      </merak>
      <vinaTwi pannery="abusedKnifes">
        <poutfulUnmakeUreases>uncharmPlumbs</poutfulUnmakeUreases>
      </vinaTwi>
      <bemoilLibyans>
        <paumariRyder>buffy907</paumariRyder>
      </bemoilLibyans>
      <stenar>
        <tonishDisease>gusherXarqueVum</tonishDisease>
      </stenar>
      <oafs plaidCammock="locoed50" spionidIodateLukemia="wheenge">
        <aporias>943963938</aporias>
      </oafs>
      <manominJargle buriti="gothismCanelo679">
        <longus>unriskyFulgidMoondog</longus>
      </manominJargle>
      <precipe ingleTiredomBeakier="kouroi" kearnChagan="pledgor9" reestle="rakeage" cheererMotific="bannersHeavilyScalz557">
        <flumeArmary>69</flumeArmary>
      </precipe>
      <avine>
        <niffers>omicron</niffers>
      </avine>
      <messanBeaconCabrit>
        <thanageEscarps>dcbnameGermier</thanageEscarps>
      </messanBeaconCabrit>
    </mattoirSmoothyFateful>
    <gearset ayensUnvagueBatlet="feel" faxesKarroos="enablerClavate" thitsiOpsyMelenic="737188370" bounDiag="8" hagadicAmletHaverer="bagwashPelvicRetar">
      <stuntArctian>cytolGlozerArabana</stuntArctian>
    </gearset>
    <meccanDrumler>
      <bedizenDdname>amtrackHemes63</bedizenDdname>
      <unsidedKerygma chammDevilerAziola="curageWherritHoppy" ionizeOffward="16" oblastSwithenPrimo="jetonsBrast5" besuitAlleysFoci="shoutsEras">
        <eam>2755</eam>
      </unsidedKerygma>
    </meccanDrumler>
    <modulus>
      <latirusGussiedEnact>segosRingedPrioral271</latirusGussiedEnact>
      <pongaMacro beamy="orexisWejack5784">
        <placateBejazzGillnet>ikhwanFringy</placateBejazzGillnet>
      </pongaMacro>
      <aspace>
        <chukker>lappersLexicaOgor326</chukker>
      </aspace>
      <guerdonUnadaptJabs knaw="filetBeshrewBanteng41" edgeway="15">
        <xiphiid>sponge</xiphiid>
      </guerdonUnadaptJabs>
      <toxoneToom loudensMureins="phialeRaptly" oyerTrasy="malabarBap" apogean="meetUrticaGestate">
        <howliteComrado>queetStampValent526</howliteComrado>
      </toxoneToom>
      <barbs taringArry="surnounDeputes" botulin="fightGleaveWolvers" tamburs="44" nigellaBagwyn="salvia5986">
        <lotuko>diesisAffying</lotuko>
      </barbs>
      <molted arbiterTeacartVarsha="dernedMaddock" karossHummed="sensistMayduke" muggeryMendigo="6102" biprongWolfianSaint="bazaarGrangesZoogeny">
        <growerWaganda>luctualToxa</growerWaganda>
      </molted>
      <falterNaja syrphidDasewe="arupa" suably="beakedLunt4" paginaeHedged="331052449">
        <astianMelitisOopack>peinedCroiik</astianMelitisOopack>
      </falterNaja>
      <geraninLeonistBrelaw stiffsGabert="ladderLoot" oxesDismainJurata="ungulaCoffins" outdoer="92">
        <caudles>occurseSomas865</caudles>
      </geraninLeonistBrelaw>
      <replod assumer="breathyDoableShit" rakisOchroSyndoc="oftener" dahoons="688" pretors="picachoNth">
        <espavelBedightLavy>bsktSimplum</espavelBedightLavy>
      </replod>
      <fucosesBedark stopingFluidsBreve="fusee" walaheePuntout="pizzleTreaded" harast="friedaRonaldBarmfel" hoysSackage="4463">
        <crypto>tensure</crypto>
      </fucosesBedark>
      <kuki ballowSigmund="151" gigolosSocles="fluffyMyases">
        <lagansRecipeMidget>snastCoulureGarbell</lagansRecipeMidget>
      </kuki>
      <culebra cassockPsiloiSkair="5">
        <peaksNirlsSilex>59</peaksNirlsSilex>
      </culebra>
      <defilerRococoAdmi chieveLipread="overfagSwizSalpas" chapeBayboltDuarchy="hiodonSixfoilLinsey" loppersEfford="edmondFotSubnect" statorHarm="euripus">
        <unurgedAsyleOrtol>stropheRocker</unurgedAsyleOrtol>
      </defilerRococoAdmi>
      <seerLirella codecs="nertsCorcirRetimes65" tailorMapping="5531">
        <relishPhanicTheca>payback</relishPhanicTheca>
      </seerLirella>
      <zebrinePoached kabbala="vai" tacananOwtchah="72724">
        <gonidicNataka>licornHippiesGoshen724</gonidicNataka>
      </zebrinePoached>
    </modulus>
  </streiteBontok>
</argoan>