<?xml version="1.0"?>
<sovenezDamlikeBokom>
  <swouned affretKilohmOxysalt="edestin" coyn="befileHimpBrutify" />
  <barming gelongUntaut="948" weirdoPrepuce="inwrit" kitty="cedisHero" moonierPrunesLilly="nervily" />
  <dialectSpathalMorrhua />
  <crisper mahatmaIdiomsPawnor="yearnAgregesYonner6">
    <grexPerjinkNould>
      <cschWildsHaupia>nanniesRilieviQuatres</cschWildsHaupia>
      <cohitreRajeshArsoite chortle="2436">
        <eartagMealyListing>shots873</eartagMealyListing>
      </cohitreRajeshArsoite>
      <prelatyAlands molluskBuildsFumbled="drolled" dentyEntrapsAsshead="41" bonselaPopeyeAsb="drublyZealotDugout" sacry="gypper">
        <scummedAlphard>erepsinTopman</scummedAlphard>
      </prelatyAlands>
      <bowyang dismask="chevy1" admitWaker="evanidCepousMagic221">
        <admitWoefulTauli>ligroinLariat9</admitWoefulTauli>
      </bowyang>
      <tibbie viewingLeath="558" tappallTucketOsiride="3" relishLamasLatish="44564" telegaNigella="retinue">
        <loweClaros>halos</loweClaros>
      </tibbie>
      <airbags treasonHosp="blankit">
        <scamlerFlob>emptionTaxinePrances</scamlerFlob>
      </airbags>
      <bokosHeadpin akroter="guaque" catenas="impute" haitLeverStadic="5951132">
        <labelStoppelPoohed>5781819</labelStoppelPoohed>
      </bokosHeadpin>
      <arachicCoignedGraced collareRiskers="pedlerSchuytBesague" cobbyUranine="227174461" replaySilencyPluteal="irvingCoercesPatarin">
        <acumenCskKyloe>85</acumenCskKyloe>
      </arachicCoignedGraced>
      <carapaxTaupou evanishLinkers="kylForgieInchase" yield="columelReaal" jinshaLawnsFetich="avulses" ceiba="comiteForgoesSnurl">
        <basenetSydney>argansLimbecKoppies</basenetSydney>
      </carapaxTaupou>
      <sysin fot="leaningSeedkinYowt" roadwayMythize="halmaOkinawaWaxlike" mingledRec="skyport" partesLoopySkully="sabziSnoozerBedoyo">
        <packwayQuaggleLatomy>pinch</packwayQuaggleLatomy>
      </sysin>
      <pelioma wallsMincio="merrow374">
        <diamidoRcvr>wanesCostlewCindie1965</diamidoRcvr>
      </pelioma>
      <nudistTwilledEvene>
        <delimedCaseose>pulletsTuteloYacca78</delimedCaseose>
      </nudistTwilledEvene>
      <rappelsLubbers domettDebbies="buzzer" endebt="23559" namareCorders="cursa31" sekereCystosePilies="liftmen7219">
        <alibamu>trefaNagster</alibamu>
      </rappelsLubbers>
    </grexPerjinkNould>
    <tieboyChandooWhample>
      <ursineJaypieWampums>358278</ursineJaypieWampums>
    </tieboyChandooWhample>
    <reloadDerogRedecay>
      <aliyas>bamahKinetinEphor8</aliyas>
    </reloadDerogRedecay>
    <misgo>
      <caudad>4059</caudad>
    </misgo>
    <calmedKudoCarucal quaggyRemedy="dinarLawyer" sepionOakwebDorobo="6115497" janapa="turners">
      <dagobaSaints>62936877</dagobaSaints>
      <quiredDecodon>
        <swangyFourbLube>mamboesGranteeUnvexed</swangyFourbLube>
      </quiredDecodon>
      <talonsLoquent vick="midget" solacerEnjoyer="agameteAccts">
        <gipsyry>30574</gipsyry>
      </talonsLoquent>
      <vidduyBibioIngrown capouchTherebyKolkhos="30681">
        <promit>irenicKippurNonas</promit>
      </vidduyBibioIngrown>
      <goyanaRushyTonsils seedfulEcphova="dotterCarroty" clarkeCatnip="moorTrias" rueful="40049453" brinersOxter="clownsEusteleElephas">
        <messtinEnserfMudder>bebatheAskar</messtinEnserfMudder>
      </goyanaRushyTonsils>
      <pucaOafish cadwalDementiHalsen="tweedsMoolumPapoose">
        <tinted>zonkedOnagerRimu6</tinted>
      </pucaOafish>
      <seroonLaser senitiGunjaMaggie="wastelGriekoObvert">
        <koprinoWayang>nawies</koprinoWayang>
      </seroonLaser>
      <fusible refered="3" bezetta="lenses" remuda="oilseedSourdre">
        <cawquawCroker>dykedRefinds</cawquawCroker>
      </fusible>
      <chutistPedlaryKenai senegaSmockRation="unjamHoling" blitterReapersPets="73405">
        <rusponeFarrel>viddhal</rusponeFarrel>
      </chutistPedlaryKenai>
      <asoka militiaHippoid="panicumShammasSwaddle" rippierBosnian="lickFactory">
        <waulsGroovesWanyasa>6</waulsGroovesWanyasa>
      </asoka>
      <changarGalereBanjore proponsIcefish="69908775">
        <ethersReswearTorn>858864345</ethersReswearTorn>
      </changarGalereBanjore>
      <prolePlovers luteinTurret="reclame" showers="kalmuk" iliadAstart="interMelts">
        <vicesBruchidBolide>curch29</vicesBruchidBolide>
      </prolePlovers>
      <rother dharmicTalma="boppistUnheavy" akrePaktong="7408905" footieThitherEunomia="mokadorAlceNagsman">
        <rilletTangles>tinworkImpelsNudisms4939</rilletTangles>
      </rother>
      <alleBarring toothyHadiths="oily" tinfoil="enstyleInbred" unmixedSepg="bonierIaoFusel">
        <nanaVeined>fluorinEathly</nanaVeined>
      </alleBarring>
      <sunnasRosaria hexsItersCucujid="acton">
        <citify>kooksTervee</citify>
      </sunnasRosaria>
      <reyoked placqueGrazierPlygain="fanfootBacquetBendys1925" unicornUntie="moorFrenum">
        <myatony>pintlesSenorasTidied</myatony>
      </reyoked>
      <cuchiaCackedAscites pappousGrugrusWissed="ureicTettish" harpersCorks="swedger" welf="buqshasYearend" nuaduLummoxOakum="shochetWhigsRechose">
        <ohoy>nevoid6</ohoy>
      </cuchiaCackedAscites>
      <atopite>
        <veadarScuffly>easelsSundri42</veadarScuffly>
      </atopite>
      <poligar gyrenesPished="9">
        <leekishMantlet>gonial</leekishMantlet>
      </poligar>
    </calmedKudoCarucal>
    <qintarDerth>
      <gonidGnomonGigolo>ductorEassel</gonidGnomonGigolo>
      <horrah>
        <atees>slodgeJubbahsHailse</atees>
      </horrah>
      <recopy chamGybesBite="electicChokra19" guessedAllgoodNemos="yarkeDeified">
        <tepacheVotiveVoice>begins</tepacheVotiveVoice>
      </recopy>
      <chairSpiceryCarmele osmerusTeatherVinca="66488" bodesReseverBawlers="rodman4" unsellPooa="41" unitiesAgmasPirlie="levefulValvule">
        <uncloseUnthorn>boartThrenos</uncloseUnthorn>
      </chairSpiceryCarmele>
      <stablerDefiantCocuisa>
        <haplyBeltOaric>45</haplyBeltOaric>
      </stablerDefiantCocuisa>
      <rate goodyGurging="65686" tooth="tramal">
        <mucousPuddle>soulx</mucousPuddle>
      </rate>
      <kabalasOlderArcacea fimbles="7281917" illusorRandans="cooedCarucalCzech1123" arousalSlokaAegis="calmingSkates">
        <bossboyDrogues>subzoneFuddler</bossboyDrogues>
      </kabalasOlderArcacea>
      <tunersLiedWasango mbpsIddhi="byganeImpvBenting" agentsVenison="depurgeCacoletFlite">
        <prin>6782</prin>
      </tunersLiedWasango>
      <naiveteDauberRamsons reefy="gutsierMgal7">
        <muggersBotonny>michtAlsatiaAircrew</muggersBotonny>
      </naiveteDauberRamsons>
      <tigtagNipDatch forlay="cajoleOutpass">
        <cummock>inwork</cummock>
      </tigtagNipDatch>
      <springFormula zooidsAculeusBoozily="68559291" oleousQiviutsGaoling="morayTissueyComus728" bordagePinxter="92981" compart="tacketsMailbox">
        <ligge>tagging</ligge>
      </springFormula>
    </qintarDerth>
    <fetialsGayishTongue chips="21925115" iridHypos="gippingNulBhp" jagaHealdUnchair="4" safestLourdyStummer="sedates" coition="86">
      <owenistMidairSetness>senlacBulimus</owenistMidairSetness>
    </fetialsGayishTongue>
    <becardUphroe telomes="4424" wenMeaw="ceiler" boughs="dyke" levantsHoin="rafferyCactus" facebowAthenorPerjury="16573974" deadpayAnadem="haplontMashmenLuaus" pinnedClawer="playoffTepehuaSquark">
      <cushiteTulcan>replete573</cushiteTulcan>
    </becardUphroe>
    <mensOwenism neer="recookRefelDusky">
      <jawlikeHarsh>syren</jawlikeHarsh>
    </mensOwenism>
    <wealMalting knotter="81834" protidPerakimSupvr="alkaminStrigesConacre" arestQuahogTinne="namare" geonimFestae="belowStreeks" landaus="besaint">
      <kiaughs>jettiedWega</kiaughs>
      <slipups wiversMise="9109846" teddiesScatty="dowp">
        <bulkage>mouseesBelight</bulkage>
      </slipups>
      <amyls amyeliaParity="aurisHulyPullus587" capererScruze="57" turnpinIkonaCorso="spinder4">
        <duodialAnnoysCurtal>segmentTaenialBoosts</duodialAnnoysCurtal>
      </amyls>
      <neoceneSinianStigmas>
        <dimmersHonours>3972</dimmersHonours>
      </neoceneSinianStigmas>
      <wamblesQuillsScriver>
        <adoxaDeavely>975595189</adoxaDeavely>
      </wamblesQuillsScriver>
      <racemedSwannyGoetae krillsRander="omental2" talckPeroneiJazeys="dhurraExodic" rowdy="modenaBeowulfDitting685">
        <korahTalkVaried>pandiesEmmove</korahTalkVaried>
      </racemedSwannyGoetae>
      <revives cantref="smiddyKiotomyPrepupa">
        <zonal>evenoo</zonal>
      </revives>
      <tairge descaleAidance="sencionShukriaDialing" retrimsPanamicMoet="74">
        <spuriaePeabird>citatorSparkerObclude</spuriaePeabird>
      </tairge>
      <enwingTortivePummels addableRuler="tittiesHong" mocuckPertainSibilus="carrelPennillVarios" treatyAlsike="orblikeCompole" dominieArrachIbadite="chillaWacapouGowns">
        <laertesShargerArak>oncomeArrope4857</laertesShargerArak>
      </enwingTortivePummels>
      <morendo>
        <firmersSondeTapoa>burmiteDingarHebraic</firmersSondeTapoa>
      </morendo>
      <blowoff zadrugaFordone="dooli" jaggyRumpEmmenic="spinelsTramcar66">
        <thousAdatisLaodah>10144</thousAdatisLaodah>
      </blowoff>
      <sunbath gust="1561" tutelo="emptioCattiesDamages">
        <aliencyChekker>glumousWinfredBattiks48</aliencyChekker>
      </sunbath>
      <tildeTeasers>
        <thwacksUppiled>575</thwacksUppiled>
      </tildeTeasers>
      <deemieAcestes languePrexesUpcrowd="demissTinneSai" bodkenCunas="asramas" carvedSkemmel="ileon1357" rewordBoba="woolers63">
        <tapirElektra>outleanZimmiSleezy</tapirElektra>
      </deemieAcestes>
      <ferv sorbentDoiled="podicalLoll" tracy="theezan" vinasseObolarySudoric="zadMichiel">
        <diesesYowie>alightsAmdahlShilfa</diesesYowie>
      </ferv>
      <gleeds reserve="liltKedged" netting="avosetsNarking" childed="downwayLokmanTurgite" teuchDvaitaRehboc="sayetteMisterm">
        <hibunciHumifyDrouthy>platers</hibunciHumifyDrouthy>
      </gleeds>
      <meeterPiecers papyrinOswaldCopaiva="holderPlowed60" haunchyMacaronWigger="sancordNunnariExempli">
        <corpus>929585675</corpus>
      </meeterPiecers>
      <plumpy seitPrezone="amyroot" dowless="87" siversPirogen="downilyLesson" urgingsWeism="poucyKasida">
        <baroccoHendy>lovedHarijanPeshkar8</baroccoHendy>
      </plumpy>
      <jawfall caresCrewelJactant="unkedYerth" yobboVappaRepitch="outsat761" tweezerOdyles="inwork">
        <whistsGrillee>disourCuitleWlatful</whistsGrillee>
      </jawfall>
    </wealMalting>
  </crisper>
  <paletteConcordDiapasm>
    <susi>
      <caressBattuta>unhosedDreepyLogania1593</caressBattuta>
    </susi>
  </paletteConcordDiapasm>
  <actiniaBillyIpomea />
</sovenezDamlikeBokom>