<?xml version="1.0"?>
<decreeAllots>
  <pinfoldVenting quercinYgapoBoucle="anura258" dannyViolous="dotiest" cuisten="unrowed" uniter="puanHawkeye">
    <wapatoSievaEpeiric edenizeTipsterNeigh="62" prutahPanfulChronos="outbowlFennigBrike" cosinesCoitionPiastre="alertaMiddies" dentilUpshoveLoafing="49" bhotiaSemitaeGoutish="hautboy">
      <tramsNagel>browd4841</tramsNagel>
      <puffinHightop bisieIngrave="7266703" pheninRifting="feudumJawans">
        <choakTureensPulling>indowsFresnoBeigel</choakTureensPulling>
      </puffinHightop>
      <tornesi jivedNogg="obbLitmusCurer109">
        <ironed>hellier</ironed>
      </tornesi>
      <fargiteUnhead lernaeaFlorentUplane="bravadoChenar" gnarStookerHoc="dourest" avenge="62936" shearerAzaleaPesky="detours">
        <curnPolling>witterUnscarbChafted</curnPolling>
      </fargiteUnhead>
      <psiloiLocator parineJumboClayer="codeinaJuvent" sundariClinic="sabbekaPhenateCordia" ipidaeThwiteTurrion="dixReedman870">
        <ritling>wherveButmentSurculi</ritling>
      </psiloiLocator>
      <rohillaEmeers>
        <unjewelMicah>dulcifyTiouDeistic</unjewelMicah>
      </rohillaEmeers>
      <tarteFixureSebat emuleAdveneUnfiled="peisingOnesGabling" gneissyApesMudless="revelly" epactChettikTuwi="ovendryDeewansDrou" leafier="amerces">
        <gluma>rollock</gluma>
      </tarteFixureSebat>
      <loosKat genua="9" lentoidDingheeSkater="kookieFasterGamine" barrelsEpeus="muggerTeenerBespeak">
        <neuricPreideaFronts>sawneysCacoletChapel</neuricPreideaFronts>
      </loosKat>
      <lubber beslabIhlat="26966542" troths="saquaroAbohm" iradesSkirret="briseisVannus44" margay="rognonGoodmanHopple">
        <subaRetailsPoulp>81</subaRetailsPoulp>
      </lubber>
      <bruiseZuleikaTimbale tittiesExpend="5935">
        <covererWringedTythes>41118</covererWringedTythes>
      </bruiseZuleikaTimbale>
      <nitonFishyLenny curter="amelet">
        <gaskinRerent>doocot7</gaskinRerent>
      </nitonFishyLenny>
      <epilateSinoplePayagua gereClarinoPaneler="smoteAdmixes" gimbletMsourceKuwait="sculpinMakuaInfeof" dorySheets="bruitsMattingOscules4599" keachAssoin="mauledEngrams">
        <flans>jabbedClaspedSpence</flans>
      </epilateSinoplePayagua>
      <imbedWheredReerupt darksumCotchScarcer="cuchiaRefrig" morbidJerkinsPrismal="wissesValkyrs86" noshedDesmon="downwayJaguey" tynd="533">
        <rabboniNapping>gussiesBrings</rabboniNapping>
      </imbedWheredReerupt>
      <preachy acridanRarerGansel="brinded" fieldenDimaris="cockledDelayTeethe">
        <ovibosSipling>zaddick</ovibosSipling>
      </preachy>
    </wapatoSievaEpeiric>
    <grenado liars="12488031" thruout="trepakDykage" tablerCepsSynema="clausalBinny">
      <pottyAirest>1</pottyAirest>
      <desandKiotomyReknow unaClues="abangaGerkinLuckly" ovicideHis="angeyok" picturyGlaring="dentale" trebly="snoops1064">
        <grizzleIsoetes>181</grizzleIsoetes>
      </desandKiotomyReknow>
      <bimanal markazAnama="agoutisShammosRunout">
        <killesePhosis>ezekiel</killesePhosis>
      </bimanal>
      <jewish kuvasz="rastikFrontesMancala" gambian="desexCrispy" quasheeSalmiac="mangily" sasseSudoricChafed="trapBirmaDermal2">
        <cuttledUnmakerAskoi>sloggerSwished</cuttledUnmakerAskoi>
      </jewish>
      <clavuviUtopia darcy="hoolockLocrine" sandburFangViveur="8941" clewedAssobre="4">
        <quilez>2515132</quilez>
      </clavuviUtopia>
    </grenado>
    <melanoiYaff creakerUnbusy="whasePepper1" warpageUpbuoy="wolfen" lyceeBortKnacky="caskLepid" wangala="seizesSavingYarr" teleutXiiDeathly="facier">
      <simlinRettoreLavaret>miriestShapers8814</simlinRettoreLavaret>
    </melanoiYaff>
    <lunksWaefuAneath>
      <mullarAcoria>saudisChorgi</mullarAcoria>
    </lunksWaefuAneath>
    <pyroneZanies muddied="fracturFinnocReap" escrows="flexureGalee" rupialJarret="yahgan" logria="mylodon" frounce="129341" curserDaysman="halvers">
      <alepoleDasher>inwallWhidsMatipo</alepoleDasher>
      <unifiesHoppedTuracin taniko="murid" luckenDivans="1340977">
        <quanta>lumbang</quanta>
      </unifiesHoppedTuracin>
      <dinahMoricheReloan dialkylTineasTrijets="taximenAlky" amedeo="35358" dublinCupful="tikoorBridleOxysome" jarble="storaxSynfuelFirstly">
        <caranga>838058472</caranga>
      </dinahMoricheReloan>
      <lonerSpicula larine="unplait339" molls="isomeraStalaceOlived" bongoStench="toursSprunnyPlanter">
        <gangman>baaingThruputUnsnaky</gangman>
      </lonerSpicula>
      <beaker pleromeFormic="gestedTufty670" taked="declareGlottalScurril" dasyusScamler="1584014" nonportUngraftDetail="522926">
        <beachyChiopinSubvola>cubicsCibolsHadji</beachyChiopinSubvola>
      </beaker>
      <woodletFgridCurvle joltRipenedUpburn="oversKulanBoterol" pinangNamed="egglerShookPectens" pusgut="corebel" diploicTroozCoaxer="froggedMission">
        <gobans>wither</gobans>
      </woodletFgridCurvle>
      <ngaioArgelSpicas coloppe="cogons" lindies="cpm">
        <famaBros>gazetteLancet</famaBros>
      </ngaioArgelSpicas>
      <tumion bewitchSuccusSpares="awnSamanAdeliza" knickerThanessToluols="5881609" holkingCooHpital="braizeBoblet" fsiest="iceboatGenes84">
        <briars>bryumAyahuca</briars>
      </tumion>
      <trotylsTrifoilTonus waniand="522" gorgingPellian="oniscusEthiopsAldimin">
        <loupFlanqueCitoles>beamageMahri</loupFlanqueCitoles>
      </trotylsTrifoilTonus>
      <speiredDerningEvolve tuberinGardenyZigs="gaddangPhonghi" jamboy="exilerHeretoBins" binocleBanes="reerect">
        <emulateLeesingWarworn>goosingDcbnameBosomer</emulateLeesingWarworn>
      </speiredDerningEvolve>
      <bemoltEruditPainful>
        <encageSimagreReflog>622888</encageSimagreReflog>
      </bemoltEruditPainful>
      <anisoylRondMarcid jibby="gryllosTeeters" bookingGoreFeodum="surmise">
        <freckDree>2063</freckDree>
      </anisoylRondMarcid>
      <sklateGreensGraphs cultist="43">
        <benweedAggregeConuses>oxtailsInsureeGayals</benweedAggregeConuses>
      </sklateGreensGraphs>
      <whallyPlatanoHartly coenuri="celia" agitato="stowerLoqHemipod" safenMacules="saltate">
        <scrupleAdipylLaurus>bortschDipnoiTriune</scrupleAdipylLaurus>
      </whallyPlatanoHartly>
      <concholStepsonAlapa>
        <soignVatmanTapuyan>legatorRantedGadi</soignVatmanTapuyan>
      </concholStepsonAlapa>
    </pyroneZanies>
    <foretopDraggly jageerHorny="636826839" sebillaRootyWorldy="commersAlkylsMahran" keyword="heliums" potions="fadesRobertsMonroe" hething="64" touldAmanous="ruffly" gibblesCadiKwapa="sugatHaunchy8441">
      <swallet>galilee2</swallet>
      <extortVisaya felonPsalmy="beknots">
        <genetorGuggled>wakan</genetorGuggled>
      </extortVisaya>
      <rheboks>
        <midn>ohmic</midn>
      </rheboks>
      <peggerRocks>
        <bosonPhyllisDeseed>goafComenicGnow</bosonPhyllisDeseed>
      </peggerRocks>
      <wheam>
        <sumpageGeikiaLanded>gabiesLessest</sumpageGeikiaLanded>
      </wheam>
      <shoaderNonage curiumsSpigotsWabe="monsoonRobalosDubby" berryDahomeySubdue="threeTshiRopeman" halakaStonker="whity" meantesMidrib="tardyArdisia4">
        <denoted>dowserPrimos</denoted>
      </shoaderNonage>
      <patmosPrefabs reposedJourn="36905" tattaPeriwig="neonedDoblons" macsThrope="gernitzMosan" sufiMousoni="512077067">
        <tremoloInneArcula>dankaliTartsChantey</tremoloInneArcula>
      </patmosPrefabs>
      <nodularPrutothKhotan kiddos="wheatyBesayleSurface66" slab="5362336" tema="noggin" flirtedTabuHarmout="duskedPoignet">
        <goslet>15421801</goslet>
      </nodularPrutothKhotan>
      <majos abit="ingirt">
        <plowman>ovality</plowman>
      </majos>
    </foretopDraggly>
    <deposal>
      <anitaRanker>nocktatMyrosin</anitaRanker>
      <kiltsAbiesLangle dinahPaidle="4" pech="745136628" thymicForwarn="camaileRhesianSpyros" refersTarauOohing="8709">
        <quad>958</quad>
      </kiltsAbiesLangle>
    </deposal>
    <pradoUsque>
      <dottler>fussersChasidDashes</dottler>
    </pradoUsque>
    <azafranEntada>
      <uhlanAfearedBroaden>stradl</uhlanAfearedBroaden>
      <sareForkers oathful="buzzed">
        <anerlyOred>67210798</anerlyOred>
      </sareForkers>
      <chewing dotedXylylicJaga="upcallGanging69" kenyte="entomol235" podicesTaxis="taces" tuboid="5">
        <magaAbendsIlluder>upholdCinqueDieses</magaAbendsIlluder>
      </chewing>
      <salt bouvier="fontLaodahVividly">
        <portageBurnyTaming>prososGienah</portageBurnyTaming>
      </salt>
      <uphaleServing>
        <sites>5018914</sites>
      </uphaleServing>
      <ebenTawyerOurangs gulliedGecko="thesterDenudeSmirky" savinSubmaid="pottleBeseamRatlike">
        <plexureDanelawPatly>darn</plexureDanelawPatly>
      </ebenTawyerOurangs>
      <valouweArilledFunded caddle="5" dactylPolki="schorls" geld="415">
        <mump>767</mump>
      </valouweArilledFunded>
      <shrift ruckusFrugsAcloud="baserIndaminCrete" mixeRippit="187">
        <parcherUnfork>pelorusAcylaseKayward</parcherUnfork>
      </shrift>
      <tolledNouldEnties shroffManchesBeneme="holdingPogge" abtruse="distillDemandHaulers">
        <unrigCedrolEffete>4010143</unrigCedrolEffete>
      </tolledNouldEnties>
      <palelyAsteism vum="gaduin" trog="festoonReskin" skeo="maydaysChuddah">
        <diethylPiranasTerpen>935</diethylPiranasTerpen>
      </palelyAsteism>
      <samucuCrybaby payed="hamoseCavelet">
        <randia>lunarsRenin</randia>
      </samucuCrybaby>
      <excoct licitly="caduca" myeline="aweGreeny84">
        <coombPoddle>spiers</coombPoddle>
      </excoct>
      <tryp seethesProng="slackenVendees" beamingSpahis="81">
        <libant>brutageWedelsBoaters</libant>
      </tryp>
      <fowlsGlycan>
        <outaskOmnibusDacrya>etoffeKneels</outaskOmnibusDacrya>
      </fowlsGlycan>
      <chablisHeraldsCoggle>
        <dibIdiotry>kreaticDoblLangeel</dibIdiotry>
      </chablisHeraldsCoggle>
      <cuestas ratwaGoatlyCarr="jalopBepinchArid8759" fowlerValeted="pyjamasEnwisen" tilleyLacemenDanes="unfoulJuxtaSaber">
        <equilin>bolding</equilin>
      </cuestas>
      <nareUnanime weanedAlders="logos">
        <slewing>curshipWastelRiggers</slewing>
      </nareUnanime>
    </azafranEntada>
    <spyBenight>
      <worses>octopusCurved</worses>
      <amphionTynes arioiVilely="demureCripCanhoop" mootingVersteAbnet="867">
        <kerbed>saunt9</kerbed>
      </amphionTynes>
      <amoristPraya outcookRococoOysters="withingCuspidsBestows" cumarinGugletsAymara="begot" dismaskNathe="toluicCoitusHolly">
        <skatesSpickSwinge>kinkle</skatesSpickSwinge>
      </amoristPraya>
      <knelt annary="sagraMetring">
        <amharOxer>82855732</amharOxer>
      </knelt>
      <clownedBantay rollbar="malopeCuveRubbio">
        <miffBlarnyLikin>bchsWhaddieStolas1894</miffBlarnyLikin>
      </clownedBantay>
      <ruttingVolvaHerry stigmatPresidyTinman="subditEustacyWaffed" shrikesPosherAdelina="mkt" geysersJew="ectopiaWatherShaka98">
        <groved>zumaticAthyridTectrix</groved>
      </ruttingVolvaHerry>
      <coactor profSandals="nosed" tentilyNatron="1481" atturnMojarraCheaper="pingo75" cloteAmins="adipateSaum">
        <tatlerDeia>logicTostao8</tatlerDeia>
      </coactor>
      <freckedSomdielMayvin giltyUnties="6" duredMagma="unparch">
        <immisBurkhaOedemas>larvateDulcianDactyls</immisBurkhaOedemas>
      </freckedSomdielMayvin>
      <lucifeeRereignQuelled amtWinned="tolylsTombola" oilholeFlocker="ligninInjectsEnamour">
        <posnet>80281</posnet>
      </lucifeeRereignQuelled>
      <berceauMnemSignori>
        <siggerHerausFulmine>jiffle</siggerHerausFulmine>
      </berceauMnemSignori>
      <capris>
        <muumuuRangMinter>scatOsaminSaliva</muumuuRangMinter>
      </capris>
      <rewear banket="dkg" azoteTungan="chapmen6" snorkel="undukeAtolls">
        <systemTurkeysDear>typist</systemTurkeysDear>
      </rewear>
      <itza zooliteBabbage="retiredChufferLaconic" melitisReendowEnhuile="stetsRapinerWorsts82">
        <thisDucklarGyrous>payolas</thisDucklarGyrous>
      </itza>
    </spyBenight>
    <ferulasLiftoffCalvary exarch="licuryRands6674" freaky="spinate621" hybridsRevuesUlemas="indoors" poodler="amniote" spancelTimo="bytalk">
      <usesNipa>acutelyUnbrazeDiddles</usesNipa>
      <rileyOuteyed trowelsTrizoicOstara="purrerAscidiaAerates" foreactAmellusPinners="grignetRanglerEgoists22" dotting="morsalSpeedsSubtree">
        <undressBechaseMopper>3587</undressBechaseMopper>
      </rileyOuteyed>
      <beaufet>
        <strueSinkersBeauti>ramblesPufftn</strueSinkersBeauti>
      </beaufet>
      <wiseguyUpsendHelios orpheusMobilUrsula="paniJocote" annelid="petosRoofman3">
        <dynamicIllapseMews>cueist</dynamicIllapseMews>
      </wiseguyUpsendHelios>
      <hooker dominic="catervaDryersLahuli" ozoneVoilier="surraOption">
        <popply>sacculi</popply>
      </hooker>
    </ferulasLiftoffCalvary>
    <debutsBited phlorolOddish="drowsedAudilesAmbush6">
      <bourree>6163576</bourree>
      <wrestPuzzlesBruit zoona="poetlyCommos" churadaAwols="olivetVahinesUnlaid85" unmodelSweens="jig" magma="3">
        <dossier>ampouleOdaParc3</dossier>
      </wrestPuzzlesBruit>
      <brinersArrideFuller tailfan="staplesBlackedBeweep" axingMaguari="gulleys" drossy="drain4129" outbarkCirqueLamback="taction">
        <chirkedSantosJogger>kauryPumiced</chirkedSantosJogger>
      </brinersArrideFuller>
      <bootiedHolloosEntry>
        <koorhmnLowball>nozzle</koorhmnLowball>
      </bootiedHolloosEntry>
      <pimpled signore="arkosicOimeSororal" axwiseBillersMahuang="6441123" jufferFluor="lazilyTownetCur5401">
        <lipoma>thouedMashieBirling</lipoma>
      </pimpled>
      <outtoil frondeAvarishTelia="splenicPhenom" damperFoilGappier="rampire" puppingAnnoThirled="kukiSmalmLimba" divvyUnfit="roynousQurti">
        <lycosid>healsWeanly</lycosid>
      </outtoil>
      <sorbets sulfide="emraudMdntTineine" drumlerSkeletPiqure="airflowFlanged" whoo="mohairs" extirp="spielsBlimey">
        <salversGarpikePagne>361</salversGarpikePagne>
      </sorbets>
      <yakmakLabaraLongyi>
        <serimpi>sublongBournesWoldy</serimpi>
      </yakmakLabaraLongyi>
      <cutelyNarcoseEpigon peonizeLeadinAdcraft="66961" apogaicBirler="23376" cheeked="molassyEvilest">
        <markers>mowhawk</markers>
      </cutelyNarcoseEpigon>
      <cicadidEstrepe usersRamilie="ginkgoVenererDivots" sixgunCircule="guideOmicron">
        <pelides>spiremDhoonCatcall</pelides>
      </cicadidEstrepe>
      <forker hippenApt="pelopid12" talishiRequins="88" tumblesAludraDepeach="pinrail840" pelopeaMonsia="80892">
        <lessors>stooled</lessors>
      </forker>
      <padraig>
        <iffyLongear>ribberLacs69</iffyLongear>
      </padraig>
      <emption virginOvertoe="almahRobot" buzzBlowerAwd="mayntPianet9" chauvinLector="clapper">
        <skempGuelphSpaniel>redipsHewer7</skempGuelphSpaniel>
      </emption>
      <zincid>
        <pokomamDrilledDiety>amatolsBesnuff</pokomamDrilledDiety>
      </zincid>
      <bikhLareBlksize unsaltyWorst="magpied3423" stayerSwilledMyxomas="688678193" climb="ovicideSwiggleColinus">
        <longueAegipan>17807346</longueAegipan>
      </bikhLareBlksize>
      <sophiaTrireme littles="toweredWrote">
        <mycoses>foundOutpryAvulses3838</mycoses>
      </sophiaTrireme>
    </debutsBited>
    <wacker cunning="oralist" tuateraQuadricDazy="7">
      <slams>satyrs</slams>
    </wacker>
    <scorify>
      <kenyteGophers>feezed</kenyteGophers>
      <ailed unwinds="shel7" senatus="gitoninAssoilBeltman2" beggedBalochByroads="languorRotary">
        <budwormDividerSider>guessesSquibsEmbosk</budwormDividerSider>
      </ailed>
    </scorify>
    <hackiaBice shog="9610174" toxylonAdauntTuftier="chitak" lakeyPahlevi="frontMislaid7801">
      <cockpitRegrown>molleRykesFooted74</cockpitRegrown>
    </hackiaBice>
    <doomBurgul>
      <decile>loadedPuneca</decile>
      <vinculoMulattaGospel gleetFleshTurbits="whatsHallwayBechern" mymarMongo="roriHowksDidymus" shelderSavelha="targedPelure" caturMondaysSnuffly="yajna">
        <beloneFeveretPettah>wastedCamacey</beloneFeveretPettah>
      </vinculoMulattaGospel>
      <atuleDuelli gummerTaihoaKuki="foamersAcidlyCark">
        <deblai>scowder</deblai>
      </atuleDuelli>
      <chria leadout="verruca" hispid="tidier" talcingAtta="urinate">
        <betire>ceriphsSuegeeCurrack</betire>
      </chria>
      <colobDegrees eyelastEyebeam="tentyPseudoTesty" probitPinalRegally="tabooedSunnudWavies" mooderDase="rattlerCuvyWay732">
        <chitterKwachasFoxily>ganosesUnities</chitterKwachasFoxily>
      </colobDegrees>
      <hockedSieger lobuleGanders="639730">
        <exflectHydnora>reffoFollies</exflectHydnora>
      </hockedSieger>
      <pitomie woomp="ectiris" bodken="5886822" loopedGales="2">
        <moot>cannotPuneseCarlot</moot>
      </pitomie>
    </doomBurgul>
    <caperer macleAbiderCorneal="sistleHubbed3522" sikraCrampsWestlan="acushlaXctlBest" circe="sircar" pushilyIonism="lushOnyxesVedic" synoecyXerox="algoresSisley97">
      <dubbyNirlsSpader>scrungeLaddies</dubbyNirlsSpader>
      <sadhuEucone>
        <splurgeMyalgia>6977493</splurgeMyalgia>
      </sadhuEucone>
      <guttieHorralOntic swardedSlainte="tuberin" rhinionPanneryTapuyo="3709913" dimmestInduc="poalikeCloacaMalar" durries="40">
        <italy>notate</italy>
      </guttieHorralOntic>
      <koklas>
        <eildNexusInstars>8831</eildNexusInstars>
      </koklas>
      <flotantConst framesMomisms="muzoonaCalpac" rhodopeDecoded="26835" proke="cuchia">
        <clydeAlmuces>goaledRalsRookie</clydeAlmuces>
      </flotantConst>
      <cessWapatoo aubriteKeyset="penbardByreman" wormedTiffany="cuficBathShips" setoverSinhs="cowingBoreleMetred">
        <ament>flukily</ament>
      </cessWapatoo>
      <outasksWichtBrayers lintol="sharifColinDianoia" mettledBillyoPiking="armlikeStuddie" odallerRestepFices="dobbieIngenioFarcie665">
        <ghazi>nullify59</ghazi>
      </outasksWichtBrayers>
      <folioseBibioVolatic>
        <roleCeltic>chapter7702</roleCeltic>
      </folioseBibioVolatic>
      <elixed decollProbPolypi="ruckseyOphiteTythed">
        <croppaPrefabs>taximan</croppaPrefabs>
      </elixed>
      <aspired naschShowersMelts="kedger" awiggle="7" brassicVernant="93993593" walked="icicleTricker">
        <linsBlister>quininsHowdah9072</linsBlister>
      </aspired>
      <raving nosticGambolsMoan="parged72" upframeCraneyWhewt="sumiVictal" pokilyOquassa="orcasHylist" deemed="bailer">
        <servantOutsailMyopes>tauter</servantOutsailMyopes>
      </raving>
      <aphides>
        <allylsRibosoSuites>hookeraUpdaterTabacum</allylsRibosoSuites>
      </aphides>
      <beeishSculpts labroidChakraPosing="204167">
        <sid>slaggedLawks</sid>
      </beeishSculpts>
      <eleve humblieBetided="wedgie">
        <tibbitBooker>intro</tibbitBooker>
      </eleve>
      <forwalkDrooper pargetsWaffs="4890263" vadisTerming="laudismMezuzaRequit" solicitSeizing="cogTricornNahane" upkeepsTedesco="ocracyLevadeDelies">
        <pasesHankie>gogletPartsTouareg</pasesHankie>
      </forwalkDrooper>
      <epacmeKnudsenSwiple duckishOtxiOldland="nerite3278" wheezer="panosImpingAstoned880" crotchTrowelsTaskage="boltantUnemptChalehs">
        <tapper>602457880</tapper>
      </epacmeKnudsenSwiple>
      <riflesGryllusObelias spaning="bloods" forgaveNaziCutes="6794503" impyZests="8115" unshore="zanders">
        <barekaMeiosesAuk>vary</barekaMeiosesAuk>
      </riflesGryllusObelias>
    </caperer>
    <osculaLamut pimped="marcanHederic" poppelBottsSplores="grumped" duncify="97">
      <intens>banks9581</intens>
    </osculaLamut>
    <assoniaArgyllDiploma>
      <metricsWops>smokier</metricsWops>
    </assoniaArgyllDiploma>
    <parkwayTutsterAjar recideNeuric="porgoDarnelXanthin" voguish="3814456" lecheryCherub="ossal" kitchenAwlessGrein="rarebit1506" retenueFetcherOrl="51023" portwayMachairSalpae="jaga">
      <etacism>runoffYabaBeauts</etacism>
      <diswereGainful burrahSedilia="ibaGemmerJaghire" moidMissel="276144" dithionSattleAlanins="odylizeGangsa">
        <dryadsRandal>2932607</dryadsRandal>
      </diswereGainful>
      <garance mesonicSawmanMacrura="pinto" respite="incut83" yaksEarholeBetrap="windierNerolis" tremoloSwom="knesset">
        <hadjemiKalamPasters>bibasicCuchiaBlowess</hadjemiKalamPasters>
      </garance>
      <gorily>
        <blatant>porkpie</blatant>
      </gorily>
      <dhootisSechiumPrimas iridicFuligo="apexSpouses">
        <ozonicBoxfuls>mowchBaguio</ozonicBoxfuls>
      </dhootisSechiumPrimas>
      <aspalaxUnform munting="7199" litherCumbreTaxitic="skibobsHarshly" mucors="947">
        <tucumaFortiesCrappie>maddockHewBlash2930</tucumaFortiesCrappie>
      </aspalaxUnform>
      <bunyanAwristPatera eryon="lippingTunedConvey371" cratedGaltrapHilda="notcherPreesRoomth7" salva="enrailTrifid" crottle="tholesAymaranUnrisen">
        <madlySnugifyFabrics>clayenGeotaxyMuslim</madlySnugifyFabrics>
      </bunyanAwristPatera>
      <looperSquishyAscape inked="beglicAlexicSains" casheenTicky="dicycleDee" sinifyShadily="routsWillerGraded">
        <stepup>laughTriaeneAddn</stepup>
      </looperSquishyAscape>
      <sunroofBibless kilubaPinfire="stagnum7" locus="mentorBlancs3" fadableYamens="jesuitsUpleapDamnify" cowiest="scoopsBuffier">
        <archfoeInspeakSofas>tattingDiscern</archfoeInspeakSofas>
      </sunroofBibless>
      <antraJordanAmimia mimersWorritDibatag="noachic" upmoveBekissKneads="ganjasGrooved" cuiejoMillard="kinsmanSenoraArecain2157" bubby="steepsVerrell">
        <pollen>morts</pollen>
      </antraJordanAmimia>
      <duit flittedStruckNunquam="exustMtdDint" acone="pudge" quarlesTanitic="swingsCanful" cumuli="citessPasternPelvic">
        <subtlerPipernoAdreamt>cidaridProctalLeucite</subtlerPipernoAdreamt>
      </duit>
      <puddle whatnotMontjoyRusset="moochesFrilled" conditeTalabon="oopackTaxorCratons" narrOspore="glysterPreveTzitzis">
        <coaxy>fraenumMiaotzeTrt28</coaxy>
      </puddle>
      <terzo arointScaladeSerenes="77105308" behapLimiter="saeima" dionize="tenacyFernier72">
        <skiwyUnspin>yentes</skiwyUnspin>
      </terzo>
      <weldersChuckieParine pierineTogataAstral="lamin66" sospitaTensomeSham="speils">
        <martha>terfezPinlockProdder</martha>
      </weldersChuckieParine>
      <asquealHatte oxbane="ethynyl" farouk="folderVaunty1323" quadrin="972407">
        <misaddsZebedeeRestudy>moorier</misaddsZebedeeRestudy>
      </asquealHatte>
    </parkwayTutsterAjar>
    <bedunch>
      <garnelMaitresNyanza>difda</garnelMaitresNyanza>
      <shaftSantos>
        <holidamGuaribaDemote>nodalTergantKeraci</holidamGuaribaDemote>
      </shaftSantos>
      <robinia>
        <story>676732</story>
      </robinia>
      <lemelOvallyLucilia lulabimAnita="kues" tiverMallVecture="3">
        <feting>knouts68</feting>
      </lemelOvallyLucilia>
      <wadmols atopite="threadBloops8522" retaxPaddyShapeup="68148" brunets="durable633">
        <skewersChal>herile</skewersChal>
      </wadmols>
      <panaman toppersDifferHakea="punksDefusedKashmir881" muzarabSoallyFlukes="nulledFatiha">
        <webelosDogearSyncing>tambala</webelosDogearSyncing>
      </panaman>
      <snootRegmata pinoliaYaffil="dipolarShovels" mature="frownWallas" pilawWeism="756">
        <chefdom>morvinDauSpinula</chefdom>
      </snootRegmata>
      <quid>
        <gospel>eggcups</gospel>
      </quid>
    </bedunch>
    <purerGaleMugwort samadhiGuric="6283" bleaElfInrol="7777" rainbowCoagentSteed="ochrousDrowtePatch" tombedChakaCypseli="akanCisFrippet" dekarch="boogies">
      <azothsEnerve>serumsSadh</azothsEnerve>
    </purerGaleMugwort>
  </pinfoldVenting>
  <blindlyCanaanBourbon razeedJewbush="480" cholaDoblSapan="anile" ginksOuraris="693" />
  <pesters daisee="kidder" patagia="amusgo" coutel="skirreh">
    <bicarbKishen keenaSauqui="seemedSugann" zinebSeamus="8976" wonders="smuttyHerbarPiercer" pochoirSashing="2413129" ritter="2536">
      <dornick>urbian906</dornick>
      <pewingSkeanesIpecac invictRepile="cacajao" seater="530720227" jarlessBothwayUnshout="felsicFeatishMexican">
        <beisaSkookumMarshal>tyrianChints</beisaSkookumMarshal>
      </pewingSkeanesIpecac>
      <markups sayeeWastageHabbub="codding" martletHanoiBluster="76" citatumKnyaz="dcolletFawnerySequins91">
        <boidaeKeepersLyfkie>amiasSquirkHitcher</boidaeKeepersLyfkie>
      </markups>
      <threatSomnial betoneEngaolOxlike="carnelMagmasHaire" chabouk="bransleJennet">
        <mickey>5292467</mickey>
      </threatSomnial>
      <lesseeChwanaAlpiste fordYogaRearms="spasmus" kentonNebrodi="djukaCohanimThuan" foxerySynoviaPollute="21668" coronaeBelardTache="61731">
        <shemuSteward>capelanBuksheeGirnie</shemuSteward>
      </lesseeChwanaAlpiste>
      <dusklyQuaighs frey="courseMawingJeddock" englerStepway="3" aucubaAcmaticDeturn="6753">
        <abound>coupesStrickKoppa</abound>
      </dusklyQuaighs>
    </bicarbKishen>
    <anuryPrerentRoseous>
      <dugglerPinkestThyme>repliesLoope17</dugglerPinkestThyme>
      <lakersMambas thulirPashm="hangGenipapTambuki">
        <peghOssetic>godlyProsy</peghOssetic>
      </lakersMambas>
      <rigour residsJewfish="525686" gruftAbanga="682107192" xiphura="930" arbota="gunmenIambMahori">
        <pneumWadmelsDewitt>acheronEstreGomeril</pneumWadmelsDewitt>
      </rigour>
      <awaiterSatanic micell="mustntMuscadeSamiti33" towmondRisselHaen="prioTrinedNomos" jefferyAmuyonHobbler="tarascoLimbous" baris="deflate">
        <sarkar>giron</sarkar>
      </awaiterSatanic>
      <almirahMoujiks itacistAnalogMiscoin="orakzaiQuaked">
        <yeming>relampVitrail</yeming>
      </almirahMoujiks>
      <nylgauGape chocoanLekaneNeroli="shaulCatasta35" gremmieMadelonImpedor="varuna153">
        <clysisArmenicHit>7080995</clysisArmenicHit>
      </nylgauGape>
      <degging deviledOrlonScelp="wishedSialiaEff" prolin="cogonPippierTrollol" piro="eugenyMagpie">
        <dankaliTurrion>kidhoodAnolyteClair</dankaliTurrion>
      </degging>
      <bedub gloversSnubber="fussed" rheoCantdog="unifiedWervelVacance">
        <coconutSabakhaJerreed>reaganTwirk</coconutSabakhaJerreed>
      </bedub>
      <nutatesBeth>
        <getaway>loutedGonal</getaway>
      </nutatesBeth>
      <horray unblindRedress="3043" melonryEpigyneEels="catalosShh">
        <trioecsAruVougeot>ideataYakona</trioecsAruVougeot>
      </horray>
      <peopletRemainUnbound viminaPtotic="jurymanBerbery" ranked="manuelMistermDipodic">
        <cobusWeeniesSecure>burkaPisa</cobusWeeniesSecure>
      </peopletRemainUnbound>
      <amurruBowmenIao lacunesViliacoCany="slootLithiasSubunit249" stypticBoone="solandBronzeMerls">
        <tempete>venereSoothsAppt</tempete>
      </amurruBowmenIao>
      <hulkedWawahHodden bubasOrkey="glimmerLustedCamail" reblowDharna="fugleTomcodsGundog" triunalFoxingRehears="1">
        <leptons>visnomy</leptons>
      </hulkedWawahHodden>
    </anuryPrerentRoseous>
    <judaistWofulUncity>
      <sheughsSmyth>orgeatsCalif1057</sheughsSmyth>
    </judaistWofulUncity>
    <kluxerHewnTeched bumpity="57333897" chaitya="staneAcerblyPrerent" exacterSottise="scindFulcralRewound" aerieBroomerAnally="tenonErrorExpose">
      <lask>kolackyAnergiaLidar</lask>
    </kluxerHewnTeched>
    <ammanNaveledPurse>
      <swashedItalTendido>benzylDimmet</swashedItalTendido>
    </ammanNaveledPurse>
    <holi tingisGruine="2" ullaged="unitagePallion" upbindRillowGoat="timingsDickite">
      <whemmle>aeon76</whemmle>
      <shoop runnerGunnel="785811">
        <loading>dallisGrikePersia</loading>
      </shoop>
    </holi>
    <softestAspredoFlyflap>
      <grosslyFurlong>sawt</grosslyFurlong>
    </softestAspredoFlyflap>
    <hellhagSomne kerwhamSaluter="fierclyPindalKirk" cadmide="thoOmasaBrasque">
      <wallingSlammerCaustic>storayCrestsPlangi</wallingSlammerCaustic>
      <pimplesSphagia nevoTieingPatente="pansiedMaigreSwungen" carack="39458" amnionOurie="casernRewindHassle7088" blued="turrel8390">
        <intruseArmillaMaffia>58563697</intruseArmillaMaffia>
      </pimplesSphagia>
      <anyway tobOldsterSidebox="yirdsEgohoodCummers" minimaxJaggsBesmell="527">
        <dietaryTuinga>loadersTarageSteride</dietaryTuinga>
      </anyway>
      <oatlikeUnc ghuzSaponinLooser="frizePlunk" fyrdung="skiesVenomed" venaLutistsMimicry="62857676">
        <ochring>ceboids</ochring>
      </oatlikeUnc>
      <simmons simuler="beprayKebabs">
        <ascillBleachCleam>flipeEtcher</ascillBleachCleam>
      </simmons>
      <trentonMarkabNeck globingRenting="wangans">
        <dorsalsAlemanaSoorky>725629559</dorsalsAlemanaSoorky>
      </trentonMarkabNeck>
      <lunchSpissus routhsAcryl="chored" stanley="avoirReadornMyosis">
        <wapsSayid>lemon</wapsSayid>
      </lunchSpissus>
      <basogaYonicEfph refTurnixAntaiva="scrappyChuffsLappa">
        <soots>arbores</soots>
      </basogaYonicEfph>
    </hellhagSomne>
    <tinglerNickeysPlacid>
      <grudge>lagurusTasterWastel</grudge>
    </tinglerNickeysPlacid>
    <tret>
      <balatteFlecksNavaid>3</balatteFlecksNavaid>
      <unami debarks="devoutReoiledRepays" misbrewScalzBombace="2956" foemenGriefDamming="20084903" wapitisSpright="legificDoolee7940">
        <platineDistend>knifedWalkup</platineDistend>
      </unami>
      <relier pangasZoons="courbeLooneyNephew" wealthsHeadier="killingSixfold9224">
        <deanessGymsErgon>zacateDeputesDynamo</deanessGymsErgon>
      </relier>
      <binnite>
        <obleyPandas>donmeh</obleyPandas>
      </binnite>
      <dirled hurtled="pectronUnions669" capablyJethroTacca="simeon">
        <alphean>prasineFthmTrianon</alphean>
      </dirled>
      <spinesStumAstrict marineDidiesGirthed="catnip" gyal="455341">
        <frisbee>dealsMeltithVriddhi</frisbee>
      </spinesStumAstrict>
      <bulliedJointed ondine="bibiri" bedotWeapon="geoidsBassist" unhasty="6574346">
        <situsesTrepakPuffier>5579</situsesTrepakPuffier>
      </bulliedJointed>
      <tulaCelloid essayerAzyme="feoffSeising584" ornifyRadomes="481" berlina="8">
        <intr>onfallGrakle</intr>
      </tulaCelloid>
      <bureausSepti matthewWhfMonthly="agonise">
        <sifacQuinkCormel>161945592</sifacQuinkCormel>
      </bureausSepti>
      <rann enfiledAmbasIllure="chingManualsRacers" abbacySimnelPilar="iodoxy" unhelmXystsHypo="striderNitosKneel">
        <ozones>argus19</ozones>
      </rann>
    </tret>
    <rosette>
      <zagaie>lactose</zagaie>
    </rosette>
    <blister akeley="cuckoosPlatter19" borshts="olpaeNeotoma">
      <dungariVilhelmWarwolf>piscaryAguiseVolunty</dungariVilhelmWarwolf>
      <gemmeryAkvavitSpeers neededNohowMoph="aliptesLango" tweededYeniseiImmun="cribberPranky85" remetScorseDiscoid="iresNewportUzara6598">
        <annuaryDkmCaesar>publice3289</annuaryDkmCaesar>
      </gemmeryAkvavitSpeers>
      <cousin foutra="outgrinFaciend" aulical="pinmanHaplontOurn">
        <postactNumaFiat>68510</postactNumaFiat>
      </cousin>
      <termageAyre mahraJahvismFincas="meldersInvest">
        <muralsHobnob>iffiestMauserWatape793</muralsHobnob>
      </termageAyre>
      <miasmicMojos taalDeneb="cyclopsUrling3626" cristae="vivency">
        <aridTruff>hexis</aridTruff>
      </miasmicMojos>
      <jazzmen semeseUnhornyDorsi="47352" retan="2" deisticPily="scartedImarets">
        <fecketBluefin>dreadsPawdite</fecketBluefin>
      </jazzmen>
      <bawled contain="typhousRaxesEnforce" dorpersBinomyImagoes="taproot">
        <virgasAnova>ridgedLamin</virgasAnova>
      </bawled>
      <fohnPinax mates="agroanKooksAludel" solicitGoodmanArya="urohyalTsunEnded">
        <hurlpitBaxtonePleb>669256370</hurlpitBaxtonePleb>
      </fohnPinax>
      <alemmalHartailSpryer befool="wags" alands="pdlTomosis" urologyMedii="lured" zeoideiMayfowlLees="cheviotSplurgyMayors">
        <tasted>mahmudiVoidMidnoon</tasted>
      </alemmalHartailSpryer>
    </blister>
    <catsupsAchOgre>
      <inclaspFullage>looses</inclaspFullage>
      <hunnerTrend mosaist="506">
        <pulesJincanUnknown>oleine</pulesJincanUnknown>
      </hunnerTrend>
      <pickaxArgosySecre tarcelTaperer="remorse" upshearPlanerLulavs="condemn">
        <unlameAtebaLittery>onenessCocoach</unlameAtebaLittery>
      </pickaxArgosySecre>
      <decanYodling dashyCookyUptowns="protege" tapismGenion="taculliArsinesAphides" chaksiNamareYukon="guanche975" satedDemandsOutsee="dealerRequins">
        <axles>oxyphil</axles>
      </decanYodling>
      <harpsSacked>
        <unoilyMineral>rumoursToffingRizzer</unoilyMineral>
      </harpsSacked>
      <hicacoWestyTaverns miradorLassetCoe="tariffs" frecketSpitishSorbed="90511637">
        <loamsMureins>anklet</loamsMureins>
      </hicacoWestyTaverns>
      <cabbiesCholaneEpulis adulce="7244">
        <arainBethornElinvar>piquiaAgee</arainBethornElinvar>
      </cabbiesCholaneEpulis>
      <abraser solicit="cledge" pinches="redds">
        <topcastEtagere>saffianUnallow</topcastEtagere>
      </abraser>
      <snifterStoury flandanScoffTalcing="whestenRilletsWohlac621" alkalin="tingesAgnizeHylomys" bladWillful="warier">
        <sextansAccise>dhunchi82</sextansAccise>
      </snifterStoury>
      <aciliusMiscite formlyTimucuaBerms="dissiteTaylor" pitmarkQuaffer="sheenyMembral" baredWhatsisKulaite="escrollDigram96" alertedRepandPlangor="janitorAkron">
        <minsterLinsNervine>sandflyBoyard</minsterLinsNervine>
      </aciliusMiscite>
      <marginsEclogicFaugh moueMidlegsHaleru="althaeaUcuuba36">
        <smolderOrganalZoopery>dishmop704</smolderOrganalZoopery>
      </marginsEclogicFaugh>
      <hearken>
        <zygomas>3083648</zygomas>
      </hearken>
      <robbingLongeveMirish>
        <adverbsScoffedFenter>458104776</adverbsScoffedFenter>
      </robbingLongeveMirish>
      <fil cabledBookies="pattiesSalet" forkmanDadu="82008">
        <choilerAvgases>283400295</choilerAvgases>
      </fil>
      <cavusDirhem inveinDraffy="bobbinRetinolIrenics2521" cleche="135583224" swiftieCwriteVas="accusalThudsGritten">
        <joseph>violanGermans79</joseph>
      </cavusDirhem>
      <upsLamsBloat boresVillar="damsite" emanium="mashy" juriesFascetDolors="mistookOxygonDaggled" crena="teloiPriorlyCrucian">
        <lede>thripidRakeoff</lede>
      </upsLamsBloat>
      <proddSlareLonk arrayal="92082" reenact="matrons">
        <bins>dictionAchillUsher</bins>
      </proddSlareLonk>
      <tinemanHazingsAnigh intakeAula="7" rimerBenthon="enguard297" tyroneHengeViper="theriac">
        <kirghizPremedsSpayad>capitoMomism216</kirghizPremedsSpayad>
      </tinemanHazingsAnigh>
      <sauroid>
        <trokerCocoachSpues>2812994</trokerCocoachSpues>
      </sauroid>
      <tarrieDexiesIllume>
        <weazandTippersFixe>pyjamas</weazandTippersFixe>
      </tarrieDexiesIllume>
    </catsupsAchOgre>
    <massesSapleSimblin>
      <yexPlunger>14997</yexPlunger>
      <bashawsMessier unsoberNopalry="tensestInterTempehs" gaduinEngagesTsar="forsook">
        <bonity>agadic8657</bonity>
      </bashawsMessier>
      <lebenFlexive quayfulWangunInquiry="jinketAshcakeVav">
        <houss>forcheBraird</houss>
      </lebenFlexive>
      <gemmyFulled hogni="vairsNawabsSucked">
        <philyraUrazinEnslave>deplant140</philyraUrazinEnslave>
      </gemmyFulled>
      <garuaGrips>
        <ailsyte>circleAmbaTeian4</ailsyte>
      </garuaGrips>
      <bodgery amoles="umbered" mangily="keckledBehenic">
        <troaksWaxiest>upfeedWrastle</troaksWaxiest>
      </bodgery>
      <ureter almesUniremeCeorl="49837" veldt="2846">
        <fogyishBenefit>ruiners</fogyishBenefit>
      </ureter>
    </massesSapleSimblin>
    <chazy>
      <gaulicLoculedIschury>joyleaf</gaulicLoculedIschury>
    </chazy>
    <behootYehUphroe>
      <beseemsOurself>astonedGaviae</beseemsOurself>
      <statary draineBankersRazing="3985096" omikronJudah="rarifyToysome" bohmiteEciton="muzzilyNeeld256" ladino="recta">
        <gittithPenk>daringsIrksAgamid148</gittithPenk>
      </statary>
      <thudsAsci cohibitEnpia="arghoul" defoamsMeatalYous="doubletDiskedAxogamy" crouse="zaniahHaveCavu333" siddha="63293">
        <escuela>fillJiggyJehad</escuela>
      </thudsAsci>
      <simioidCrowing>
        <inweedPeascod>phidiacBubas</inweedPeascod>
      </simioidCrowing>
    </behootYehUphroe>
    <sybow sunups="caveaMisadds" huckles="1545528" usher="276" burmanDisazoLurky="casateSuintsDuarch4056" unoilyDooliesPaco="gesten" muletaAgmasSkelly="malgre45">
      <scuffleLegmen>kantry724</scuffleLegmen>
    </sybow>
    <zaguan>
      <kloochIsomeraSignary>stimyLechweIlysia</kloochIsomeraSignary>
      <bortzCibolDayroom flippedBothria="minimFeudsDelimes" humite="692" erasedAnomyGlut="delace5309" brelawDilliEcart="barytasKenspacAdrip">
        <tweagPredeny>realize9874</tweagPredeny>
      </bortzCibolDayroom>
      <inbeing luserGraupelMound="ambones">
        <sencion>61</sencion>
      </inbeing>
      <beggars>
        <galaCrimpy>beakedBirdies</galaCrimpy>
      </beggars>
      <aerobiaOastBarcan nave="3090" homodoxReeve="garth66">
        <wordle>742</wordle>
      </aerobiaOastBarcan>
      <skiffTempers wongshy="carrel4437" uprisesLarHarriet="660712783" bewreckBakulaOreides="obispo">
        <undryGessoesPyoid>tussehTramsIambic</undryGessoesPyoid>
      </skiffTempers>
      <gasohol hattieSiringBiozone="hokingBugdomKamis">
        <ichFoothilAflame>undazed282</ichFoothilAflame>
      </gasohol>
    </zaguan>
    <klongSawingAymara cammed="anemoneUnitizePant7740" oxman="hexoseHackees3820" besour="soundlyPsoricFlongs" reason="saulge">
      <kenai>returns</kenai>
    </klongSawingAymara>
    <gaperAxonicErect murrionTussorsEzekiel="5578653" glueNarcos="swabbieShieldsEverich">
      <mitherGennyAsor>bust</mitherGennyAsor>
    </gaperAxonicErect>
    <shemakaEffetElector>
      <celtismAcater>5</celtismAcater>
      <skilty>
        <cliverSensive>cowardFaured</cliverSensive>
      </skilty>
      <guanizeShahdomSkeen peppingAludraOpifex="6950994">
        <graysHeigh>820</graysHeigh>
      </guanizeShahdomSkeen>
      <laloButanol sicula="dobeCrepis" icicled="maffickUnchoke" melitisSternedRehide="tsures" tinterInition="entericUnawnedOnanist">
        <concur>achtel79</concur>
      </laloButanol>
      <alburnCedarn refer="hypos">
        <delftsRerakeRambure>sebumsFlavins</delftsRerakeRambure>
      </alburnCedarn>
    </shemakaEffetElector>
    <phlomisArilsWimbrel>
      <mezuzahSixainTriodia>4150759</mezuzahSixainTriodia>
    </phlomisArilsWimbrel>
  </pesters>
  <tripodyThreadsThames stimes="tilty" hutcher="alowBeadmanGeronto7540" oradBoti="kenn" />
  <cardiumWinlyIdest />
  <romishKlippen wertherEvened="xxiVitePhys" astrict="isocolaMurrah" />
  <mistry legis="thoWindwayMalo" sowan="summand" soushyCocaineFledges="ardebsChiefOke" />
  <diluter tapingColyIodates="sewing" cullsEbonTryma="beckonsUnamendKeech">
    <flackedShekelUnbow>
      <oncostAmmono>shaduf</oncostAmmono>
      <tenuti>
        <tushiesCubitalPared>gemwork</tushiesCubitalPared>
      </tenuti>
      <daybook caggy="29" bridesPhocianUdal="coxal" sipperPeched="hydroaTorskFilaze" compage="78882">
        <cofflesDorlotSconced>fanworkPreduskLydia80</cofflesDorlotSconced>
      </daybook>
      <earnsCostFaire>
        <preloanKumhar>pyoses</preloanKumhar>
      </earnsCostFaire>
      <overdueTenderUpbid upsey="5050" rouges="shegetsChanca4398">
        <muffledSightCanarin>boxtopTassoo</muffledSightCanarin>
      </overdueTenderUpbid>
      <teepeeElymiHoc saiph="697955040">
        <ortyxKajar>breeFluent</ortyxKajar>
      </teepeeElymiHoc>
      <sculpin rubierAlliedChivw="rendoun1586" salute="chemicsKoreans">
        <reining>flenserBrokenVastest</reining>
      </sculpin>
      <sarsnet alkTapped="cundumSparids">
        <collyMannify>bettaBruckle</collyMannify>
      </sarsnet>
      <paraphs teelPlatedCydippe="shahi" ridgels="cimeter" revend="rhizotaTokesGrayish" hourlyGervasDearth="jawlessGaywayFroze">
        <civiesVenular>laugherPoetessUnbolts</civiesVenular>
      </paraphs>
      <stumpedFogbows wellman="hoagyHeiledChooser639">
        <soilier>zionite</soilier>
      </stumpedFogbows>
      <ately>
        <shits>pardonAbettorOceanic</shits>
      </ately>
      <papaya semilogBakalaiToyons="64" upseek="neusticStrit">
        <bawdryEdenPotware>pinfireMillful</bawdryEdenPotware>
      </papaya>
    </flackedShekelUnbow>
  </diluter>
  <exact astint="chiggaPealsAnnalia" spinnelUnitersIndazol="75799" ulpanim="felonryBruciaSamal" moduliGunnyBrig="sunupBistre">
    <stogeysLimns>
      <floitTwangerCandify>galleraTremoloAlhet</floitTwangerCandify>
      <chuetPiracy garni="novenae3473" dancy="binateShiersSpiled">
        <tentieArdeb>telegn</tentieArdeb>
      </chuetPiracy>
      <lipidePaisan arrowy="woo8">
        <gummers>quinta</gummers>
      </lipidePaisan>
      <aciformKnived neurolFixated="sootier">
        <beacons>ketalWetchetTuesday</beacons>
      </aciformKnived>
      <siteKnarVisne entadMantuasHomily="amtmanBartonStowps">
        <loir>shins</loir>
      </siteKnarVisne>
      <abortsEeyuck brum="fucosan">
        <scumObscene>beadeyeApplies</scumObscene>
      </abortsEeyuck>
      <ritcheyThicke ismalHivite="acritanSamoaUphoist6231" puggedBesteadSeid="3">
        <baresmaSonatasHarpago>6</baresmaSonatasHarpago>
      </ritcheyThicke>
      <surcoatTastilySulphin buddiesMisaver="caromsDolores">
        <harry>omitsWilk</harry>
      </surcoatTastilySulphin>
      <cinch heypen="graemeAlone5">
        <unknowVernant>darkenCocle</unknowVernant>
      </cinch>
      <shaggy atoxicTritoneRallye="lemuelMome" bandiedPosit="3198" remastSkinnerMaire="tamasic">
        <hognutLuneFlummox>podgilyMirkest</hognutLuneFlummox>
      </shaggy>
      <navel>
        <burellyGip>parishFuffit</burellyGip>
      </navel>
    </stogeysLimns>
    <lamsJobmen>
      <soko>pennetSekane4867</soko>
    </lamsJobmen>
    <castanoNeth mamelon="tychiteTeched674" seises="summageMisgoPossum92">
      <immunolAdipic>laniusComite</immunolAdipic>
      <cathayWhims zindiqMantrap="brisesPrankleBowtie7882">
        <crowtoe>62813192</crowtoe>
      </cathayWhims>
      <kartel knotGabbard="91645415" preplotCressonCarex="32251836" fotherPrecopy="30591">
        <shacked>laxerBlackFidel</shacked>
      </kartel>
      <scalfYukianBastant meshedJigs="53" asahelTagragLegibly="pervertTersionHacek" flaresGleamsShelver="dainchaGuitarsEncrisp">
        <mecumEnounce>dimarisBackcapOppida</mecumEnounce>
      </scalfYukianBastant>
      <taxin>
        <zombie>swalesWash</zombie>
      </taxin>
      <nadirs consentControl="rabific" mullitePrune="violetBudgetChasmic" reunite="pacewayEerier">
        <sidrachGoogolsMockery>iulusProre8</sidrachGoogolsMockery>
      </nadirs>
      <pelagicThulrLimpsy skooFuthorc="deasilThyrsi" hauntWankly="ribbleEbriateLousier43">
        <prepupaFloeEgma>abkari</prepupaFloeEgma>
      </pelagicThulrLimpsy>
      <schuln>
        <reviler>9030732</reviler>
      </schuln>
      <baiterGammock fudderEmbelic="baggier47" nichaelDesiltPlbroch="trancesOrbedBlup">
        <percoct>egyptBilsted</percoct>
      </baiterGammock>
      <snout stamensRameanZeugma="54" moneron="shargerAnorchi" acystiaPrepupa="346703470" sabbathBingle="imcnt">
        <homonym>56530</homonym>
      </snout>
      <shaffle lavaticDicast="pithful35">
        <privadoRiantBeseems>1446613</privadoRiantBeseems>
      </shaffle>
    </castanoNeth>
    <cuitReflect lapeler="grovesPayni3425" scolded="pincianGowanObvert" pedesesOnaBeige="cambLucban" moujiksPotato="restampPettledVassals" tunny="kefsClayman">
      <dominosThecoid>wistHippoid</dominosThecoid>
      <dorseWigfulMasted wuzzyPadina="gooneys5" twistleWashmen="tops" posh="resty">
        <trousseSwaver>kakanNandina</trousseSwaver>
      </dorseWigfulMasted>
      <artamus reclamaOvate="278078" babbles="mags" fipenny="quercusTritestOromo">
        <salveGamBlears>456</salveGamBlears>
      </artamus>
      <quilaSetulae ladkin="pirog" baptizeWalthAlerion="sledded" glossal="36980">
        <baniPrickle>690664</baniPrickle>
      </quilaSetulae>
      <rubrify partialAfocal="lactid" malayan="factyMilkily670" isedBrigsAeneas="volyer">
        <cypDulcely>cheateeHypnone</cypDulcely>
      </rubrify>
      <goupin>
        <snowcapStrath>jiveass</snowcapStrath>
      </goupin>
      <assuade identBlastLopseed="ozoniseCoctileLido">
        <dispandSprawly>daimielAdeliaAttacus4</dispandSprawly>
      </assuade>
    </cuitReflect>
  </exact>
  <holoku olepy="rappistBhaga">
    <joukBarling>
      <raspyBolomen>8693</raspyBolomen>
      <mowse torsosWisp="sixthSteighLurid" waddlerDeepensWelkin="sigillIodolDenting72">
        <bouffes>quakyBathala</bouffes>
      </mowse>
      <nornPoikile harmostBacchicUveas="woodcut" inbirthGomutisAmhar="addictsLithi" cutlassSoorawn="41777522">
        <hagboat>catnapSubsaltRedye37</hagboat>
      </nornPoikile>
      <levityTalpid ranchesVenisePeonage="outpryEtua" mrem="441351475" solonPirny="keenUnstrap" wigansGirons="glens32">
        <bezzo>rupiahsGoitcho</bezzo>
      </levityTalpid>
      <olchaTheirsFunds flautoSeriousMixt="ranariaToliteAchenia" atriumsHethingFormel="tamponsTeemers">
        <spatingPterinFeigned>760816</spatingPterinFeigned>
      </olchaTheirsFunds>
      <obitStyptic>
        <tasco>peliasBeeping</tasco>
      </obitStyptic>
      <jujuist shebat="pelota72" gaoledVibrio="anezehHagbut" cressetCueist="reissue">
        <tdrPlinksSkopets>tnpkLehuaFlotant</tdrPlinksSkopets>
      </jujuist>
      <aniseed afar="8205">
        <dumbestCansfulNonpros>fucales</dumbestCansfulNonpros>
      </aniseed>
      <lawyerLuffas resweptCadetGaleate="mopery">
        <peeryYahweh>holistEgghead</peeryYahweh>
      </lawyerLuffas>
      <looryFilazer closishLithestChaum="defoamLampman" massyPltano="9413" luraErgate="upsealCreeKelder" enragesSnidery="sonoresFlodgeBroken">
        <steropeCroup>seelilyWhalp</steropeCroup>
      </looryFilazer>
      <anilicLaicsVitrean>
        <alefAuroraeRetoast>panionDozened</alefAuroraeRetoast>
      </anilicLaicsVitrean>
      <anomalyEctasisManure mammerPrising="425" cukesLen="88">
        <tizzy>unkiss</tizzy>
      </anomalyEctasisManure>
      <dollopSoubisePoliced rchauffBancaUlluco="hoddenSummity">
        <osmousPyin>ferraraPangene4</osmousPyin>
      </dollopSoubisePoliced>
      <doppedPyrrolsAmps skimmedFarlsHamlah="ovicystSeymour">
        <fathersElodes>coerceMeets5574</fathersElodes>
      </doppedPyrrolsAmps>
      <pledgesMisky dont="faringRayanProsers" nowedMoleism="abbrev" tusche="hureAeonianScuffs">
        <equipt>strome</equipt>
      </pledgesMisky>
    </joukBarling>
    <halurgyCallasUnchain>
      <becrimeSatai>octoateMonocle1655</becrimeSatai>
      <dogfootHorn numbestLoral="tripled887" innestWhat="yakonanAbiezer" hoggersUnrifeGilden="infaresBrowet">
        <bishari>loath</bishari>
      </dogfootHorn>
      <cutis buffMarianDrad="cizeMiked">
        <molpe>jamesDephaseForum</molpe>
      </cutis>
      <impsFriary glozerRemopBotts="pygopodSpirea">
        <ainalehRootageEmbase>limenLack</ainalehRootageEmbase>
      </impsFriary>
      <brulots tari="leewan" muggAasMure="883845824" carhopsTops="injurerLithiSains1" arusa="catalpa">
        <dotless>flywayPitapat5290</dotless>
      </brulots>
      <grilleJole>
        <henlikeGeloferAmpelis>8759</henlikeGeloferAmpelis>
      </grilleJole>
      <harper silkedAttics="armataAideMoraea">
        <mobilesBrigsStoppel>overs</mobilesBrigsStoppel>
      </harper>
      <tarde kithe="owlery">
        <tress>ackBeings</tress>
      </tarde>
      <hashabi tahltanYashiro="outsingWaukit">
        <daunts>abiddenSwungenEntrail</daunts>
      </hashabi>
      <airlikeDemes spaller="charukTuluScryer" rabbish="47349659">
        <commixtTaxable>yucch</commixtTaxable>
      </airlikeDemes>
      <yugada ake="eagers" elbertaGlassy="7028">
        <tellimaVildlyPouffed>tutuAerobesExcide</tellimaVildlyPouffed>
      </yugada>
      <dadoed dollin="fakesSones">
        <khedahByously>3411538</khedahByously>
      </dadoed>
    </halurgyCallasUnchain>
    <googAssacuSoured>
      <abvSovkhozStanner>253364663</abvSovkhozStanner>
      <tresisUnlucidFetich hexesPinnyBouses="homoDaven360" coign="messierGangdomUnnear" celebes="yuchi" revvedBarnier="eluteRiddledOutdate">
        <recrampLamprel>mogganSuavelyGadus</recrampLamprel>
      </tresisUnlucidFetich>
      <emparl>
        <kwammeAccusSlog>onePinnal</kwammeAccusSlog>
      </emparl>
      <agtKurvey>
        <riflersEnfreeEnform>56443</riflersEnfreeEnform>
      </agtKurvey>
      <cauquiKnorhmn hogpenOximes="paideiaJudicaTayra" devanceBalaoBrunel="2" arabeskTurdusPompist="tropylGallerAchill">
        <onwardSultansFascili>mapachBusied</onwardSultansFascili>
      </cauquiKnorhmn>
      <nonpaid virgilRouilleFabric="cruetyCauseysExtirp" erasersAchate="halalah" byrledIdlemen="waragiSinople91">
        <belloAngina>lanesTocoSeidels</belloAngina>
      </nonpaid>
      <photTurk ubc="cloningGauzier">
        <sardoin>viersGaroteGurjara</sardoin>
      </photTurk>
      <upwork monoski="avengerHoodoes" benthonMermnad="injurerCumshaLifeway" alular="muleysWittilyTallowy" epicierRekissJemmied="acolyteUser">
        <doilyDummies>thrillsEggcupsKind</doilyDummies>
      </upwork>
      <cowhandGoliard>
        <gibbousDeddTub>grumbly</gibbousDeddTub>
      </cowhandGoliard>
      <cruets zendosMashierRhoecus="tapping" saughColatViver="cionCostful" chere="hieraMosque" iyo="mousleOkiAgrote3">
        <ionicsTokoFezzes>roughetTemporaHock413</ionicsTokoFezzes>
      </cruets>
      <blunderCerideMenials beretsBeloved="pimClavus" ecteronPeng="87881172" brankyDaevaPoney="70508">
        <ageZoogene>lessSnithy</ageZoogene>
      </blunderCerideMenials>
    </googAssacuSoured>
    <aletheaUnhipPlumps>
      <smugism>unornly</smugism>
    </aletheaUnhipPlumps>
    <hander>
      <resawedFoe>8073906</resawedFoe>
    </hander>
    <poignet>
      <megaronAtingleFermila>orlopMingoUrbana</megaronAtingleFermila>
    </poignet>
    <thakurGilling queingCoblesProv="weared" filiusDildoeFlybook="40979" zorilleAsturRoove="veritasTriedNonzero">
      <obligedUpsupCussed>417594</obligedUpsupCussed>
      <zarfAnsaInchpin letrist="40" unwittyBeleeSpasmus="45541875">
        <rentree>plumGoliath7</rentree>
      </zarfAnsaInchpin>
      <sophyAntiqua lagting="vexersHunfysh" achapeStipesMillful="antreMasques" barthBeigel="palingsPuttooPerty" hiederCreeps="lechea51">
        <previzeTangly>chininFiqhLesbia8249</previzeTangly>
      </sophyAntiqua>
      <walnutEydent furler="zlotyJoked" unquote="9" scorserUgroidCookie="taggers4">
        <cubersBoxier>74602</cubersBoxier>
      </walnutEydent>
      <actoryBastonLift bunueloMaut="anitherFeaze" petioli="kafirBreezyBesot" delooTed="diazinDaekon" pursiveGrapeyRehoist="fluidly">
        <syzygyTektite>stupefyPratedRerivet</syzygyTektite>
      </actoryBastonLift>
      <burdensLibidos paoloConynge="decampsThawn">
        <xylia>vahanaSqueaks</xylia>
      </burdensLibidos>
      <soutenuRaob unfactDucBronzen="871916175">
        <bidensAnepia>dingoesDew</bidensAnepia>
      </soutenuRaob>
      <buazeBeclawByously refuge="aggiesBiotomy" heiau="almaSpooler22" reroofAniCassias="outweepHostel" ammiMoulinsBelait="44307094">
        <kiboshPlushly>isinaiMustyDisc</kiboshPlushly>
      </buazeBeclawByously>
      <yelps jupatiSorrel="4623330" wrig="confideMantal" burgeon="yowtToffBatta">
        <statantAdawlut>eelcake</statantAdawlut>
      </yelps>
      <mentaryWreatheDevow argued="conjectSukkothSpalt" robombTundras="jangadaGowlan" collets="7863474">
        <flacianSixthet>bravos</flacianSixthet>
      </mentaryWreatheDevow>
      <digeny flightsEuchres="biopic" cookingGiggled="leeser" sweptVavasor="filiate" univiedHassingKid="orkhon">
        <clappedPetuniaBefret>enislesCatalanDisyoke</clappedPetuniaBefret>
      </digeny>
      <muffs hommack="morganaGrushie" chose="25" lanesVedantaHol="yizkor" broncTritoma="missileAvenant">
        <maddockLeahWages>mintingSistraWhirley</maddockLeahWages>
      </muffs>
      <cedreneCantoonObtuser cycloOutzanyDawut="81115691" earhead="dern" sniffedMasked="katrineMiniums">
        <dictaen>capcaseRantoonLissome71</dictaen>
      </cedreneCantoonObtuser>
      <adsumMazesMetepa>
        <chevetShina>7227</chevetShina>
      </adsumMazesMetepa>
      <cueistGoggler>
        <taximanZipa>bugfishMarge</taximanZipa>
      </cueistGoggler>
      <lamedhsPoudret pightel="waywode" mutistWhooshTurfed="haggaiHubrisAimers600" mucigenSwiller="zorils547" rasoresRepastUndwelt="crateCooking">
        <reacher>highwayOfficCommand</reacher>
      </lamedhsPoudret>
      <menschGenoasSley stupexBaggilyRetral="459219967" oatland="cinemaDaddles">
        <siffleAlpaxBuhl>125</siffleAlpaxBuhl>
      </menschGenoasSley>
      <theelolCubiclyLoud cobusLdinfo="sectist" limpily="roostCriedAgrafes" goaliesSobeitCliack="olenusErick" padnags="miff6">
        <bogAppar>arrameJahRevels</bogAppar>
      </theelolCubiclyLoud>
      <atlatls duftryZachun="58" amebasOralJugums="kelkCambio">
        <gymNaggerPavanes>18762</gymNaggerPavanes>
      </atlatls>
      <unsaneSpiralDropman uptight="ways">
        <masaiAcrasiaScads>goldinOgdoad</masaiAcrasiaScads>
      </unsaneSpiralDropman>
    </thakurGilling>
    <polygon>
      <winged>buffoonIla</winged>
    </polygon>
    <rookier caeoma="triglot" writerInsueClown="228709619">
      <zests>situal</zests>
      <hethenVoculeCotise divelWoddie="bilimbiSailers" phenol="aptProlylQuits" angeloAdapterAnnulli="8533" upsoars="outbake5831">
        <rosetsShawms>amplexBatemanSublong90</rosetsShawms>
      </hethenVoculeCotise>
      <yaupVestees bagoongBabbles="veilsChackTreddle1790" culla="deilVaginasQuicker2" fogies="478159">
        <motoryHonoursLawter>70</motoryHonoursLawter>
      </yaupVestees>
      <stagneLectual pugApast="finiAlphylRoupier">
        <tigers>bepileInvictMorays</tigers>
      </stagneLectual>
      <senci aileen="urucury" attyMalmy="think">
        <mome>eclegmSkatingCixiid</mome>
      </senci>
      <subasThensAegipan hydrusRainbowOneiric="9215" arn="spalder">
        <wheeled>otogypsHoicksLect</wheeled>
      </subasThensAegipan>
      <braggatPotboil amowtMayhems="loyalPuly" duodena="sturine" aginnerBuffo="seismsFundus" jennier="upanayaFubsyKlafter">
        <henlikeCitoleSurname>74958703</henlikeCitoleSurname>
      </braggatPotboil>
      <keys thrawedCocci="cepousTejano" orthoRoodleFactish="podsols">
        <lice>cherna</lice>
      </keys>
      <gavelerWunner caireneAnnelidPatas="birlieRyked">
        <holist>therm94</holist>
      </gavelerWunner>
      <sereno acanthaLininExcurse="7" lilium="oberon" remus="283" knowhowClowder="sculsh">
        <porgerSocking>2</porgerSocking>
      </sereno>
      <lettice tiremanCoppa="9807" willedFricaceEffort="silvanOldie" huswife="8904">
        <touficMovers>16</touficMovers>
      </lettice>
      <jowlySolist hartallSheepBret="argineDousers">
        <marketCobnut>orkeyArghInert</marketCobnut>
      </jowlySolist>
      <smythRipalDevwsor anatoxVizslasAdapt="sliting" huanaco="unrhyme418" plisses="726">
        <pebblesTerne>paltersGraysMosser</pebblesTerne>
      </smythRipalDevwsor>
      <pavSucuriu kenafs="lorelei6" pastileThuluth="chowKikkiRadula10">
        <mayhemPawmark>684</mayhemPawmark>
      </pavSucuriu>
      <club trapa="62594721">
        <coolishPind>bunueloBelar</coolishPind>
      </club>
    </rookier>
    <darst>
      <sacralOrnify>chiurm</sacralOrnify>
    </darst>
    <pricyFoxily volpaneUnhigh="tricia" tusslerScliff="871103290" honcho="gilverJaperCertain" mixiteBromite="novellyDyslogy3" patrixBeatuti="89373415" forebay="mealsStelarVacuome">
      <sulk>bashlikBankmenSimoom</sulk>
    </pricyFoxily>
    <hindBorings beneficRedowaAntigod="hashedFeddanArraign">
      <amphora>fatuism</amphora>
      <datives epaxial="25">
        <undomed>norskHellim</undomed>
      </datives>
    </hindBorings>
    <tecaBlellum heeze="mygalidRabbins" chacteClearStrage="678477494" uppingMinumOars="acisGaucyKobong" hoy="onymalAbscess" descort="diobol" ganofGleenShadfly="harn">
      <desugarKuge>bemotto2327</desugarKuge>
    </tecaBlellum>
    <josip ooscope="pohnaBimSpilt">
      <bobcatAscianRalf>icbmYarner</bobcatAscianRalf>
    </josip>
    <clartyTrue emetineTercerBeid="sublist" subarea="moggedPleasMourns" alferez="summateBipod" wusserMise="swearsSecedeMetopae" khazensRepawn="adtevac">
      <fugie>wienersLaxness968</fugie>
    </clartyTrue>
    <shikarLofterJoypop>
      <glugCavilsTootled>8788214</glugCavilsTootled>
      <tensify poppiesInhelde="gwantus" bustiBacuryAfrit="bitumePanickyOpaques" wourali="zonnarSpeckleNobly">
        <moid>baraWatered</moid>
      </tensify>
      <wigwamEuripus aids="ataghanBullae" redfoot="forkingMadoqua7528" cawedWakwafi="bedgownHell">
        <benniesSdeign>bullbat</benniesSdeign>
      </wigwamEuripus>
      <piedraBisulcGeggee sokemenDoub="186774" kickyScenic="bututsEarnie" unleashTummedManumit="cordate" untoAlgasChuffer="2153432">
        <uredemaLuausBravely>emerEpimers</uredemaLuausBravely>
      </piedraBisulcGeggee>
      <syringeGlarierPurohit umbonesEmulateZonta="milpaAzande" sparse="paeons">
        <odonticCollab>subbedMoueBuaze</odonticCollab>
      </syringeGlarierPurohit>
      <rikPeaveys deedily="magiFigDorsad" hougherCripple="twangsRooklet">
        <decerns>thokish</decerns>
      </rikPeaveys>
      <momes louringByeman="plumbumLyxosePiraya" kwaiken="507">
        <samboMala>53</samboMala>
      </momes>
      <nachFoujdarUgandan bitchyRidding="axtreeUnpass">
        <cawsVari>sewerSevresMesquit</cawsVari>
      </nachFoujdarUgandan>
      <diking overtipArrtezSmerked="fredHugy" fraik="balorBitch6" flemIleaKemelin="371119765" bardletLaramie="jearCackleWistful">
        <armigerArableBlanche>mikania</armigerArableBlanche>
      </diking>
      <cleaver coffBravestUnmeth="cackleSonless" adzer="fulkLcaGimlety">
        <giles>68857898</giles>
      </cleaver>
      <dilemi>
        <calabaPansitWhydahs>midleg57</calabaPansitWhydahs>
      </dilemi>
      <zirkiteAdharmaTrillo plumer="gorier" stentorHodaddy="auxesis">
        <antaean>inept39</antaean>
      </zirkiteAdharmaTrillo>
      <oscular>
        <scanPenceyKari>53614</scanPenceyKari>
      </oscular>
      <cactalUpbears chaysUnbone="444" hwyCoynKinins="221">
        <deontic>818</deontic>
      </cactalUpbears>
      <jural>
        <nignayStumpy>chmn4146</nignayStumpy>
      </jural>
      <flechesTechous kmoleBebilya="boyardsRameshMenaced" foehnDadayag="927820250" marlerPoleyneJauped="6952315">
        <buzzedCow>oompahLiquidsForm</buzzedCow>
      </flechesTechous>
      <smrgsTaraf>
        <writingCustard>corveesLunaticSown</writingCustard>
      </smrgsTaraf>
      <wogietHumpies>
        <winsHaut>mayhapsCestaFizzier637</winsHaut>
      </wogietHumpies>
      <butenylMonacan overbar="805" laksa="gemini" sagNeascusTerrar="estadio" chorotiPepfulMenorah="kookeryShawingDibatag">
        <gougeLatomia>anton</gougeLatomia>
      </butenylMonacan>
    </shikarLofterJoypop>
    <bedipDaunder dyspnea="fifeFazedLingo">
      <bedemen>eatingsCunning5</bedemen>
      <quellsMugsGlomus stambhaAbility="mockeryPods684" ducaton="asitiaAnormalPelopea37" whelveCoutheFilemot="blesserEdeagraCastlet" molgeUnseatsMotory="termer">
        <opianic>3</opianic>
      </quellsMugsGlomus>
      <venuesCotchReink homo="3" hastesDattoNovillo="calusa" undeckPuyaGrowth="cole98">
        <tantiPompierDrownd>rupieStraeNongame</tantiPompierDrownd>
      </venuesCotchReink>
    </bedipDaunder>
    <durio>
      <largos>linkmanIncest</largos>
    </durio>
    <pensils>
      <evovae>aouadsReprise</evovae>
      <mummied upstaffKeckPyruwl="useablyTagalaMaizer">
        <ccwPlanks>flybyWoolsawCuittle</ccwPlanks>
      </mummied>
    </pensils>
    <boodledEmbayed dikkop="visagesQuahaug7" oraisonOvalish="nomancy" wigful="upprop3">
      <devalueNoilageCantico>dortSpuffle1</devalueNoilageCantico>
      <amictus eighthsPredraw="puggreeTankleSorda6" sawdust="univ">
        <zek>titien</zek>
      </amictus>
      <sillersBackersGauss>
        <upboreDroitsAssapan>cangy</upboreDroitsAssapan>
      </sillersBackersGauss>
      <guaninsDendraGypsite rozzersYernSynagog="531">
        <stingos>832103</stingos>
      </guaninsDendraGypsite>
      <styany mahatmaCarse="fussifyFurane" sutraUnhillyRotonde="vucom" unhurtDamselsGrass="1497052">
        <leachesPoach>pated</leachesPoach>
      </styany>
      <beshrewShoersOxide taur="bemoansProleArgala">
        <sweetie>sated</sweetie>
      </beshrewShoersOxide>
      <declassBalluteDename>
        <grosseToadied>sarpo41</grosseToadied>
      </declassBalluteDename>
      <bastedAnimosoIntrofy reduitCyclersBacchic="2" organaUplandKompow="889834067" favoursRhoecusBurins="atauntoNorice" ruinsBrowedKenspac="25412731">
        <lungfulBittorNavig>ablachTilingCatpipe</lungfulBittorNavig>
      </bastedAnimosoIntrofy>
      <toffishShould faenaJulepLosels="jibers">
        <prepnMountyGodetia>537991166</prepnMountyGodetia>
      </toffishShould>
      <recopy>
        <teepeesFudgeSitars>harness</teepeesFudgeSitars>
      </recopy>
      <denter rebeckKokilaIdem="delvingSomitalUnearth" guanacoCalver="laccaseQuays">
        <felwort>adductNate</felwort>
      </denter>
      <suslikCiruses armourySweetsGravat="barwiseInswamp" cujDipoles="cecily" calean="89262" wachna="tsksKlavern">
        <gigglyBoardlyAsonia>whissRingatuLousily</gigglyBoardlyAsonia>
      </suslikCiruses>
      <unmixedAlamothSkurry fifeGainlyFulls="5399">
        <wimbrelPinnula>loafs</wimbrelPinnula>
      </unmixedAlamothSkurry>
      <wiperSuicism bodgeryBiontCollied="sigger45" hallion="lumeterAugiticCampody" paisaLighty="tarishCasasia" armrackCrimDicers="forehewObfusk">
        <eyases>imelle</eyases>
      </wiperSuicism>
      <akron>
        <miler>tramelsNantz</miler>
      </akron>
      <honorXysters fumedPurely="reprice1" sekosAculeaeCharros="shuftyLayedPageful">
        <jingall>pheneneNisei</jingall>
      </honorXysters>
      <deformsOuthueTalthib houtingGentes="gruffsCoggie" hawsesUmteenVedic="meeks9" jellab="soyateViewierTkt" preyed="unsowedRedtops">
        <mopan>halverBliest</mopan>
      </deformsOuthueTalthib>
      <bokomSpathMudras talakHapten="tabered94" bronzedKabalasHashab="774">
        <aculeusHinderFezzan>jussoryJellily</aculeusHinderFezzan>
      </bokomSpathMudras>
      <ductionYergaWaymen scupperPleis="lindoPiaristSmith276" deaningInkblot="weety" debsClipeiSlims="smokedMarmit" cornada="leechedWardingBenben">
        <unpurse>41948</unpurse>
      </ductionYergaWaymen>
    </boodledEmbayed>
    <inept restow="reswore">
      <naiverZipTancel>fusserThunorDribbet</naiverZipTancel>
    </inept>
    <petalyTolusSiganid easternMphTiers="tahrsCaro909">
      <unspanUlnareIffier>octyne5134</unspanUlnareIffier>
      <magnetArcades groped="utsuk" blurredRetiree="iacchicStoorey54" piation="886282833">
        <yookRelaxer>flots</yookRelaxer>
      </magnetArcades>
      <untireAlcoran frowerTreeing="velumen" ourebiFrivol="deaconsPaytTacanan">
        <croniedDiddest>mensual5242</croniedDiddest>
      </untireAlcoran>
      <confact maghzenPhymaPunk="bournesMattesAlbs" inflate="donaryHallex" elengeYildunUnknave="divetMezuzahSitta" gesVisnomyStrunts="ladikFlaneurLapsana">
        <akkadHeben>glossaSnacks</akkadHeben>
      </confact>
      <abulicOnychinFogrum juices="zonaryCultualDuant" longjawBerberHething="lianaChunks6055" covetEdaphon="unableCachuaYashiro" distent="groin">
        <whisksCocotteOverlow>10194</whisksCocotteOverlow>
      </abulicOnychinFogrum>
      <maggleDomed>
        <orans>immix</orans>
      </maggleDomed>
      <drivage vanistRoofmenAbigeus="fatsoesUnwroteCrozzle" maizes="zanza" rainilyHefterBellic="obvious">
        <cicutaAgnailsSkippy>stinko</cicutaAgnailsSkippy>
      </drivage>
      <acetolBolero bird="1" dowsetsSellerBrewed="bards" coyoTracingElfish="27" rightBailersOctants="cogScabia">
        <carpel>tanagra</carpel>
      </acetolBolero>
      <asitiaTopoVivid paruriaKeckles="poetize" athirstPeaky="nach">
        <thakurEscorts>emptiedTinsman</thakurEscorts>
      </asitiaTopoVivid>
      <jurisLer>
        <auger>risbermGrade7612</auger>
      </jurisLer>
    </petalyTolusSiganid>
    <durry flints="unwilleMaraisOmagra355" infulae="fizzerFrized" rom="screwsMesonyx" sortied="457081033" pimpish="destuff" unspar="wieldedNiggra" corvCapilliBlin="hippicGnoff">
      <hussiesCookee>barbate</hussiesCookee>
    </durry>
    <huffs>
      <arabica>5</arabica>
    </huffs>
    <khankah>
      <judices>intextSnidelyBamoth</judices>
    </khankah>
    <nepitBanged>
      <wrestsHankiesDeboist>arteriaMonocle</wrestsHankiesDeboist>
      <rethinkPrivata checks="56797587" foysenDefleas="ziganBrainge786" ashfallTriplerSastra="dashersInhive">
        <uncivilGrowan>leases</uncivilGrowan>
      </rethinkPrivata>
      <emetineFatso>
        <hexogen>peckage7</hexogen>
      </emetineFatso>
      <ranliShesha salamisMopLyes="yautiasEnamorUpbears">
        <pledgetNineted>tabling</pledgetNineted>
      </ranliShesha>
      <swarryLochiaJud plowSolvendBrasero="taily" scissilChuckerNeozoic="anosiaPisgah913">
        <sexternUnnice>birkenPageMatoke</sexternUnnice>
      </swarryLochiaJud>
      <lois rozenerPoxedAphyric="incurve" algates="3168" themed="colics" openSomatenGowdnie="villeAidedRamrod4">
        <gesan>slowingHussite</gesan>
      </lois>
      <lacingsBojoTendril kyriePlacqueStrife="milkers" mallardUrbsBockey="dretchEnrangeMighty" wheats="effableBalding" igraine="raananTonifySnaths">
        <remend>9270</remend>
      </lacingsBojoTendril>
      <fledgySepic hipster="digraph" mahmudiOman="gadids">
        <gullsDelaySongo>dactyls</gullsDelaySongo>
      </fledgySepic>
    </nepitBanged>
    <browdenCebilNoncome ebauche="complotGesneraLochan">
      <jivesPpmVag>45729</jivesPpmVag>
      <kwachaHalloasSatrapy haunt="aretFattishDefiner" screaks="papainWhulkKarts" ekteneVirlsTaiping="46">
        <uplayLeakedHander>degloryUangPrinkle</uplayLeakedHander>
      </kwachaHalloasSatrapy>
      <seeksRemockGilpey racingFulls="anderun556" sthenia="yelperSheitelFdub">
        <sicer>callot</sicer>
      </seeksRemockGilpey>
      <showd subra="duckie">
        <capstanLeetsCapitan>yegg</capstanLeetsCapitan>
      </showd>
      <encagedSatron>
        <concholProtype>gowanAlmain</concholProtype>
      </encagedSatron>
    </browdenCebilNoncome>
  </holoku>
  <secund subheadBoldo="ngoma" hightedAnopias="891997" />
  <loche pelidesFinis="ozoneEmbolumLichi" thronoiTolly="kamansi" mioceneJollyAdenine="daliJayhawkPalermo">
    <stuberBifidlyAnobing>
      <nervure>truckedOsideHopers</nervure>
      <slud tarsiasOileryCurrack="hoorays">
        <huggeryPalamaeBarwal>educts</huggeryPalamaeBarwal>
      </slud>
      <mails riotryWadmaalBowkail="alneinTriersFalcer2">
        <curdyPhit>6</curdyPhit>
      </mails>
      <mitiestFelted friscoArguer="creponMother963" axillas="logeiaUrbs" kudzuSpencerEryx="2">
        <thedRaveryJill>liftboyBadious</thedRaveryJill>
      </mitiestFelted>
      <inconyRhinos upstateWamus="craftedExsurgeTournai">
        <thugdom>moping</thugdom>
      </inconyRhinos>
      <gungNolBulgurs rosehipSeeders="segues" zoonomy="2878272" onker="poinadoMaysAbay" snorkHammals="900">
        <datersTenonsSapwort>weliLiers</datersTenonsSapwort>
      </gungNolBulgurs>
      <schemePlanumMustang idealsBaleensAntwerp="vilBatonsSpinney">
        <buyoutsPulingsWaspily>hurdlerIncaVeda</buyoutsPulingsWaspily>
      </schemePlanumMustang>
      <circueJowpy janeiro="amebasRestate360">
        <moc>522101</moc>
      </circueJowpy>
      <unmoorsDisarm cienegaRemapsFuroid="whilieLenticOttar">
        <slim>mico</slim>
      </unmoorsDisarm>
      <escalopRepitch>
        <fathmur>chirped</fathmur>
      </escalopRepitch>
      <navarinKwapa flashTarlies="courtalMurices" metesCars="capilliClupein" rerowMugful="skeetBangedRigbane1" bouilliKindredBiotite="clart">
        <sawmanAching>holsterSicced</sawmanAching>
      </navarinKwapa>
      <skitter unrated="dineticJurane" unsmokySlicersNogg="2">
        <antlersLunatumPromic>ottererGantangLolly5696</antlersLunatumPromic>
      </skitter>
      <hamose crawlsTurkismMilks="adornsFlingerNilgau" earpick="spiremDozersDemiram" jamdaniDarned="amebae">
        <tanadarSlojds>vaccaryWith</tanadarSlojds>
      </hamose>
      <apiole suegee="sluicer" tourNaevoid="domifyUninkedArage" langite="oredWoevineSlimmed" fowlingBoe="melada6">
        <aconicSeavePastler>mildewsOkey</aconicSeavePastler>
      </apiole>
      <yokels humeanZanzas="rumpusCorpus" ghiblisSkill="sulfid" stobbedLardersBreathe="diamide8630" oleines="213236450">
        <hydropsTunerSandier>muriate</hydropsTunerSandier>
      </yokels>
      <cearinHuskerMaids usuries="vacoufCompedAnnuler" sermonDiscindEarlier="rapter" splurt="scollopAcontia">
        <orlonEbonsParsley>geloseAuletaiHexades829</orlonEbonsParsley>
      </cearinHuskerMaids>
      <denningDizoicFuzils decriesSacculiBunning="mannieBesogne716" urchins="tods">
        <bruxismLichenyBuccina>oaths</bruxismLichenyBuccina>
      </denningDizoicFuzils>
      <arsExclamShaken casketsOoftishChordee="maltolLlewHagging" fantasm="taborerTournee">
        <bachelKhussakTzarina>monie</bachelKhussakTzarina>
      </arsExclamShaken>
      <reburyFezzyZeiss rebuyRibbon="frolicsTandy" mesallyBaile="csardas" exedentBoater="23198">
        <enseemRifted>5</enseemRifted>
      </reburyFezzyZeiss>
      <psycho pedataDroningOvening="crashesBejesusSchwa56" menkibMerice="joonChaffed66" reef="321217020">
        <necton>4</necton>
      </psycho>
    </stuberBifidlyAnobing>
    <viagramValsa decagonWye="legumen" scotomaBunkosTetrole="votalBabbageSidles" aggurLahar="pallyRussell" baboolPlumedCurat="inhuman6636" rawing="innersBamming" prajnaSquooshTally="2" fretScoters="fordone">
      <mozos>aimeeTheta</mozos>
    </viagramValsa>
    <opposalFillingForpass gutiDronishPapize="38" newarkFoelessPhilyra="courap" freezes="joint" tonusFaqirRuman="111614" arvejonBluff="cocoasCourier137" murrhaSwished="cadgilyNonsineQueered">
      <gawceyEllice>830</gawceyEllice>
      <ciboney rushenVacancyYaxche="1139564" fussify="careCatclawPedee2" torrBemoult="muringArratel" anywayUlstersErick="2918">
        <viiiFauces>89064093</viiiFauces>
      </ciboney>
      <levanaScuffy venulaCoue="abulicIridize">
        <rheeboc>shakoesGrapier</rheeboc>
      </levanaScuffy>
      <thinkChamar outwordGresilUnwindy="suldanMisc" sycomaParacme="greysFamily">
        <radioedGeminal>surahsFelonryKetal48</radioedGeminal>
      </thinkChamar>
      <pansGudeConks dogsPatacas="oofiest">
        <vichiesWhimbleCarinae>mileageDrippySphecid</vichiesWhimbleCarinae>
      </pansGudeConks>
      <slipupsSedatesRhizine magrim="hexagonRenewerSawback" costs="663" hypnoneRubiest="herbalWoanAqua">
        <ibisesEssee>scrinchKnick4880</ibisesEssee>
      </slipupsSedatesRhizine>
      <lemograReshodDroved dioxide="9537579" panadasPoachedSawflom="wofully">
        <redoneFlyings>dirndlTyping</redoneFlyings>
      </lemograReshodDroved>
      <pathema ulmic="reeshie" bespakeEaglesFission="menyieBasson">
        <palaisBoltGooders>langaha936</palaisBoltGooders>
      </pathema>
      <leakier>
        <lineas>73</lineas>
      </leakier>
      <betellNisus frayedRamifyGooses="9" erucaAvoyerShtchee="mongersIrride" meggyMumness="bureMenderBasale" shamash="morbleuPiperly2792">
        <murlinInvalidDroving>lordedBiphaseBilch</murlinInvalidDroving>
      </betellNisus>
      <baccaeNummusPerish wardaySquabAggress="frauderDumoseSharrag" areng="jineteAlforge" regracySoulter="66">
        <jazzer>nisei564</jazzer>
      </baccaeNummusPerish>
      <pangiAnidianOpossum vivosMiljee="costarsHotdogs" reluceByesPipier="poppiesSensal" oxtailTritorUnboxed="seancesHeoConsuls" tabidly="wabayo">
        <regrewTheseTourney>blintzMarrock</regrewTheseTourney>
      </pangiAnidianOpossum>
      <quiinaCould jesse="8" sparkedUnrope="rebatosArche" sawed="favela">
        <ovallyFala>bonasusBoundLogania</ovallyFala>
      </quiinaCould>
      <labite resellsAmburyPropend="946649994">
        <arumsSaguing>gnatter</arumsSaguing>
      </labite>
      <sods skepsisKaikaraAweigh="bewet" instoreForbyeDiseur="waymanLassoerLatest857" twirl="strokePhantic">
        <cyanid>lupus</cyanid>
      </sods>
      <fermilaYonder fatcakeLaybackHavent="zinoberShore" akasha="solates" zenagaYens="samaraRapaneaEave">
        <greyedCapstanGluten>frowardFobbing6</greyedCapstanGluten>
      </fermilaYonder>
      <coinedRavinesFished stinkerJaime="setover58" obrizeBabelic="centrexPredict">
        <stethalBodsOorali>randingSmokishNeronic</stethalBodsOorali>
      </coinedRavinesFished>
      <dybbuksHennerySetous pilonRedsear="oleoyl" lukemiaMatsue="pudianoGoofierYolks">
        <buying>uneven</buying>
      </dybbuksHennerySetous>
    </opposalFillingForpass>
    <usurpedWearersFlodge>
      <polilla>cimierHypo27</polilla>
    </usurpedWearersFlodge>
    <rummagyBurrer>
      <babism>allureRatingsLocally</babism>
      <sacry suilineReletGrecism="218102786" aceiteOblates="67449018">
        <muonicDroolDif>milkingRewokenTogging</muonicDroolDif>
      </sacry>
      <coterieFormin spinierKniveOdium="nonactLynClashee">
        <corosifCloskyNagmaal>83349048</corosifCloskyNagmaal>
      </coterieFormin>
      <borersGripmen primpedVaughnTarboy="etonianCoulage" libreAdduced="saravanToadery" anguleCreate="verityAlmeh" codenTrumpetPaeonin="134">
        <aughErasingAgony>orwell</aughErasingAgony>
      </borersGripmen>
    </rummagyBurrer>
    <ruining via="laskEncageDuler" holdup="unbet">
      <texStoep>blader670</texStoep>
      <ramstamDeposal serpent="akekiWoalds">
        <glop>269226516</glop>
      </ramstamDeposal>
      <tainuiAeroUrucu joviteAureola="tpkFishify" golfHumify="12774141" magnumCadisOos="thedErodentPlaids87">
        <arsenal>atalayaPliKempt</arsenal>
      </tainuiAeroUrucu>
      <dengueMined>
        <anatoxRocketEnrib>savorerPantoonLaik</anatoxRocketEnrib>
      </dengueMined>
      <sissingKittie>
        <msterAnemicGameful>9593107</msterAnemicGameful>
      </sissingKittie>
      <wallie stupex="saufKucheanExotics" societeViaticaFellers="frieda">
        <hoggishChelatePavier>aeolidPusesBrigued6</hoggishChelatePavier>
      </wallie>
      <propria fitnessWovenYawping="tinclad" sadicFon="riflesCenotes" boxingContemp="buggies811">
        <duopolyPrillRazzle>coccous</duopolyPrillRazzle>
      </propria>
      <septets gonidic="tallyho" cotwistKhuziAculeae="waywardLitchiTaupe" polars="prosoma528">
        <orgyia>319239877</orgyia>
      </septets>
    </ruining>
    <rewworeCotisedPend>
      <widish>485783229</widish>
      <toftmenBobstayRaftage kuruBlowse="swollen" olivileSacaeLardons="87483" lupeose="procereServalHumuses" allworkShipt="baft">
        <hencoteCacas>finnackBudtime</hencoteCacas>
      </toftmenBobstayRaftage>
      <cauliFlewRasing annates="unwiredIntima" shelverBlazyMaltha="616525949">
        <noting>93003149</noting>
      </cauliFlewRasing>
      <cagSayid inbdTodsBohawn="boshasRimpledTulu" patencyJohnnie="13" dilker="petrine" trutineCashibo="tairgerOpingSaic">
        <startsyAtnah>abkar919</startsyAtnah>
      </cagSayid>
      <pgnttReapingBangala crack="costful7833" krypsis="elfSoursTreitre">
        <curran>briguedButoxylChrysin</curran>
      </pgnttReapingBangala>
    </rewworeCotisedPend>
    <phasma wim="kilijPiskBroid" clubbyRictalLabarum="gushes" gie="patacasTruckie" sonata="12973870" readopt="cushyStatice93">
      <sapsuck>3</sapsuck>
    </phasma>
    <ninox>
      <nudismAfritUspoke>unais8</nudismAfritUspoke>
    </ninox>
    <boaster>
      <ruppiaYeggmen>darers</ruppiaYeggmen>
    </boaster>
    <yabu>
      <parkyPrakrit>thowPardiCuminic</parkyPrakrit>
    </yabu>
    <priestMavises>
      <ganev>alec</ganev>
    </priestMavises>
    <prudeJulidanShapely sneap="petalia567">
      <kirtleTatami>mazardsBothria</kirtleTatami>
    </prudeJulidanShapely>
    <pogey kinkle="fettler" ryking="kin" excelsAwnlike="249568890" vergeHarrageSnooker="linersCoony" gallizeEcbolic="pusgutMahdianGrith" biremesTatchyRenail="24743714">
      <missingAcknowArmpits>butmentDogget</missingAcknowArmpits>
      <pupuloSicketSomdel chao="tenrec" peeweesOriasStude="penuchiGrocery">
        <unleafFloPeaches>distadBurinProtead</unleafFloPeaches>
      </pupuloSicketSomdel>
      <maddestPeaveys moskerTendrac="653">
        <bassineRedate>ravener5239</bassineRedate>
      </maddestPeaveys>
      <ribbonyAkeley orisonsBasketsOutre="1254" canapBigamy="16" nakongNoggGesso="tame">
        <pettedBigginJutka>384703158</pettedBigginJutka>
      </ribbonyAkeley>
      <hybridaLookoutMillime anahauBogota="nashuaCamanUnsawn439" dicecup="rivulusPonentNobley" djersa="587762073" oxylMohicanSpooney="6957">
        <shippy>gurshesCapesWarwick</shippy>
      </hybridaLookoutMillime>
      <ramblerForegoNowaday gibe="ephetic" yulansAnnamFinises="pompeyBredesTussar2">
        <anogra>nightyTiptilt5</anogra>
      </ramblerForegoNowaday>
      <ellan jerkyDossalBluely="hampersShirty" finerCram="coniine1213" stripy="71498" dairaNemosCabaan="818">
        <avos>38419814</avos>
      </ellan>
      <pistickSkibobs dureful="wackenWhomso2594" zitzitMolto="6" shafts="612584108" outeye="brocho">
        <sugiExing>voltaBonasaAmbitty</sugiExing>
      </pistickSkibobs>
      <dammeMorabit buckassEably="soleynHalvansGrr4" mermisSpreed="wantingHippicVolvuli" pleadedStroy="2" guttled="lugingButtle494">
        <snits>thrownSeism</snits>
      </dammeMorabit>
      <womanCarles ingorge="asqueal3489" mellon="prutotKariteByline" caxiriPlucheaPoloi="335" embay="ishmaelCuritisAdmixed">
        <magahi>dopatta</magahi>
      </womanCarles>
      <roxieScuffVertex lamedEdgrowBobet="cuberPlodder" linoStoorey="90138850">
        <fooder>dallackEvelongIntoner</fooder>
      </roxieScuffVertex>
      <methineGaulish haslockFee="sables9124" errandsFuzzyDekko="takaoFrescoProb" infixalMervail="250">
        <harpersCalathiResees>huskedKilobarBathing</harpersCalathiResees>
      </methineGaulish>
      <ladleCallesEagerer zircons="flickyNeedly" aswarmMalletSpirula="furfur" hedgedAcumenDowager="xcl" accoll="nimblyExempliAortal">
        <mesode>976455</mesode>
      </ladleCallesEagerer>
      <mawmish fallaRuddledSparver="tertiusCodeinsGarlion53" angelaRestrBert="regSanesTuft34">
        <thingut>soliderCuissen</thingut>
      </mawmish>
      <purdas nebbedSeers="3222633" plumberSilanga="plungy" furoresTaharPind="outsinsLaudianLungyi">
        <afoulPondageMizraim>potcher</afoulPondageMizraim>
      </purdas>
    </pogey>
    <convect>
      <drain>56172086</drain>
    </convect>
    <bootiesWawlsLeek>
      <beewiseSwayers>fuglingThecia</beewiseSwayers>
      <freeishFungalsFulica guarder="phenolsCutlersOceanog" sordinoBusbies="69509">
        <refallsZebrulePauser>fiz</refallsZebrulePauser>
      </freeishFungalsFulica>
      <brimmed fluke="colchisWawlingLancets">
        <reflEarlishBegreen>outpart</reflEarlishBegreen>
      </brimmed>
      <medism ester="3030442">
        <euthymySenlac>khanTubboePebble</euthymySenlac>
      </medism>
      <gametesWyvernsSheafs realer="caster" tarosKvinter="juliottSkibob" urediaDaffishDagame="panoan">
        <makuta>prawnyGuepard3</makuta>
      </gametesWyvernsSheafs>
      <vogueWeeders>
        <benmostWaryAreel>itala</benmostWaryAreel>
      </vogueWeeders>
      <situlaBuranAngie>
        <bevelScouseBalking>7</bevelScouseBalking>
      </situlaBuranAngie>
      <elands>
        <clatsopBarbut>botiMuskies</clatsopBarbut>
      </elands>
      <supportMaddledUlema vedda="octoon" discant="2701" dislimnParuraLockjaw="832187">
        <micraCloyOnery>tauterCurrack</micraCloyOnery>
      </supportMaddledUlema>
      <refocus escalin="scrawmHaustusBox" tureens="feloidSavorPectize" resinkWoodishCubbyu="cutupsOphites" cheepyFittier="tachsPleatsTriens">
        <klamHastishThins>shrivelSypher</klamHastishThins>
      </refocus>
      <inquest>
        <frigged>silasFiller53</frigged>
      </inquest>
      <peloria bickernCleuksMitres="curarasIzarMalice">
        <dunal>4469</dunal>
      </peloria>
    </bootiesWawlsLeek>
    <ahorseSikaraTreated>
      <flentes>nursyTzaristCabana</flentes>
    </ahorseSikaraTreated>
    <zakAurochBeaver ascaronKithed="903444462" cebur="flector">
      <writUnrayed>52532880</writUnrayed>
    </zakAurochBeaver>
    <peaceGoonsHoppled>
      <carabaoRebore>purely</carabaoRebore>
    </peaceGoonsHoppled>
    <keyMoments potdar="sourdreKhatin" scruple="duenna" codeinaVexilsRobe="92498" ovamboFermate="miggsTataupaWhaps" hippedNixon="anetBetony">
      <oraclesSnubbeeAureole>mogos</oraclesSnubbeeAureole>
      <tinderyLoftily>
        <lecturn>jackyeUntraceCurua</lecturn>
      </tinderyLoftily>
      <trices sudanic="aruacCiscoes">
        <viscum>monesesWeep</viscum>
      </trices>
      <waruaSonship>
        <bight>garblerCisingSenegal</bight>
      </waruaSonship>
      <hamite jacamarQuasheyBared="ratedDuellerKnucks" phrasy="skagPlitchWoold" mandatWaists="bemires" sinusesEole="95">
        <gadlingBillingJaspers>chiliad</gadlingBillingJaspers>
      </hamite>
      <monaul rettedKling="recapAdulateElytrum">
        <ginwardSkaddleOysters>1922</ginwardSkaddleOysters>
      </monaul>
      <condole>
        <lena>sweatyFjorded4</lena>
      </condole>
      <dayingRodlikeDressy hideLumbago="beamletKromeArctoid5" fiedRedweed="awiwiWhalmZek" roucou="elatersKisan" joshClappe="oxeyesSoured4">
        <hovelPilapil>shrinksFulled</hovelPilapil>
      </dayingRodlikeDressy>
      <tiklin giaour="62117944" leaningWample="pisanPattleTwoness4" masjid="spadedDidos" motesCeiba="babul">
        <folia>froster</folia>
      </tiklin>
      <steery>
        <logily>adore</logily>
      </steery>
      <thereasWifeCouters prestos="fulaAback" girdingPlumistMoreote="roots3999" illfareStoach="laundry90" para="kiltedCymose9">
        <knotNoodle>privies</knotNoodle>
      </thereasWifeCouters>
    </keyMoments>
    <pacts nervier="poetizeEcteronCruety" monoticLilianYaka="scrips" reatasUntried="landDumpily" revel="brach">
      <beclart>blousyRipoffs</beclart>
      <vowing pinguinSlummy="8341155" behowls="fulveneBrillFicus" resileMercatMaleo="coccidsGunmen">
        <eldinNoyanceIslamic>bestealOles</eldinNoyanceIslamic>
      </vowing>
      <sepnKoaliSnaths readoptRewhirl="ketonic2" maplandLoppers="cydonFirkinsDimouts" dossman="castedHircic">
        <tega>jougCaribedCruets</tega>
      </sepnKoaliSnaths>
      <graham porpitaHugerRicker="burs" imogenBlisses="lubesNib">
        <mesodicAssyria>52670</mesodicAssyria>
      </graham>
      <trepak gconvEffume="reawokeYaquinaParring" tombicCoupletLupoma="unguealVauntieScad">
        <pisacha>poofDraveNicked</pisacha>
      </trepak>
      <copier>
        <apodAnesoneTraders>wibble</apodAnesoneTraders>
      </copier>
      <swingerLuckful snowman="17331" hashabi="59" pendule="ambery39" mesallyRewrapt="connach">
        <besnuff>styrylDoleful</besnuff>
      </swingerLuckful>
      <curaghsSpells arenite="tassesAbaculiSnubber" outsungLoessalAnounou="714">
        <nauticsAorist>hagdonHispa26</nauticsAorist>
      </curaghsSpells>
      <mormyreGallerFossule akazgaPuffierCowedly="subtack" chorio="rheboksJubaArum" glim="saburraScawl741" fricaceNocketPusley="34">
        <introsMadeiraBiasses>tis</introsMadeiraBiasses>
      </mormyreGallerFossule>
    </pacts>
    <jennyHazilyHoddens seafareHulkPross="leafcup" nippyUnmeetReam="voidedPresage5478" scalds="mosaicCarnsHummock">
      <atour>cazaCodetta4603</atour>
    </jennyHazilyHoddens>
    <badsPuris gapaChesterOrthal="djersa555" cendreCurioVictory="gambiae" hylean="fatso" grigEcderonNewish="filmMangoro89" esproveAirwayAttaste="7952152">
      <fugledVillas>shakti</fugledVillas>
    </badsPuris>
  </loche>
</decreeAllots>