<?xml version="1.0"?>
<opencutGuyot>
  <avadanaStyleSparta>
    <foxskinGantletOnt nephewSantirTomjohn="175" dabbaMotored="lintel" altoistSqueal="limensOctects" notcher="emusify" tillageGoladar="tetanicResentHibla">
      <ramsonsBatlikeAnnist>vervel</ramsonsBatlikeAnnist>
      <gemmae seskinSkyfulWidow="oblatesPilea" walchiaSoars="shindle" clerisyLangaha="spoof">
        <smokehoGaroterSemih>caup</smokehoGaroterSemih>
      </gemmae>
      <ebriate benches="gegger" cosingBendayBarbut="comade" sunnaHygrineMyrick="9271151" breaded="intrigo">
        <quagsGeggery>gessoesRivinaCelemin</quagsGeggery>
      </ebriate>
      <whilkutLatticeDroshky woufMiskinSafini="firk5845" leviteBuskingYgapo="matarDerfOutact6635" gopakSaintsDemagog="nawabSulfurIncute8" drawled="917081170">
        <aptal>burbleTherevaScale</aptal>
      </whilkutLatticeDroshky>
      <lucence>
        <serryVinal>cheskey3003</serryVinal>
      </lucence>
      <kitysolAnousCool kraalGrange="preppy74" rew="peevingCokerLamba62" apercusBolide="bacchae" pregust="cygnineDosageKand">
        <cocks>609686</cocks>
      </kitysolAnousCool>
      <herebyLyceeTetters centner="lentilsIgarapeExamens829">
        <floridNessus>boskier</floridNessus>
      </herebyLyceeTetters>
      <envayeBlaws besandHavent="avow" paraphs="phasorPicaraJumped">
        <pandasSeshat>arrearsFlushesBidarka</pandasSeshat>
      </envayeBlaws>
      <dirdumsBurpedBoxing cargoesCymraegStenog="tincladHospitaMeshier" deimos="bradawl">
        <conster>loftmen</conster>
      </dirdumsBurpedBoxing>
      <rheme motonWeakest="936431" modeledSlide="spasticFowkShapers">
        <tilth>patricoRigodon</tilth>
      </rheme>
      <neilLeerierArnatta undewyJosses="5" azraelTelicPrittle="6635" dimout="9802470" futterBerlinsNoun="mime">
        <zoopery>luggingLooming</zoopery>
      </neilLeerierArnatta>
      <icones bannetsDwamishSyntomy="mutualBedmate8">
        <fiduciaLennyIberis>ozonideNoziAnither</fiduciaLennyIberis>
      </icones>
      <dribbedBemists>
        <unclubPreeing>863772424</unclubPreeing>
      </dribbedBemists>
      <jakobKhatriNgoma oariticKlnCaca="183" mowana="baboos" nitchie="2695">
        <pantie>cafoyMullockAquabib8774</pantie>
      </jakobKhatriNgoma>
      <allezArgema windedBooleyOvalish="sternadAbasesAffrap">
        <shylyGetupCauqui>564</shylyGetupCauqui>
      </allezArgema>
      <pinup tressy="jessDuppingBalilla" azimeneUnorder="gibsonBis">
        <muniaGemmaeOutcast>tran</muniaGemmaeOutcast>
      </pinup>
    </foxskinGantletOnt>
    <ergotsDryerEddic winkerIdionKniazi="fhrerTalishiHelmed" turpGulper="lifer" rupiaFifoDreamt="indigosHangScraye" blancs="52906153">
      <banishBariteAgamont>mahdi</banishBariteAgamont>
    </ergotsDryerEddic>
    <perjury>
      <tawerBlickey>unfairAnopsyExtra</tawerBlickey>
    </perjury>
    <bereft barkersGambier="7212" formfulUpbreed="hardwayDiktatTuum">
      <kommosFumarylPeatman>corke</kommosFumarylPeatman>
    </bereft>
    <habnab>
      <jnanaMagas>aerosolTiplessUracils</jnanaMagas>
      <inshoot roamers="mugful" gaditanPreknow="victrixHeeders" bunceIradeCdg="15502475" restackPolaccaName="rushee">
        <chylousCormacAnend>88</chylousCormacAnend>
      </inshoot>
      <sprunkTriples theirs="piscina">
        <nuttier>atauntoCalif</nuttier>
      </sprunkTriples>
      <urdu>
        <vinylicOutpathTenline>670143</vinylicOutpathTenline>
      </urdu>
      <glassinModeEvzones novityRemoved="anglianDeterma" cyderBaffleTufter="lucency" westy="186073351" ledolChackle="boatelsSpulyieJuster">
        <fostersOsmate>sprodTetanyTaxa</fostersOsmate>
      </glassinModeEvzones>
      <randomsSleathyTownish pelargiMealsStammel="isogamySemnae" ramet="gies">
        <brochoBroll>fagoted88</brochoBroll>
      </randomsSleathyTownish>
      <mystesYetaCrs latirusEndgateRovers="96">
        <mahranAby>7608</mahranAby>
      </mystesYetaCrs>
      <brubu reputeTanquam="75856" lyssa="lamedh" denser="lawyerSculpinFulgid6241" mooneryBirding="dasheen">
        <squeteeMurrha>hettieMewer</squeteeMurrha>
      </brubu>
      <palster>
        <solaceSoften>auxetic</solaceSoften>
      </palster>
      <ponosUnholy tupaia="293">
        <dird>62972087</dird>
      </ponosUnholy>
      <dormsAcerinHambone compearGudgeonHepatic="24048290">
        <shuffOhmages>animous</shuffOhmages>
      </dormsAcerinHambone>
      <goldishPlumpenSalada tyromaRachet="quinine" deadGerents="learnedEsdrasPetaled887" miswireLevulicDazedly="sicsCreolesMissang6298" turfiteBunya="azotousLatron97">
        <gaplessUnegal>388204313</gaplessUnegal>
      </goldishPlumpenSalada>
      <renove prisereOregon="pitfold" turpifyIngenu="subgodPartingVerenda">
        <showdomPauliteOleates>7381</showdomPauliteOleates>
      </renove>
      <merida mouilleHurries="ooidPlitchClausum">
        <trotol>2708</trotol>
      </merida>
      <foetureCopout>
        <simileGultGlucate>podware</simileGultGlucate>
      </foetureCopout>
      <amyris>
        <encheat>mammaeVenator</encheat>
      </amyris>
      <disourPaddlesChintzy valors="lingamHazanutGoumi" leviteVanir="apeironShlepScliff">
        <valved>sassiesBaphia</valved>
      </disourPaddlesChintzy>
      <toolHarmedDemirep wreatheGoogExedra="3927" spart="marfikPies" tarrieBedebt="ellanXyrisCared" fantastChorogiSaltern="icica">
        <barleys>taintorGaroter</barleys>
      </toolHarmedDemirep>
      <dittingRetotalOrange>
        <parrsBlague>seeledEoside</parrsBlague>
      </dittingRetotalOrange>
    </habnab>
    <extractPacify>
      <freebyOralerRender>vindict486</freebyOralerRender>
      <wusserMutingHagfish sleeky="351130068" corven="65" passadoMazeful="amaistToadess" papeyFovillaWellman="bedim">
        <onyx>vawardsCaranda</onyx>
      </wusserMutingHagfish>
      <cowpeasFlensesJavel gimpedPlows="mired">
        <begreenLightenBlicky>flocky477</begreenLightenBlicky>
      </cowpeasFlensesJavel>
      <amouretFuckwit>
        <arusa>outpeerTempoClupien</arusa>
      </amouretFuckwit>
      <deuxViduineWomble hoeSepiumCordia="kilobarGarbelJewish" feigherWhirtle="epikia677" asinineFaky="ramose1" edgily="dorbugs">
        <ughtenHulkCunts>sleekyEgbert40</ughtenHulkCunts>
      </deuxViduineWomble>
      <rolley dioecia="glebalIberism" blessedAlraun="muddedRajabAliptes">
        <kadosCasuist>2</kadosCasuist>
      </rolley>
      <arrode savorsSavableTulu="leucins">
        <furzierCribberFawn>waratahConsOuteyed</furzierCribberFawn>
      </arrode>
      <revinceTuzla odorousArtsySaluda="belle">
        <pinitesMbpsBespurt>plusDusting</pinitesMbpsBespurt>
      </revinceTuzla>
      <curerAlnilam ridenJemmyPakhtun="conin635" hubcap="80398" atomy="nahaniQuestedFilmer">
        <deisHagbutFokker>sampleTapes</deisHagbutFokker>
      </curerAlnilam>
      <bubingaParaspy wefty="sokemenEagles">
        <leviedDealt>kreuzer</leviedDealt>
      </bubingaParaspy>
      <gruntsMoorup>
        <ranular>antipotCadet</ranular>
      </gruntsMoorup>
      <nicetyOpticalStarlet scaldsBraccioPoetry="6050" conusesMitogenFeculae="lusters">
        <facingRenownGedd>safar4077</facingRenownGedd>
      </nicetyOpticalStarlet>
      <amidismRaccrocUparna bafaro="caterva" fabrics="adighe9" collockAndrolDtset="arioleBigae43">
        <angolan>pickedRuby</angolan>
      </amidismRaccrocUparna>
      <lividlyHuddockSarsi rhizopiLemna="dorsalsIcotypeSexhood" hairdoJambosJinxing="wanlasMansesTakhaar" ugandaApogean="fonduesRotondaRightle" messiasMatzoonMaugis="inustUnrovedAdipous">
        <turkmenSalishBateau>conure</turkmenSalishBateau>
      </lividlyHuddockSarsi>
      <oscnode doh="1027" loraGrizard="2895" renay="totter" unstony="munchet790">
        <hydrazoGoldcupDaidle>828</hydrazoGoldcupDaidle>
      </oscnode>
      <tedaDosingYetis>
        <unmatedGoresRentree>alagauFly</unmatedGoresRentree>
      </tedaDosingYetis>
      <ersar epactalUpsealBoomlet="manuaryMarimbaDell" addoomJiggit="kiersLamusRums">
        <flamedPlasher>unroveFreezed</flamedPlasher>
      </ersar>
      <adalatZoeformXyloses>
        <fulcralAnthemUsara>agielQuinta808</fulcralAnthemUsara>
      </adalatZoeformXyloses>
      <fstore javaSilkyRok="tames">
        <haplomaRuffeUntime>3</haplomaRuffeUntime>
      </fstore>
      <dickyJitteryPelick>
        <aryansCrut>operaBruscha6</aryansCrut>
      </dickyJitteryPelick>
    </extractPacify>
    <nectron fossilDronet="kurumaAsylumsStot" favose="juergen" anitosDowressFennecs="pates" apostem="mellone" exploitCutlashCablish="kevinLackey">
      <alhenaMamsellSpock>torqueGapping</alhenaMamsellSpock>
      <beaux>
        <promoGableTuny>uncularOvalize</promoGableTuny>
      </beaux>
      <macawLeafer areole="employe4" scruffyStuberAmamau="rarestHypnosJisms67">
        <egadMetonic>dictic</egadMetonic>
      </macawLeafer>
      <sylvinsMankin empalerNoctenVidonia="leafing" bandsKowbirdContoid="burbs">
        <implate>egeria</implate>
      </sylvinsMankin>
      <athanor baggyShog="pilling" martianCocciBusmen="shako" scrolly="chymics" leaverClouty="11">
        <dildoeAriotBullose>durrieMounded</dildoeAriotBullose>
      </athanor>
      <ruckedTheetPaulie upheapTerri="seas" bebite="gabgabIsander">
        <yaupGourdy>8</yaupGourdy>
      </ruckedTheetPaulie>
      <lawGrise haptera="conicle2096" tweelStephan="hern" lenardCerata="286">
        <acoreaBaritFeere>sugarsTempora</acoreaBaritFeere>
      </lawGrise>
      <gum leuPismireHuckles="peeledScareyDevilet" choisya="619">
        <shoerBirnyArmed>yawnsBuckram</shoerBirnyArmed>
      </gum>
    </nectron>
    <edenPotency hadronWhedderBlunge="attackRackway668" wagon="spakeRimeBlens" insular="simkinLiberBushes" battery="croisesTatty69" jogtrot="linkmanRechawUmiaks" ramackReseals="feversAnybody" les="damfool">
      <dorothy>imamsSplash</dorothy>
    </edenPotency>
    <tedsKithara>
      <toughenDithers>codders</toughenDithers>
      <sylvaeRigadon>
        <jinxes>busser</jinxes>
      </sylvaeRigadon>
      <inarkNeetup kulakiOhare="cissiesAbdalTimarau8" reearn="acciteAscrive">
        <nodularDottilySaltest>miffierCroatCharism</nodularDottilySaltest>
      </inarkNeetup>
      <neger dreamsyLiguresTehseel="hostieTwits3804" wadset="comitesTaenian" adays="walkedMehrdadSwound" shoyu="meanyCoringSwaddle">
        <cimbriCruellyVitrain>9943904</cimbriCruellyVitrain>
      </neger>
      <rewhirlMtn sikarLataAgraria="caractStrips" size="ostosis" snoopy="52545" queresCookersFeigher="snaresGovern">
        <buranWaws>snipySamhitaKras</buranWaws>
      </rewhirlMtn>
      <tagaloMalinesBoarded nubby="stagnumStithLugging" marcotPodurid="oscellaNoumeaCouthy" dobe="samfoo66">
        <heilBuretRudous>pretaIpomoea</heilBuretRudous>
      </tagaloMalinesBoarded>
      <celluleOutpush saglessDorobo="unpanelGashes2">
        <neguses>8766331</neguses>
      </celluleOutpush>
      <peskilyEroticaObdure sendoffChasedCabobs="clepes1">
        <buttsEpitomeSoggily>homarusChapter4</buttsEpitomeSoggily>
      </peskilyEroticaObdure>
      <cuerdaEluviesEdemic>
        <fausantSpatted>plaiceBumboUpblow</fausantSpatted>
      </cuerdaEluviesEdemic>
      <kidsmanDirling gonneLanchUppish="propter" ebonPinto="63">
        <tsungtuUnhardSlubber>nanismsGherkinPhobia4389</tsungtuUnhardSlubber>
      </kidsmanDirling>
      <facily anitosBoomingAioli="prangJujube">
        <sparkCuddled>2536</sparkCuddled>
      </facily>
      <sylphsFadgesBeckon unrudeForeign="6" ceresinBarbre="serinGytrash" mizeTeredos="witherySkiwiesSprite" peeveWishWarless="5">
        <finds>retentBarat859</finds>
      </sylphsFadgesBeckon>
      <uplit thienylKnaves="yockel">
        <parsersFianna>pharaohHardhatSandals</parsersFianna>
      </uplit>
      <outglad zinckedZymoidCrore="doegPartiedOsar" stithly="coastalTeledus">
        <tubbingFamesPotwork>sorbent</tubbingFamesPotwork>
      </outglad>
      <critismCupids evinced="1153859">
        <eoithsQuaddle>gaud</eoithsQuaddle>
      </critismCupids>
      <coldlyPlyer>
        <megohm>kesar</megohm>
      </coldlyPlyer>
      <crotalo>
        <refireCephalaMirs>anconas89</refireCephalaMirs>
      </crotalo>
      <hawkersSpeils doubleMiriamTalcing="rectiSpied59" begirds="hypnic" loupen="31229384" salsolaBabkaDryfoot="gerFavours">
        <papsPhage>6552</papsPhage>
      </hawkersSpeils>
    </tedsKithara>
    <nav advoweeMadiAliyas="argyric41">
      <ouabe>affereWheamMuckle</ouabe>
      <tanaistBetonyLarges drovingBathed="snifted">
        <tazzasRags>apardonDibbingWigeons</tazzasRags>
      </tanaistBetonyLarges>
      <praiserPinonicBenab>
        <pinderOutban>dortyAgelaus</pinderOutban>
      </praiserPinonicBenab>
      <bowknot threeps="wandooEdoni">
        <clineClammy>chyle</clineClammy>
      </bowknot>
      <suluanAmman scurdy="semilogScop" moebleTef="plyerFargood673" weesRattish="sistrumVisedSpokan" resters="refrontAliningTagetes">
        <unflank>28662</unflank>
      </suluanAmman>
      <reicingMured coosAlamoCourage="lambly" maskinsVirificPignora="kyacksDudism" sunburn="curet" dammers="himeneDharana">
        <proseUpswayTriaxal>clair792</proseUpswayTriaxal>
      </reicingMured>
      <grimyKanoonBarytas>
        <ephraimYeardHernani>alee</ephraimYeardHernani>
      </grimyKanoonBarytas>
      <spiltTrig acriderSamlet="frush" regulusPuck="17884300" habitSpooneyDowse="mpondoChasmImmoral" lotionsThis="faePilikia">
        <tornese>winiestExitedFatimid</tornese>
      </spiltTrig>
      <rampsPanierGrouze straint="combite" lucence="296" peelerBromosOblasts="waifsAsarum" padraigHewerCamping="80058">
        <daffy>wooliesHolies</daffy>
      </rampsPanierGrouze>
      <ataxicsCurship jillet="preparePiers" partiPotheadClupein="signing9">
        <dreidelSarcasmAnvil>15185</dreidelSarcasmAnvil>
      </ataxicsCurship>
      <bolagUnfrankFormula moireed="unsewsSuccoseHoulet" parasYetiRefolds="9" sparthSquetSeggio="eddyingJaun">
        <sadie>inlay4</sadie>
      </bolagUnfrankFormula>
      <ennuyeeSwopGuze>
        <dryadApneas>linens94</dryadApneas>
      </ennuyeeSwopGuze>
      <procbalBuqshaWyke citoleCurl="lazes">
        <jesuitGigster>33997</jesuitGigster>
      </procbalBuqshaWyke>
      <irk muscatsMensing="pluteusGatsby" batting="65252867" apocyteVinterOverhip="chanche" hamsOutnameVernal="142363">
        <scared>loric</scared>
      </irk>
      <brittle knobbleShookRbound="covetWarmup" pretium="edgedCollide" ronierHairdos="wovokaBanyanHieron3014">
        <unkamedOftness>coalbag</unkamedOftness>
      </brittle>
      <blightsSorb lambadiEric="uranateChanterMoos">
        <trust>slops</trust>
      </blightsSorb>
      <towny slopedDomoidPryler="marek" wettish="ignote3217" fitting="chamar" alkide="amydonCrambid74">
        <germal>achapeBer</germal>
      </towny>
      <mobileWrackedJageer embraid="premial5" repumpSolent="karayaNisse" galanga="libelee">
        <beltman>sarkCarboHeights</beltman>
      </mobileWrackedJageer>
    </nav>
    <chagrinQuicken>
      <hurrooCoupletTits>archil</hurrooCoupletTits>
    </chagrinQuicken>
    <giggled reclose="etheneIlliteCeliac" tolus="lunary">
      <bromal>26</bromal>
    </giggled>
    <sepdUlmicChazzen>
      <trouseAlipataCroupy>bobChortenStiped</trouseAlipataCroupy>
    </sepdUlmicChazzen>
    <byreman>
      <poetitoPapagay>ands</poetitoPapagay>
    </byreman>
    <misc sloids="silasTyneEndogen9840" drywallDakoityGhoster="sprig532" unius="aslopeVoetian" bonair="greyingHalfen" vigilEarhole="9684" earshotTheezanLobos="boudoirThulia72" ashrafi="971">
      <globingGrazing>shoeing</globingGrazing>
      <nebulae abscessCuprene="gurk">
        <plaiceMorseUnhorny>45289315</plaiceMorseUnhorny>
      </nebulae>
      <fishbed forints="150609">
        <broody>kilnmanWrathMires</broody>
      </fishbed>
      <abbess kobInship="499196" rowthsPhanar="cubbishRubying" paysage="333935">
        <unbrick>abed</unbrick>
      </abbess>
      <puzzledAdos>
        <trewelScripeeDagobas>palaceVarices</trewelScripeeDagobas>
      </puzzledAdos>
      <papule pedicelZolleNonskid="9350775" musalZaguanFiddle="pithsSpray" baronneBegeckWeets="zoilus">
        <muroidSwampyDistad>gaiter</muroidSwampyDistad>
      </papule>
      <shirredTalipat ravisonCoddyCivie="87" redoesSumosServos="fibberyCivetTellin" benwardAbash="thatdTyroma">
        <autoistTerveeSpoach>daimyos</autoistTerveeSpoach>
      </shirredTalipat>
      <kaberuBiffedGoers plugmanBunkoDysuria="idylZebecs" bombicUllucuProfess="laniusHappensGothism139" axseedsScotize="azanPrismalSippet17">
        <cayuganLiaises>finelyInfraSthenia</cayuganLiaises>
      </kaberuBiffedGoers>
      <unsworn>
        <timarriMooder>5936</timarriMooder>
      </unsworn>
      <emblaze pipersHatefulVamosed="tictocUntap" stypticMantled="873" alepotTarauRigs="stopaWhettedPaganly">
        <hoggCordeauPinfire>eldressMockfulPlowed</hoggCordeauPinfire>
      </emblaze>
      <wisp formicChinookSkidway="lipoids" icicles="pesetaRefetch" rubellaTrueman="180553" ribberMarorWurmal="smickerDingee942">
        <vest>3</vest>
      </wisp>
      <bonder zinciteCesura="teamedCutchAnnelid">
        <lemna>865973</lemna>
      </bonder>
      <brewis sanetch="86">
        <popinacMeeters>terrainStackerSerai50</popinacMeeters>
      </brewis>
      <unbeltJammersAudion cohoCulvers="guisePartialFaceman9" anotherHenbitsPeps="viruses192" suevianAbash="pigwashLucianCapital">
        <crozers>damaskVoust</crozers>
      </unbeltJammersAudion>
      <chisels scrawRancioShots="sciaraKylSmirkly">
        <volvellTermalAssaut>cycasesCujam9</volvellTermalAssaut>
      </chisels>
      <sekereCorgeBanba substBubas="nextlyAralkyl" jotnian="195" mexitlConite="59">
        <bajardoAuxinic>aamBorghGuilder</bajardoAuxinic>
      </sekereCorgeBanba>
      <eluviumClosestZemmi kudrunDoblas="72">
        <rodlet>unlowly</rodlet>
      </eluviumClosestZemmi>
      <icilySprints unnobleScrumsSlurp="coalingCaulkedSuclat">
        <bookendUnsnarl>gienCurdy</bookendUnsnarl>
      </icilySprints>
      <uppropsEchoesAcron knowsArgueBeauism="curserPeeryVentrad433" datable="pectin" meathRefrontAthyris="alinersMiosesTabret586" hauSonk="7715">
        <trysted>torsten</trysted>
      </uppropsEchoesAcron>
    </misc>
    <seamanDemitSissu scuta="goldingJinkle" shawledBumps="795756" apogeesPetits="9207" hupa="royalsHedger6">
      <bleepedBellmen>halalasToryessYammer</bleepedBellmen>
    </seamanDemitSissu>
    <casteLavabo>
      <parodosAuburn>830370418</parodosAuburn>
      <tath>
        <biasedSculkedHamlah>indulto</biasedSculkedHamlah>
      </tath>
      <primityGarnelZarebas>
        <parrier>attrite</parrier>
      </primityGarnelZarebas>
      <famulus algate="blowzedCusecsElector">
        <abronia>forkmen3</abronia>
      </famulus>
      <caderasHory bulimusProofs="36" disjoinSmithsCorn="mpretNoils" bunningGanner="asoka94" farmoutFustic="pimpedPageantOctanes">
        <uraresStoterSoon>wizenedZombiesAloins5360</uraresStoterSoon>
      </caderasHory>
      <wrecks bough="torses" dharanaCarn="abrine" shantPitwoodPud="loiterCrotonsNibbana">
        <foreseyGaleage>54545100</foreseyGaleage>
      </wrecks>
      <sidedSukkahs turtletCanelasSoka="protomeAsprawl" revisalDopeLabores="limbo434" twisty="capridJad">
        <baldly>miscue</baldly>
      </sidedSukkahs>
      <foresay>
        <drabaStadia>gens</drabaStadia>
      </foresay>
      <uptoss huurder="doingCanroyAry" tremieIceless="74963">
        <hureekMangoes>gaylySeculumStruv</hureekMangoes>
      </uptoss>
      <korhmn septileCurrane="303" kelson="55" aldernListyLynchet="undueToffeesPenlite">
        <thrawsExcerptWastier>echoist</thrawsExcerptWastier>
      </korhmn>
      <cyclasHelms forseenJargBruise="boozilyDicyan">
        <sluing>palooka</sluing>
      </cyclasHelms>
      <ancha yodelSozzleAmenity="tweeshEggingUntacks">
        <haddenFecundVinitor>deodars</haddenFecundVinitor>
      </ancha>
      <analgiaHarishTousel statice="caracksSpermaTeases970" phizog="caffleMoothShiksa2" misnameDawdledPigmy="livAdaweFolious12" kadeinPadouksCopr="minah13">
        <hubPityingMofette>jemidarSquirm</hubPityingMofette>
      </analgiaHarishTousel>
    </casteLavabo>
    <dannyParergy>
      <craunchPurelyTwibill>943824575</craunchPurelyTwibill>
    </dannyParergy>
    <datswFice kicking="partimWickers" pyrroleUnowing="flunksTrain" vespersBoweGrits="corrieOvidian" donnasEmma="curbed" penlop="babs" kecklePaneledSuggil="52589">
      <visitCitizen>novelly</visitCitizen>
    </datswFice>
    <snubbeeXylosid cockeyeSurgesMuley="slabber2" campine="625" trepidIononeCasaba="1" fleeter="atafter" nanaimoCurbash="kelk" wailer="dynastGuigeEaglet">
      <behaves>refallKillers</behaves>
    </snubbeeXylosid>
    <protiumOldwifeRule proteiArchgod="boma" fortletHemself="snipedRerolls" bedlarCittern="bams" altunMiaousDzeren="aaa">
      <verb>lessorSynchs</verb>
    </protiumOldwifeRule>
    <veldts apadanaQuavers="damasse" hircine="porgoOwnSantirs" svarajsTussler="axinDunker820" hantlesBrotany="aegipanDefeitJoyce" revel="yaruro">
      <ginneryFeckly>creedal</ginneryFeckly>
      <kasher abelianNattle="emptierDovecotStandel">
        <hagborn>fullingWainer</hagborn>
      </kasher>
      <uppluckSctBond furiosoSayyid="dewanSubsets" scrubbyPamentEngram="ketosis">
        <unloop>26072005</unloop>
      </uppluckSctBond>
      <warship>
        <burut>thujyl</burut>
      </warship>
      <hery joust="60059427" wutChaverMangaby="witanFreaksDoters" adeptEndfile="empresaWaistedTibey" binocleHapsJuxta="niveauScaposeFdnames">
        <latish>tuneMincopiSage</latish>
      </hery>
      <dreed>
        <swayer>classedAliciaDertrum</swayer>
      </dreed>
      <leans uncini="goopsKnappeDerry" agar="akkaGuly">
        <vitiGouramiAndean>pequot5443</vitiGouramiAndean>
      </leans>
      <enragedPadrona juncoesBeglide="festino" ygerne="8012673" penitis="vistasOstiole" eyelineCampholRehayte="fossaeIlleist">
        <vinosBegutLagers>vikingsPunker</vinosBegutLagers>
      </enragedPadrona>
      <angakok mortarsBefoolsIdling="hoaryLidar" europeAerosat="baobab" neutriaJigote="4">
        <fusion>pinman</fusion>
      </angakok>
      <blaw faufel="asok" wondersCellarVictor="48999" stalled="coritaButylicHones">
        <sumachsCambio>serinsMarshesVocals</sumachsCambio>
      </blaw>
      <maskins ratelsMahound="jailorLoafed" halalCandyhBowpin="antigenMonnionRespell" waried="henpen">
        <shebatMangle>coombBanditWhuther</shebatMangle>
      </maskins>
      <laniaryRoridEnsweep firmaRatiteYerbal="proteanAlbinal">
        <clatty>8</clatty>
      </laniaryRoridEnsweep>
      <plumesAmatory>
        <snashDipt>trichiaAouad</snashDipt>
      </plumesAmatory>
    </veldts>
    <hygroma>
      <ani>53207406</ani>
      <mahoe bother="zambraDislade" pirogen="snowsKnopperAhimsa">
        <stellioRotor>allicinColic2433</stellioRotor>
      </mahoe>
    </hygroma>
  </avadanaStyleSparta>
  <lockedWampeeBents kohl="6" wenlockSolons="chuddarKopjesComl" />
</opencutGuyot>