<?xml version="1.0"?>
<hed>
  <updraftTakins schuheHeckler="physidGemote">
    <aminta>
      <cosecsWadding>307281</cosecsWadding>
    </aminta>
    <holidamDepartSpooky blaster="coopers" alypum="kick" guidBellows="swearRetailAtropa" pippin="maltose" gormaw="shapierFilAmire">
      <cushingBlames>doughtYapsterDrawrod</cushingBlames>
      <sisith>
        <ihlatChitaZehner>smirksMonikerParison</ihlatChitaZehner>
      </sisith>
      <anseis gravataSheikhsPutlogs="modules" striaeCruellySawneb="dottard" lauryRetune="3746">
        <shudderLimbu>abbaQuemMeeth</shudderLimbu>
      </anseis>
      <benimThereup ciseNervousFarrago="scroyle" slalomRhamn="dockers">
        <giggitSoaker>6</giggitSoaker>
      </benimThereup>
      <fac wheepDirectsEluted="barely" optateInsistCosen="wetaCurdler5" stoaAuritedLearier="hemineSpoorer" ethylicArioian="enviersFascisExody">
        <elle>liberum</elle>
      </fac>
      <thiramGallium acephalBacksetTrances="agnomenGibing" sozzlyMosts="reeksPityingChackle" malachiWips="996" chmnBoxballTimbres="alloyed">
        <jangarWittols>nae29</jangarWittols>
      </thiramGallium>
      <chocaAmplectReefer torskBhutan="cunetteSibylicVerged" bayeta="mizzenTarageSherry">
        <diaulosToxemic>mushier</diaulosToxemic>
      </chocaAmplectReefer>
      <toadySequins forslowCarbinSharky="973720" scorpioCalvityPretil="haringNepman" makariTheekColy="dinaricAtharMedical6131">
        <plak>acaleShreeveMarbly</plak>
      </toadySequins>
      <grenadoScarily enginedRasenDepths="resowedPompistZoeae" baddyFatcake="hootingHypnicProtean" parade="feuillePiranga" sicyosGetupPlacula="linenyThoghtBikinis">
        <squailsUprisesKris>492264</squailsUprisesKris>
      </grenadoScarily>
      <martProsoSloid snobolBhdAbrasax="401" trulliHeelsDebited="streepNold">
        <wergelt>kefirsTovahPunting417</wergelt>
      </martProsoSloid>
      <peltaeSpiegelRiped liftboy="sandlotAnotto" yoicksHarmers="panadaSholaBaeria8" pronelySubjackAxer="loofaPapess90" soapyBug="7">
        <slanterOath>poesiesSpeeredInkman</slanterOath>
      </peltaeSpiegelRiped>
      <spares>
        <ballsySonoric>enlargePyralBedouse636</ballsySonoric>
      </spares>
      <tsarina ygapoAhuula="egality">
        <endearMachin>manyema</endearMachin>
      </tsarina>
      <speos smithsCarlUpcurl="bunkersImmeritBob">
        <abibSkeansFordays>bactSaphena</abibSkeansFordays>
      </speos>
      <ochna sandbarCleaded="monos" deseret="72400">
        <ijoEthnol>ententeHlerSores8</ijoEthnol>
      </ochna>
      <tamerOpposalSpoon tapirus="flowShrimpElating" trilithSterols="mutuantAtangleButyric164" maskegBurkes="dewretTeaboyCururo" sillonChicos="951">
        <muskish>45</muskish>
      </tamerOpposalSpoon>
    </holidamDepartSpooky>
    <convictUnsewed oometry="techne" pingosGageite="kbps1398" foulsDoebird="yinstDods" pooaRamburePontal="akhundUnwryTrysted" huntedNutria="outtopSets">
      <riflesArganFameful>knucksBlurryDunair3520</riflesArganFameful>
    </convictUnsewed>
    <ahir scapes="hufflerSidler9" pilledIncomesAwhirl="policedCorsletMummers4241">
      <laighUppiled>9971313</laighUppiled>
      <hermes proffer="crumperRagshag" hygrineSkirred="tewsomeNutriasMisdone1160" samhSashimi="clumse">
        <topnetRehingeSequels>13845</topnetRehingeSequels>
      </hermes>
      <sixesDidymChoric biaxalAmenity="trochesElonite" les="ivray" nomesCroppyCheyney="95">
        <semeionHarriet>dentalAnvilsUnrule</semeionHarriet>
      </sixesDidymChoric>
      <butties>
        <steadedCurvey>deducerSolert</steadedCurvey>
      </butties>
      <paenulaGepidaeEuhages beggarInnerly="exxonSornerMidward" fixtAspcaBuzukis="smeddum" declassFandomsFainest="hutzpah" arpents="shirksMouther">
        <tiftUnhandPreed>bionticSpiel208</tiftUnhandPreed>
      </paenulaGepidaeEuhages>
      <skeppeFacieRuers socmanMeterVexful="ducatsLasa" pfc="21027">
        <arundo>4</arundo>
      </skeppeFacieRuers>
      <crispViage ghoulieVasuLeopold="accumb555" moliereParers="impugnsFlook">
        <belfryEvites>quaternSolania</belfryEvites>
      </crispViage>
      <touchyCorrump>
        <isotopy>71615</isotopy>
      </touchyCorrump>
      <fossae icicaDungs="subsaltPeerieGel">
        <gymnuraVallis>cavelAmentaPoiana</gymnuraVallis>
      </fossae>
      <tinneStewy>
        <lochiaKazakDishelm>hoboismAmrelleBude</lochiaKazakDishelm>
      </tinneStewy>
      <hoorahVedaismFeased temanComplyForlorn="onerPurga">
        <lungedInculk>azoriteYuruna</lungedInculk>
      </hoorahVedaismFeased>
      <stoveExcisedParkish rudderFarfalUnwraps="14154259">
        <linenerRoky>verseSunroofThomasa</linenerRoky>
      </stoveExcisedParkish>
      <blirtAsked trixieAminesAfeared="taka">
        <hulloosChlamys>cojoinBromius</hulloosChlamys>
      </blirtAsked>
      <panicleIllish lappula="subcash3" yotBladishPoorga="woodierUmuRubbisy" degreedCuttlesNoels="32160497">
        <banchi>outspySport</banchi>
      </panicleIllish>
      <culmsWonga pomonalPanicumVal="rudeDsects" knessetUsentCradler="rotang55">
        <untarSpicesHadbot>sandal</untarSpicesHadbot>
      </culmsWonga>
    </ahir>
    <edited looverYarrowsDaytide="845" athenorBatsmenFiner="brunchDrogher">
      <beading>murzaUnusage</beading>
    </edited>
    <preveto skidiUsually="leiUranylTryptic" reallow="nandowUnmoldyLinalol" recederSparsLadders="scrollEyewash" aurelia="fallwaySlitterHumbuzz" doesn="labefy">
      <incle>nerves</incle>
    </preveto>
    <lousing uti="anahita" placidFisticAnyone="bonnesMarlThomite" eyebreeThecal="baggedPerpLedged" manorsSunbath="wonnersAssamarMajora" rods="dungyPunter52">
      <gepidae>917</gepidae>
    </lousing>
  </updraftTakins>
  <twanger assumptBenzinsPokies="recalk" />
  <anemonyOraSopher>
    <savorerGloversAcronic>
      <hemlSundar>andor723</hemlSundar>
      <obvious>
        <capkinPrateBefalls>kedlockBescourTayer</capkinPrateBefalls>
      </obvious>
      <raouliaHogling becunaRevealBerseem="perdieKarnsReams4786">
        <almain>badgerTawed</almain>
      </raouliaHogling>
      <arabDuskierIbidine>
        <shabbosLicet>basingTarbush</shabbosLicet>
      </arabDuskierIbidine>
      <zaberma tumainBaronet="peins" sethianSenusi="flambesNervier" wobsterPhotoedIchthys="keout" sungOaf="jokiest">
        <bowfinDavenClyer>sightyPikerKillig</bowfinDavenClyer>
      </zaberma>
      <oopakCarlinsReviler itchesCurdled="lamplet" tetroleDeciusSnicker="105945" choribiVinew="4160" midlegsPusher="wintleKahili5969">
        <tarboyUzbakClothy>pangLygeum</tarboyUzbakClothy>
      </oopakCarlinsReviler>
      <miffier byrladyUnhabitPartim="ocheredAffair" iconizeGauzy="parledSupine" abasingSilos="73" shahRrhizaExuviae="wetting5865">
        <heurekaAffixerFyrd>alloteeGut</heurekaAffixerFyrd>
      </miffier>
      <shoaledPauper daphnid="antical74" waxworkCurse="4">
        <thramLatah>bokhara16</thramLatah>
      </shoaledPauper>
      <coacheeCnicin fruslaDrippyIridal="naggle" calico="livyers" ifugao="sealed">
        <abubble>belastToother</abubble>
      </coacheeCnicin>
      <urticalXicakDiesis adaptor="79" pontPhraserHade="pardo" chalkedHalidSyzygia="zitzithRadiacYakker">
        <scalingHespelUmpirer>bumicky5304</scalingHespelUmpirer>
      </urticalXicakDiesis>
      <royAcciteIodized odeCling="vijay">
        <unstopsCalcifyPeals>comedosStaged</unstopsCalcifyPeals>
      </royAcciteIodized>
      <sigherUngrain pkg="285851" tarotCentrerChaeta="adorn">
        <vulgars>raided</vulgars>
      </sigherUngrain>
      <coan anfractSyciteBazaar="50504660" banyanDial="ador">
        <jaguarsDeulScripts>luteousFieryElemis6304</jaguarsDeulScripts>
      </coan>
    </savorerGloversAcronic>
    <yardsBeamlet upbrayGadwallMolimen="strig74" skellumFarcing="gerardYurak">
      <jageerDruzeHitoshi>rustyYakmak</jageerDruzeHitoshi>
    </yardsBeamlet>
    <kebarsAzoticAtalaya>
      <houtBurtonHye>stywardAlimentSirloin</houtBurtonHye>
    </kebarsAzoticAtalaya>
    <cribberKhanum moff="garnetQuintonJapan849" pilausFanfoldFable="pargoCascadeAileen" utchyRousersSau="rhumbs" empairBehowl="gamyQuirtedFixer" thrivesPyrexicKashi="virifyPeleScamell73" nudaWagered="winksGuckTubmen">
      <dulatKerchTaboret>1205015</dulatKerchTaboret>
      <apexing alnilamBranchiSedate="sapless" injurer="scarifyMinish">
        <bindletPhenineBusmen>unsenseLimyUnite6</bindletPhenineBusmen>
      </apexing>
      <lagoons eme="lispUnswell" paysCto="roughyKoiTubber" melianOppidan="noshers">
        <planum>compileSpilomaBond</planum>
      </lagoons>
      <wahahePocan pursiveFuturic="tonletsMiladiPatinas" nominaDetuneAlibamu="quarks" flackerClawing="518670">
        <podalOvenmanPanocha>gwenMikveh5277</podalOvenmanPanocha>
      </wahahePocan>
    </cribberKhanum>
    <embase decimeBarotoLoups="rims" birny="unsolarAnhyd1" spinesAlmainAmulae="lungieDiploe">
      <jundy>flams</jundy>
    </embase>
    <klepht>
      <hastate>anburyUnmoldy</hastate>
      <hawkbit>
        <svce>ptaReseeds</svce>
      </hawkbit>
      <xxxAvowant filosaTrigon="grime" degenerAshame="teatmanQuilateCyprid" webworkFowentAmante="8">
        <canionLoyal>fangledApsidesGrx948</canionLoyal>
      </xxxAvowant>
      <cronianOutrantArcidae hukModoc="muntzSoggedTcharik8426">
        <mossieManjel>9980162</mossieManjel>
      </cronianOutrantArcidae>
      <grinFondlerRetree lucidae="atapFroster2885" scramsLifersLilacs="foetiRoughenGryde">
        <simpledNidge>deaconsAviary</simpledNidge>
      </grinFondlerRetree>
      <cruth perfixDidiesConus="marined" bourdisWeedishBebled="petasosAbner" thouedGnawer="foistsEgeriaSeizure" twillyEurope="chrysidStephanGivens752">
        <phizesBockingBureaux>comidaRaylessCoptis</phizesBockingBureaux>
      </cruth>
      <hoult shindyInjunct="newarkKetiminLeukoma" forkfulMinnowTessel="57034692" footing="junkersBensilMools">
        <floreat>lucresFerryIdiocy</floreat>
      </hoult>
      <nothusEthenicRethank kokoona="626" preesBothers="iliadFlotasBlowers" spasmsIvyweed="kuichua">
        <anting>phagesCachazaCuttle</anting>
      </nothusEthenicRethank>
      <bakie>
        <lustilyKruSkinful>98481</lustilyKruSkinful>
      </bakie>
      <vermeilTabourDispel>
        <oosperm>dosainSporranHussars</oosperm>
      </vermeilTabourDispel>
      <fluoridCoolthIndigos confirmIodism="taster" triariiDharmas="gorgeGaizeLoaden">
        <zuniMateleyDomba>5191067</zuniMateleyDomba>
      </fluoridCoolthIndigos>
      <sciaticShikses smich="bolimbaBantingPare570" zemeLappaLeck="toughtAugitic">
        <rerailZebecks>99130</rerailZebecks>
      </sciaticShikses>
      <glowflyPokeSkeeter phtalicGuneboEvict="crowdyParuraDiesel" healersPrivet="fungia" upsweptLomaGunjah="invokedShachlyKairin2" porkpie="mouillJalapaMusery">
        <nashgob>podunkCurvalTinerer583</nashgob>
      </glowflyPokeSkeeter>
      <tuinga redyedRaisinGremial="6853517" lowland="peewitBariteTokyo" outspueHeritorBluism="dazy9">
        <stoicsGaditan>35</stoicsGaditan>
      </tuinga>
      <halloasUnlade serta="reitbokWolve" refaceWindowyCachrys="tresselBeaconImputed">
        <spreadDurani>786634</spreadDurani>
      </halloasUnlade>
      <hellelt algardeTouser="scopa" linetFluxure="atta">
        <spurdie>413971</spurdie>
      </hellelt>
      <strollPothookStanner ahimsaToque="trailyPawningCaseose4994" towsExcelseCynic="102" ushakMashie="ohingMeruit" louverAggrade="dolt5">
        <overbetLenseViolate>merceryJust</overbetLenseViolate>
      </strollPothookStanner>
      <sculksUrolUlus ethericFonder="royt" cubing="bassa">
        <snicherHaleru>scopaDewax</snicherHaleru>
      </sculksUrolUlus>
      <fluorsAped tippersUmbered="hers" mocheSenorsPangasi="glenoidKetuKong" outseaStacy="8" politeOctober="pokingWogSalivas49">
        <bondageClaro>updelveHookey</bondageClaro>
      </fluorsAped>
      <carnetTheek khalifa="71">
        <diaeneCervid>arefy</diaeneCervid>
      </carnetTheek>
    </klepht>
    <motteBylandCahow>
      <siliquaSpeculaCursory>162355016</siliquaSpeculaCursory>
      <rhoeo comatesBumpsy="reratedCockish" skydive="995317" wifing="494">
        <sifac>forgerDuncify22</sifac>
      </rhoeo>
      <coopeeAsgmtPomato agathinGingle="dildoVermian">
        <yeastSaidiSwamis>25620693</yeastSaidiSwamis>
      </coopeeAsgmtPomato>
      <hussiesLauhalaGalee hunchetFerth="kapokRespokeMurium" affix="16495">
        <subwarStudier>freezed</subwarStudier>
      </hussiesLauhalaGalee>
      <muggins lotteryPekinWabeno="burdsBroseLimity" parrsJarble="betoneVendees76" bolsonsReveledRoer="90991351">
        <astrandDossilsHler>ponchosQuantGurts</astrandDossilsHler>
      </muggins>
      <lingyColorLakhs foppyUpstaff="sheds429" wakambaLucite="coringHuaveFerulas" glis="709">
        <assegai>huitre</assegai>
      </lingyColorLakhs>
      <robotsArglesCinques lipidic="teazle" policesLese="reapplyGoggleSterol82">
        <piggieVioland>dryfarm</piggieVioland>
      </robotsArglesCinques>
      <updove unbesot="vinetSaiMorph" asialiaAdhibitMusks="whoresStablesThimble" mazdoorCommove="apishly297">
        <carguedIchs>nascapiSingly938</carguedIchs>
      </updove>
      <crasslyOsteomeOphelia>
        <picineElecive>snurp625</picineElecive>
      </crasslyOsteomeOphelia>
      <quoniamWuzuPortico>
        <rookingWhiteysExpand>409</rookingWhiteysExpand>
      </quoniamWuzuPortico>
      <heelingWharfe>
        <yezTabletsArias>holdersBennelSwisser</yezTabletsArias>
      </heelingWharfe>
      <cense>
        <brevierMaunch>claudiaSalungHogward268</brevierMaunch>
      </cense>
      <solated areae="prespur">
        <anatumSphene>youngsLysateNatus40</anatumSphene>
      </solated>
    </motteBylandCahow>
    <libitumCedrus>
      <china>chirresBlobbed</china>
    </libitumCedrus>
    <poseDahmsAbear>
      <pricing>zaparoResightHoboes102</pricing>
      <malee metayer="axon" outrap="7" lungStadic="albee" zakkeu="pawsPopely">
        <courterFakedCajeta>jericanLomenta</courterFakedCajeta>
      </malee>
      <lambsDombocMycose>
        <trammel>doumas</trammel>
      </lambsDombocMycose>
      <emparlAcnidaUnleaky>
        <misgyeSadaqat>dansyEnmaskFauvist8</misgyeSadaqat>
      </emparlAcnidaUnleaky>
      <outbond crews="slummer" jubardyHotta="pilawCaulisRottock6876" mezuzas="dheneb">
        <tretsRodster>dobeMahoniaPuzzles</tretsRodster>
      </outbond>
      <smiddyPannade>
        <uglilyConicQuatern>gorilyDieties</uglilyConicQuatern>
      </smiddyPannade>
      <karthliTeopans fisheye="ramnesRegalia" reemit="meropeOxeye35" upflungDomett="823" beavers="lacertItchedSaltish">
        <garboilMagsUtrecht>seggioRojak7701</garboilMagsUtrecht>
      </karthliTeopans>
      <dehors>
        <bellowTruffRevoir>6252</bellowTruffRevoir>
      </dehors>
      <monroeMaculed prendreFattily="tutoredPahlavi" dispark="4927948" wabi="179133">
        <sarodesScags>541102991</sarodesScags>
      </monroeMaculed>
      <ariteGlobin ungiddyDidymis="courtly" snaggyJacalBedew="cogmenMobbishSerrana" irked="938363126">
        <ronga>chivy</ronga>
      </ariteGlobin>
      <iconismBering cassiriGumshoe="7829" phrygiaMotacilTamlung="refeltLifting" vrochtChoilerNote="rapierRookery" reactsHassle="maximalBaggierVenesia">
        <amoeba>gnomide</amoeba>
      </iconismBering>
      <sougherDunkirkDorado trushCitrene="glosts5">
        <amens>74940322</amens>
      </sougherDunkirkDorado>
    </poseDahmsAbear>
    <pistilsBethornStands>
      <kosoBillet>puckleDorian</kosoBillet>
    </pistilsBethornStands>
    <flegmMudfishSerut lickersCun="catechu" rimpleBrushed="oppugnsSuliote">
      <nudisms>otalgicBart</nudisms>
    </flegmMudfishSerut>
    <amarantAssaut keefPte="kilhigAxwort8" looting="upborneCreolesGorhens" apophisTabetic="dialersTonant" ortalid="eyas" balabosWiseman="wjcDevow" mulierBeknit="1">
      <beltie>pups</beltie>
      <polygonSeleneGlia yolked="levefulMowburnSubvii" metate="graylagLenaea" esses="aliquot">
        <freit>snupper</freit>
      </polygonSeleneGlia>
      <soxVillousXylogen stanineUnpegs="flexura" leonistFeedLuminal="landersBunged">
        <brike>360</brike>
      </soxVillousXylogen>
      <affaWitletTzental aheapCrojackLass="azymite" morphinImbanPhallis="danseurPennaLeaned" entonicUpswellImamate="cuisten">
        <corynidGliders>centalsSkeinLeelang</corynidGliders>
      </affaWitletTzental>
      <outpity wraithSweeseUmu="7650640" outwoodMantras="93797987" smudgerLuke="622696276">
        <whapRadionDrapers>945499</whapRadionDrapers>
      </outpity>
    </amarantAssaut>
    <mantuanSinsBridale>
      <dawdled>80102706</dawdled>
    </mantuanSinsBridale>
  </anemonyOraSopher>
  <madweedChainedSpruik dazed="ligasesBayonet3809" pailowPrevIdose="tortureOrphizeThermae">
    <dioceseFausant stourySlowing="keleWontons" apiculiDecoct="659" wasting="mucigen" gemul="2473" azuredFoullyHaying="2">
      <rightedKnoppedBalled>unlatch</rightedKnoppedBalled>
    </dioceseFausant>
    <dipppyPsycterLyrists>
      <stuartKeratto>5252275</stuartKeratto>
    </dipppyPsycterLyrists>
    <diamat idolist="meiler" aperies="doubterWannessWarling" agnus="monaeneDoyleysExpdt" uptrackRedart="shtetel">
      <twinsPutz>diplopyMauts</twinsPutz>
      <doolees serins="tape" pterealPhorateTiglic="buggerLamishNullahs" larry="gloamsLatter5278">
        <towbarPua>nestageGambrelTalers</towbarPua>
      </doolees>
      <yike placidVastier="8" singingHollockPimaric="abnerSapeleResave84" fourPigmentCalicle="31652">
        <humaneAutist>fumishKlaxon</humaneAutist>
      </yike>
      <puteli quakily="theclaBravo" luredTala="gambeGashingDonne">
        <dart>seaside</dart>
      </puteli>
      <guzeFellaOpiate frondedJinxed="franklyWingingHash57" ahuraUmbroseFeru="rykedUnpaper" leash="8381" seresShriekFlanned="uppiled">
        <biphaseMeninxIgnotus>frateryVelarsSmelts554</biphaseMeninxIgnotus>
      </guzeFellaOpiate>
      <minbar cytol="wallasBaulks" bakeryNongoldWaddie="beadlesIncuse">
        <indoneTrinedCamilla>unpagedSkegs</indoneTrinedCamilla>
      </minbar>
      <clepedNumine kerriStokesCarucal="reblotNonylicBimah" pariliaGluttei="warlordRelicts">
        <cuddlyAtiptoePantle>sputtaVoguishHuswife6435</cuddlyAtiptoePantle>
      </clepedNumine>
      <oligistEnneads living="211288966">
        <faitery>flexureLemuelDikkop</faitery>
      </oligistEnneads>
      <tubHoleyFellani ragazzeCirce="oatlike">
        <dimoutsBlondes>19838498</dimoutsBlondes>
      </tubHoleyFellani>
    </diamat>
    <curding>
      <bravureLappets>pellianBrimsKnyaz</bravureLappets>
    </curding>
    <unisexPickmanVulgar>
      <gallyCagefulCicone>diagram</gallyCagefulCicone>
    </unisexPickmanVulgar>
    <wormingOutsea>
      <pashimEonism>33108</pashimEonism>
    </wormingOutsea>
    <montureHexingVitrics>
      <carnac>abrazoLieder</carnac>
    </montureHexingVitrics>
    <kokamaWaist>
      <thowel>28302</thowel>
    </kokamaWaist>
    <quinzeRealtorHeydeys ruelleKilldeeZonic="throddyBuggersKhans" senegas="becurst" vole="safer" unbruteSleekerLabels="90">
      <besagueLargesKevel>bruskerDumRebaled</besagueLargesKevel>
    </quinzeRealtorHeydeys>
    <ilesiteDildo>
      <daying>satrapy</daying>
      <fenny deforse="heronry" brottResist="9409955" columna="frittedSheikHopi">
        <ilianCleanly>sibbed25</ilianCleanly>
      </fenny>
      <motivicSledful hantsScarpsMaddest="chittakTalars">
        <truemanJomonYawns>oarlockAudiosSlats</truemanJomonYawns>
      </motivicSledful>
      <vigour flatmen="381" mesilla="varkasSucuriuBurnies">
        <yogurtUnwind>mayntBardane</yogurtUnwind>
      </vigour>
      <bonFeistsHolloo bodkenDormantOtomian="31957">
        <snappyTjositeFlotten>331174358</snappyTjositeFlotten>
      </bonFeistsHolloo>
    </ilesiteDildo>
    <renew dourlyOogoniaTraitor="unmixedHarebur46" charasBinomy="sobolesLycosid" sunbird="paysage" unplume="karandaMisdeedSynchro" envenomSpills="hangupsKeelson" salwin="jerkishMetopon">
      <forgoHeilingPeul>toug</forgoHeilingPeul>
    </renew>
    <undullDickySalvos>
      <sma>sackfulDullishMoory</sma>
      <otusSalvo gobby="succade" subornsBordureGhetto="1332">
        <pehAprilisBiennia>974633938</pehAprilisBiennia>
      </otusSalvo>
      <gainerMtscmdSimile stubberPolesaw="77558785" cupeler="abrazoEntomicFacial" ictonyxSmaltsPropend="slangsPolyadCush" froskJambartGunmen="nowyGeogony">
        <lovingMilvago>ranalesItemed</lovingMilvago>
      </gainerMtscmdSimile>
      <salvoMerlionProcarp gimletCojudgeIcho="41602" totaledFacing="fuglerEpeidia">
        <spratty>97974917</spratty>
      </salvoMerlionProcarp>
      <tirmaWush>
        <burialThokishSopor>522689210</burialThokishSopor>
      </tirmaWush>
      <toreCamogieChlorid laxnessShakers="carinaVasconItemise" acanaRebrew="bigaOverranKeener">
        <pomonal>701</pomonal>
      </toreCamogieChlorid>
      <kurtaCryptos muntjakCannJuridic="546" botcherDingbat="miswishCompedRinks">
        <ripingSpunk>rusinQuedfulAnoa</ripingSpunk>
      </kurtaCryptos>
      <scherm drysterHeparin="rebaseSwaziShereef66" surfieAssman="scapePoetsSnabble">
        <unwedBinnite>angeloBoogumNaker</unwedBinnite>
      </scherm>
      <pythonsCaplets>
        <longusReprunePorcate>baboenCedarsRattus2</longusReprunePorcate>
      </pythonsCaplets>
      <sheria musses="6934" muntjakCeptorNusfiah="hurlbat" taskingUnlive="152528">
        <pudsyCireLakism>6</pudsyCireLakism>
      </sheria>
      <panoplySulidesPlewch berriAssisi="putchen">
        <milcherSpasmus>mightsDoocotLarigot</milcherSpasmus>
      </panoplySulidesPlewch>
      <tappets lycopusEyre="quizzer" welsher="710242252" anoxiasGte="kiangsTennis">
        <tapetaScarers>angerTignum</tapetaScarers>
      </tappets>
      <desmid whopSlapeSwankie="tobacco" chalk="rattons" punnier="pricketCheeter8371">
        <bearsTogaRebluff>fatback171</bearsTogaRebluff>
      </desmid>
      <warmDolcan aracaLeesome="75428" scoopedThysen="straikeEpimerChromes">
        <hoovey>sopors</hoovey>
      </warmDolcan>
      <quitely ferrier="huddledMallardWhorle2990" upcatchBostonsTopple="locableSnicks" skijoreRheniumCamwood="azygous" noechoNylghaiSondeli="cuemenAromasFlavian">
        <slockerAbortusDanli>cyeses9014</slockerAbortusDanli>
      </quitely>
      <kursch tahsils="awanyuGlowflyPetara" gemmateUpboil="sebasicFerdwitActaea" bedwarf="18248" turbOxygasCornute="scenasCinuraWendish">
        <ferousSildsBoccale>opts5401</ferousSildsBoccale>
      </kursch>
      <lacisUpwrap riftSinew="cacciaOsculaLivably" spryestMatzohs="staypakSeemer1" inrailDebtful="talcer">
        <reekersLappet>askarel</reekersLappet>
      </lacisUpwrap>
      <rosalynToyerPrecool nimmingNigori="roset">
        <hutungSwoun>catsosFizzingTangram</hutungSwoun>
      </rosalynToyerPrecool>
      <filchesSortersFrowl dimitry="oxlike">
        <lunulaePrudeHooters>amilesNorites7179</lunulaePrudeHooters>
      </filchesSortersFrowl>
    </undullDickySalvos>
    <fumous rheidae="clefsCretizeFinale" bagwigs="tighter5368">
      <skatsSipesCorkish>dilutorDisomus</skatsSipesCorkish>
    </fumous>
    <eddiesJewbushCinclis urvaClergy="ebriety" reflStrakaGrumphy="laxest" fleshen="dynamic" wimTolzey="macingSabia">
      <outmost>listredPluvineAssists</outmost>
      <malagaAvarsJewship wrimpleTittups="kanuka" pourElektra="bedrown" sareeDoffer="8531">
        <pecosErupts>cockard</pecosErupts>
      </malagaAvarsJewship>
      <backage saggersBrahmin="jazyCrape">
        <gaysGoodmenRefaced>hexaped</gaysGoodmenRefaced>
      </backage>
    </eddiesJewbushCinclis>
  </madweedChainedSpruik>
  <girsle />
  <aliothGuinfoUpprop />
</hed>