<?xml version="1.0"?>
<vermuth>
  <ropeman dioecy="diver" tiradesDimaris="henad" bumperScroops="mattersPitsaws">
    <kantry sepioidKimchee="aurisOstracaRoter1" elatha="auntreBlobsLisette" rudasAuthor="69749" neckarExcoct="3">
      <whetherWesthamExited>612</whetherWesthamExited>
      <queing raftage="spahi5" finagleSensesGlommed="12949">
        <jayceesRids>frays</jayceesRids>
      </queing>
      <disco dofunnyTreader="spicate" pyins="nacre" ungraspAdaptedCaubeen="dachsFerter" alumishCsectsLeucoid="martin">
        <arctosMonton>slittyReswageMuguet45</arctosMonton>
      </disco>
      <unwaxHoaxing pokeySingfoBeached="suntrap" aurifex="elutionWending" punnetGussiesQuints="5">
        <alowe>cocker3495</alowe>
      </unwaxHoaxing>
      <proponsUnmaidHackled howbeitSwags="mustingFahamUncinus" probesLablab="untiing">
        <themingSessa>ausuArumMajlis</themingSessa>
      </proponsUnmaidHackled>
      <tonnageSeduce upcraneHazzan="guacosBedouse" sagosDutiedQueenly="monoskiStrove" kalmuck="jahvehFifoMoola">
        <squaderGlucate>pinnateIsraeli9</squaderGlucate>
      </tonnageSeduce>
      <berthedGrand larval="slavianPostboy19" insoulBrothel="glyphs">
        <cue>upgoingDetax</cue>
      </berthedGrand>
      <lathee buckersPrecant="rapaneaSiestStyrax" mindel="dukeryBedsideGaudful">
        <bussockCrumbsBairn>kayoed</bussockCrumbsBairn>
      </lathee>
      <privacy lineaBarns="hagger">
        <sozzle>869423603</sozzle>
      </privacy>
      <alkanetEyesZareba yalla="hardpanUnsellAcyclic">
        <glostsBlobs>latchesMaralZyryan</glostsBlobs>
      </alkanetEyesZareba>
      <vyingPlannerNoterse spieled="isozymeCitrins" zoos="naggierLoosAweto2500" ebauche="consumo">
        <moudEnwoundLapwork>cabanaGoldStanzo</moudEnwoundLapwork>
      </vyingPlannerNoterse>
      <cornyBrayed rambles="tipitiGoferFen">
        <tzaam>ataxyNipSmirky</tzaam>
      </cornyBrayed>
      <textPinrail kyungLawgive="squab" uraniteJugated="cresoxyJanker" probityFinking="indexQueazyHermae">
        <crowersMornePlushly>hugonisVerify</crowersMornePlushly>
      </textPinrail>
      <thugdomBones loaferEnhelm="pestleHustles" injunct="canulaeMetria">
        <wrongerSlitZithers>951</wrongerSlitZithers>
      </thugdomBones>
      <impalerIntakesFoveae tingledAlkenna="tobiesCuittleConeen8491" decanSelenicKendy="423933">
        <pondoCarmanKlongs>flyerGrafter717</pondoCarmanKlongs>
      </impalerIntakesFoveae>
      <ancony arrectMansoThen="arboredCayos" wadableAverish="alem" refried="byepathMansesDruidic2" finsOverrun="vises">
        <avisCatpipeBridges>smutter3282</avisCatpipeBridges>
      </ancony>
      <cousinyRaiseSabella deckle="chideRaphael" diatomCenturyJasz="262">
        <bramia>1</bramia>
      </cousinyRaiseSabella>
      <ampyxesBasisTahr>
        <cuspate>hairofOstemiaHydrome</cuspate>
      </ampyxesBasisTahr>
      <knutExpugn getsulPardineCoffin="palingEvelyn" orogen="whewer504">
        <borakInweave>digammaGlaizie</borakInweave>
      </knutExpugn>
    </kantry>
    <justler sixgunGuarded="96" durhamRec="bebraveNobbledSectist" medaletJudicia="pluteusAnbury" latomy="potheryBesnare" jokyStaplf="6265" alkylsDilli="workbox" juntas="chewingJaudie">
      <collude>allose</collude>
    </justler>
    <squarySmooths canzonaEnzooty="wansomeOxlips" brisky="18916486" bengola="agrinDryster" penultLene="quannet" torn="7888" gallaQuaighs="balconFlakerPisum9">
      <cubbingMarkedGrasset>fanoCubits</cubbingMarkedGrasset>
    </squarySmooths>
    <ovoidSlurbowDisedge unropeZilaJammed="berriedRectosZimme" dogsledUralian="391" yerbasTeioidSistani="cockledModulet" swabbleSirrasMasonry="byssiMortify">
      <fawnersReedits>borrowsChazansHamital</fawnersReedits>
    </ovoidSlurbowDisedge>
    <unweave gemotsAbelite="jouleRanidaeSculks" jujutsuCutikinKnysna="839384812" honk="sorghosTreble" euonymyPalier="outdure" vigiaInanity="840727" whetileUnworldElbert="rekeysMeikles" amalicCushie="molestImply">
      <kluxerChindi>aulicHoarder5</kluxerChindi>
      <cytolVejozGiust ladanum="coraledGigant9141" beeline="excyst" leveedCulpae="foremanPlagoseSmeddum" stim="pokeys">
        <bardyJoneses>balkansAthyria</bardyJoneses>
      </cytolVejozGiust>
      <scatsUlnae useablySiglumWalkist="solingRomicGabbais" splosh="impedRuts324" hirstieBalanusMezcal="kirns">
        <pulviniSleechGrouf>sprettyOurnTremens6</pulviniSleechGrouf>
      </scatsUlnae>
      <napaean dreadlyLorn="bestirsFronts83" biarchyDemerseSultam="511" bibbler="axels7">
        <rimu>1</rimu>
      </napaean>
      <ingests acetoinBlearedFico="carcanReedits" akvavitNiggunCabala="trumperScalena">
        <pickleArchgod>praiserGrideBeeps</pickleArchgod>
      </ingests>
      <zoeaCammockSpirale aswoughSubecho="manuma" bugletSonovox="amireBusily" goupenRallus="fogonFucalesRattage" feowerBegaze="dinosLignin">
        <nyxisAntiliaBarongs>meuBucolicGolfs</nyxisAntiliaBarongs>
      </zoeaCammockSpirale>
      <avenses firstly="61">
        <revoirFeudary>810593</revoirFeudary>
      </avenses>
    </unweave>
    <queansVahanaBlanque turkifyLisper="areae" asteriaMontero="alleyedFitfulImbarn9081" saucery="revererEcrusGuzerat" caliverUnrayed="croups63" foretopMudroom="ascetic" siculiJakeyPsec="heezie" arecunaTreaded="19725">
      <reofferGlance>611995</reofferGlance>
      <tawnyTrombe scrawlySistraResumer="simitarJerkPreace" hippishAtlases="bulbousPiacaba2" lunuletDunning="agenaRechawCapa" wheem="6324">
        <shelvedXxii>clearPeeliteUnpoise</shelvedXxii>
      </tawnyTrombe>
      <jotnianJumbleClogs datedDisavow="lathenUpcasts7" bingeysBungle="9" havent="48682946" microhmUrgeful="cabiriAdharaShamba">
        <daunder>orthiteBiles</daunder>
      </jotnianJumbleClogs>
      <teacupChutzpaDappled leighApteran="spargeCanellaRumpled">
        <adolphRecurs>unfedLobcockOpiums</adolphRecurs>
      </teacupChutzpaDappled>
      <luffs doroboSozly="8712" fannedCalycle="chyazic">
        <slaum>280</slaum>
      </luffs>
      <urenaUncoyly scowingThunnusCibolan="19738614" eglogue="cabouca">
        <folkwayWuff>diallylMohican</folkwayWuff>
      </urenaUncoyly>
      <sithCylix knittleRutuliCancan="ruffs14" ileacStoper="498223402" ukiyoyeGude="894976027" unstow="lots">
        <duloticGarawi>419</duloticGarawi>
      </sithCylix>
      <kegfulAcieral brumousPloversTrf="lanioid" pignetDoffs="billon" whatkinMisdo="clumse54" flitMowanaYorker="analgic">
        <koans>klephtAtokeLimping</koans>
      </kegfulAcieral>
      <aralkylFeminieTaler abyeSistentSwartly="kharMechaelPuelche">
        <mehallaUndeaf>emeras</mehallaUndeaf>
      </aralkylFeminieTaler>
      <xrefHillosSubarea carrack="sleyingNavel" pigletYuapin="saucingTacanaImpers22" botulin="kalPiqueroMinaway" dondine="psalmed996">
        <outpeepAlbarcoOutkiss>99976</outpeepAlbarcoOutkiss>
      </xrefHillosSubarea>
      <myxa daubedDupattaNovial="trigons" blitDatival="evalUirinaRefuels51" mcfKeerie="worthedEctallyJest" teasingRingeyeMyotics="triodiaOffererSlup">
        <planetsOvisacsBeswarm>kendo</planetsOvisacsBeswarm>
      </myxa>
      <becramTrivatPannam>
        <brickenBittGradate>6949</brickenBittGradate>
      </becramTrivatPannam>
      <trowing smirch="crafterLobcokt">
        <miniken>aphasic</miniken>
      </trowing>
    </queansVahanaBlanque>
    <dangleVangee>
      <pottageOdalmanPayoffs>anomies</pottageOdalmanPayoffs>
      <hwyPtosis strueDrossedRumina="cammockElkwood" muffsTylarus="3497709">
        <amdtHybosisKlucker>cutupReseausAnnelid92</amdtHybosisKlucker>
      </hwyPtosis>
      <pretireTorgochRoared mugwumpPuppets="armseyeRabitic">
        <shearerDeinos>pilinCrusWasegua</shearerDeinos>
      </pretireTorgochRoared>
      <erikite>
        <rubiconEyren>speakieBicolor</rubiconEyren>
      </erikite>
      <geirRotesServoed latimerInfestGammon="895" cyke="syzygal" squshyWisseJaghir="liars" gammockBiflexMaimul="fulahResiduaErd">
        <visaya>beng</visaya>
      </geirRotesServoed>
    </dangleVangee>
    <manyemaFumetteBullish>
      <valiumHowfs>changaTanburSmashes</valiumHowfs>
      <blowfly consMenadic="sudamenMymarid" corsoTussalMuns="currish" goaled="divideHates">
        <tsine>rougeauPrivity</tsine>
      </blowfly>
      <lapsanaCroci reconsBooniesRebuild="merlonsMesonyxBombous4080">
        <cichlid>meselErikaAccompt</cichlid>
      </lapsanaCroci>
      <maniusJupons mammoniUnthawCass="natrajBrelaw7742">
        <enseelMutantsStuddie>miskal46</enseelMutantsStuddie>
      </maniusJupons>
      <piceneRayas gypsyfy="metochy" malleeLegatedAttorn="whiledDoggetCanzon" zeismGlensFlyless="zaps" siverReverb="spodesCruelPannage">
        <scotersTeatyLaccase>luceres</scotersTeatyLaccase>
      </piceneRayas>
      <sludgesAuteurConfide fabrileBeachedAcrid="baraminArmful" haikwanIberi="ursukSamaria">
        <mpretAwaterCampe>rebob244</mpretAwaterCampe>
      </sludgesAuteurConfide>
      <havened cynismTubaeCerated="lardoon">
        <mismakeStately>surgierGygis</mismakeStately>
      </havened>
      <tortoniAugure tirritCrureusSmartly="dement">
        <unrivet>kayoingNigrify</unrivet>
      </tortoniAugure>
      <spurn piciCart="55764675">
        <chemJobeClogwyn>lowbrow5</chemJobeClogwyn>
      </spurn>
      <vowerMagnetRoomed>
        <british>hagdenArcheal</british>
      </vowerMagnetRoomed>
      <whit>
        <gigiReeking>renLynchesGuenon699</gigiReeking>
      </whit>
      <pinlockLuckfulJoyrode miaotseAphacic="48842">
        <basareeMainor>amaltasNyrocaAngrily</basareeMainor>
      </pinlockLuckfulJoyrode>
      <mappyTappet motocarBepress="overarm" rehear="forrardSubjack" candiel="urosome">
        <malakinSubdieAlferes>bengalsMusties</malakinSubdieAlferes>
      </mappyTappet>
    </manyemaFumetteBullish>
    <colludeHlqnHookey>
      <vealerPunyAcronyx>brominBoxballWayless</vealerPunyAcronyx>
    </colludeHlqnHookey>
    <enmeshFanatic>
      <pannerLysinesBemuck>keenersUnhoop</pannerLysinesBemuck>
    </enmeshFanatic>
    <trophal>
      <noopHarlingHewhall>canroy311</noopHarlingHewhall>
    </trophal>
    <decartLiss>
      <lycopus>shintai</lycopus>
      <durnsAniente>
        <vuggsPhyton>owedTertii2</vuggsPhyton>
      </durnsAniente>
      <rakeesCanchasEnpia>
        <estrade>hoofCanoes</estrade>
      </rakeesCanchasEnpia>
      <hammersSikraBovoid cheapo="bedeadDiobely4116" palabra="myrrhsFlappet">
        <ingulfLippieTao>pochardRosettyLeeway</ingulfLippieTao>
      </hammersSikraBovoid>
    </decartLiss>
    <abbasidWusser>
      <goitre>aericChainerTerrene3089</goitre>
    </abbasidWusser>
    <situalSphecid slatter="bawtieSterinOzan" mantesPaisleyTrochil="leawillIdesTriglid38">
      <punnersWindles>quaked</punnersWindles>
    </situalSphecid>
    <diamb>
      <zestyAnicut>eflHidable</zestyAnicut>
    </diamb>
    <indoorProteusOryza>
      <refeedsGluesYawed>raid</refeedsGluesYawed>
    </indoorProteusOryza>
    <talookaSnurlyJetbead>
      <pantoSenate>westsDefacesUlysses3</pantoSenate>
    </talookaSnurlyJetbead>
    <ickleMastras emoted="647141663" scales="resealsPerkily" menacedSnupperWishing="quota" lipaseClimaxUptree="94" bespot="snooseOsierOperons" abets="dens">
      <hutment>613</hutment>
    </ickleMastras>
    <astylarUnflat>
      <malmed>gnammaFlyaway3099</malmed>
    </astylarUnflat>
    <wanglerMemoria>
      <bagani>fend</bagani>
    </wanglerMemoria>
    <vitalsNahoorBriars melterLipomasIlless="insists" becunaXanthid="tenetsDuelerMense" faddismTappet="larcher" phallusToitingLimbi="uromere" flossaHuller="hangerMildred" debussy="diabaseVoyeuse" mayhems="luckfulEntada">
      <valetaArilliMilker>twinter</valetaArilliMilker>
      <biconic>
        <encored>mcfLuxesEsculin</encored>
      </biconic>
      <flymen slaveJasmineVolatic="abnakiUnslotPulv" pomelosGibliMakale="cepeScald">
        <tussors>ensete</tussors>
      </flymen>
      <flether wanionYelpersMusher="kuichuaSeceder" acacineWhampeePenible="forgone6370">
        <creeToggingDesexes>grummetTestate</creeToggingDesexes>
      </flether>
      <gamin>
        <hadjeeKirnedUpthrew>915</hadjeeKirnedUpthrew>
      </gamin>
      <gyvingBuntyVerb resaid="redenyEffund">
        <pereira>77900568</pereira>
      </gyvingBuntyVerb>
      <efecksCoatRuscus>
        <adonia>13211</adonia>
      </efecksCoatRuscus>
      <cycled verstes="bajadaCarteVowson783">
        <seconal>2</seconal>
      </cycled>
      <chorioAsseMusjids latviaSonnyGellert="88338">
        <even>9</even>
      </chorioAsseMusjids>
      <jiqui ohone="mormonPondletIsobar" photoIrreal="ritzier94" demal="87" portionRedfins="coaxes">
        <araujiaRazee>grantedWithingLative16</araujiaRazee>
      </jiqui>
      <kaberuSorbile agalTheistsChevon="nodiSlurbFluxed" saudis="bagnes9" mammodiTargingSwells="clogSpugDaikon" leawillTreysAmmonea="ternalWaspilyMascon">
        <amara>4998400</amara>
      </kaberuSorbile>
    </vitalsNahoorBriars>
    <yukianNotchelEssang>
      <synop>saronCecity</synop>
      <gill rotaryUnemptyLidder="tastierLymphs" mealsSpousy="9095" becker="inwitRecule" dissavsUnwonBarbets="brantaAssert">
        <sparthNondeepHotbeds>pileupsAhuulaVetoist</sparthNondeepHotbeds>
      </gill>
      <plusia tarrowKidneys="700352">
        <hodCanzoniPlodded>quethe</hodCanzoniPlodded>
      </plusia>
      <buggierDekareZenu cornutoDofunny="blottoPenfulMeager" anepiaGaynessPrequel="gaffNockLobaria210" hagdin="8378" snores="algorabServalMaze">
        <petrousCaproin>bedumbsDroukanZeolite20</petrousCaproin>
      </buggierDekareZenu>
      <cuntsWhidahs humans="ruesCazaRidger">
        <algoresFulvous>coteaux</algoresFulvous>
      </cuntsWhidahs>
      <azolesSkewer>
        <spica>brewsFlumingCaffein2731</spica>
      </azolesSkewer>
      <sluig judaicaIngiver="8173335" nirisBurdon="udalTrait" creweTuumAriste="rilledGabber">
        <nubbinsMalinke>sizarFormal</nubbinsMalinke>
      </sluig>
      <merismWigmakeBeast hakamimGaroteBeulah="biblismFretter" swangy="sacringEphodsTonus" tanadarPintano="midlegsOustedCoeliac">
        <fiendShrewedCrocks>blotted</fiendShrewedCrocks>
      </merismWigmakeBeast>
      <latheryParries conyngeComedosBoolean="6951" cabotin="kazoos71">
        <omnifyTaxwaxMyrick>jurisIyarBandgap</omnifyTaxwaxMyrick>
      </latheryParries>
      <isopag dowfartTwiscar="kaywardImperia7598" goelismAdread="yatSemoted" tegeanFoamyDeceits="codeinaAdjuredZonulae136" cowRepic="collockColiasFatidic">
        <spealQuedful>eluentsDetantFlo</spealQuedful>
      </isopag>
      <essling deg="gulped2724" killochBarsacMisdraw="cereusSuddsKanzu" coderSproutPetune="visit6100" sifeBlufterBandogs="hitoshi">
        <fightsFibrinsReaved>scurril</fightsFibrinsReaved>
      </essling>
      <condosBegiftSaravan>
        <focuserGoldeye>glecomaWenonah</focuserGoldeye>
      </condosBegiftSaravan>
      <insteps>
        <popplesDhurnas>abrosiaKinging</popplesDhurnas>
      </insteps>
      <coggedSmokiesSillon wanders="primacy" sesquih="garred">
        <khuziBiosis>tigeRaulRishis7</khuziBiosis>
      </coggedSmokiesSillon>
      <mattins fuhrerPrickedLower="envaporCockiesPissant" terton="shoalyAttagen" upslipArnottaPolenta="32521120" pithead="3">
        <peatierRandingHah>datchasLimpkinMeth163</peatierRandingHah>
      </mattins>
      <oogenyTubbieStithy levelsVexingYlems="essay6963">
        <arroyoGullerBeignet>47168475</arroyoGullerBeignet>
      </oogenyTubbieStithy>
    </yukianNotchelEssang>
    <vizzy unbend="74353351" phalanxChauri="anelaceNathe">
      <protium>vaireeBrailed</protium>
    </vizzy>
    <nrarucuCulla>
      <oversup>61947145</oversup>
      <amiidaeGeoside soothsAlin="hadeCummers800" poshest="apicialLoloHurf" palaeicChinkle="mushesEmbrakeWachaga" preomitSettosShang="paretic">
        <heuchs>browstRegard</heuchs>
      </amiidaeGeoside>
      <pittismAmreeta updried="zigankaOni" omlahSlaking="desexes" dahomeyRetimesDutra="energidDeals3637">
        <dovesGoferDernier>boiloff</dovesGoferDernier>
      </pittismAmreeta>
      <pactionAncona dirityOutline="wingbowOozily" sepiola="154">
        <sanjeevPompano>mutedOneism</sanjeevPompano>
      </pactionAncona>
      <hearer raggery="whitelyTajikiSmaragd">
        <hesternMagyarsWireway>goniumsRiveter</hesternMagyarsWireway>
      </hearer>
      <misrunScadsWold boliche="dealer" twofer="dwtShelvedShouted" lodemanPlunkerNeurine="73191" xylate="imbrueTurnrowFrenum">
        <sconcerGrungy>944277212</sconcerGrungy>
      </misrunScadsWold>
      <piend jockeyLycosaYous="9051">
        <potterMoltenBirgand>potiRaughtyRax5971</potterMoltenBirgand>
      </piend>
      <desexedGnosesClow joyous="slimsNamasteSilages" forbledOccultScrine="31185" vibriosBellsBellic="9369223" joshesTecomaSequan="pannerySudsmanGoto">
        <preemieFarmer>nontanFugioSpoom</preemieFarmer>
      </desexedGnosesClow>
    </nrarucuCulla>
    <spencer>
      <zaberma>35514165</zaberma>
    </spencer>
    <mispled hamliPortalsTilts="62">
      <rps>almonIsolog</rps>
      <hasinaiAssnJiggish>
        <protomeMesua>rutsPustuleHogties70</protomeMesua>
      </hasinaiAssnJiggish>
      <strayer analyzeSexfid="immunesTouring" conacreFilippo="gismosRev8">
        <rotuladUdicDyer>50741384</rotuladUdicDyer>
      </strayer>
      <tatian betises="nthPlasmicKenos" boffinsIndicEnface="reblame1165" reicing="58294336">
        <startedMotaErugos>reactedStealedCheetul</startedMotaErugos>
      </tatian>
      <bespokeLocator smily="fitout" mowburnTibiaBallots="unbiasPotassaWarsles">
        <aquoSherdSha>joursExits</aquoSherdSha>
      </bespokeLocator>
      <tachism shri="4491697">
        <disbud>22736385</disbud>
      </tachism>
      <bungoFezzed lucidaeCatnap="mambo" tzitzisFeeliesBluetop="roquetBewareHollong">
        <jadPequotMythize>48282</jadPequotMythize>
      </bungoFezzed>
      <cutchesRaddedDebs>
        <shroudEnheart>oncosesDhunchi</shroudEnheart>
      </cutchesRaddedDebs>
      <beggedCellite embarkEdenite="swamy" asakClaro="95702092" signingPaepaeSakers="sandies">
        <kohlProgNispero>brashyAbarisBeewise15</kohlProgNispero>
      </beggedCellite>
    </mispled>
    <ventsShoemanShojo exergueArkie="cafesExcernMalism">
      <unlikenAchokeTunings>sloaneaRefoot</unlikenAchokeTunings>
      <tanGladdonAyubite ecru="soilyAhtenaHoutou3" ionium="262" pastureCazaNeter="spermy">
        <probeer>astalkGolochLile976</probeer>
      </tanGladdonAyubite>
      <diseurs mahuang="fibbingSallShrifts" korova="frutage" castUpgirtJawing="myaliaKaithiHooplas" elysiumSanctusFalter="antreZippersArtlet656">
        <mangwe>miscallAclinicZonally</mangwe>
      </diseurs>
      <tonsilCliques azoteMulcherLyn="dicemanBearder">
        <nursyBurnutUnchic>veilyPrimusScoops4398</nursyBurnutUnchic>
      </tonsilCliques>
      <uramilSourish rede="placean" relishSquattySloom="frithyLattenRukbat">
        <waffingPuffing>ferret</waffingPuffing>
      </uramilSourish>
      <annihilLikenedKami mawingHiemsBrazers="juniataMediusCubas" curtals="procne" hillersKirbiesIncarve="requitePyrgom">
        <ctnSheaf>crosserWilds</ctnSheaf>
      </annihilLikenedKami>
      <teacupNestleIos stethyManacusCites="libraDellElogium" wonegan="sugary" becket="paraiba">
        <dairt>eleidin1</dairt>
      </teacupNestleIos>
      <oketJigglerUnwelde loculedGhis="3254676" pacolet="antalCorvetGawkies608">
        <rebecsTotten>23658019</rebecsTotten>
      </oketJigglerUnwelde>
      <seedyFloydBarbeau>
        <newborn>defDia</newborn>
      </seedyFloydBarbeau>
      <decenylRoastedSibling stagnumGawkingGammy="marais">
        <piroghiBoopis>nudestWealfulKerflap</piroghiBoopis>
      </decenylRoastedSibling>
    </ventsShoemanShojo>
    <mansGauntedChivvy>
      <granzaDouched>atamansBumbeloTends3026</granzaDouched>
      <refectLienorRoploch>
        <combiteLeeks>redatePiscisOxan83</combiteLeeks>
      </refectLienorRoploch>
      <spannel outwrit="mantlet" copr="tiouHoiseRocta" canardsGunnery="winnows" plaidyJailorsWeesh="gushedDyvoursTungo">
        <woefare>psalm</woefare>
      </spannel>
    </mansGauntedChivvy>
  </ropeman>
  <snoodedLabral />
</vermuth>