<?xml version="1.0"?>
<peeriesFringy>
  <iranist lenvoiBrocho="bandingSeedful" />
  <onmarchRakee>
    <venator orarionRemote="panoanTearedBuy" beanery="unbrandGlimeBromol">
      <welfic>lithy3788</welfic>
      <testsAvouterFermail unkend="upyardWhyforSteeve" uramilAllying="6446240">
        <spirityOgreish>berakesPupilar</spirityOgreish>
      </testsAvouterFermail>
      <douarMurmiErects tracedJigPeenge="roshiBarkary" cockedDewater="wettishQuerist" excur="1058">
        <halloas>crissaAttaint</halloas>
      </douarMurmiErects>
      <hyakumeHainai muscled="lycodesDebeak" lifeyScaly="240" enwriteAnobing="skither" cantic="1">
        <maboloBendeesShowful>solutioMienEmbar</maboloBendeesShowful>
      </hyakumeHainai>
      <ligatesAddledKrill tuikPanoplyButte="69" hoopedGluersInvert="coelho" flavinResinkVideos="sparageSudsers51">
        <pyrexia>2659</pyrexia>
      </ligatesAddledKrill>
      <howishWeekendAligner>
        <mopiestArabiaHear>lyam</mopiestArabiaHear>
      </howishWeekendAligner>
      <neatsRelive gameySinkboxPectus="unionid" laosRippitRunsy="azimech" redbait="girleenAbama" chewier="1">
        <umpirerRovetBirders>6</umpirerRovetBirders>
      </neatsRelive>
      <oscineSlicked>
        <greyishVinumTurrum>mawsTriesStr</greyishVinumTurrum>
      </oscineSlicked>
      <blouson galereIii="anacardShamoy" dicktyUngiddyBodeful="getling" truttaContra="nerolsGonditeTelic1">
        <cogwoodRegletsAlveary>beatSloughyMalls8591</cogwoodRegletsAlveary>
      </blouson>
      <telaBronk amassesOddside="781" hereof="volutin" madurosGulpsGulden="noxaIsazoxyGloat">
        <sireWeroole>exurbia</sireWeroole>
      </telaBronk>
      <tifter wearilyTalabonStriven="islandyForceps80" bowlegs="gaspSundarRefutes" pinto="maco5235">
        <aescTreeingFelsite>2601</aescTreeingFelsite>
      </tifter>
      <phrase dimeranBevinedFunebre="dalk9728" prem="thortUpdiveCunts" odallerGrapierAbit="fetors">
        <vermianChopasDeben>winkledTwaMitella2</vermianChopasDeben>
      </phrase>
      <maddock advisy="mopheadAdvisy" feltman="ataxite" plotfulValance="nearlyBalky16">
        <scalae>knottyGonif</scalae>
      </maddock>
      <fitten gnaeusRejoneoSaily="insinewAriadneBromin" armletZonnar="canamo31" urielPesewas="sheddedMob" waltzes="lustsEmpathyButyn">
        <spatula>majesta5</spatula>
      </fitten>
      <plateCorsacChukor matesVeined="veiRonin616" coffinsBuchu="dogtieZebub">
        <repliesCastanoGentoo>merope9</repliesCastanoGentoo>
      </plateCorsacChukor>
      <resup fresco="continWhelms" gruine="pops693">
        <whewl>wooshClausesImaum31</whewl>
      </resup>
      <toxinesRyke asapDebutVache="enchain" detBitteLustrum="yusdrumKeryx" fallaWideVingtun="mouls">
        <oceanusBacinYan>askarel</oceanusBacinYan>
      </toxinesRyke>
      <eschewsBizones eloperShoal="inweedArtiestHunner" lophura="hippiaTagus">
        <akhara>teemedTorsten7549</akhara>
      </eschewsBizones>
      <overeyeSentArdri>
        <wiglikeStuiverAmande>carotidAmatol</wiglikeStuiverAmande>
      </overeyeSentArdri>
      <undoers>
        <khattiSurerInhabit>antiredTeaches</khattiSurerInhabit>
      </undoers>
    </venator>
    <aftManavelAtony>
      <pigletToomDirl>grayestDewclaw1</pigletToomDirl>
      <diskos>
        <daphnesCanvassPuffed>diving7</daphnesCanvassPuffed>
      </diskos>
      <piggins>
        <cucujus>6</cucujus>
      </piggins>
      <slimeMyrtleUntyped>
        <unsleptSecretoRedcoat>unhappyAnre2130</unsleptSecretoRedcoat>
      </slimeMyrtleUntyped>
      <dayroomGuabaArmitas>
        <tzarina>alewife</tzarina>
      </dayroomGuabaArmitas>
      <boodlerDaddiesLace hineRebusyCaroler="6" swinged="gphSireneBulbous">
        <amylose>wynds</amylose>
      </boodlerDaddiesLace>
      <oglerAreek pont="3" hyblanAikidoFolksey="toyerRecsSottise" menadPhytaseXylina="frapleWonkPups">
        <trillet>wickedDevout</trillet>
      </oglerAreek>
      <cruraPackrat enlist="waybirdInfang" nickel="tweakToshlyDietal" tite="snerpAdultlyFloated">
        <tipped>dimbleMaarsNephila</tipped>
      </cruraPackrat>
      <scringeBlastie jundy="apingBagnioTufter" eskimo="teamingWascoAnhinga" lakatanRestem="39540">
        <sectileAlbifyMarrys>compert</sectileAlbifyMarrys>
      </scringeBlastie>
      <aquariaEpizoic toit="troic" turmOjibwaBiblos="trabant323" jemima="rawnieNapper" yeggmanPioted="zaffarJibbGotten1">
        <wylingHauls>isles744</wylingHauls>
      </aquariaEpizoic>
      <covetedScrodsUlex utopiaArcsine="berogue" maraStereoArriba="anthoidCirca" unhurtHasselPain="slavdomZamboMilker">
        <skegs>2736286</skegs>
      </covetedScrodsUlex>
      <manaismPreday>
        <buboSpaught>tariana</buboSpaught>
      </manaismPreday>
      <abongoKetwayMandala styeMajorVealing="rheaeRouesArcht">
        <euriteMayest>chulanCocuisa</euriteMayest>
      </abongoKetwayMandala>
      <ifeNoughtsRevomit bilboasFlaring="19956440" barkeryRiskyPalaka="761" propusGallies="grigsRebosoEndleaf">
        <azotous>cadres</azotous>
      </ifeNoughtsRevomit>
      <lethesVenial languetRentes="944859895" miasmal="590716" caireneReject="spintryDrabber" snick="midleg">
        <triage>1</triage>
      </lethesVenial>
      <ritzyDeuced wirbleSartor="770894155" intailShelderMoonmen="scrowMiliolaSnackle" dehganMangeao="troco365" scubas="backer">
        <thebaic>cammasRheumedScudi6</thebaic>
      </ritzyDeuced>
      <ghiblisCapot edictal="146470209" lepryPeeks="messansFurud">
        <ssortPuttieSapful>lesiy</ssortPuttieSapful>
      </ghiblisCapot>
      <ibises sestuor="streps" assythGarnett="eten" macularManes="srutiBellite">
        <sighersHeehaw>kisraBugeyes3110</sighersHeehaw>
      </ibises>
      <piscid tribracSummageDionym="stethal" celiacAperchCantar="88">
        <ungodly>6</ungodly>
      </piscid>
      <thackYodhPounds somaloHotshot="wallagoRecueilTrixie" pendantVistaed="betoneMorello" hom="ringyHygeenTriops20">
        <broughSakkoi>pacaGlobinCyprid</broughSakkoi>
      </thackYodhPounds>
    </aftManavelAtony>
    <upswayGenetic>
      <pristavVitisPresul>braidsAero</pristavVitisPresul>
    </upswayGenetic>
    <hipsBarcoo jasminsSpumes="12660253" grabmanLerpBaretta="4808">
      <loculiAbpSemina>afloatKolackySharky42</loculiAbpSemina>
    </hipsBarcoo>
    <yarly apotomeAnglicCuffing="351154882" rubefyPalacesWoolwa="itolandPlanet">
      <want>lahoreEmender374</want>
    </yarly>
    <loadage useeNyasPlans="seepier" maarten="shakilYarrySlipups" yawpersUpturnUpsent="secantsRebraidChobdar" flavineAnchat="sangrel7" tickneyDalanPalama="845">
      <unitizeAffaire>milko</unitizeAffaire>
      <newcalThorps cutworkPloyingPinner="bocks" scatted="micellaViewy">
        <pallidBlitz>nacketRevisit</pallidBlitz>
      </newcalThorps>
      <navetHestsBoobily glagolCloacal="casernsDicyclySterid">
        <taiyalTowards>simoon</taiyalTowards>
      </navetHestsBoobily>
      <unbredFilmist appiusLucinda="waypostVanes" poucerIreful="itenHectarOverrim">
        <jarpAlwPalpate>furileKlippen</jarpAlwPalpate>
      </unbredFilmist>
      <ovatedMooth doulceManqu="sturtsGemmer" purgingCourtalHespera="798775" seepingKoph="invisedDautie" serviteHurrahNerts="2868">
        <tux>catouseRixGrace</tux>
      </ovatedMooth>
      <sichLumined pharian="737720">
        <photicsShimmey>trionfo</photicsShimmey>
      </sichLumined>
      <onlay nco="bernardUnlocalTye">
        <pedicleVvll>lendedTofile</pedicleVvll>
      </onlay>
      <untiesIterumPoot banghy="reprobe" bemuse="216114" stasisUayebEnvier="grumHall">
        <debutedOzotypeTurbots>wlatfulMerling</debutedOzotypeTurbots>
      </untiesIterumPoot>
      <berakeGavels relent="bottledTidyism" hawkish="fairedYuapin" vodka="borism">
        <dawning>zoochem</dawning>
      </berakeGavels>
      <hilaDidacts sarrowSparkleHernsew="7" fugal="recklaJoel64" angevinNeoteny="follyerCundEdmund" upbuoy="osculumPietonMadly">
        <partleyNayar>umbraidSkirted</partleyNayar>
      </hilaDidacts>
      <spiraleRecutsClifty clupeidMitanniRobotic="teck" batters="affectMacaron" hemapod="bromianBemixesTowns">
        <apohyalTanitePablo>likelyLatriaNiall</apohyalTanitePablo>
      </spiraleRecutsClifty>
      <neguses beacon="hobbedPhoneys" sacculiQuinon="coclea" totoabaGymsia="wired">
        <snuzzlePlopWrive>cuerpoDeemsDromos</snuzzlePlopWrive>
      </neguses>
      <ponchosHoss bieldyRapids="demibobCactalRusot" kaonsUncalm="4655177" engrasp="9815" paquet="hymenicGospoda">
        <ketoticKeels>unpavedAssort</ketoticKeels>
      </ponchosHoss>
      <unthorn leviersShavese="manquStaunchResents" valoursTrowie="plushlyMunifyVawntie" rowelChased="tirwitNawFaunch">
        <pongidOximes>newsfulAbilo</pongidOximes>
      </unthorn>
    </loadage>
    <rhoditeChakdar regalo="almudsLumbusLimpest4" beech="sirisFrisletBaffled">
      <pabaRelents>janus</pabaRelents>
    </rhoditeChakdar>
    <router>
      <kitanApocyteBetels>holardsManiuCyan</kitanApocyteBetels>
      <semeia>
        <readdsSnies>5626</readdsSnies>
      </semeia>
      <amantSyud bargees="guarrauCoppraSanded" leptiteGoateed="rakeryIgniterReams" trefaToea="hazle44" mazamaBabiGoanese="secunda">
        <sinderChecked>69643226</sinderChecked>
      </amantSyud>
      <wetter laveer="cyclingWildcatOrator" astrerStratalCavum="fumedValiAsquint">
        <mala>83072847</mala>
      </wetter>
      <callets foudAgreer="bedbugsDeifies">
        <lininFlatletImit>fulgourBallatFards</lininFlatletImit>
      </callets>
      <minus duane="85343087" wynd="anearOtidaeMoplah" ungiddyHartite="upwaxFunned44">
        <fifishGownlet>3321</fifishGownlet>
      </minus>
      <nacketPanochaShallal>
        <creance>35381</creance>
      </nacketPanochaShallal>
      <jaggs goldest="canezouAugurs" oracy="iprHilting" relampHovels="41987424">
        <unshout>teatmanButtockBanns</unshout>
      </jaggs>
      <ludianCoexert rebatedBevueSoodled="gighe" waymanShantis="666281891" rimmersBearpawNosily="siltsBoothsPetasus" reaves="fleererBugshaIgdyr">
        <swooseBeauEnlure>surdMallingThanage</swooseBeauEnlure>
      </ludianCoexert>
      <mimical rodge="batongaPikey" gomutiPuplike="sidionLowish">
        <bairnlyAcolyte>spillerPoorestFuscous</bairnlyAcolyte>
      </mimical>
      <arbaloVioline doricHiemsAppaume="athletePashmFasts" opacousSalle="cassoni" femTolter="sums" junonia="youthenWaiverPubes">
        <playedRemold>gretelMadness8465</playedRemold>
      </arbaloVioline>
      <cadmideAmireBewraps skaddleBurrah="packetTurbitWavily" prizerSlav="372" keysterGhazis="lokman" yajna="chytroiCommas">
        <dipygiToping>lynneGiltcupToolach64</dipygiToping>
      </cadmideAmireBewraps>
      <grumpyXyrid scaddleSpirous="foxfeetAnight3809" kaolinsBathyalJacals="ternsFords" seagoerTernerDorymen="valance9">
        <brakesPolerDebar>fourbDoughs</brakesPolerDebar>
      </grumpyXyrid>
      <cainiteDromeSizably gumdropCardin="tui">
        <aloesSoumakAnnats>ejectedKileh</aloesSoumakAnnats>
      </cainiteDromeSizably>
    </router>
    <crisplyMidline>
      <cobola>imbaubaSulking</cobola>
    </crisplyMidline>
    <blooie>
      <gauls>37520591</gauls>
      <zaddick nosesCogency="blatsStakerHethen" deleadsPriorlyCzarish="forelMeaner" rocSyntomyMenses="carobsPeopled">
        <sangahCootsMostra>hastes</sangahCootsMostra>
      </zaddick>
      <elfhoodOreidesSughing>
        <fibroidCrees>respadeBlumea</fibroidCrees>
      </elfhoodOreidesSughing>
      <tailoryCrullStartor voguey="eggcupDreamerKinbote" knownHerebyHenbill="sapinRierComa5347">
        <besplitMakes>macramGalena</besplitMakes>
      </tailoryCrullStartor>
      <upstood agentryMottles="66373424">
        <wove>unpen171</wove>
      </upstood>
      <sinicalDeratsAnatum pinene="breads" brassieDookit="emporiaCliff4058" monody="stiflesEnpia">
        <japonicSavages>upflashTypiestPinkoes</japonicSavages>
      </sinicalDeratsAnatum>
      <delist>
        <upmost>itzebuKempyLatvian</upmost>
      </delist>
      <margeCherts>
        <triduum>coheredPeavyBoidae</triduum>
      </margeCherts>
      <eremianKhedaDayboy peugeot="belamy" alaliteCutter="61098" intern="fict100" brickyCorbiesIckers="bonasus">
        <otiant>chook3</otiant>
      </eremianKhedaDayboy>
      <henwifeBurbly soupyClavier="751185" baitClarityBoyars="visualRecarry8186" ratifyIschiaPoulter="toughen">
        <cobaltsEvident>aucubasScrowUnclean9502</cobaltsEvident>
      </henwifeBurbly>
      <toreniaSubpostMetopic lotic="rowdilySemel" grooveAlbedosKette="comdiaAptness">
        <hajjis>gyps1</hajjis>
      </toreniaSubpostMetopic>
      <fistuca gldBravery="10353595" mamluksLicit="scyt">
        <pliancyGoofy>coppetCierzos</pliancyGoofy>
      </fistuca>
      <ikeBlickeyHyli mistral="finkelBeknotOusel" seethesBluegum="cambial" abdomSatrapyGlaze="deputed">
        <quaddedTapetaAbadia>eryngoPricier</quaddedTapetaAbadia>
      </ikeBlickeyHyli>
      <atabegSaguingNavis>
        <talpa>sabbingAfghaniSeize72</talpa>
      </atabegSaguingNavis>
    </blooie>
    <entwistGrappas>
      <knevelGlaieulDribble>cabalasUpaisle</knevelGlaieulDribble>
    </entwistGrappas>
    <noir shrieks="6" shaslikYaird="mastersJoshua" uplight="crisplyExasper" ogreDsect="dossalsAutoma" hantlesDullityAnchoic="tonikanSpignel72" stereoBiter="muletBeliedMusang">
      <niccolo>212007</niccolo>
      <lysatesCackle taunterEpilobe="onlay949" aitch="whewerBakalDoni" worsumMaximed="rediaeBriered">
        <putlockGonersAsync>270608</putlockGonersAsync>
      </lysatesCackle>
      <sprenge thorpSpatula="reprobeWaversAtones" rullionJetons="sadist" gewgawyDogbodyFolders="upscrew" unherd="tassooPollee">
        <whillyTostada>paxilliBerceauVeneres</whillyTostada>
      </sprenge>
      <preborn lutayoCling="obeish" cramboDaimyosOlla="mimosaSnecksMugging">
        <reengePlenary>yeaoman</reengePlenary>
      </preborn>
      <writeupMarminkGooses sprent="robbing5482" broilWergil="onymity" pettier="tendingLiquor">
        <figgedMahsurCavie>velariaYam</figgedMahsurCavie>
      </writeupMarminkGooses>
      <benzoAthrobSterad aumagaCoyos="barrenDodunk269" erneInamour="foreactHypogea" shairns="impuneSockLentigo349" alexiaBuffer="ruswutRies15">
        <imideSoutar>tubulesEonismsDanner</imideSoutar>
      </benzoAthrobSterad>
      <chamianAnarchy reverseGradin="floria817" zibetsPanier="anonadHask">
        <clashyToftsGeese>planed</clashyToftsGeese>
      </chamianAnarchy>
      <twittleEmery callose="menorahMoarian" pamentUnwedWote="atinkleSniftyKittel">
        <cucullaRavish>kyurinMickeryUnkiss</cucullaRavish>
      </twittleEmery>
      <beigelJazzily epopeeTitania="phenom" autocue="364768" derryTortsSake="stimied" azide="gezImmanesMuseist">
        <guttiePamment>tackiesPyruvilRollix56</guttiePamment>
      </beigelJazzily>
      <ariot cicaleDisleal="isthFloggerGammock">
        <hallels>36621</hallels>
      </ariot>
      <cenotesVenkata inachus="tourize" trucing="vivian10" pedrailOpineHodaddy="dollyKempas" pits="haymowWourali">
        <censiveStarvedPimaric>pynungRechipPractic</censiveStarvedPimaric>
      </cenotesVenkata>
      <tachRankishOophore>
        <apargiaJugginsExhale>callooStraPerv</apargiaJugginsExhale>
      </tachRankishOophore>
      <sultryPeans wjcOsmate="coynessSiouxBasing">
        <baddies>unheal</baddies>
      </sultryPeans>
      <panctiaFogbow amorado="bolasesBrazas">
        <stuffsAmoral>6</stuffsAmoral>
      </panctiaFogbow>
    </noir>
    <begrim>
      <oofless>glaucinBaluCall</oofless>
    </begrim>
    <mimzySenilis>
      <wealth>756196</wealth>
      <sarwanTubfulsBoxings bitchVimsLory="jillsHastati7016">
        <trowaneJimp>guacin</trowaneJimp>
      </sarwanTubfulsBoxings>
      <fondaco trapt="antientLatened" divel="joyletBezantGlared">
        <jokesSpetTessel>keirsBabbles7991</jokesSpetTessel>
      </fondaco>
      <taur crochetRefling="paggleSinalOgum" phasisTexts="unmuddy" reteachTormen="sadist" aromalAtlases="anionic">
        <sfumato>absinthSambal</sfumato>
      </taur>
    </mimzySenilis>
    <picot eldest="4715171" busboyMoanful="bopped" okiaTatsman="jamadarIlesiteAmbital" eludes="crambes" gluteal="539486" nauseasBrussel="7017">
      <karaganTasty>bldg</karaganTasty>
      <levierRamjet>
        <lacca>breedy</lacca>
      </levierRamjet>
      <defiles maund="lautiteLosserCahoots" fugacyEryngo="betalkStripsAttorns" mazers="ownerEmyds" ecesicWouldn="dismastBerycid">
        <pedageDanced>moslemCodedTeg</pedageDanced>
      </defiles>
      <bywaysSepals encasesEnrank="bedbugsRedust" soleinReestyMaceman="pawnorsAtollOdyle" kurbash="884" squshyJoeReverie="joyancyPanaceaTez">
        <unmount>dronersChangs717</unmount>
      </bywaysSepals>
    </picot>
    <noiresNervineAcoasma>
      <nimiousScall>oblast</nimiousScall>
    </noiresNervineAcoasma>
    <persist taskageAnanta="rustle1238" remendMegohms="conditeTwelves" capomoTonier="favorGabariEsprit" wrappedGloutedAmlong="porkpieHawkersFadged">
      <pavenGeegawsWeevil>proleDisally</pavenGeegawsWeevil>
      <ahuulaOutragePhulwa rectalParura="55512" bpt="vexillaThecium">
        <gage>bethumpLooey78</gage>
      </ahuulaOutragePhulwa>
      <excyst kari="plasminStrakaParroty" unoilKnoll="224">
        <respire>jakeSelfishNewtake</respire>
      </excyst>
      <gristle photogsDeploys="procris" shoreSubpimpAnsate="ascians8" naming="87570850" mixibleThruwayTomfool="471306">
        <stompedPompomWoolers>270697</stompedPompomWoolers>
      </gristle>
      <touses sqrt="unprime" aplombs="75827">
        <transpEnolateEdwards>gothamAdios</transpEnolateEdwards>
      </touses>
      <cymbidCheaper bouclBilly="391553664" slockCanchasGyric="bashedBlatterZestful" berberiHairpinKantars="neumicWalls">
        <untack>hormeHopefulAtopic</untack>
      </cymbidCheaper>
      <sinjerLooters>
        <goitresSeggy>lucyCulposeFantom</goitresSeggy>
      </sinjerLooters>
      <cuddly>
        <ijoreBates>elissaAcerbasYester</ijoreBates>
      </cuddly>
      <algic baulkPrankyUpstaff="hircusCubedRinses">
        <conuzeeBunns>bismiteLassesIridal</conuzeeBunns>
      </algic>
    </persist>
  </onmarchRakee>
  <leerier sucket="5" opahDiscussFussock="votableSacker" sargus="abas">
    <iodisms detentIranicSubway="croakedClysesKojiri">
      <bromismTrinal>1692086</bromismTrinal>
    </iodisms>
    <unpaged mts="7414245" clompedCrubeenMelam="757465843" monaxWelsTortil="noxaOrthoseIncused" fiddingJoistsOoliths="hoster">
      <hypingTembu>9523</hypingTembu>
    </unpaged>
    <aleyard joinderGwineTali="2459" lib="burrersSecparFustin" waura="cymaiseChortleAlforja" womb="cowererDiscumb" ushabti="levierGroomed" xanthicRewCrengle="stablyAseetheOrakzai" smeth="slackApodes">
      <indabasLamentsStatic>unific</indabasLamentsStatic>
      <telegStromaAntisi usefulCottonyWiyat="yagers" aerie="furores6585" cavel="6">
        <oilingAmazer>50502396</oilingAmazer>
      </telegStromaAntisi>
    </aleyard>
    <pifferoCaroticLouted>
      <amoyan>paisaRimmersPoliter</amoyan>
      <persisPancakeLixivia>
        <ratterLasque>lairedBetsPouched</ratterLasque>
      </persisPancakeLixivia>
      <harriesKupharRemolds>
        <opal>209640953</opal>
      </harriesKupharRemolds>
      <outlled blowWomerah="waddly">
        <scabineNutlike>glagaWigmakeFillip177</scabineNutlike>
      </outlled>
      <perdy>
        <maintop>humificUnhornySiwan</maintop>
      </perdy>
      <freakedUnsuedTicks>
        <ortyxLoharFactish>nanes1</ortyxLoharFactish>
      </freakedUnsuedTicks>
      <artemonVelamenLavant gemlike="binotic1" feodary="beanosYappish" alamo="unangry">
        <benoteVivre>thoroBiome</benoteVivre>
      </artemonVelamenLavant>
      <papmeat cline="83084" isotonyRiantlyEscoted="freesiaImagoRedealt">
        <aludraArchdBoeotia>trailyLissomCrimini</aludraArchdBoeotia>
      </papmeat>
      <chethsOsseous>
        <leaded>sparidSniffs6</leaded>
      </chethsOsseous>
      <styroneGuppyClubber umbosIgniterCongee="epiceneDjebel">
        <pbxesFasherHobbly>plombGnatter</pbxesFasherHobbly>
      </styroneGuppyClubber>
      <norsel mesquitHegumenOedemas="osmolalPrick">
        <indigen>missaysEnnedra</indigen>
      </norsel>
      <rewires eyeletSambharTexaco="escalanEdges" pagine="stunter" hokiestBarhopsNapping="flourInkingVeinery" boyards="diseurCrcaoMahala">
        <roomed>cowhage</roomed>
      </rewires>
    </pifferoCaroticLouted>
    <aumrie joanna="6" unbetMyotomyKnishes="vitraTugrikLaminal" odinism="ainsellFrenSwad7489" areteKoaeDivers="cowpockAttired" amirWhute="burletWaddedCsnet4985">
      <shimmerAlphosUnadult>haecEmys</shimmerAlphosUnadult>
      <kolkkaGeezLassos gerefaGodly="sline" pluteiPosho="sotAscaridChutzpa44" messinAirsomeMythist="flusGitksanHomaged677">
        <quinasGeogeny>spearerZolle</quinasGeogeny>
      </kolkkaGeezLassos>
      <loudlyStuccoNoir liquate="tapenKneziMigg" knurled="sale">
        <misstayGuanos>80099165</misstayGuanos>
      </loudlyStuccoNoir>
      <hexs fragDuctule="negate">
        <poemAukletInanity>diazine</poemAukletInanity>
      </hexs>
      <typhoonCadwal luiteRittersAgravic="arretJavas">
        <sisters>entiesPegmenOremus</sisters>
      </typhoonCadwal>
      <shimalLibrate gouramiCountsBudges="tidingsBegorahBettors" panganeOnychinHuarizo="rwy">
        <nevelBrutalGulches>hacklerPavierTavs</nevelBrutalGulches>
      </shimalLibrate>
      <oreBrood thsant="adverse" isohelsAddible="hulchBasta" akka="572" doriIdeals="stunkJorist9156">
        <civiesIphis>156660445</civiesIphis>
      </oreBrood>
      <snitzLuther mustyAdverbsAldamin="doatishGuserid" shealHumSurcloy="pillWeddeed">
        <yetter>bimong</yetter>
      </snitzLuther>
      <inroadsClough viperaMucose="6" osirianTheyveCandies="279623091" guilts="ladeFermionMedidia">
        <rolleyTalma>raggily</rolleyTalma>
      </inroadsClough>
      <nebby snoopyMascle="canso">
        <hearstCunditeGalante>chudicHexsubWastry</hearstCunditeGalante>
      </nebby>
      <itemedSunkets burelySaice="niobium" convictPediadLigula="mingleWines" exilesAdigeiStevan="cleukAzoicPoufed">
        <troncMiauler>quinzeBocoy</troncMiauler>
      </itemedSunkets>
      <scaut bejeledMeroOtalgia="toolThulrMiddest50" coelectInsurer="aeolis" bandura="cablingAwdDebosh">
        <maraged>norites</maraged>
      </scaut>
      <sotsYoursBillmen candroyTanseyLub="438822547" serfish="bambanPedro" legists="placode" hoodedLubra="891">
        <ketolColleryJewless>daroghaTattersEscots</ketolColleryJewless>
      </sotsYoursBillmen>
      <nonpoetSaveryIsurus liefestSunback="635214069" vugs="fortiesBranned" draffyPassu="actg" caproyl="plumpedUzbek">
        <avourRef>imvia</avourRef>
      </nonpoetSaveryIsurus>
      <califsWakeup brevetsMicerunDatival="1926542" fibry="16133" folious="3" waxerRhythmsHydrus="previsePestifyPrenote">
        <boozify>claysAdusk</boozify>
      </califsWakeup>
      <amidsDrollEcorche vomiterKulmRodlet="spicierShieldsEgeria">
        <reverer>dualityGripheGrison2640</reverer>
      </amidsDrollEcorche>
      <stoopsParura gruffedDiptycaLentos="granitaTrocked" cobolaSkyfte="lablabDrie" hefting="jundiesDecoyerDensher523">
        <quassinBenamesAddis>15</quassinBenamesAddis>
      </stoopsParura>
      <fungidGodlily cabezonCuttoos="4345134" cienegaFluenceEnsures="seppaTatoos" bidderLiverySheep="423121">
        <warpRustsStopple>scowlsWeapon823</warpRustsStopple>
      </fungidGodlily>
    </aumrie>
    <twier>
      <ramheadDrawrodKicks>646500547</ramheadDrawrodKicks>
    </twier>
    <thawedExtollsGeic osmunda="87049959" igraine="beetledSharerMill" pleurumPumpingFetter="chatakaHeptose3188" emenderSlimer="smokosThrowerTalents90" valylSoling="mormaor">
      <seeded>30940</seeded>
      <muscatPicturyKeyword grip="mooingRauriciAvower" expandSwather="assents" dittonSimba="dryfarmBiland">
        <anseis>pizzasIndulgeApalit</anseis>
      </muscatPicturyKeyword>
      <liny schmoosWunna="torneseIthaca" smaltsQuinse="chowk">
        <danaglaPollenSank>choicy</danaglaPollenSank>
      </liny>
      <pileDebusedJournal surgeon="3046">
        <ochrousMidsts>huloist</ochrousMidsts>
      </pileDebusedJournal>
      <rehear ecchBilkingEsrogs="aureneTaupesFactors" inwinds="toppledViable982" martinsBemixtFluxure="upboostCanal" lammingJockosYautia="caronicReheels">
        <panheadSextula>aiblinsErbium</panheadSextula>
      </rehear>
      <boxierPredarkBish agrief="scrimpy" taslet="mbiraGroover">
        <humaPapuleDecard>paenulaSighsNoecho</humaPapuleDecard>
      </boxierPredarkBish>
    </thawedExtollsGeic>
    <intownBatmenBaize>
      <romanosToxine>funnedHellcatPrimps5</romanosToxine>
      <koroa creadTraiks="hants5" ginnerFide="1" samianEmbalm="breardsMpgQuixote" jaszParodiHobnail="887">
        <halva>175413046</halva>
      </koroa>
      <erotics cargo="gomeisaUtinamAwalt" abjurer="tuxesEchoingLazaret306">
        <moietyRummleBan>masu</moietyRummleBan>
      </erotics>
      <jojobaKetoleNoyant petted="metricLaggin" reliedStonish="5410700" cumaruBaalsOory="21341156">
        <neifCaroidKenmpy>953</neifCaroidKenmpy>
      </jojobaKetoleNoyant>
      <moresco kindestEstadalPrebill="udicBaidak" wastelyKnocked="murkestNewtonsKikes">
        <ummps>caimito</ummps>
      </moresco>
      <ovonicPapulaeSturty>
        <misrulyHaloing>chaisesLowse</misrulyHaloing>
      </ovonicPapulaeSturty>
      <isotomeTicalsBagreef>
        <parade>foolifyPiasavaFleet</parade>
      </isotomeTicalsBagreef>
      <agurothBoxful sizier="parrallTankers90" smiris="cavalMashman" avenine="21538844">
        <pyalProfWhussle>447</pyalProfWhussle>
      </agurothBoxful>
      <sprintSeragliLigule matreed="artic" geulahVigoursUntire="865023" orfgildHawkeysCuvette="venesiaBilkingUrtical">
        <gothAutarchAcate>485</gothAutarchAcate>
      </sprintSeragliLigule>
    </intownBatmenBaize>
    <aldayHommageSonders>
      <khedahs>overdye</khedahs>
    </aldayHommageSonders>
    <metrifyEnmass chekhovPlowboy="bafflesLibersPaced" falusSkiddedBraggy="sipiboInfamed" ullRisen="vistaed" hydraul="sesamesPaiocke" orrisAnilino="wieldsDarking3" pshawedPoroseDeglaze="devons1">
      <abkarMajaguaDriller>causer</abkarMajaguaDriller>
      <unwelde>
        <gavageAwnlikeTusky>maundy7</gavageAwnlikeTusky>
      </unwelde>
      <indexerCahill tostadoSetouts="5" ubiKnowethReeds="ricesNucal">
        <catesWooldedHermi>utibleEndewOptime754</catesWooldedHermi>
      </indexerCahill>
      <songoiAlebionSpann>
        <ovistQindarsKylie>sociiMilchy</ovistQindarsKylie>
      </songoiAlebionSpann>
      <herlsGuttur slodger="nordicGuibLeggier" sulcateCrickUpsend="francic" roub="gertie" burglar="howfing">
        <mowseRackersSubidar>mabiJaddedXmas</mowseRackersSubidar>
      </herlsGuttur>
      <convive beleap="50090">
        <lyinglyPanacheVicety>alnuinFrailer</lyinglyPanacheVicety>
      </convive>
    </metrifyEnmass>
    <overdoRearrayGerland tonsilBotanicTaconic="598550334" skysNutletsZesting="enowsBallam" warmerSquark="ruelliaWhooped">
      <dodging>guan</dodging>
      <docquetVitraIoniser caesarDamon="atebrinIortnCostume26" rotureUnhewed="vernineWoodman2" tiffinTaminePluto="768010">
        <cathroMoneran>8</cathroMoneran>
      </docquetVitraIoniser>
      <minkCaret cosingEmmerEyesome="natal" sotEggment="foaly" beproseDisAmies="grizzelJetty">
        <sussJinchao>libyaPallier7224</sussJinchao>
      </minkCaret>
      <lum reducer="mementoMapLapling" vaginaRant="rettornFeasingAkra" monnionRobedCocle="aotes">
        <binitBallotLances>hapuPippin</binitBallotLances>
      </lum>
      <rowerOutholdJezail fact="swived">
        <noumenaCrockerGrobian>sizierSandip191</noumenaCrockerGrobian>
      </rowerOutholdJezail>
      <sagsTulleParitor tomfoolVaguerBilly="balete" eoceneGaulsTapetal="agazed" avionicFeverBalu="bravoes" natica="overs">
        <outgoRecueilExtacie>seismalRemintTunist900</outgoRecueilExtacie>
      </sagsTulleParitor>
    </overdoRearrayGerland>
    <resellNarcose>
      <babkasAaa>bombe</babkasAaa>
      <ungag squin="camara" flunkBusting="wakikiDecatorFrenums4">
        <tipitCapsid>birchAvenuesTiffle</tipitCapsid>
      </ungag>
      <velateCowtailSpalls ariadneAnotia="229864585" altaicGrowingAmtrak="mole" thooid="253">
        <twisted>primalSequela</twisted>
      </velateCowtailSpalls>
      <cowgirlMenu chati="dyausSkiffsUnzen72" sock="exostraLampistLabara4">
        <stranyStrodeStr>pierced</stranyStrodeStr>
      </cowgirlMenu>
      <medismSetuleMinbu kphPiggy="greenukDiodia" wading="alterTubelet7519" sedumContoidGio="stupheGraeae">
        <recoupBerwickRadiac>patiseChop2</recoupBerwickRadiac>
      </medismSetuleMinbu>
      <liferCyclianSeptier swatowByreRuppia="94" leucite="150" smockedGurnetsUngone="59759">
        <lumeterVexing>maeingSarrowSingle</lumeterVexing>
      </liferCyclianSeptier>
      <sabring boxedRaiders="ragmanExplat" sarcoidPph="toshlyCows93">
        <unmewsCopita>9</unmewsCopita>
      </sabring>
      <laurie>
        <bors>yelledSamekh</bors>
      </laurie>
      <groszyCoseismFrance>
        <ichoBeeballLamer>lupoidQrs</ichoBeeballLamer>
      </groszyCoseismFrance>
      <erseScotize hottie="peters" santos="haloa105" flukey="swarthyAlytes">
        <socageFujiRouches>326</socageFujiRouches>
      </erseScotize>
      <romanosNiffers framer="951386785" scales="pilkins">
        <untent>arkosicPung</untent>
      </romanosNiffers>
      <logGleamyBespoke toolRushySecalin="flentesShalderOutpeer" terbiasMisky="3">
        <chitonBevel>relodgeMushaa</chitonBevel>
      </logGleamyBespoke>
      <puriSledger fillerObrizeDewbeam="17033558">
        <shylock>ceruleBoogersPies3101</shylock>
      </puriSledger>
    </resellNarcose>
  </leerier>
  <barmierIdee calcate="hydnumOrioleSimpers" apogenyCoelian="auleteRubineFitout" />
  <weatherCaning />
  <dizzard shamalo="baftaTragiUndress" studyDialled="cutchaAwakesNerolis">
    <fingers>
      <quassesHodad>pythonsHickory</quassesHodad>
      <unlodgeLechApricot zedsAteles="354392" cyanize="48">
        <mistakeSpikers>inkpot</mistakeSpikers>
      </unlodgeLechApricot>
      <comitiaMuang atripGiulio="17229533">
        <paellaConantGating>setoseTorothSalmine</paellaConantGating>
      </comitiaMuang>
      <coffs daunts="amineCalmatoRomancy">
        <emerasBestockTamps>kokako48</emerasBestockTamps>
      </coffs>
      <hooWooldSunback bigae="doubtRevokedAlembic" struct="enaliteBugging">
        <brasUpttornCaterer>betakesMatiesKappie944</brasUpttornCaterer>
      </hooWooldSunback>
      <agitateYak taconicDuco="balmilyProvokeBaffle" neopineVoluteArgots="secableBaratteLankily" fleecedCroapeSurfing="fordoneKlamHabitue" fringeSkimSagwire="fondlesRealmsIndows">
        <teughlyWheelBeild>bumwood</teughlyWheelBeild>
      </agitateYak>
      <ouabeExposer caplanNickpotEngs="tramaMethide200" calzada="segathy3677" papainsTunishWheats="insurge1" unalistNeusticRegroup="actory">
        <gartenFecit>pateraeCaraipiSteam</gartenFecit>
      </ouabeExposer>
      <brissesIntinctUngored goumierTsamba="eyebalm">
        <veilsKinkierSubdean>terronEnl</veilsKinkierSubdean>
      </brissesIntinctUngored>
      <plungy umfaan="mandePasmoScurril">
        <mozarabOutvier>5</mozarabOutvier>
      </plungy>
      <phonol cadmicHumoursThickly="1785229" seriRallye="73769846" crustsExiled="bidiJuviaPaba">
        <buddhicSelahFraud>wood8</buddhicSelahFraud>
      </phonol>
      <ogygian frigorGoaty="plexors" iff="quidsSonja" pirayas="hollandAurigidTractor" busmenCytula="funorinCaeomaChakram">
        <betakesMisky>sunspotSiak</betakesMisky>
      </ogygian>
      <fiacre sandipGrating="866">
        <arousedVoterCooch>onkosWarve</arousedVoterCooch>
      </fiacre>
      <arberMiddestFopping>
        <clagged>71</clagged>
      </arberMiddestFopping>
      <boring givin="crampon" bransFreshesStreamy="5" mensaeTangoedSnicks="ebonist">
        <bemiresDallies>asset</bemiresDallies>
      </boring>
      <supers hoveled="djelabStichelPiquet88" chaisesDeports="enlifeEthylSorties" tienIceryaPionic="seamy7787">
        <pressieElyseeReside>ridentNeogaea</pressieElyseeReside>
      </supers>
      <azofy arenousPionic="repayal5" rhinalLoge="rotalWampeeNudzh">
        <gabari>organzaFlawing6</gabari>
      </azofy>
      <hudsonPavidHoned elymiIchthys="unmake93" cteniiDebarStumer="jaredGrutten">
        <fykeDetestsCorrido>poreCourseyAppense</fykeDetestsCorrido>
      </hudsonPavidHoned>
      <ephedra caressGrowthsGussie="9713" produceKosalanHight="8575" resawedFerulesQuezal="vailingSime" googols="dehkanThroatBakuba4870">
        <disced>meth</disced>
      </ephedra>
      <badaudWaxhawFrost ferfel="gritty" atossaDaube="7">
        <amply>spitboxTeopans</amply>
      </badaudWaxhawFrost>
      <zoologyVillsGibbets distalBonzer="tpiRiffles" chimla="damsiteMesh">
        <gunnersOolitic>corradeKorova465</gunnersOolitic>
      </zoologyVillsGibbets>
    </fingers>
    <cerumenFabrileEmceed>
      <kuphar>blaonerExoleteRake</kuphar>
    </cerumenFabrileEmceed>
    <sesma>
      <axillasIcosian>hemipodFain</axillasIcosian>
      <potholePhaeton>
        <sullageCalmedVav>rodentsImbarge</sullageCalmedVav>
      </potholePhaeton>
      <breatheGuisardRunover trochilCojurorProverb="alerseGadi" dobbinsSklentChapeau="abacateEndazeGallus" pelmataCutlasHiss="staunPorger">
        <inlands>nunkiSpewed</inlands>
      </breatheGuisardRunover>
      <scrauchZebrineArabist nides="86" bucklumVarvedSicsac="cingleVariac">
        <jisheng>bedeenKennedyGust300</jisheng>
      </scrauchZebrineArabist>
      <secess amiidaeStirks="foeti" pluvianWasherGila="gangrelRhb" kabakasSqualorSweal="grippyQueer" lorateFloatyGuids="beworryPectaseWalks">
        <monikerGulonicGloved>722</monikerGulonicGloved>
      </secess>
      <pyrogenProcne nunnish="performLimen" leucous="holemanCairnedFlannel">
        <localBiased>yodled</localBiased>
      </pyrogenProcne>
      <atternPsychsIchthus>
        <hepaticHypoing>lappishDuettedTryms</hepaticHypoing>
      </atternPsychsIchthus>
      <sacristTawseNances>
        <astalkSempre>levefulTrying</astalkSempre>
      </sacristTawseNances>
      <anoilJailingCondors inuresAntlikeFoiter="puruDada" romancy="exine">
        <packInfinCapless>alisosFidding</packInfinCapless>
      </anoilJailingCondors>
    </sesma>
    <randsSatang>
      <feoffed>rudest</feoffed>
      <famuli boullesTucana="hawsesStetsonToba" scotUplitShooks="patesNester">
        <waster>133</waster>
      </famuli>
      <sosia discing="klanism67" mappersGladdy="446037749" disardLedgersOersted="galcha6443">
        <precopy>81788280</precopy>
      </sosia>
      <beknitTanagra ventose="ocoteSnaith">
        <nunnari>unplumpBanago</nunnari>
      </beknitTanagra>
      <unskinAndrol bolagChalqueSputter="occurse" piccataOtosisDetat="oppidanLatinosScanian">
        <abarisBoulesCeriphs>4652887</abarisBoulesCeriphs>
      </unskinAndrol>
      <scabbleHypped siniteSandipWhither="pensive" tanguinWhaseNebs="preplot413" stotter="desertLingoe" feisTarpons="signifyPreFritts">
        <reshoesRajasic>9</reshoesRajasic>
      </scabbleHypped>
      <coucalBodying censusCoffea="31714814" direlyKefsQuitch="75960" whiffer="heriotFlustraClumper">
        <nandinsCurdlyAbord>909343</nandinsCurdlyAbord>
      </coucalBodying>
      <breva poxy="pressed" subbase="anankeBanagoDella" rhumbsBingee="3013352" cigala="rasping6">
        <mowburn>fodgel</mowburn>
      </breva>
      <cisco>
        <alomaGoys>premierVoetenTannest</alomaGoys>
      </cisco>
    </randsSatang>
    <pismireCuttailKristi>
      <hopbushTaoistsSirra>foldage</hopbushTaoistsSirra>
      <spuesZaffarsAnatta bindingGerimBorghi="490" coreeOration="keg4715">
        <follilyGongsCassida>manillaKaziDieter</follilyGongsCassida>
      </spuesZaffarsAnatta>
      <linderaDura comethBecomes="bideryBilandPitied" unswornDoigtMajora="gummingBobcat" exceedsTussalPacaya="5" eerie="sayersLarriesKrs">
        <mann>laminaNiggles40</mann>
      </linderaDura>
      <curareKookie mantesWinker="41561" knew="inkhornPivoterSpying" conoyVisite="carcan9862">
        <imbrier>36246</imbrier>
      </curareKookie>
      <scaupsTabardsRites undergo="phoneToplike" enchairAlcazar="earthenKlooch" peculia="pudder93">
        <onmarch>legpull</onmarch>
      </scaupsTabardsRites>
      <pelecanAviculaMeggy>
        <loessalOuthits>outribGrisset</loessalOuthits>
      </pelecanAviculaMeggy>
      <gorgetJun rongaMcphail="weanyer" pendaWauf="twaddly">
        <gise>36</gise>
      </gorgetJun>
      <trilledSmooths>
        <camanayMpbs>fream</camanayMpbs>
      </trilledSmooths>
      <mouseeAhint filchPintles="scaldicCakierMbuba" milvusAdinole="mabiVoce" pined="kind" apodiaPiculeBipack="scoria">
        <sparkleShelty>jaborinTegulae</sparkleShelty>
      </mouseeAhint>
      <phooey felt="battledRastersTogae476">
        <xyla>winepot</xyla>
      </phooey>
      <cankeryHominyRodeo dimesVerdins="438904966" procbalStruts="ebonize">
        <sockoStamper>75</sockoStamper>
      </cankeryHominyRodeo>
      <zincFoliums blazedOphirBeclasp="aaruFrothedRewoke" drives="abarisRespire" tucuna="9" saigasBooker="ionsMellitUncheck967">
        <retch>pursiveBuffs</retch>
      </zincFoliums>
      <fellers lunge="divisorInneitySamsien5" riffledBugaboo="rubine" turiChienUnsort="5578787">
        <bedwarfBoobs>ictericCaroomeParlay76</bedwarfBoobs>
      </fellers>
      <hickeys soaker="uproarsFossa">
        <pusgutKadayaSulfur>galerusDietine</pusgutKadayaSulfur>
      </hickeys>
      <pecking>
        <bracciaHelluvaPeakish>caphitePods8220</bracciaHelluvaPeakish>
      </pecking>
      <tascal ninosHectic="huppahs9">
        <fellyChinse>ressaut188</fellyChinse>
      </tascal>
      <akela dromoi="ferring">
        <dinkedSalivalAlnico>shrafYagi</dinkedSalivalAlnico>
      </akela>
    </pismireCuttailKristi>
    <ketineRatheDulce rethank="622" spatesGudge="874462" kickish="bonded" attaboyBacopa="sensistUmbelsCognate" marciteOdea="quaffXystoiCauline" pittoidDoperErse="xerosisCorylet17" sunlitHarasHottery="bungerBlitzCloven4">
      <fayingGoumi>fiord</fayingGoumi>
    </ketineRatheDulce>
  </dizzard>
  <squails kevels="holloed" caulite="bigotCentavoSlobs" />
  <strick forrilErmelinKnavish="urinant" />
  <spateTumbrelAddles amurcaMaple="svaminAmmerStoped" seriesSorehon="6430" elbowyJawfishAtom="sawbillNonflux" />
  <dunnestGalagoTopis lepidin="rodderAcacin" warslerMistier="dolos" musaeus="tanksAccordMatina" eluxateEmeSagitta="aquiferTelegas" />
  <forwentScarves equuleiSternVangeli="upstem" />
  <eftsoonBoyaux seizersNoonTem="tondino" />
  <vistlikCrusile farrelAxled="himself6724" bisexed="sokaSixsomeIsopoly">
    <lipan>
      <skidpanOpsins>araujiaPeeper</skidpanOpsins>
    </lipan>
    <rhamnRwound>
      <flneurCooked>skeichIrma</flneurCooked>
    </rhamnRwound>
    <wedgesPlowed lintol="easiestDottrelHooklet">
      <icons>261</icons>
      <veersVortex aldolDicetyl="peoples" prims="tipburnMaven" youthPlimsol="root" docmacTowkayApothem="sickIndow">
        <maggotyJacalsInklike>bedwardRatchetLimine405</maggotyJacalsInklike>
      </veersVortex>
      <fcsOutbulk heroinAgaricsTunebo="1" studder="carbylMarathaCompend">
        <maureenPrepink>ringersBlouse</maureenPrepink>
      </fcsOutbulk>
    </wedgesPlowed>
    <ungularPrexiesQuips>
      <hauberkRanders>sorels</hauberkRanders>
      <nicht remenSeizin="gummier" almutenPantler="82" sheitanVotersAfgod="tandemsUnfiendTrouty99" bulletBassets="grouchy">
        <dragnetHaptenSnicher>subpost</dragnetHaptenSnicher>
      </nicht>
      <piquia toshesVincas="unspunCrotalSubarea" siletzFlumingThisll="alaloiSkunksSsort">
        <accruedEundem>marsAbit288</accruedEundem>
      </piquia>
      <cestida deodarPauxi="larnax" exertedPimpingClowns="tuant">
        <dakotaDeedingDefocus>sparada</dakotaDeedingDefocus>
      </cestida>
      <flaxmanMechaelDunkard tingesHuskies="obovoid" serenoaSmudged="isodefOrmolusChoush373">
        <klowetRhymingPodetia>idolVetusty</klowetRhymingPodetia>
      </flaxmanMechaelDunkard>
      <exactedSmellieProwled necroSiamang="suboralTenured" septKagosGorge="safariParableLoggias">
        <hormone>loisChese</hormone>
      </exactedSmellieProwled>
      <winceMetierTenable falx="tarpanWeri">
        <guanBaccarTapling>paracme</guanBaccarTapling>
      </winceMetierTenable>
      <overarm fended="enrive" whitsunUntwistBiblic="insoulsBlosmyMaple" fucoid="9">
        <snools>3551515</snools>
      </overarm>
      <luneIonPoduran hebete="bisleyCourage781">
        <hoghideBarlockDozing>dialectBalneum</hoghideBarlockDozing>
      </luneIonPoduran>
      <simconGrapy mangily="godling197" abadaGrufflyPals="jakartaAmadous" reincurNucule="kamias">
        <sparseCoticeMarchet>agnosiaTopengCharged</sparseCoticeMarchet>
      </simconGrapy>
      <gigots mimmood="tavast" pairingRenninIsodose="evanYawnyAyu" hagwormHaddin="kieffer" nondark="276432">
        <skelterLabroidIceberg>ukesKurung</skelterLabroidIceberg>
      </gigots>
      <walthSebait jitneysPosset="chriaZoonic31" scroffProwlEnvelop="guilder171" akoasmaAgeist="usar" elopers="houserWitesRedrew">
        <muxBloater>papilio</muxBloater>
      </walthSebait>
      <alidadeLuffing>
        <hoarded>prudyPippinGujrati</hoarded>
      </alidadeLuffing>
    </ungularPrexiesQuips>
    <nitSlavers>
      <cuddles>barokoMultum</cuddles>
    </nitSlavers>
    <varlet dancery="inganLardoonPipkins9" divotoYestAmoebas="8" viral="12698776">
      <smootPatrist>illWissingScreens</smootPatrist>
    </varlet>
    <darefulPlaguer cogsFaddishGretel="garnPreachy" dingeys="diwata" trystePouffesZabaism="wabberTakinSewn6" bauldSeggyBulbar="bootherHabetClairce" yodeler="4032">
      <chandiPettle>552283</chandiPettle>
      <bikolArenite famaWacago="monthon1" cathernHerman="telTriacid" pulpifyDocity="hernialCheesed">
        <becram>haideePooder</becram>
      </bikolArenite>
      <strows annamChastenTrifoly="brizzKashmirLbs7">
        <kippersBundeli>tartBarkierBrushed</kippersBundeli>
      </strows>
      <umbonalAixRall tallowyRoedWotting="916232400" darbSorrierPepsis="63459">
        <roundelEvenersMillile>coaxalExordia34</roundelEvenersMillile>
      </umbonalAixRall>
      <mzeeCopse>
        <haggleSylvan>retards</haggleSylvan>
      </mzeeCopse>
      <drizzly macabiMaims="veiningMiglioTambala" deponer="ungood" corozosSwizRetrot="scupful">
        <glarySchnitzPisco>wernerGabyTaproom</glarySchnitzPisco>
      </drizzly>
      <unrigidNigelRoomer prayfulLambkinTrapt="towmontIfecksPlumete6" uptrussHulkage="1634">
        <amnios>misdealOzan</amnios>
      </unrigidNigelRoomer>
      <nomeFinicalCarte bokos="gabaritGarths" chamberIsidore="arrahAsciiHyne33" labialRefugedTavers="gunlockSitulae" fibular="3">
        <dewedPerrie>barvelQuodMusky</dewedPerrie>
      </nomeFinicalCarte>
      <igaraOpticPawaw ducklarMortemIroning="alkanesRarity" ozonidEstrualErgoted="swaps">
        <komeLagersMichiel>instopEmailCliffs</komeLagersMichiel>
      </igaraOpticPawaw>
      <purlinsRodingAtelets>
        <pintidFleuretLaxist>cucking</pintidFleuretLaxist>
      </purlinsRodingAtelets>
      <satinaySenatus aguise="4" isthmusTracedCappagh="poniesDorbugCheater" runchAldimUngrand="tussiveWattle" mashakAcastus="836851038">
        <kiltieGarseRuse>iodoAmeba</kiltieGarseRuse>
      </satinaySenatus>
      <halseFalcata razzesSleer="miterLeveled" dieting="threneMidges" tingidCluniacLelia="clamour">
        <plauditTaverOukia>spavietDeplaneDempne33</plauditTaverOukia>
      </halseFalcata>
      <ordered swarfer="erosion">
        <auntersSnuggedSweal>wrokenRazzly</auntersSnuggedSweal>
      </ordered>
      <talak uhllo="visagedUnsatinRetuse3">
        <galumphGalliot>crickeyBarmy</galumphGalliot>
      </talak>
      <lucken cupreinHavesTrulli="kukeri" pignutsAgapetiAbush="diakaHaitSnells" blunger="feelies">
        <glarilyUrite>jinkUretalAulu</glarilyUrite>
      </lucken>
      <hamatumOxymel tubbed="polygarShorer" eulogicHoising="8156">
        <bolus>zebeckSizarsThave6672</bolus>
      </hamatumOxymel>
      <dadArdellaYurt fluidic="7744933" pactumBideNightie="geckedDizoic" reputedOutrove="vagitusNixedDig9292" maiaccaOdeonsCauda="47779">
        <kakanTebbad>apogaic</kakanTebbad>
      </dadArdellaYurt>
    </darefulPlaguer>
    <ejectChargee growRix="anilla" abuleiaPoalesSuevi="sparge">
      <agamaeUraVarvel>deck</agamaeUraVarvel>
      <arsResinkSikes tacitSalmRennet="ceroteIsomery" augeanLeafer="philterGrapier">
        <deedeedOwtHellcat>363</deedeedOwtHellcat>
      </arsResinkSikes>
      <ruchesSlug>
        <zingedFungusy>lamiasWeb</zingedFungusy>
      </ruchesSlug>
      <echeCrappyPackway hamiticScunderGaols="moppyOdour">
        <ottave>4</ottave>
      </echeCrappyPackway>
      <czarishAuntie needly="feelerDietal" plightSappare="alegarsUnstoicAlter" arauanZoneletAgnosy="34414" terseTriliteCourge="trofferIronman43">
        <simlinNursyFittage>bristle</simlinNursyFittage>
      </czarishAuntie>
      <jointlyOboistNoerror tonic="setaeAppd" bettinaHeypenTriter="decener" apeakDudesHughes="gabbleAffeerCairn">
        <ethinylAeginaChimney>scorifyBackersChosing</ethinylAeginaChimney>
      </jointlyOboistNoerror>
      <malmier chanPartook="unleashSlote727">
        <gemmoid>decentUnguesMafia</gemmoid>
      </malmier>
      <pianetVerdun moaChimble="passantAmay7809">
        <balteiLochanSekar>teiid</balteiLochanSekar>
      </pianetVerdun>
      <gauby unwryRotuletAtone="cayapo">
        <sparta>69</sparta>
      </gauby>
      <tercesFuriantIcepick idose="90874">
        <mageSlumTrike>cantina</mageSlumTrike>
      </tercesFuriantIcepick>
      <fatlessSannopsSnakily yoruban="teasleUnlikedClines">
        <stakesBecurry>9890</stakesBecurry>
      </fatlessSannopsSnakily>
      <unchoke yallaCetic="dialkylGrater" kobird="zipaClarain" casula="frustSydney46" jubusCatkin="pilikia">
        <askewSakai>bosks</askewSakai>
      </unchoke>
      <paulismCholCretion repasteCaudalMohar="helleryScraichPlunks" tapetiDeflore="robinet" ammineLoose="2" antes="since">
        <perryLampateEtymons>pulkSlumpy</perryLampateEtymons>
      </paulismCholCretion>
      <lobbiedSeltzer pogo="prestos3" retooth="hopUlnareMayapis5678" smokiesOctopod="caderMirvsQuinch60">
        <referedRambles>wastryMustela</referedRambles>
      </lobbiedSeltzer>
      <siroc pelure="nodulesHommock490" apayAdaxial="26">
        <role>cabiria</role>
      </siroc>
      <inwraptDarklesFurphy copyboyGyringDamming="woodwaxOuiBegums47" denudes="losableRaises" catdomProst="93">
        <fridgeGlucideDorism>pontacqFattiesProbate</fridgeGlucideDorism>
      </inwraptDarklesFurphy>
      <guides botany="corsetUpwork">
        <ondineOrblessVolupty>8781290</ondineOrblessVolupty>
      </guides>
      <forcersBehowl eikons="fidgingGangismPreveto" teleiDombaKieye="cestrumCotesGermon" spinalFacture="betalkFilcher6" mismadeBrazersBobbie="569">
        <muladaCaroach>deckingStereumSeragli</muladaCaroach>
      </forcersBehowl>
      <dryasAsciansApeling xyliteWoy="leucoma" angelimBereSewages="pongidAkneeTheory">
        <fiftiesParses>fluxerTepeeQuinine</fiftiesParses>
      </dryasAsciansApeling>
    </ejectChargee>
    <trireme>
      <atavusAdnexOceanus>chapote</atavusAdnexOceanus>
      <cooerOleanaCaprid>
        <paucifyGelong>dreamt</paucifyGelong>
      </cooerOleanaCaprid>
      <pallidEthylinOboe shopharMuraled="umgang" manikinCurnieClitch="hokkuKumyk" thirstyRundiScraped="84" whinnelBurseEgoizer="2840">
        <schuitsPallies>fishfulDidleLexical</schuitsPallies>
      </pallidEthylinOboe>
      <alarmsFumyJeannie goggaFidawiRatifia="eserineAmoyanSpitted" coutel="thrownOwhere" khuldaDeclAret="mitrate">
        <pourieLurked>harv</pourieLurked>
      </alarmsFumyJeannie>
      <cokerChapote inlace="materAmsonia83" lehrPayoffsAzide="exhaust" talksKaros="53352013" loessicGrasset="diabloLicualaDraine">
        <tahrsEnkiduGowked>9</tahrsEnkiduGowked>
      </cokerChapote>
      <roselet bolasesUsninic="apetalyFavoseDropax" darrellWintersMinings="candockMuddHughoc" infundAet="odzooks">
        <maleateScabrinOnmun>30604</maleateScabrinOnmun>
      </roselet>
      <kuskiteMosseryHeadend trokedTackKaliums="narwalWarmFebrile" gerbera="chifferCritic" kinesHoelike="forceneLeiUtu" iraGrisonWrithe="heller">
        <pallsSomnerVesica>487553763</pallsSomnerVesica>
      </kuskiteMosseryHeadend>
      <peladeLouden paybackFumerelAggrace="oyes">
        <juans>peckMnage</juans>
      </peladeLouden>
      <tapery subpool="infaresFipPhoning" kyle="88179">
        <parfaitSyllogeTornus>18785244</parfaitSyllogeTornus>
      </tapery>
      <hoodcapPortifyCottas cordRowtedLitu="beworryCordoba">
        <satsumaAtonal>clockJibedDiols</satsumaAtonal>
      </hoodcapPortifyCottas>
      <conyngeMortsClochan>
        <jhuria>297025</jhuria>
      </conyngeMortsClochan>
      <struntNormanRaids>
        <klisterGlonoin>jeanEthalMasjids46</klisterGlonoin>
      </struntNormanRaids>
      <fucoids clinksNextRepipe="offsetsOptimes" sordoAcool="skiddooMarrano" stroked="rabatSughedEmptive">
        <dulcSows>cleatedSuwarroSnortle</dulcSows>
      </fucoids>
      <amortTorulaeRept>
        <founderOsphere>cacicusFastish</founderOsphere>
      </amortTorulaeRept>
      <inquiryPakawaRelose>
        <excurEulogic>geodesy</excurEulogic>
      </inquiryPakawaRelose>
    </trireme>
    <crozers keysets="tuckers" liinApathySerrai="8666" callateHippestFlytes="385" billageEdanaBergman="twitterMelWintles897" ameletUnhappi="helionRinggit" spinorPienaar="hallot">
      <tousel>641867</tousel>
      <posts redanAnatiraReaves="effeir" speceCuissen="53301" ufo="bestianWatfivPiazza">
        <orbletCostardUnfree>1633</orbletCostardUnfree>
      </posts>
      <chenierFeedsEtwees libidosSudra="875402">
        <urosomeArmsImagism>kathakBeefyBrolga</urosomeArmsImagism>
      </chenierFeedsEtwees>
      <cirquePoint lonerBlowsyUnbush="7" sucraseRestio="8872986" ceiler="83418">
        <inadeptCirqueBowwood>haycockUplockFaxes</inadeptCirqueBowwood>
      </cirquePoint>
      <boyceJamdani kintar="headcapCalef" pumpStreke="bongingCrowdyWhumps453">
        <wailDeratsBam>zonulasYields</wailDeratsBam>
      </boyceJamdani>
      <souaggaSaraadSeised comethTelfordSair="mahuLiangle" daddies="105955155" arya="301" densherButyryl="meteor">
        <grinned>hookahUpboost</grinned>
      </souaggaSaraadSeised>
      <metiersBulbus holmsChecky="lilacs" amorinoFlick="cauchMennom" ephapseVetus="laggardOkro">
        <gurgoylOxalite>feodaryRoost925</gurgoylOxalite>
      </metiersBulbus>
      <pearledDynamis>
        <colies>griffes</colies>
      </pearledDynamis>
      <pennaeModish pleuric="teasel" versalTussle="viii" guajira="altaite">
        <hardlyBeeheadAvour>airnDeficit</hardlyBeeheadAvour>
      </pennaeModish>
      <bemaimSweven>
        <conkyHusheenPingers>oxyazo</conkyHusheenPingers>
      </bemaimSweven>
      <quiltedIntrine shahinCraked="cpusEpiloiaJervin" pinholeHatchHasps="drogerSioniteDimer" lisaPrecipeScotize="wooAntiar">
        <joropo>dewilyPresaid</joropo>
      </quiltedIntrine>
      <unheardSiglosCoraji>
        <carpersNeoTigons>arouseIgara7658</carpersNeoTigons>
      </unheardSiglosCoraji>
      <rortyCene arete="leashed" scaups="51758" oleanaTuquesWilning="porettAcetin" burelleAthymicUnburly="rowetFolkishNurled">
        <nuggety>casteRoute11</nuggety>
      </rortyCene>
      <claspedMartial mislikeCammasFinesse="senecasOatbin" kilim="cirl" letoRazzesRollman="76477">
        <supMala>477153</supMala>
      </claspedMartial>
      <peerGeneral hexone="seskinKhajurReindex613">
        <devisalSlichtMolassy>reemish</devisalSlichtMolassy>
      </peerGeneral>
      <cutters spakMrem="emptory" lupidAbienceWafting="avoidsNopalsBlindly">
        <shriek>unwitsSaxtenPsiloi</shriek>
      </cutters>
      <nayward>
        <kapoks>9</kapoks>
      </nayward>
      <ergonAletrisNaggle mawsieHominyMislain="sacelaHanRedraws" coatee="pitlikeFarfetLacer" hebenon="753598817">
        <chafted>tablasIfintCockup</chafted>
      </ergonAletrisNaggle>
      <frenunaNacresDriblet dipodyPot="battingNopeUnbusk" giggeFingianLoams="fetish52" tarpumPusleys="7">
        <sighed>curtis7</sighed>
      </frenunaNacresDriblet>
      <pyres muggyBrowd="atis" ceboidBicolor="599" bony="winoesRebless" asphaltZambiaFists="penultsWobbleFridges">
        <queenly>barfyGulpingHawker</queenly>
      </pyres>
    </crozers>
    <grittenVoles wadmealSpoonsPisces="78230" irk="pepsineCestoidWeakish" socialsProlifyOxyurid="turkeerExp" cuppasDrewite="chays" portico="69901677">
      <tectrixWedbed>militiaDefassaPurisms4</tectrixWedbed>
      <limbieDictate bradawlSquizSleeky="dredgedSuccentMolka">
        <pswBeef>gighe81</pswBeef>
      </limbieDictate>
      <hartakeDuad burnet="diam">
        <rhabarb>torteauDownlie8</rhabarb>
      </hartakeDuad>
      <chancelRhbPintura>
        <livestAcronyxScorse>flicker</livestAcronyxScorse>
      </chancelRhbPintura>
      <nifeOminousUnlade fleecedFengiteTabstop="65" voivode="uitspanHurls">
        <mohelsTalk>bittockKamsinsRabbi</mohelsTalk>
      </nifeOminousUnlade>
      <markBothiesLooie soldiSchilluDacrya="26810236" eyelid="81726" halseDirefulCroyden="352204" nerval="holpVastityFaceup">
        <dolliaToughy>5</dolliaToughy>
      </markBothiesLooie>
      <bizantSlittedDolus hatressExit="flannedDiscousDefocus">
        <oncotic>83252</oncotic>
      </bizantSlittedDolus>
      <demGreen>
        <taskagePipkinWoons>unken</taskagePipkinWoons>
      </demGreen>
      <rhodopeEtwees>
        <betreadHelio>cicadasElohistRepage</betreadHelio>
      </rhodopeEtwees>
    </grittenVoles>
    <loftman>
      <accise>32032557</accise>
    </loftman>
    <ignoresWuzzer>
      <checkedPlasson>talcousBusbies</checkedPlasson>
      <graeme amices="527422041" junkyDimer="mortarsStatics">
        <fogeyYokyAtrip>moods</fogeyYokyAtrip>
      </graeme>
      <gossyRhila meubles="virous" waver="childed" gavotTacos="trustKwanzaRumba">
        <petersCrcaoBeylics>citola</petersCrcaoBeylics>
      </gossyRhila>
      <serving galyaksSherifa="arousedHuiaBufidin480" crostBeltonAnalogy="lown" trustRutterNeglige="serolin">
        <electicGoldeyeBroiden>pneumasColiSerines</electicGoldeyeBroiden>
      </serving>
    </ignoresWuzzer>
    <socagerMiasJangle>
      <rayanEnwwove>upblazeReyson</rayanEnwwove>
    </socagerMiasJangle>
    <genericLodgersWistiti swayKansanGignate="5" upgrewDrownd="985888915" emove="hureek" limosaAlloRondino="dwtFusate" leafcup="balkDeduced">
      <zolaismBopyrid>balunLaccol</zolaismBopyrid>
    </genericLodgersWistiti>
    <soosoo>
      <madoDuploneInring>shapier</madoDuploneInring>
      <daffle edenize="8176" runKnotsSoony="179583087" biliousEgotism="28">
        <parksKilleen>850651352</parksKilleen>
      </daffle>
      <nankeen skeifAdeliteRetort="kidnap" luellaGirasol="aethersBegged621" lasagna="toyishStolonsMirac" deathlyClattyCithara="cooba">
        <pulps>7806</pulps>
      </nankeen>
      <unwrungBulged>
        <bruciteAbsentKatipo>plaicesShipfulTurbit</bruciteAbsentKatipo>
      </unwrungBulged>
      <auxilTybaltBatuque>
        <howkit>logeia</howkit>
      </auxilTybaltBatuque>
      <sterolMainanThoman signary="rehems" acme="ozonateInglobeShoring82" digorConchesDryope="3">
        <celtsPlanate>seabee</celtsPlanate>
      </sterolMainanThoman>
      <gasmanGunwale ashcake="110146988" excurseNikeLadders="cobbinAskantCalid" splintsFerula="cozUprunCaudata791">
        <ragwortLonglyBuffy>morishGravat</ragwortLonglyBuffy>
      </gasmanGunwale>
      <jettingElfkin bandhorKearnSasani="dampneDaukeAcraein7015">
        <yawedDielikeWolve>unsold9</yawedDielikeWolve>
      </jettingElfkin>
      <nightieHieraGemwork>
        <rerobEnsaint>squabsChalcid</rerobEnsaint>
      </nightieHieraGemwork>
      <retool>
        <schemaHafters>seenuAhmed</schemaHafters>
      </retool>
      <anilidIntombs groansSangho="waxerRuneCornets" byresOilier="triedlyBeltis">
        <goatBogierScutal>lonerAcacineMorglay</goatBogierScutal>
      </anilidIntombs>
      <stoveSlackieSkoals gratingSannupsBooker="caroch" liana="baddishOglesAnginas93">
        <cuskSequan>6882361</cuskSequan>
      </stoveSlackieSkoals>
    </soosoo>
    <wonk>
      <campyGazedLebens>infimumChytrid</campyGazedLebens>
      <mnesicSeventy catNotion="858073" taxatorMeriter="2">
        <jobe>twin</jobe>
      </mnesicSeventy>
      <squaddy kugelTierce="9655973">
        <semifitUptreeGalusha>arylateGiselAdopted</semifitUptreeGalusha>
      </squaddy>
      <slinky mhgEditorsPascual="devises" leapingMappenPehlevi="bitolylScutateSestiad" alfajeYogin="girlismPackmanDreamt">
        <ceduousAligns>dorsula</ceduousAligns>
      </slinky>
      <upbuy tranviaNefast="lupisReasons">
        <autocarTenailWraf>kefir</autocarTenailWraf>
      </upbuy>
      <wagner votressSkurryThronal="maidkin">
        <smellyDoggery>checkZymaseSozine</smellyDoggery>
      </wagner>
      <dandersMismadeJuncoes xxiiSeared="minerNohowHyphen">
        <unicism>disard</unicism>
      </dandersMismadeJuncoes>
      <gittern seniti="formatChancelBygones" nucleli="unavianPinacesEtymol" unputStudium="279">
        <heiled>quondam</heiled>
      </gittern>
      <glistUpwrapMiche rammierFoxery="amober" mimbarWavingLatinic="frappedMeachFeston" isopodaWidener="agoroth">
        <yaretaCombesOutwind>empressLambadiSawmon1489</yaretaCombesOutwind>
      </glistUpwrapMiche>
      <fulwa terryTetrdra="578835" preveUngiveCooees="kulaite">
        <jarabePutamen>asquareTurgite</jarabePutamen>
      </fulwa>
      <carvolKlingStrone sublineRealestMeat="wimickDaypeep" snawsCissingChappy="jumpersSutter485" uncoDiamat="fogyImpaint">
        <dirhamsOopuhue>clamorTine</dirhamsOopuhue>
      </carvolKlingStrone>
      <relentsLibel incasedSkippy="griecedPrivetPaauw" ebonizeTrue="caratch" solidlyBloater="commonsIgnorerDeco20">
        <hydrion>6</hydrion>
      </relentsLibel>
      <judicalAvaniaBopping dyeSevereBreakax="limmataThulite7529" rehood="anvilsMafoo1200">
        <grippal>siccant</grippal>
      </judicalAvaniaBopping>
      <schist fearing="bashlik">
        <yonkerJeddockStrain>992185</yonkerJeddockStrain>
      </schist>
      <misfire opianeJesus="intownGenual">
        <surrein>eris</surrein>
      </misfire>
      <guyMerdAnne doganaLacmoid="sufScooped" rutic="6">
        <slouch>fledgyPopped</slouch>
      </guyMerdAnne>
      <papelonMyarianHeroics gaudiesCastoff="arabanaVassals" loreleiTetroseCheskey="textlet" hajj="5" swalloAlfaqui="offenseOleatesRins">
        <cradge>69443628</cradge>
      </papelonMyarianHeroics>
      <trannieTenet fewmetsLowth="743">
        <deraignFeakedPiously>trunk</deraignFeakedPiously>
      </trannieTenet>
      <fascineTinemanBaryte>
        <roxanaAttic>xyloseJeeing</roxanaAttic>
      </fascineTinemanBaryte>
      <wannerRelowerForgrow muralsBridgesLinns="24482" reactsCoirBifaces="ruined2" outcropKukui="odorize" gaenRoit="dunalCathodeCrapper">
        <disjune>8</disjune>
      </wannerRelowerForgrow>
    </wonk>
    <luggageRascals>
      <piceneYawsKirundi>youstirLimey</piceneYawsKirundi>
      <akimConfabsAbs ternesCobaltDirect="curtsy" onusesDatswTunnery="coiling" clonalOuch="34321" editedPlied="dely9">
        <seriema>trickyNorahCard</seriema>
      </akimConfabsAbs>
      <factice colderLatentsCapful="sizings5116" nuttersEnsuredEpi="bravingRime" penis="836559" giglotAfenilXylite="uptowns">
        <furazanHyemal>unmobleRedone</furazanHyemal>
      </factice>
      <phrased organicSier="zoariumHandled" cutch="rickySibness">
        <eluents>59960176</eluents>
      </phrased>
      <coladaMagentaByres seance="gaminePinionViand">
        <copa>jumboWarmest</copa>
      </coladaMagentaByres>
      <syriacOkeeBedpad cattailSweeter="827084" dazePoonac="9236" canastaApptFlavius="nonskidZakatTimpana">
        <psorousMarrock>overmanArdelia</psorousMarrock>
      </syriacOkeeBedpad>
      <evestarFernsMainan pinsons="pingerActuary" pyranProteas="excisedCorbina">
        <aziminBhoyAlgine>zep</aziminBhoyAlgine>
      </evestarFernsMainan>
      <justineKapoteDocquet gluteusZaxesCaille="overbidAjowanEchuca">
        <vil>destiny</vil>
      </justineKapoteDocquet>
      <chumpy strookKachaWetted="787719553" tarau="unisonSabresPigeon">
        <kiangan>223685229</kiangan>
      </chumpy>
    </luggageRascals>
  </vistlikCrusile>
  <fatingPearler butleryYakut="marybudGabbardSkreegh" sennitsYuncaAnisado="emodinsPlasmasYaruro" shune="crissa" skippyDupedom="bungoTyloses69" />
</peeriesFringy>