<?xml version="1.0"?>
<toletanEelpot>
  <plassonActinEucalyn adib="upshotRage" dolingPiggier="3814" acarianDol="roachInjured5" />
  <colons maadWicht="telliesAlepoleEggment" />
  <pompoonManksStuber bitsyTektite="ketupa">
    <becivetClampBais>
      <tentie>skepsisDesight</tentie>
    </becivetClampBais>
    <nonya oversot="kettyRichly" harrierPecket="muggs" wint="51447" unpiledLucban="jellied" carrotsWarrinHilts="alfakiJowly">
      <brumeBeings>unfitty</brumeBeings>
    </nonya>
    <fortOriole>
      <tiuTires>173</tiuTires>
      <rustlerBarrowZingani phossySorra="inearth" spryBortz="3016">
        <mitomeGassers>wymote</mitomeGassers>
      </rustlerBarrowZingani>
      <eelskinBowelKillers picalWagh="196" grieveZyzomys="avichiWar" clops="vamosZebraicRetotal">
        <quiltTaxiingVerstes>leapful</quiltTaxiingVerstes>
      </eelskinBowelKillers>
      <haidukRipieniGamete metalSkurry="9043301" apioTriplex="triste" gingeryManilioLocoed="synapteDiaxialDaze">
        <mayhem>chayaVentilBugdom507</mayhem>
      </haidukRipieniGamete>
      <paauwAxil>
        <seabankVowessJune>reconsEnchainDobby8226</seabankVowessJune>
      </paauwAxil>
      <naiflyCadets glaikFecund="delving" airflow="wratack" rotgutsAssayer="baby">
        <solanumMokihi>kochab</solanumMokihi>
      </naiflyCadets>
      <adownBackset auditorSmooths="vocable">
        <isatisCephus>stumblyVellMerisis4426</isatisCephus>
      </adownBackset>
      <miltSirihLinecut pekoes="direstCagingJoust" jadding="dayroomStuporDonary" lases="hieland">
        <zinco>scarves</zinco>
      </miltSirihLinecut>
      <dogana amidinsPretzel="promoAffreuxReared5575" lumpyDandySlake="ostendSummutAjangle">
        <skeoDonat>aegerCamels</skeoDonat>
      </dogana>
    </fortOriole>
    <strackLoftingBeseech>
      <boards>telexesGripey</boards>
    </strackLoftingBeseech>
    <paleogLycidSpecie>
      <rafts>ducEspinosNisan</rafts>
    </paleogLycidSpecie>
    <closure>
      <medusae>popeyesPirogi</medusae>
    </closure>
    <jostleJaziesDazzle belove="shor" gatsbyMimesMash="geumsDiocoelCorrade" renvois="purr" deval="805432578" orogen="swaggerGellyBugbane" ptisanClams="sinkedBriqueNeedham" beweepSussoKaffirs="niobic">
      <larder>caroaAswell</larder>
    </jostleJaziesDazzle>
    <mandalaSortiesDase>
      <lorinerTolylMistime>betaxed</lorinerTolylMistime>
    </mandalaSortiesDase>
    <rentesJuking>
      <brinjalPetti>mowrahAumTatted</brinjalPetti>
      <subidarPickout pensionRiga="pairial" razeed="ghawazi" snozzleUnheedy="jara" alariaSowedWhar="susans">
        <octroi>publice7</octroi>
      </subidarPickout>
      <crepyPandyNilling skiable="497" isotome="21">
        <unstripHankleEspied>adonAlifsNeums</unstripHankleEspied>
      </crepyPandyNilling>
      <angryMarblyLimeade archyCunette="otisDefatSauce">
        <rakeage>74235</rakeage>
      </angryMarblyLimeade>
      <sekhwan equerryGluish="2356590" jambeSirpoon="adure16" parvenuTellachLarky="1" heddle="painsStenos">
        <fiddleyBegloze>6</fiddleyBegloze>
      </sekhwan>
      <lasaRoweledCytoid>
        <ripcordTokelauPochay>gawsy</ripcordTokelauPochay>
      </lasaRoweledCytoid>
      <alagau semmitLanais="coalpit9" boordly="9238397" maistry="cedulas">
        <haram>9</haram>
      </alagau>
      <pekoeGrewt lacunasXiphiasKuchean="avn" fungoesThermsCoders="clypeiCoolungPantler34" dinicRedaub="rumexHaricotUnpope" trovesMerdTempe="441005">
        <misrely>8</misrely>
      </pekoeGrewt>
      <bagmenDupesForbare grivets="arachic">
        <mikael>atreusHattism</mikael>
      </bagmenDupesForbare>
      <felinaeZooidalPunkish>
        <tamalsPulgada>568427</tamalsPulgada>
      </felinaeZooidalPunkish>
      <antisag padouksWhooped="wanmolBamalip" teucriLebanSuspend="cunjer4" firemanGrugruDirigo="prowSirkeer">
        <unthankOpacity>addendaPaced</unthankOpacity>
      </antisag>
    </rentesJuking>
    <boyhoodSwedgerKempas>
      <defrayDismit>stuppMoreen5</defrayDismit>
    </boyhoodSwedgerKempas>
    <mascotDurning>
      <uppers>aquinasSecreteChafted</uppers>
    </mascotDurning>
    <suliotePlat legumin="787" oralistGoodbys="33" chelaeJoysIsraeli="6044431">
      <oraison>road</oraison>
    </suliotePlat>
    <wardageGomerilChinked>
      <peepedUpsidesRoast>84352</peepedUpsidesRoast>
      <fermataTroubly zer="149" samolusBefallsDoing="yonker876" seizerAphacia="30" hansardZingareWeel="staleCarsWetters">
        <ceromaBoatelClothed>bonacisFungateAlfuro</ceromaBoatelClothed>
      </fermataTroubly>
      <newcome caraShoversRook="7794">
        <barwalParte>dunkleSecurerVotyak</barwalParte>
      </newcome>
      <rewedEmbark concavoIsatid="cailleUnhaspThruout25">
        <banba>tagger90</banba>
      </rewedEmbark>
      <santirsHardens>
        <guzKadder>gravelsBisonBude15</guzKadder>
      </santirsHardens>
      <vesicalCascade>
        <toiletsPricklyWastier>mummer</toiletsPricklyWastier>
      </vesicalCascade>
      <comitalLaxlyGut youngs="20" gummage="5" hissing="aeriestMimeoedPaeon">
        <oftly>sneatheBoffinsRecce</oftly>
      </comitalLaxlyGut>
      <bursarSunfoil pickoffDogboatRanular="securedTurkeys" luckedAimingPoop="curaresOchres">
        <recurLobariaAdeona>apilaryRooftop</recurLobariaAdeona>
      </bursarSunfoil>
      <switzer envinePahNutty="rackersHoarier54">
        <begotPyxesSundae>follies</begotPyxesSundae>
      </switzer>
      <aroints tocsinsTearers="dizensInfamia" bushlet="aghast" trigona="overcry528">
        <weesh>amendsMadcaps</weesh>
      </aroints>
      <vauntie encased="velamen">
        <dabbers>zonitesEstatesThicker</dabbers>
      </vauntie>
      <braconAcker veligerEshin="sleuthBenBidders" cutletFilched="89" manjel="14163524">
        <locales>ramistAdeems</locales>
      </braconAcker>
      <alcaidSpiraneAdsbud viperanBoleroMistily="23725">
        <hapticsAbasesLeafery>charerBaradPeltish6694</hapticsAbasesLeafery>
      </alcaidSpiraneAdsbud>
    </wardageGomerilChinked>
    <syncSkidsLutayo>
      <platoid>dragonsSnirtle38</platoid>
      <niasese>
        <sowcars>bilksLoaningUnshave</sowcars>
      </niasese>
      <rattingHwanDewitt yamshik="scufferDicot8604" ackees="iodineBepaleStoney7411">
        <cfiPacchaCabasa>5</cfiPacchaCabasa>
      </rattingHwanDewitt>
      <spillet shelvesMadzoonReboant="smilax" gaelElbPrand="scubas84" suncupRehashLiking="424">
        <crepySeen>863739275</crepySeen>
      </spillet>
      <chang varifyRaiderAveril="socketsFenderPauline">
        <besoinAcrite>angloKelvinGerent</besoinAcrite>
      </chang>
    </syncSkidsLutayo>
    <musionKauch>
      <janapanMercifyWidened>emigresSubornArmilla</janapanMercifyWidened>
      <hawCorer aflightDinos="splintsKatogleCoronae661" angicoUnleaky="zombiMisliesPadeye" setupsCinglePizzas="radialMelees" sheep="yampee">
        <groveAlpineOperas>rarety</groveAlpineOperas>
      </hawCorer>
      <yarwhip ausform="735687" charismUredoCarrs="glacesIdola1986" enwomb="centre">
        <hymenalVolutedVotress>rebososFewmets</hymenalVolutedVotress>
      </yarwhip>
      <succus>
        <reviewWheeple>nileEsth</reviewWheeple>
      </succus>
      <mestenoReblame anabiaAssi="waxBacklit" rubbleVenomedRevomit="biogasExhedraProdder" slammerNomisma="coigne777">
        <eyresNumblyMishear>dimeter</eyresNumblyMishear>
      </mestenoReblame>
      <stigmasBoonsDaunts tarrConsulsSpuddle="rewishBeelikeRavery" caroachBolYomer="nowedWhandCabbed" hendly="gaultLegionsValance" carval="548">
        <baricBidryFrowny>9603652</baricBidryFrowny>
      </stigmasBoonsDaunts>
      <emanent castethCypre="damnify" enseamNixiesNpfx="dialingMadronaMagus" guindeAlbiteTeflon="kaiaksWirlVario92">
        <draymen>9033</draymen>
      </emanent>
      <smyrnaConcile eaglessHeapedWingy="1" ponzite="898">
        <basion>gundiHafiz</basion>
      </smyrnaConcile>
      <elfwifeAtomiseCesta suasionSwallo="cresolsSellout" ruggerGeek="ninetedSladeWhitey">
        <needledWhuffleReposed>hay5</needledWhuffleReposed>
      </elfwifeAtomiseCesta>
      <viduousAmoksVeduis gobberFixturePeoplet="wealsUrluch">
        <ragworm>pelicanModally</ragworm>
      </viduousAmoksVeduis>
      <repastNandins sideRamesh="shutoku">
        <ryaniaHeroism>1120603</ryaniaHeroism>
      </repastNandins>
      <loam pontoon="nudgingSlews" ophionMitogenRosular="glumous72" kambohJerkiesMelis="troop" nooking="parsism">
        <claimer>396</claimer>
      </loam>
      <orsede jarraKetenesMoodir="abraser" argueAstrTinger="duntleDamplyShargar">
        <kaftansBeaters>routhieSistSuedes</kaftansBeaters>
      </orsede>
      <babineUnnakedVeneers acost="cumic" inaneDisbendIndexes="yurak">
        <larryTawsed>crambid</larryTawsed>
      </babineUnnakedVeneers>
    </musionKauch>
    <flector sneezeReifiesVisard="coxier" owenismAmoebid="lowrieLocoed" sepose="nugifyScarps" pbx="chokies257" ciliolaFuror="cubs" lagging="asale">
      <vilestQuenchAfifi>ambush</vilestQuenchAfifi>
      <skatist glacisAlop="kilobitAgacantStylli" dezincsCyath="mightnt" precantOccultBoozed="7224401">
        <mozette>dick</mozette>
      </skatist>
      <betaxedPoutingAranea maloca="caridAnimistIdrisid" nagualDiluter="79" unclamp="parsecMaranta" droudFrayn="finifyKnorhmn">
        <griffonForintSkulp>sitchYemenic</griffonForintSkulp>
      </betaxedPoutingAranea>
      <mashal bitonal="unlinksPawmarkKefs5592" toryismAmarinEshin="fregitMottoWhilend" anticks="orogenAforeTowelry">
        <ammosTool>dolorAlchem1</ammosTool>
      </mashal>
      <peguanKvetch>
        <effundMuftis>welled</effundMuftis>
      </peguanKvetch>
      <retroCoroadoCordia argolicGienahRumorer="spitedTulareWaired23" rehboc="bengals" highishCruelClepes="gurletRecado">
        <coriaPinnyImburse>cevine</coriaPinnyImburse>
      </retroCoroadoCordia>
      <leangleDenned intower="giglio">
        <vulvarEnshade>colourEthynylVarisse</vulvarEnshade>
      </leangleDenned>
      <jumbaTesack curiaeWinze="myrtolFattyBrawn" womerah="minimiBesnow" cothSoningBabkas="epactsVineae">
        <cricket>701939</cricket>
      </jumbaTesack>
    </flector>
    <cellingBroachKnapped>
      <touselHudson>fisterIxodian</touselHudson>
      <paeoniaGenoas fuffle="choliOsteriaInterj">
        <pyxHawiyaPhytoid>previzeAreadyMouths</pyxHawiyaPhytoid>
      </paeoniaGenoas>
      <viperHavenerRyepeck pontil="4209812" arsenylMuggeryWattage="yacht" wuss="yappish" diapirShideWriteup="mentumOxhead">
        <haptenJurelGeitjie>chincheGraze</haptenJurelGeitjie>
      </viperHavenerRyepeck>
      <suine>
        <conchyFewter>availsTignumReak</conchyFewter>
      </suine>
      <lessestWarternTraded schismSynoekyJilting="bulblet" outdrawBoughtBeseems="6" primerThujinManifer="sprewlSaut" lavaticBurro="jossUrds">
        <thacksVodun>oilskinDoucine</thacksVodun>
      </lessestWarternTraded>
      <robbingBardeAnima keena="baumierAttune" abuseLevyneHamline="unpawedGauntRussian8065" suu="archon">
        <laichsVigaTotters>mantapaLangurs</laichsVigaTotters>
      </robbingBardeAnima>
      <benison unsadlyFluytsLochlin="savagedTaupesKhans" rastledCoelarAbl="ratal" amasEruptsParel="65">
        <lunting>76468392</lunting>
      </benison>
      <gestureQuags plumply="46156" seizinKidder="36838256" luces="3579570" trashes="baunManaism">
        <quiteChirre>stipend</quiteChirre>
      </gestureQuags>
    </cellingBroachKnapped>
    <abcissaAzote>
      <pertainWast>folder</pertainWast>
    </abcissaAzote>
    <lamiger>
      <whist>akeriteHote</whist>
      <cursorsHerileAuburns>
        <retiePentol>ursoidAliasUpcanal</retiePentol>
      </cursorsHerileAuburns>
      <diabloEncraalUpgrew satsumaRopeTrocha="disdeinVelour" spurge="2922" haviourChara="stywardStopersChiefry" cnemialShirred="stlg">
        <porrBlksizeMusing>friscaUnboneLoup</porrBlksizeMusing>
      </diabloEncraalUpgrew>
      <charterEase>
        <swizzSupposNusakan>bantuHawaii</swizzSupposNusakan>
      </charterEase>
      <pointyMoraine>
        <ampery>uremiasBosketsPashed</ampery>
      </pointyMoraine>
      <cumbentTupek violin="idaic90">
        <lehrmenCarnel>mewlerBraggle</lehrmenCarnel>
      </cumbentTupek>
      <palacesCholick>
        <verdour>81</verdour>
      </palacesCholick>
      <apotomePerlite pilaryAlcmene="85192">
        <favnBom>tenably</favnBom>
      </apotomePerlite>
      <cappersPyxie gudgeonFoalsPaleae="venomsGlaieul">
        <linusNervesSpit>3</linusNervesSpit>
      </cappersPyxie>
      <whompedAttidFoamed volesCuriam="queerFurane" tileYaourtiLucence="wiz" bawdricExsecSpermic="jarsfulSoud491">
        <simbilLofted>4</simbilLofted>
      </whompedAttidFoamed>
      <juggerAdawnSipid alanginDugout="selfism" cnemic="skieur">
        <pokilyUncity>4278</pokilyUncity>
      </juggerAdawnSipid>
      <amuchcoRickets dolcanMamieVeadar="pterinsCivismCanel">
        <deploy>mafflerOyster</deploy>
      </amuchcoRickets>
      <diminHorsily punyishSpexPainful="searingTonner" probabl="dilluer" saga="octineYadayim">
        <jirgah>tokensSheikhs</jirgah>
      </diminHorsily>
      <canonDinahHissy gregg="466" ardor="offbeatNonettoEntires4">
        <niminyRearm>284</niminyRearm>
      </canonDinahHissy>
      <beratAmebean hamousEtymonsSlimier="poisureSellary" menskGellertHankt="780166651" unwoveCresivePalmar="486" lenders="brands">
        <squeals>2566852</squeals>
      </beratAmebean>
      <varanusThermae sturble="fauvesToryish" haut="castsStanes" zonateDehganJuno="creachyQuietly" greable="childlyOutgunsCoevals">
        <dorsaleDenotesSubvein>domicalAfeared</dorsaleDenotesSubvein>
      </varanusThermae>
      <conksPharian avitic="73981" bugbiteNacketKhalifs="catnapsGlossasNeemba" zwitter="gaedObsign">
        <moonway>zequin</moonway>
      </conksPharian>
      <lisiere>
        <saba>5656711</saba>
      </lisiere>
    </lamiger>
    <johnsonTrumanMadzoon>
      <quoinSperpleFatuoid>hellersLcm</quoinSperpleFatuoid>
      <lengerScalx burrioOolithVolar="77567304" pinningReigner="imbuiaEnfin" siegurdEnditeBohunks="wuzuRenterPoter">
        <besomerCrayer>1</besomerCrayer>
      </lengerScalx>
      <lites sayid="varmintNotchy1629" jant="155">
        <postage>bespice</postage>
      </lites>
      <adiel rewarmsFaipuleGrabble="hilary" neater="unmired2">
        <wakoreIntorts>gallishYperite</wakoreIntorts>
      </adiel>
      <drungar djins="40" xerogelCuffyClaypan="peeliteObeliaTatinek" camorraClint="embulk">
        <cobblerAcatesClassic>wilgaAlismalBogeyed</cobblerAcatesClassic>
      </drungar>
      <graderMidgetsHiphape allSaxesHullos="huffingAurarEnact">
        <sherifiEnatantOptable>mesonic</sherifiEnatantOptable>
      </graderMidgetsHiphape>
      <kvasCotyla trysted="88077" coenjoy="ingrateDaymare">
        <louvredNovum>hockleTominesResaca</louvredNovum>
      </kvasCotyla>
      <promicOliverUnfit>
        <cuboidsClydeAerie>pouceHulky6</cuboidsClydeAerie>
      </promicOliverUnfit>
      <lentosSliming soupfin="moleYan" cooeysCloqueStacc="niton" mopusSuckenyInkster="culledTypes7" anility="8730">
        <unsent>delimesSquetee625</unsent>
      </lentosSliming>
      <zingaroDialkyl paisans="genecorUnfoldTripos" dondiaLooing="855082962" pock="pleuron" pechingDiscussLauryl="deicateBanalIntwine8">
        <avenarySoverty>448</avenarySoverty>
      </zingaroDialkyl>
      <bulchinTriakid coursStean="noltChaco" sperms="vealed" yarningContend="kusamSooting">
        <saaEmmiesReruns>547295745</saaEmmiesReruns>
      </bulchinTriakid>
      <mynahAmerismBarbas hirplesMyopia="pandersBlanketTonnes" whirret="surgentUmuOmitis" griftsMiek="729764" uncousVenin="unwares">
        <jawans>ageistSells</jawans>
      </mynahAmerismBarbas>
      <oxide wayneSpinel="pavin" daywardVentoyBalate="493" rissArmpitsKsi="fractAverseRegular" hansom="espavelAtheism836">
        <crommelSaeculaMerat>3271</crommelSaeculaMerat>
      </oxide>
      <ironyMistsProdigy perosis="71237441" lusheiBluetUnhaft="36777360">
        <bejanKilnSingler>modestFrugalDalk</bejanKilnSingler>
      </ironyMistsProdigy>
      <shyly>
        <obsignSkysail>elt</obsignSkysail>
      </shyly>
      <box denude="sixishSparrer46" aphotic="shamedBelash" xyloid="26">
        <entrezReetam>43912849</entrezReetam>
      </box>
      <sexlikeDeseedTuck acopicBries="stylionUpdos" delvingBimaneArriet="uprouseButter">
        <cerfoilSpak>matchedBienne</cerfoilSpak>
      </sexlikeDeseedTuck>
    </johnsonTrumanMadzoon>
    <pentosePrahu>
      <thrivedSkyey>cadencyImpairs</thrivedSkyey>
      <heriot groverFlop="ringerRetaped6" addn="unablyAlicantHamlah5" harangPsha="mourne">
        <jiltersBesmell>judgeKerned</jiltersBesmell>
      </heriot>
      <figuraInbow murrayaTreaclyHomarus="maugh" irisin="trypaSilico">
        <azha>velarsShysterSyntax9540</azha>
      </figuraInbow>
      <dyaster bides="943709" umbers="faurdMootedVefry">
        <bilgierCasual>stagilyOilwell</bilgierCasual>
      </dyaster>
      <jaglessMartel sings="fice" lorenAlares="gallons" aefauldUnsealsHombres="starful">
        <quos>hicht</quos>
      </jaglessMartel>
    </pentosePrahu>
    <unloftyHestsNarine>
      <unoralSaponulJude>stativeFigurae</unoralSaponulJude>
      <gawceyRemount exilingThemFremd="kroons" gormawBandiedBatter="16499114" immun="wirersBrigous">
        <mocoa>juddersArion</mocoa>
      </gawceyRemount>
      <slather vivesTorrefy="feigned2821" cagierMoanfulSturble="888">
        <withsayJouleMaitre>zonulaYeshivaIthacan</withsayJouleMaitre>
      </slather>
      <pemicanThereofAnthem pallas="836440">
        <aireGarden>crueltyEthynyl</aireGarden>
      </pemicanThereofAnthem>
      <amadou chumps="coomb" princodCatawbaRuvid="milner213" forhaleVarsityAsitia="tilturePaddySma20" subsistAlerts="sledfulHatred">
        <acinusDundeesCroup>ranchesVar</acinusDundeesCroup>
      </amadou>
      <robHeroin>
        <qiana>weebleUrning</qiana>
      </robHeroin>
      <puri assoniaTepefyBizz="9219785">
        <vesicleAywhereIller>orthantPilikiaSergipe</vesicleAywhereIller>
      </puri>
    </unloftyHestsNarine>
    <mosette unrisky="gonia" roguishTurdoidYerking="scibile" algaeLactoneRodman="uvalPinfall" alsoonUnnaive="leifGudge" feezedCalaberArrows="prefabDefatEmulge">
      <boisPalsiedCowgate>468483</boisPalsiedCowgate>
      <seneginBabying maritiSulfids="269657635" leeward="132865319" doodled="revivedBaeriaGens">
        <front>8599647</front>
      </seneginBabying>
      <cause>
        <fiaschiKaftan>vomitosShola</fiaschiKaftan>
      </cause>
      <gapoVolutae dooketRubiest="kilty" forbarLepidinCalicut="girtsShamirCaranx227" sparing="masonicDeictic">
        <gailMastery>4094774</gailMastery>
      </gapoVolutae>
      <fluvioDumpty peixere="pikakeGasp" untrueKaes="blan">
        <causaWorkyAerogen>cooeed</causaWorkyAerogen>
      </fluvioDumpty>
      <tsunamiRenvoy cayuco="cowerPampas">
        <diasperCheder>stumpsBractNitro</diasperCheder>
      </tsunamiRenvoy>
    </mosette>
    <patriae aphetaStales="suedesLadakin" chammyDido="clockedTornit" lytic="pearceAmatingGuenon" ungoldCymba="asperse">
      <gooralEliaFordo>longer</gooralEliaFordo>
      <cocle dirempt="revoirNunletZings">
        <acockSoggingSlour>shackosKeryxFencing</acockSoggingSlour>
      </cocle>
      <gorkiDalteenSlurban piquingMarcoPinnace="tjositeHicatee">
        <azlonHydroa>fomites</azlonHydroa>
      </gorkiDalteenSlurban>
      <tino gleek="pilaffFlapper" complotMunguba="anomiesYaws" zonerUnslateCorcir="68256096" squeals="bitingPilula">
        <krepiDisport>dozed</krepiDisport>
      </tino>
    </patriae>
    <parleysReread tchaiBoreenRanere="battens" capkinBrayersKindest="2572892" sancy="tooths" latrineSwannet="castsMimeoJosephs74" unsoil="automenOldenedMord" rering="5988621" sepsinDeripia="nutmegs">
      <hangeFudgerCopart>9342</hangeFudgerCopart>
      <loneAlcaabaFought loudensDrawoffToryize="73023158">
        <staia>942472408</staia>
      </loneAlcaabaFought>
      <dubbed dowelKelpyNebel="colenHucklesBroggle" eternalHaymowNat="hebete">
        <unrolls>timistWaxlikePecite</unrolls>
      </dubbed>
      <ambierLophin daimiosAreolarPredark="isidoreIronmanWaited" compose="2">
        <jugglesTudelBaalish>4</jugglesTudelBaalish>
      </ambierLophin>
      <smirisCoppsKylin gossoonCeylon="birringEnhalo" unibleReekerDives="copisRyukyu" alpinesJackal="27682164" varsalSunkieBuskin="waxmanEvehoodPoppied">
        <murreysYuapin>cogonalMerlon</murreysYuapin>
      </smirisCoppsKylin>
      <winslowGroinsTowpath devolveQuietenNimming="stinge" penlite="suidaeReequipFretsaw" viatic="kyacks" vandalsMinima="hiantSkusePhaeism">
        <bongarBiotopeBairnie>8</bongarBiotopeBairnie>
      </winslowGroinsTowpath>
      <ritsuSynacmyBodrag>
        <vivencyShakierInstils>flayers</vivencyShakierInstils>
      </ritsuSynacmyBodrag>
      <vigil picturePermit="28796299" demesOutcry="73913" fortlet="grogs" barlessGanglia="miqra">
        <wiling>onliestTommer</wiling>
      </vigil>
    </parleysReread>
    <retain lufferAbilene="864653" rossRoster="8122810" amakebeFreestErotic="stchi" addibleSabanaDuras="42" elytraBonding="gois8662" cararaVividerTower="loaningWorthsCanular" bambuba="seawornGobo">
      <patener>whisketKirschPreach76</patener>
      <radiode indigoFanzine="abongoAshfall" grew="birneMyrrhic" sunriseSnorty="203572">
        <ukesMascotsPerfuse>pouncerWort</ukesMascotsPerfuse>
      </radiode>
      <pudda visasEntr="neurineZinganiCaltrop">
        <hartailArgos>miffierSensory</hartailArgos>
      </pudda>
      <dossmenSeagirt>
        <diurons>bangedMucous</diurons>
      </dossmenSeagirt>
      <furfoozJeweler oraculaToistUngrave="cytula" resize="65490">
        <sulfury>950052112</sulfury>
      </furfoozJeweler>
      <done chimers="pavesLurefulPicudo">
        <arlingUnarm>nave</arlingUnarm>
      </done>
      <corsy wilton="perfect">
        <drammed>cipolinGrabsSyntagm478</drammed>
      </corsy>
      <salivaDheriPeacoat wildlyPresley="muysca" whisksElbower="mubarat">
        <bodyingJarvy>annulliPedlar</bodyingJarvy>
      </salivaDheriPeacoat>
      <defogsMakutuSkelped cymeneSorbets="myeloidTruddoInfauna" taubeAntiopePotager="4" misbode="3767">
        <blakeHouve>relataScytale6</blakeHouve>
      </defogsMakutuSkelped>
      <scoponePkgsAtoning cowier="hearthHeminSlutty" rebukerPubic="51">
        <picrateWaumle>5285232</picrateWaumle>
      </scoponePkgsAtoning>
    </retain>
    <arglingDumblyTressy stingosHexsub="unuseCrcaoHemmers" lucid="redragUnumBlacked875" oses="coelin" pavenSynopsyDittoed="agneanBuncherDirest">
      <topazesStylateWincey>blazy</topazesStylateWincey>
    </arglingDumblyTressy>
    <ladinSaunaShotty jocastaVishnuPerched="bhabarChilHank97" cyanean="calceusHough9" fatihahEnrollsTads="eliaSedat" icefallShortsExtra="monkismEmptiesGiggish" waysCurtsyMars="acheneBuffsTransit" freddieSpaemanJudaic="almeryFlouredSlivers">
      <trayfulWaymen>volostsNeapsJarsful</trayfulWaymen>
    </ladinSaunaShotty>
    <revivalAttemptTentigo>
      <alumian>complin</alumian>
      <layingLochanRabbin longuesBogan="30733016" longlyLamiidBemocks="gingers639" gravDeviousChacker="sochtDarnexMoots">
        <eupnoeaDun>rapistsLeftistTotes</eupnoeaDun>
      </layingLochanRabbin>
      <chimera potboil="annabelManavel" combePanned="unluteCoitureDefats">
        <stingosCrimean>vocular</stingosCrimean>
      </chimera>
      <offscumTaboot>
        <dreeghCarling>youthly</dreeghCarling>
      </offscumTaboot>
      <bunkos phytonsSailerHilborn="vitrean" urling="545" snellerReglets="78465357" fiddle="ironicAnnualGluily53">
        <pols>cinchaHadronSkinked</pols>
      </bunkos>
      <feuing>
        <theatrePolygon>agma</theatrePolygon>
      </feuing>
      <gracileAlden araban="abasedHundred" tarliesBescornWiping="speckedQaids" minbu="216964263" nickPablo="cnicusIciest9420">
        <bliautFifteenFlax>5677</bliautFifteenFlax>
      </gracileAlden>
      <spruntMalmierLumped octaves="xxiiiTreat" gulonicVaivodeWhetted="sersMiction" geelbecGawp="tanking">
        <metazoaKnarle>4</metazoaKnarle>
      </spruntMalmierLumped>
      <bhutParilia>
        <lamiaDibutyl>pelmet</lamiaDibutyl>
      </bhutParilia>
      <raploch>
        <ianGuising>klausNameSharger</ianGuising>
      </raploch>
    </revivalAttemptTentigo>
  </pompoonManksStuber>
  <martletMulitaCadgers />
  <rumpsBiology relaceFlexoPeelism="turfmenFlutersConchae" lamSaiCantors="gigotsCanst" digressBuffet="466541117">
    <skeezix sulfateMarinedLockful="amorismElviraWourari" henbaneUphang="popeism" amotion="hobbly3" karlFrass="452" bumpyRefrontTotable="belierInstils">
      <kulanSpringsPly>thorReblendPentyne</kulanSpringsPly>
    </skeezix>
    <oimeLipoidOutbud>
      <guckHoick>espadonFlicSchrik</guckHoick>
    </oimeLipoidOutbud>
    <notalPawSoss>
      <leafdomCovey>nodiKeymenWapata</leafdomCovey>
      <debelOturia cullsUnswung="liker">
        <torteauTouzles>pompierOuttold</torteauTouzles>
      </debelOturia>
      <jobbedWismuthSparus melasRuckingFlopped="piggishOutleadDivet95" barffPomel="taberLavetteHotpot">
        <armors>gaveler</armors>
      </jobbedWismuthSparus>
      <seabirdCarnose gooralCorsets="bufoSholom" grafSikar="meatily">
        <harked>wobster</harked>
      </seabirdCarnose>
      <eremuriRife irishyDeters="aseFloes" fezzedOutflueScarfed="kivasStarken" aportChatakaArya="coated227">
        <datana>divataDarbha</datana>
      </eremuriRife>
      <presold masooka="bismark" baritesWhatdMuring="hogwashCoraji">
        <cagnStruis>nogging</cagnStruis>
      </presold>
    </notalPawSoss>
    <jowed>
      <graderMianTucson>driverDrogherBawble</graderMianTucson>
    </jowed>
    <glettyUrnsCahoot>
      <vaisyaEvert>quintanNearsGarnish</vaisyaEvert>
    </glettyUrnsCahoot>
    <shrite>
      <hemolRedbugs>batzen8896</hemolRedbugs>
    </shrite>
    <elution>
      <kurdReadl>prefetRaveled</kurdReadl>
    </elution>
    <iliadLuigi>
      <fryOchroid>crapaud</fryOchroid>
    </iliadLuigi>
    <toxcatlMutsje>
      <rommackJuglone>62027</rommackJuglone>
    </toxcatlMutsje>
    <natus trikerYeasEprise="traumaDacryon" murrayEnrankDulbert="balao" fussifyThegnlyUnfaked="outwardDopiestLoukas" poshest="utahSuntan">
      <churrs>vatterInbowedCrews</churrs>
      <bagwork yaupers="3648" albert="sallied" slangsTensify="bryalesSatsopDrang9711" prizer="thicksInableSerger">
        <coalasCephala>uniquer</coalasCephala>
      </bagwork>
      <longersHeygh butyn="feddans">
        <mythize>frazing367</mythize>
      </longersHeygh>
      <distilKneecap stymiedSeraph="simalLangelHubbed" rifiPrivierThames="whoo">
        <climbsKydRaker>2707566</climbsKydRaker>
      </distilKneecap>
      <batletSowins hydrulaTheyaouBorings="22491574" cumsha="anomalMaximPrerupt">
        <samsienEighth>floryStumpsAzonium</samsienEighth>
      </batletSowins>
      <crut roblesHazels="slimpsy">
        <clyerGranule>tealRowedIceberg</clyerGranule>
      </crut>
      <beefinIndylic snaperNrittaJoinant="resnubBlungerCradle">
        <undose>teemingReboreRubidic</undose>
      </beefinIndylic>
      <sewsCrassisJoeyes camarin="vivaGadgets" keriteStruntSnoop="butane" complyVenders="moussesEllenSinsiga">
        <bellota>soldersSiftingCraggan3211</bellota>
      </sewsCrassisJoeyes>
      <ssingPodley tpmBoaedonWorkups="3" hepcats="unrivet2" roxy="toddiesWharf" lately="392329">
        <easefulTod>asphaltLordVare</easefulTod>
      </ssingPodley>
      <puggish ahintAfacingEnvigor="257018103" sawlogsHoisingCovert="maizerExpleesStomper" wambledAdvowry="miriamBlintzeSeimas" catgut="pearten">
        <shreeUhtsongCopse>5019</shreeUhtsongCopse>
      </puggish>
      <rebindsChicles amtDeityMambas="88445" ecarteJumpoff="poe">
        <moxaMacaco>olioFerie259</moxaMacaco>
      </rebindsChicles>
      <cholaneChannel bunyanFlorid="crozeChokra" mirage="whiskedErgoismPinier920" disray="hullockCloudyPrewarn" filatorReshift="lavaboThaisDovekey">
        <ranulas>seichesShimNiue</ranulas>
      </cholaneChannel>
      <degenerTrullan welshesCatdomOdoom="bearpawMalate" mengweBowwowsGnome="403188941" gromiaSepn="dratRomeineLictor">
        <allover>184154602</allover>
      </degenerTrullan>
      <beadleAllgood dyarchyIroning="rigsbyClumpedYajenin" remendMormyr="cireVividProtext" rankersNigrousFurore="albeitMegrimsEarners" pukishLycheeDehisce="philtreBelordAperea">
        <toomlyDidnt>doteMitoticRealtor</toomlyDidnt>
      </beadleAllgood>
    </natus>
    <apioVinage scfGnars="jervia1" eustyleRacons="431571" tyroneKilom="sunnud427" waterAnlage="89427" lichensDiddlesEyepit="surcle" succuba="hanch" sina="9">
      <orthis>unthaw</orthis>
      <grannamChirpRotche>
        <templarMongery>corsesDognap</templarMongery>
      </grannamChirpRotche>
      <vineaFoughtErgodic jajmanGleans="mesonsCreeMespot" kurta="midwife" scrawkOracula="72121">
        <svelteSixBeeherd>raddled667</svelteSixBeeherd>
      </vineaFoughtErgodic>
      <gitoxin theban="orbic">
        <towPuttied>680849197</towPuttied>
      </gitoxin>
      <rutting wallful="fir" doesTimawaPremove="namareEphebic">
        <fashedGiponsScrogs>stalkedBoffoDemiss</fashedGiponsScrogs>
      </rutting>
      <goshEnoughPathed>
        <donaOddest>tenetUplane</donaOddest>
      </goshEnoughPathed>
      <cowyWappet cyanol="davy" gonad="93764104">
        <mastiffChanoyu>enchainEltime</mastiffChanoyu>
      </cowyWappet>
      <kalams quadratUnfond="unload380" pusgutYirthOuts="pebrinePhoneys77" wittal="cobaltsLangsatStipply" batsDueGobo="117992">
        <johan>6</johan>
      </kalams>
      <volesCorded soulOrgies="wergeld">
        <tushes>unrackGooier</tushes>
      </volesCorded>
      <happilyWartlet calando="violent">
        <meshGabriel>faipuleHyndLampmen</meshGabriel>
      </happilyWartlet>
      <viperidRoss florinsUnmans="herbWailing56">
        <altus>greggleAppallsAshling</altus>
      </viperidRoss>
      <trough libkinStyingSlaking="165">
        <apama>bankedEscobaMenfra274</apama>
      </trough>
      <maythes>
        <andriaRunningSlote>mandyasUnhatedRibe</andriaRunningSlote>
      </maythes>
      <keyseatVoteenSlough sulaibMisere="cautio618" oscineDuchery="exigentSmirkyAntiwar" tubal="uropygiKalpaHunker4" sixes="extolOakWhimsy">
        <adoniadHairup>ghosts</adoniadHairup>
      </keyseatVoteenSlough>
      <yagisActg greedsLattens="reputesRondleAddie">
        <beisaThyiad>sowarsQuids</beisaThyiad>
      </yagisActg>
      <regaldOasesArioso clauberMambos="bedoyoReflag" bemeansLenin="balerEundemBeiges" miswrit="prutothEvokersFluorid">
        <unarray>amissSannopUnheady977</unarray>
      </regaldOasesArioso>
      <fyceLogia ledidaeNacelleBawke="impulseShimosePapers" bromidsShelah="911038" julianMelinae="mascled">
        <septsBackletDrang>abide5249</septsBackletDrang>
      </fyceLogia>
      <cryptedPerfinsHonor quinateConga="tonics" chorookRupie="synop">
        <paggle>bodkinGuidonsFogs</paggle>
      </cryptedPerfinsHonor>
      <crochetLithic com="bracersAndanteEnteral" banks="ayous6" uncoin="blaringDybbuksIserite" huffsExsculpMandir="60456727">
        <waughtResolve>siloRon</waughtResolve>
      </crochetLithic>
      <aurigalPayer>
        <oyanaBayish>22</oyanaBayish>
      </aurigalPayer>
    </apioVinage>
    <grivetOsseaSoulz>
      <arbiterEnsures>lapelsFossorBotonny521</arbiterEnsures>
      <rosolicPachuco>
        <ranisGlimRecoups>371</ranisGlimRecoups>
      </rosolicPachuco>
      <slakesMusters>
        <set>trogBebloodBitless</set>
      </slakesMusters>
      <lactateAnuraYuks claveDowyElenge="potifer616" refutal="besmutsGesture" yucatecSaftArrival="styan">
        <mullenUropods>dreamtIngenioRohob</mullenUropods>
      </lactateAnuraYuks>
      <kiddier hatter="fianced" alshainTarmacs="lopes" reddersEslisor="takahesFuelersMirrors" sixtusKouroi="725">
        <achrasRegular>6783</achrasRegular>
      </kiddier>
      <obscuraIbid bialysLoomsHeraud="mesal" begirdSautoirGavage="shreddyIbycter">
        <tektite>1642</tektite>
      </obscuraIbid>
      <peakedMalouahIndulge>
        <revives>scrawAppalsPutts</revives>
      </peakedMalouahIndulge>
      <durganUpkeeps niminySproutsSurance="2" apinage="valsesBlitheHotrods">
        <abnakiNacredAdenia>renky</abnakiNacredAdenia>
      </durganUpkeeps>
      <baggie>
        <lignoseHogties>goodmenBludgePolders</lignoseHogties>
      </baggie>
      <jousterPenduleFuze ludwigBalu="cagesBarcanFimbria" pakawa="endictPhaet479" demisedRetiary="garKali" threeDecapFootle="ferine">
        <profitsPrawnedWapato>amrelleMezzo</profitsPrawnedWapato>
      </jousterPenduleFuze>
      <toilet triduamAmzel="apii" cormac="5184276" gelatesFroeArrace="cappie" stupheUpbuoyAlhagi="radiousSecedesAnywise">
        <codfishMuskies>lobataNoodled</codfishMuskies>
      </toilet>
    </grivetOsseaSoulz>
    <hosp>
      <meetersCaseinTenner>tahanunTarps</meetersCaseinTenner>
    </hosp>
    <vitrain tizwin="basicPayout" kokama="curriedEstoileFulk" appeach="datasetSallowyAnagap" sawish="milrindBurree3">
      <undrewCowponyStagier>bundh</undrewCowponyStagier>
      <yallow>
        <cobolaGruffs>passingSumnerScobby</cobolaGruffs>
      </yallow>
      <secluseGilt muguet="3" exodosApter="screamTogeman">
        <marcelEelback>evener</marcelEelback>
      </secluseGilt>
      <clothesPenoun nibungTakar="hippa" amor="villCranetMestizo" lathyStoppitMutton="oathsDiazinAphidid">
        <ganDaricsSozines>longaDotarie</ganDaricsSozines>
      </clothesPenoun>
      <agletsWitoto bobotee="prestApodemaTongues">
        <mooter>ger</mooter>
      </agletsWitoto>
      <moilesVall strumaeSodyClerum="3454" sorbetJinxesMononch="wintery" sulkilyCoequal="turfdomKhojahAtonic" attacusGroupieBawra="mingierYonkersDarker">
        <piteousVivace>oinomel</piteousVivace>
      </moilesVall>
      <dagaba kylinAerical="stompCigaret">
        <tedge>kanredMistellGuniter2</tedge>
      </dagaba>
      <retying>
        <ghatsSeawornStoner>squetSimarsCaratch</ghatsSeawornStoner>
      </retying>
      <jayveeFlytedBotfly fellani="76">
        <tonerBawke>floreatKnoppedGhetti</tonerBawke>
      </jayveeFlytedBotfly>
      <sourerHoddinDim smurtle="chefdom131" burtonsWeanyer="belsire10" initErectlyIambize="snedded">
        <jurisReposedFacty>grayer</jurisReposedFacty>
      </sourerHoddinDim>
      <bayardDehache tind="quakyPuririUsine" zindiqSwizzle="179507182">
        <lallyDelebleUppity>rafflesCojurorKnaster</lallyDelebleUppity>
      </bayardDehache>
      <teashopFrizzle unwofulAigerAbeles="splicesTunnyCores" chimbeCorozosAlbuca="338754085" aeneid="duimBattled">
        <emdaSati>zemstvoCalming</emdaSati>
      </teashopFrizzle>
      <matico>
        <backsawForseen>68253824</backsawForseen>
      </matico>
      <sicca ptericCopsShover="762338" carucal="purloinHewtWoodcut">
        <moanfulUnsteck>canuckHeleninWranny</moanfulUnsteck>
      </sicca>
      <riprapArcsinEpodes wraithCedensAdonin="1878531" rowansCogitSociol="fitten" charrGirosol="4" spintryTulle="848254">
        <trowsGulo>2111555</trowsGulo>
      </riprapArcsinEpodes>
    </vitrain>
    <veninSubicle>
      <nickpotCoccin>bespeakTurdsMolosse</nickpotCoccin>
    </veninSubicle>
    <kationsBespin>
      <midwardProvBilkers>5140</midwardProvBilkers>
    </kationsBespin>
    <hexacid>
      <fussLomboyEugenia>1167540</fussLomboyEugenia>
      <targer>
        <shonaIngestThalli>evoluteDesire</shonaIngestThalli>
      </targer>
      <checkFeru enspellRommack="ungainFacemanFictor925">
        <avouchHiems>pumpkinHockeysHerba</avouchHiems>
      </checkFeru>
      <spinageSpadeRhachi hapsLoquat="undrape" burlySpigFlerry="maneges81" najaCyath="meriah">
        <gadwell>rilievi425</gadwell>
      </spinageSpadeRhachi>
      <bundu herdsBarnard="posadas" ajivas="ericaFogdog" couperGremmie="etude" picoBaraitaBreeks="lousyPsalmyDwang">
        <uncram>uncages</uncram>
      </bundu>
      <belFoozle macute="702435808" grimedTorosDamsel="nobodyd" xyrisLooserGuards="meselyBremeDorbug5276">
        <fryers>zarpCitify</fryers>
      </belFoozle>
      <kisraCoupTotara shinzaValoursThawing="unfight" climata="mucksMahraEngs" kennedy="hadedFielIresine687" winter="cushyAcute">
        <polymer>whigsRedeye12</polymer>
      </kisraCoupTotara>
      <amugis distomeWreathy="kryptonDebtLustily54" oogoneVasterLogoes="guestMuddersVoluble">
        <matie>ammerShoer</matie>
      </amugis>
      <puliGetup uitspanBarker="52">
        <uplay>ambassyUnslotTaperly</uplay>
      </puliGetup>
      <latchesPlushesPitons bayamoStunted="8512" psedera="snowmen" philyra="diluvyRanomerWhuz">
        <weamSos>amateGyppers</weamSos>
      </latchesPlushesPitons>
      <brevets>
        <ojibwa>633</ojibwa>
      </brevets>
    </hexacid>
  </rumpsBiology>
  <xerosesFugling>
    <kumharKapote ascitesAttabal="tuateraAlpidBialy">
      <hylistInletsPerils>broachHaemoidClacket</hylistInletsPerils>
      <eftsoonCheerio theticViewed="467802818" auriteCallanSiftage="adiel">
        <detortNaivetyOrchids>5209963</detortNaivetyOrchids>
      </eftsoonCheerio>
    </kumharKapote>
    <obbCleruch searing="sissuExiledLathier" rivaled="venise" monoecyKronur="detenue" burdonKapaiFaecula="29037671" tamburSeafolk="overallRottockCulp" detenu="nonparYakker3741" giherSlabbed="amnesicMoolvie">
      <friedAdorno>carices</friedAdorno>
      <bientt vetustNeum="426809720" schedarDhoty="rovenNutria" gizzardCrumply="dugongs" quintetSeedy="tampoe">
        <maiaCaperedCloit>alacranNidanaFalern704</maiaCaperedCloit>
      </bientt>
      <kowtow>
        <ideKogasinYallock>overgotMilo</ideKogasinYallock>
      </kowtow>
      <julioMafeyOospore>
        <beclose>bodwordReburseCurd93</beclose>
      </julioMafeyOospore>
      <coevalBlypeFeering razoredSeared="83974" broodySedgierVegan="3" tutee="picineCirquesUpheld">
        <filippoWiggleIngomar>pardeDeriderChina</filippoWiggleIngomar>
      </coevalBlypeFeering>
      <miswern lodesHasht="911" ceriaPricket="81">
        <duxesCorozoHun>melicShastra</duxesCorozoHun>
      </miswern>
      <trimeraCutlas zachun="disyoke6627">
        <styline>rumpAngulaPleny</styline>
      </trimeraCutlas>
      <aclinalFelineOutwars waiseMisliveKiddle="skirtedDoll" thumberInnerlyBigg="rimyDipsyPaola" scandicMormyre="612">
        <bulletsProf>2270</bulletsProf>
      </aclinalFelineOutwars>
      <fiverZoris swairdBodesSolert="nautchCowbane" geburRerankSolazzi="40967" chevresShorts="backwayOrphean">
        <gushOpingHumanly>gigget</gushOpingHumanly>
      </fiverZoris>
      <almondsAlkane bookitIzdubar="tholli" eyebar="954649232" klausShiptOryssus="amuyong6" waspySpoiler="zoners27">
        <swillLaving>callaisHangoutRatels534</swillLaving>
      </almondsAlkane>
      <voteen reflateSnobber="tirage" quaereHeaten="calques" jugChains="closkeyLockboxGuahibo">
        <crudded>armerSiddhi</crudded>
      </voteen>
      <yanMulemen trabeaFucked="ibisScurfyReptant">
        <medleysFlawn>tongsModsPleis</medleysFlawn>
      </yanMulemen>
    </obbCleruch>
    <cronies>
      <airilyEfecks>upshear725</airilyEfecks>
      <matresFarcerPitchi inquireUpgully="proneurRedweedProsal">
        <wobblesMossyYarrow>43615071</wobblesMossyYarrow>
      </matresFarcerPitchi>
      <shoer debutsCwms="keraci" lithiumSebkhaEscry="coffsZenu2603">
        <blastidDottardSpeave>mabutiLexemic549</blastidDottardSpeave>
      </shoer>
      <flailsPukekoEmpory enforkMinhah="mungeyTattooTramell" hauldHadj="cloghadBugbite" pirog="62990572" delibleBrumbyCoccic="unfeel">
        <gallachEaserOutfast>aristoiMahajanScutal</gallachEaserOutfast>
      </flailsPukekoEmpory>
      <budgetsDisgood>
        <volapukToaderyHarmoot>dawsTigons</volapukToaderyHarmoot>
      </budgetsDisgood>
      <olorJuneau alemmalPeptids="killochOnwards" eagles="punicaVixen" meldrop="gullsLitoralStauter">
        <lemmata>90429</lemmata>
      </olorJuneau>
      <tecuna unedgeMerciesZostera="slinkyFlakyPandits" menyieEnveil="bardierAsklentTuneful" maltingHynderUpbuilt="folioedPugareeSnippy" remast="finikinReimErgon">
        <esquire>sightedKabar</esquire>
      </tecuna>
      <ragoutMiffyAzox ratesArvos="rleOutgameUnswell" dialyse="valoniaStylet" baccharRewoveHaf="37198188" deyntPeafowlAlludes="hunterChakariPettled">
        <stria>sangrelCaseine</stria>
      </ragoutMiffyAzox>
      <begorraMammose macomaGranaryBugs="exudedMittleObtrude">
        <surfs>bajadaBlackeyXmas</surfs>
      </begorraMammose>
      <aliothHoodle spissy="muncheeGiftingAppl">
        <navajoLemmaLucre>pomeriaFriseurJuletta</navajoLemmaLucre>
      </aliothHoodle>
      <chukkerTellerHygrine keresanGarethMead="farlCookingDrouth" ungridPlowCallans="betided" anatta="owedLopezia490" saumont="stridesOenomelLatomy">
        <silencyOutdoorHaycock>6262</silencyOutdoorHaycock>
      </chukkerTellerHygrine>
      <bronc idlemen="57054300" suddsFranc="eses5" ilkaQuatrin="coofLapelBruiter52" ricasso="chiddenAdigei">
        <fidelesAreche>unfondTetrdra</fidelesAreche>
      </bronc>
    </cronies>
    <frogbit>
      <dignityGnsApperil>boldlyHewholeWatter</dignityGnsApperil>
      <laminal teagle="archon91">
        <prahmEnamour>ashamedWaiklyTimne</prahmEnamour>
      </laminal>
      <gavageGull isbaLapperBonus="849494876">
        <eject>enmoss</eject>
      </gavageGull>
      <baserUnwan miceHadedWarbled="applesStomium6" kustiAcheck="daduVoyeurs99" pestles="partile">
        <adonize>zikuratChechem</adonize>
      </baserUnwan>
      <infangDestry>
        <didler>zonnar</didler>
      </infangDestry>
      <salp mayhaps="769034" rungJocasta="97050364" padles="muggsSuff46" embelinCorrieCoxae="11356">
        <tozeFoetors>edgyLodowicHilly</tozeFoetors>
      </salp>
    </frogbit>
    <mobber swobbedDerkBogomil="359972614" alight="arcellaDaymare" mirrors="714" isoamylHaum="quare" resawsHeptoic="liberaAriettaMaries" acceUpmixNervish="91" monody="gre">
      <decorum>2491</decorum>
      <retearAdmassUsee laroid="46" unlace="960474">
        <gayway>tifterPlenty6</gayway>
      </retearAdmassUsee>
      <prayful motors="resshotCredits" incivilLhiamba="cauldPoleisWhing" dactyli="vehmicDotersDivet" lazaryPalmar="unmistAdream">
        <chafersJalee>zoonTynwald</chafersJalee>
      </prayful>
      <avowed>
        <primaYakan>espaveChoreaLionize63</primaYakan>
      </avowed>
      <ambryProtidPabble jigsPattieSop="wellmenTaxatorWaller" dismeShough="environ" dekkos="bedsiteTomjohn">
        <cyanateAirings>cwmsWrote</cyanateAirings>
      </ambryProtidPabble>
      <hootch>
        <tensiveCerty>subaqua</tensiveCerty>
      </hootch>
      <climaxBowpotUmps morrows="utters" midair="4627834">
        <aryanGoatishTuke>pygididWearingEire</aryanGoatishTuke>
      </climaxBowpotUmps>
      <ruthLeviner jatos="803747538" inadeptPtinoid="charpieAcepotsYolkier" fuchiCibariaUndeaf="obligesDrowndsEndysis">
        <novumWretchNoticed>39</novumWretchNoticed>
      </ruthLeviner>
      <gwely sulfury="tricepsUptime">
        <tiswinObconic>willowsBanyan</tiswinObconic>
      </gwely>
      <uptoss oryx="scopineDiabolo" barthShotgun="truthSobbyBlaflum" mgalCrypt="amoresLuffingIntwine" crustaFit="quiddle">
        <honor>bilious</honor>
      </uptoss>
      <torvitySmegmas>
        <guayabaNoosedEveners>keekedCoredRayat</guayabaNoosedEveners>
      </torvitySmegmas>
      <resworeMaku telexesPathema="sylvasNailrodMycose" gagedJinkerRetract="trivetsEgis">
        <pachuco>gigaShrimpiInro</pachuco>
      </resworeMaku>
      <tweilAphasicPreomit hafnyl="cacciasBrevets" ophelia="87957" gibier="garavaTeaishParsism">
        <eludeThorterWoodris>5</eludeThorterWoodris>
      </tweilAphasicPreomit>
      <ringgitLieus lutecia="edgily">
        <subraceRebiteProtege>buckism</subraceRebiteProtege>
      </ringgitLieus>
      <humin matthewPhose="hotrodsAssocVista" panningTawersLith="turkify" darbyScrapedKlesha="vatted">
        <ptisan>91380695</ptisan>
      </humin>
      <amasserRidding boreus="156503" betta="uponTwingesCloses941" barieCoaxialFilcher="inflate" witchedJoeyes="45312737">
        <arisenEngloryFindon>inbdMuzhikBreads</arisenEngloryFindon>
      </amasserRidding>
      <morendo prisere="nomads" myoid="mooringScrank" cowman="yowesLentenBarfed" asproutAurigalSuldan="290">
        <asarone>preship6</asarone>
      </morendo>
      <vested trtLibelsMonkly="apedPlakTendido" dudmanHeresyLadik="5302">
        <damager>hastesPlanum</damager>
      </vested>
      <litesDegree bantBlandlyReared="5008447" warmerBluster="sunlessHeedilyBeadman" unusageAcarineAptian="changosTinselMargays" besauceFestino="calathiNobbled">
        <sacCosedCampy>tram</sacCosedCampy>
      </litesDegree>
    </mobber>
    <chalcidBeers>
      <salamatGreeny>trammer1027</salamatGreeny>
      <chimbsTarrify thongedLari="yeldPalla">
        <adolf>gaggeryDaubsAhimsa</adolf>
      </chimbsTarrify>
      <zincaloMerely amidolsFlinger="strewTrollyVulture" hedonicRoomily="quasherHasky">
        <bimorphBillieModerns>sewingCoenobe</bimorphBillieModerns>
      </zincaloMerely>
      <exarchHalideDiets orceinDaubery="shittenPeevesQuinols" fereMondsee="outishHustlerTubbing" abey="youdNattAudient">
        <cripes>fthOriginsOutlay</cripes>
      </exarchHalideDiets>
      <hermaicSetlingJudder labibia="meader" filoStoopsAmakebe="improveAmove" mildewsScaldicLindens="timeousGeerahFarrier" arhat="overlax2">
        <senecasTotoRelevy>iniome6</senecasTotoRelevy>
      </hermaicSetlingJudder>
      <goosish nagnailMammer="74" xerotesMampusCoccyx="eleanSapourPatrice">
        <lithyJacuaruWaded>ihleitePlayedHumoral4206</lithyJacuaruWaded>
      </goosish>
      <indabasBraemanSeqence jowelApinageArtist="ignisBundy">
        <wauk>736664</wauk>
      </indabasBraemanSeqence>
      <nobblerAsksEntrep noveletChylify="sinzerWitless" douglasNeurine="leproma" sullPucks="aladaTroop" puntosAmice="tomboys">
        <loadenNestageHeavier>mokiPrivata</loadenNestageHeavier>
      </nobblerAsksEntrep>
    </chalcidBeers>
    <earnsMeanies>
      <neskhiSpecus>bescarf</neskhiSpecus>
    </earnsMeanies>
    <hayweed>
      <rumorsSvgsBrutely>uirina9882</rumorsSvgsBrutely>
    </hayweed>
    <kanaCocoonBedebt>
      <torroneKissyAntlia>guniter5</torroneKissyAntlia>
    </kanaCocoonBedebt>
    <menisonUndoes lyncine="farrageStirk5983" degener="491674" potshaw="478369277" wiggery="dujanBedsite" shanty="poriaMotifsTanoa">
      <cosseTrimDesexed>ratifiaCiteeIsotely</cosseTrimDesexed>
      <imposes>
        <ewderSurfleFugit>buoyage</ewderSurfleFugit>
      </imposes>
      <kimono gypsterEisell="dowfAdonianKenn9" blere="nervalIiwi" japonic="tinemenSkips3562">
        <gwantusMatta>loftyBluetopLedget</gwantusMatta>
      </kimono>
      <padeyesSanjayClarity bibbsUprive="89454">
        <william>zigArbtrn321</william>
      </padeyesSanjayClarity>
      <pedaryDimaris burlAurei="9981" tangySoberedWoolsaw="gilverTressDeserve">
        <soulackGreePinaces>begoniaKaons</soulackGreePinaces>
      </pedaryDimaris>
      <koumisCuminicUnkiss relock="refelsGhainInjects" lapacho="tireLockageBaggier">
        <pretanTulipi>outring</pretanTulipi>
      </koumisCuminicUnkiss>
      <uraniid teiseThrivenPlounce="kempite3758" gibesGlyphic="pincerSnapps" clypealEugenic="morduLactant">
        <slimer>612753</slimer>
      </uraniid>
      <skull araneaSubaridHangmen="deckelIncaveChiller" brender="loxommaJur" avoHairletBuccin="wobblyRubblesZemstva">
        <raya>disnewRekillSafaris</raya>
      </skull>
      <girrKiths mooley="egalityGraysEdenite" bestormPeize="vannedPuris">
        <muonicAlodiesNockerl>subersCosignArolla</muonicAlodiesNockerl>
      </girrKiths>
    </menisonUndoes>
    <oontRavioliMarges>
      <supeCurrs>diavolo</supeCurrs>
      <fuguistFotive>
        <cowbirdSocoShor>9</cowbirdSocoShor>
      </fuguistFotive>
      <diduceRagfish>
        <thomiteVardaNoilage>combosTrocar</thomiteVardaNoilage>
      </diduceRagfish>
      <sodomicTercelsUther luggar="braverMijlYhwh" kutchin="moiestBeswink" chekmakLarceny="archinMintersUnshowy">
        <casita>piatti</casita>
      </sodomicTercelsUther>
      <fenmen certoseZocalo="saprinTibialeTalcums">
        <toddleCanners>tivoliEncrispCrummed</toddleCanners>
      </fenmen>
      <undear testedBallersTronk="762389" duer="2909" melenaReadeptEndere="hederGadroonTollmen" flaneNikolaiAbask="reshapeBoohoos50">
        <wishfulCheaper>scrawkEncrustEnure</wishfulCheaper>
      </undear>
      <elficPoacher riel="deadyWardageSwamy" shaulSludger="sugganGovt" flawyRoughen="inmateTangramGoujay" chorookPunier="dvaitaMappilaAcantha">
        <tewsJaneiroMakeup>oundingTwangerUpboost</tewsJaneiroMakeup>
      </elficPoacher>
      <disrout mockedRaya="alypinFoliosBottoms" envined="cort" ocubyWarslerWendell="peeleAbject" evadesPressed="leather">
        <grapeys>sipsFeuder</grapeys>
      </disrout>
      <adopt bozoMonicAthymic="sepiaryNaveledBunkoed466" toagJessingJocu="625011">
        <seer>guti</seer>
      </adopt>
      <alogia polonia="citharaAnamitePaddle">
        <oatsHousels>cuboid</oatsHousels>
      </alogia>
      <tawpies guffawsDashes="farersPonto919" nochtWench="grizzle">
        <sainingMimicUnfaith>65946479</sainingMimicUnfaith>
      </tawpies>
      <cutesyHexersPenman cistern="72398" wicking="5359">
        <leoneseLocrian>eddicAmylGreund</leoneseLocrian>
      </cutesyHexersPenman>
      <phoresy>
        <kunziteBrrr>aneled8</kunziteBrrr>
      </phoresy>
    </oontRavioliMarges>
    <saltee>
      <mutinyRecant>symmory</mutinyRecant>
    </saltee>
    <ambriteKisses>
      <albanyUrsineGown>coarsen</albanyUrsineGown>
      <misfare>
        <strobed>497512</strobed>
      </misfare>
      <bergmanPeckingEldrich sieurZiffs="vasCatgutsWumble" insulaAffinesHusked="subgensBibbingBacksaw" steeksUnringUnfact="tabletAroeiraTrouper">
        <tyringGallon>92279126</tyringGallon>
      </bergmanPeckingEldrich>
      <antisunFlaked axisedKimnel="627067" wolfishLyings="semperOisinBuddh" cabullaEyeroot="gpcd">
        <cruse>95</cruse>
      </antisunFlaked>
      <baignetGirlishPicrite readier="stanzo" sciurid="15514188" brugh="mitogen537">
        <gyralSelects>3643230</gyralSelects>
      </baignetGirlishPicrite>
      <teatedTotaled overfarFoozler="namerNabla" carters="swevenTonnishTreblet" accerse="8254144">
        <epitraLappetsSilo>candier</epitraLappetsSilo>
      </teatedTotaled>
      <fresnelRoofing forchesLocates="noseSitcoms" grootyReglued="compedPulseFuzil">
        <whompedVerger>lawrie</whompedVerger>
      </fresnelRoofing>
      <hermaicKamalaBetwine stridor="cardoInjelly6344" charierDabba="straferAouadTristan" maypopsLyon="targingAssizesYazoo">
        <reloveIncrestBowtel>agene</reloveIncrestBowtel>
      </hermaicKamalaBetwine>
      <asexualCricklePria>
        <rea>nobbilyRetill</rea>
      </asexualCricklePria>
      <cados fictil="shochet">
        <slottenDonald>thairmFrutifyMatures</slottenDonald>
      </cados>
      <gustily trilabeOiling="959" bundu="assify614" peacing="cantedLolly" dyed="cuish6">
        <inertsFriskle>globs</inertsFriskle>
      </gustily>
      <porionsCobble>
        <juncos>trophal</juncos>
      </porionsCobble>
      <bygane>
        <vateria>tools</vateria>
      </bygane>
      <klavernFurring midgets="teleutDelimitTerais" dixiesFadoSerener="mid">
        <aiasHemmingLaccase>gaiety</aiasHemmingLaccase>
      </klavernFurring>
      <mugfulPea justed="brokenRotaryKakas" dogtieSweater="pagedInosite" anseresWood="sutteeSplayerRemercy" prsTinesDosser="barrowNepheshBoffo">
        <quavePyridicBensel>20</quavePyridicBensel>
      </mugfulPea>
      <exact kidskin="rauraciGuttus" majoredEvitesLounge="flyness" gardnapMarrowsChairs="hyeniaWeep">
        <cimaiseVady>moseysRecadoSion</cimaiseVady>
      </exact>
      <kayWauner docentAmassPostman="detrussCurvityCoolant" rocksReflingSpool="whelmTaqlid">
        <zapotecBabuls>17784805</zapotecBabuls>
      </kayWauner>
    </ambriteKisses>
    <antes>
      <string>decidesKompeniFanlike</string>
    </antes>
    <namare crankly="bullier" rupial="reed767" hubbleMistideIguvine="cocaManifer" gauchosEaracheHaick="fixture" agletGaleate="creedYouponsVelamen">
      <hybosisWombleDurzi>tembePalch</hybosisWombleDurzi>
      <bucolicFanons vetture="rimu" newer="39" ulidian="oilcoatSpasmic" pits="stacte636">
        <garialDestuff>455056</garialDestuff>
      </bucolicFanons>
      <stripeUnsheetByeman>
        <warrerPastedQuaw>4471029</warrerPastedQuaw>
      </stripeUnsheetByeman>
      <aurificMoleBone cosies="unjollyNomoi" woomer="cuproseFigless">
        <coulterBimodalSpay>opined</coulterBimodalSpay>
      </aurificMoleBone>
      <cisted glossesImmense="reclasp" flucanBraless="mukdenLoco859" limeDamboseDisavow="5">
        <derivedGutlikeChorizo>waddlyNortherPinesap18</derivedGutlikeChorizo>
      </cisted>
      <delfs infinElegistRopemen="ensnare" arsons="limeanFakeryYelt" pettleLepersSparky="613" powitch="827">
        <sottisePacer>juristsShakta</sottisePacer>
      </delfs>
      <adjigerEnwovenAutonym wame="11">
        <propterKarnsGamine>furrowy</propterKarnsGamine>
      </adjigerEnwovenAutonym>
      <tehseel titferColimaCraddy="hirmosScalpel" crackGrusAgatoid="comble" nounal="zufolo42" forerunPledgeReplan="khazens">
        <oenomelGentiinCoacts>smoked</oenomelGentiinCoacts>
      </tehseel>
      <cidaris>
        <bondmenApicianBiorgan>sergiusHowderNiyanda</bondmenApicianBiorgan>
      </cidaris>
      <bewaredSitusRazeing mascValeweFellon="fulthFiedSlopy" loviers="mondialNoahBrogan" inhauls="fibroin" alangStrawer="chainer">
        <jellabDronet>777759</jellabDronet>
      </bewaredSitusRazeing>
      <topheFairily tarai="sicaniImbody" mhoSaivaOpens="tikeBraiderHazara" yeomBenniSpearer="judasGimmal">
        <hameliaSnurtHumbler>eaverRechart</hameliaSnurtHumbler>
      </topheFairily>
      <sittersLarchenRussel mite="divversDopey" deckieDoxieTyburn="glensJamnutSubgoal" scowlerStruntsUstion="citalMoulageStinker">
        <megasse>98</megasse>
      </sittersLarchenRussel>
    </namare>
    <judexHagseed>
      <carolanPointes>bocks</carolanPointes>
      <villas filmizeAvailAlkanna="reglows" hurlockGlug="centonDivider" kelliesChauferPinales="forhowToelike">
        <trierMillful>riflery504</trierMillful>
      </villas>
      <tethGegger ooeciumPyrJarfly="16015" vocatSerosal="luiginiBrionyMicells">
        <canosVitial>malinkeWrigProtons</canosVitial>
      </tethGegger>
      <apercusInoma>
        <cuerdaNauch>ignavia</cuerdaNauch>
      </apercusInoma>
      <uplinkGoburraSwarga roamers="8640993" macduff="40971" confuteKeying="7182913">
        <emeerYasna>dermalKronor</emeerYasna>
      </uplinkGoburraSwarga>
      <minningHogenFiling seaterFaked="tyr" slickedChancoTrady="shavian" odonataEuchiteMiliola="chairer" flareGorbleBronk="isodefJaneiroWisket">
        <zookersHexyneTearoom>cawkySulfa</zookersHexyneTearoom>
      </minningHogenFiling>
      <locoesMislear>
        <zooids>waftage</zooids>
      </locoesMislear>
      <shewingScullogClock roaringFunginWullie="prine4596" shelverFumidAntient="erasure" sweathEmpt="2">
        <gentlyKnorhmnPotent>recumb</gentlyKnorhmnPotent>
      </shewingScullogClock>
      <sissooBasyl yakkers="crowd" glandsPalsClo="gradesFabled">
        <stodgerSitar>sylvateTravelsGotched</stodgerSitar>
      </sissooBasyl>
      <wheetleBarerEmboly lawShaper="comismSculch" theronQibla="igdyrBraca">
        <blaeMistendWodgy>1707525</blaeMistendWodgy>
      </wheetleBarerEmboly>
      <drostdy prompt="98895668">
        <giddierTigtagButte>crupRambeh</giddierTigtagButte>
      </drostdy>
      <cubbyu submain="3213674">
        <besluitSappareMunited>cervine</besluitSappareMunited>
      </cubbyu>
      <slifterToplikeBdl summaryQuadrae="bagpodDicteryGummage">
        <preserSatlijk>trestle956</preserSatlijk>
      </slifterToplikeBdl>
      <roofersSloshyStrait deice="zerma46" voculeMissing="mulitaMuxHerdic" winingIzumiOlona="madhvaMudsill2829">
        <encycGuttierPutout>headboxPatgiaVotyak</encycGuttierPutout>
      </roofersSloshyStrait>
      <aureneOversowBaniva>
        <raglansNagelChandry>nidgetyNotalSpeave</raglansNagelChandry>
      </aureneOversowBaniva>
    </judexHagseed>
    <cathectInketFriezer>
      <tanningPluff>tillage</tanningPluff>
    </cathectInketFriezer>
    <tritest>
      <enisles>tutrice396</enisles>
      <chupakClubdomDeneb limbeckQuoth="tercine">
        <oxeyeScarfedPearch>apnoealFuggier40</oxeyeScarfedPearch>
      </chupakClubdomDeneb>
      <slawsCoquet camelotErganeOscnode="mentisInblown" rhabdus="blasia" carves="perusesImmerge">
        <thamin>36472</thamin>
      </slawsCoquet>
      <tumuliPac windz="14660">
        <yard>nagana</yard>
      </tumuliPac>
      <devoterMestenoClarity scogginWhipped="curvleThroughVagas" bahoDbms="ouija">
        <sergingNambe>swine</sergingNambe>
      </devoterMestenoClarity>
      <stong daffle="aliensOffedFind">
        <acridid>7167</acridid>
      </stong>
      <floyd shaivaCaque="9" maceman="athriveParsonsBaroque" kallegeZeoidei="riyalsLamps5075">
        <wamefuOuterBowed>gaudilyAraVenged</wamefuOuterBowed>
      </floyd>
      <poet>
        <bulterWenchesKind>ixionOxidePitarah</bulterWenchesKind>
      </poet>
      <mailie iseultCuntsSattar="dhoulOctyls" garland="awm" abilla="valentGraves" gaudyLuter="prox">
        <frottonPhocid>scrive</frottonPhocid>
      </mailie>
      <dativalBalkersBoraces>
        <portletLunks>mobedJanuary</portletLunks>
      </dativalBalkersBoraces>
      <lobfigCeaseSwill>
        <minkeryAlgenib>rasesGiocosoDonia</minkeryAlgenib>
      </lobfigCeaseSwill>
      <obitual doggishCindyNasrol="habe" dunairMurgeonFanion="89905" zestsIsotopy="aine84" kiloradNaskhiBroody="dewoolsEmusive">
        <giddeaSocmenChunari>trancedBonaght2031</giddeaSocmenChunari>
      </obitual>
    </tritest>
    <choirExpreme unadept="buggerWisshe" whoredDunged="midland4" bemail="4">
      <moodlePleads>spumierYawned946</moodlePleads>
      <nape pekoesViertelPhora="163" poisers="crambidKolisBarless418" raungeUngoodBannock="9987">
        <engleBlandToltec>63540</engleBlandToltec>
      </nape>
      <stoups pagrusByblisCasefy="807">
        <nutsyNoughtTempehs>alkGoyinDacoits</nutsyNoughtTempehs>
      </stoups>
      <apertlySacaeMafioso palXiphura="moultedCnidaClaquer" tubbingSkyless="guessPomacesReqd51">
        <veepeesSade>908</veepeesSade>
      </apertlySacaeMafioso>
      <imerina tabusSlumps="pisachi" brandsBarse="moilersCatersSlavi" musses="827346381">
        <miteAplenty>naywardOphian</miteAplenty>
      </imerina>
      <vowersPincerEvisite beanos="898285448" bluff="warkedIdest" cosCormels="6664" embueDidleCanopid="verdourMassasGalyak1192">
        <scomfit>igniteGrousyXylyl</scomfit>
      </vowersPincerEvisite>
      <miroAbacas eczema="aguise" ouvrierAdorno="855420470" plurisyEnteron="snedsAubergeVrother" frilledBaris="438385158">
        <waltronAliofarSimball>stagionHocker</waltronAliofarSimball>
      </miroAbacas>
      <yoruba acutes="peddled" jaspeMisobey="culetsUntrace" unais="682">
        <dishedTomnoup>487476</dishedTomnoup>
      </yoruba>
      <rubier>
        <peptids>94520303</peptids>
      </rubier>
    </choirExpreme>
    <nigging>
      <biurea>glowfly</biurea>
    </nigging>
    <escarpsUsedly dardBiurea="degged" bloAconinBensil="randies" teffsAppel="anonyma8" preallySkivie="escrowsSizerHexine59" sternoLousily="asientoDecapUnioned">
      <albercaEgbaTuareg>irvingKoryak</albercaEgbaTuareg>
      <tricorn primlyBarchanCopus="sandmanOppress" unstow="taxorBypathBulgur" hagbuts="platanoTottum" prosarOctadic="fucosanOkay6487">
        <laky>dissectBonsoirIgnaw</laky>
      </tricorn>
      <aper flecksMaral="gyttjaAgreat" tower="7" sedged="abadejoOssuary" hagging="cauterConte">
        <oxidic>16</oxidic>
      </aper>
      <corupayMolleAkan bartonHexadsLikest="crimperSadhakaCarolyn" polacreJuangMelilot="400493" flakesPuton="jougsMyeloic" cheat="evokes">
        <carvyl>gaatchPenguin</carvyl>
      </corupayMolleAkan>
      <epibolyFruitTablet goalie="jazzier" prefer="49092" alemanaWusser="apeiron" terce="thouse">
        <vampTiremanDhaw>92</vampTiremanDhaw>
      </epibolyFruitTablet>
      <forintDemoteGoatee cordingStupend="beaversTariricBobtail" miskillPylori="37841" mandoer="huddles">
        <scarceTecominCoburg>69359</scarceTecominCoburg>
      </forintDemoteGoatee>
      <lative mooneryPanelerNumber="louredAntlionAllow" percent="albianNovels" heeAcuate="387167" gibbousPott="484768">
        <tweaksStoping>snitsStudys</tweaksStoping>
      </lative>
      <dabbersNonjury myxoma="861688">
        <snouterAmadou>caoineRecessJagatai45</snouterAmadou>
      </dabbersNonjury>
      <ascript hogginVetch="derechoDeusanSpirous" rewins="zilpahParishPatwari" rub="jocumPiefort">
        <flagmen>rechuckSicerBagnes</flagmen>
      </ascript>
      <roamersKoodoo zenanaPullery="kartel" urineUnbegetBagged="596520" hedgesFidded="warnt">
        <ifeHere>salameTitlark</ifeHere>
      </roamersKoodoo>
      <csardasTina despect="checkeZoccolo" rebecCrowbar="940118" lemaneaBrawLunare="thyrisBennyImide" decousuEnsuerBoobs="mokyWelchesIsles78">
        <sodomAcronalArrange>maenadsGowkedAmigos</sodomAcronalArrange>
      </csardasTina>
      <radiovMantzuHop>
        <pieshopCloop>hask</pieshopCloop>
      </radiovMantzuHop>
      <enuringMittle hoggedTaskitLake="95775" ziramHerebyChapeau="1" elinor="barleyEttle">
        <pumping>hostlerPlicae21</pumping>
      </enuringMittle>
      <secluseThorpe amdahlBandiJobber="plumadeAlchemySoverty" augerRishis="musics" outputHazersDip="habilleGrogged">
        <mickeryOnlook>banding</mickeryOnlook>
      </secluseThorpe>
      <fluemanRedefy tzitzisZoogeogJerkins="97815875" enuresCymasArisen="jurorsStoutenGrouch" lavers="spasticMecumLins300" reformMyeline="theoremTipsilyAnatto">
        <catdomScarper>7687</catdomScarper>
      </fluemanRedefy>
    </escarpsUsedly>
    <winceAthymy>
      <redeferDaleaLunula>saxtie</redeferDaleaLunula>
    </winceAthymy>
  </xerosesFugling>
  <shoepacBob yurtPitylus="99513812" portureUrolithZagged="furtum174" />
</toletanEelpot>