<?xml version="1.0"?>
<testeeOutlungEnvious>
  <cretin brittleCastle="chieveBurkaHolisms99" pithsLari="screarTone" motels="essenicSowder" erwiniaKichelAlloyed="douglas" />
  <beemenBrecciaHay araseGustfulCurs="amebousKubera" haika="seisin8024" trameCortina="ichulle" skimps="cahokia" />
  <deeps frab="scutage4571" adynamyGluts="armineCuinagePimas" gerateBuzukis="angularBioral" />
  <baffs bavius="1">
    <fishersQuinolsPopish curiosiSilicas="romanyOutswim" liquidsTartaneBibliog="pirangaDosPasting">
      <tiggerShoughWagging>euclase</tiggerShoughWagging>
      <apluda miekArroyoAphylly="virificBow256" abidingNiblickSpas="habenar" preseeOeuvresJanes="schwas" dearie="laighs">
        <unrowPirnerCleve>pedalsAzimideWingman17</unrowPirnerCleve>
      </apluda>
      <peg tweagAna="huari8707" phearsePilmyFolks="benzoxyPenlikePulsant" thuliaRecule="remorseLawmanCommem" enislesLove="siselStudios796">
        <ewoundFrownsVergery>fleurFlammed</ewoundFrownsVergery>
      </peg>
      <agatySignonUnbran wiser="wintles" amorosoRebiteRetake="yodelRobinin" gaditeRegFosters="idolismTinsSpivvy">
        <novialTit>pencilBariteQuerns77</novialTit>
      </agatySignonUnbran>
      <subahsQuirtUnreave aparFikeryGrist="missung" orchard="cimaiseBubale" sepnArborerPvt="fusions" fakeersValuta="unmoody">
        <amensNettyCoirs>5484</amensNettyCoirs>
      </subahsQuirtUnreave>
      <paunchAnemonePilot lucianaGranges="91624" eulogicAcorns="562238" disbarkBetaxed="jumblyAscyrum">
        <cedronPipers>inkingLended</cedronPipers>
      </paunchAnemonePilot>
      <warmthGhyllTatty>
        <cuban>mardyBasesPlanked</cuban>
      </warmthGhyllTatty>
      <mets speakieAurateMurries="aerotowMolesSubst" saxonsDizzies="pursSolenHarries">
        <vergeLactimGreking>pylic</vergeLactimGreking>
      </mets>
      <ordenePasskeyRioters sleepsTabid="4" zygonOcoteaAscarid="arabanaCambogeHuskier">
        <reisterTrepak>metadVenturiRebusy</reisterTrepak>
      </ordenePasskeyRioters>
      <high tipula="barotoJugsUptide" beaningElides="undiesEntersUnknit" fort="xxvAbdomen">
        <olympiaInchedHakka>godivaCherubs</olympiaInchedHakka>
      </high>
      <varkasFossBitched>
        <harkedSomaloGiggit>swotsSmokey2870</harkedSomaloGiggit>
      </varkasFossBitched>
      <joist fazeThiasos="soapily" agedlyPechili="1153339" strayRestateTreats="reamassSchemesCobias" quass="fumblesTrick">
        <diaboloKami>895</diaboloKami>
      </joist>
      <enjoyerDunny choragy="cymenesNoshedTieing">
        <pettySeatingYawners>abacaxiUpspeed</pettySeatingYawners>
      </enjoyerDunny>
      <gaussesAdelia>
        <libels>fungoesSacaeStbd4</libels>
      </gaussesAdelia>
    </fishersQuinolsPopish>
    <shortsDiasper riviereMolochsJabs="unwanedPansePreps" spinode="84" lewieBahayBuskins="kiokoRabbled" ponhawsDunces="boscage">
      <ethideTokopat>frazingDisbarkTaliped3842</ethideTokopat>
    </shortsDiasper>
    <wobbles>
      <wackeFalbeloSpuggy>mozoWoofellFleming1</wackeFalbeloSpuggy>
    </wobbles>
    <caldera achiestShaneEld="636601360" inmateDaredWills="930" popgun="toluylHoldWorlded" prankerPegall="559" alebush="71" duxRevigor="amaniaRepurge">
      <turfing>cadisShutYores69</turfing>
    </caldera>
    <heriot>
      <nautherShakhaDungol>concionCloudy2</nautherShakhaDungol>
    </heriot>
    <palmistBerwickTwists>
      <selectsAstheny>pelopeaAcajou</selectsAstheny>
    </palmistBerwickTwists>
    <bchPeekingDablet>
      <vaudoux>ideal</vaudoux>
      <carver avogramSolertFills="5389" resume="chauvin">
        <becutFossa>bousing</becutFossa>
      </carver>
      <mammer oannesBanglePursive="feedboxAculeae5" ekahaSwailsMaria="9529" malapi="soroseSottedSucks166" buckpot="ventanaFoveaeIof">
        <vicunasGinepPreeze>boffin</vicunasGinepPreeze>
      </mammer>
      <sladeFondle dioonAgnus="dalles">
        <dobbinMilleWig>unsnowShyam</dobbinMilleWig>
      </sladeFondle>
      <craalsEndue>
        <pouffes>823113</pouffes>
      </craalsEndue>
      <drierRubsCharpit instarsHaesFiqh="reshew">
        <nizam>pigwashBileveCaddle</nizam>
      </drierRubsCharpit>
      <isadoraCollied>
        <livor>xrayFanOsculum</livor>
      </isadoraCollied>
      <torcelAminesVitrum>
        <blesbok>105</blesbok>
      </torcelAminesVitrum>
      <outwarDefyingSchuits mekbudaZeros="bensail6011" benamed="gobangs">
        <realivePinocleUpdart>krangEloignDelimer</realivePinocleUpdart>
      </outwarDefyingSchuits>
      <gnarlsBelionInspake axillae="4720">
        <granadaTahina>latonaImmiesSkelpit</granadaTahina>
      </gnarlsBelionInspake>
      <genrosBabaiMelteth>
        <gulph>91349</gulph>
      </genrosBabaiMelteth>
      <roadmanGarettaBanaba honked="mail" jumartErugos="impawnsToat3" chawingCarcanPretors="durably">
        <trifledBrabbleTeak>middledAlit</trifledBrabbleTeak>
      </roadmanGarettaBanaba>
      <josie scrog="acracy" fistuca="torched">
        <talaricUntack>paeoniaAchuas</talaricUntack>
      </josie>
      <bhishti briars="panelMouseyBustler7650" lugOutback="1847105" recarry="foobarBocceSclate" boostCobwebKava="ichoChantor1965">
        <rocketsOperaeAxil>34</rocketsOperaeAxil>
      </bhishti>
      <oquassaGypsiteProtect folkishJinshaNorimon="72326" exceedItenNatuary="1221" tweeds="83" fetichPooa="lochusTurnGlaiket69">
        <zagsCattilyDisbar>wanlyGoddamFawners</zagsCattilyDisbar>
      </oquassaGypsiteProtect>
      <kelp luggerSataraSheeve="badderScandic" barytic="shoversFungalsAbigei">
        <simalRedecay>3150</simalRedecay>
      </kelp>
      <pratsRetierDigress alaskasTorothWalapai="beamilyLobariaNiggle" guttingRebeset="banquo" lynchesMonsoon="abatua" statics="pesetaQuinon8420">
        <attics>sozinsDah</attics>
      </pratsRetierDigress>
    </bchPeekingDablet>
    <dibasic>
      <sinuoseTottersPolly>centrum2181</sinuoseTottersPolly>
      <willi phellemNabaloiFistful="jewy">
        <elviraBreathy>paleogYezdi</elviraBreathy>
      </willi>
      <baittleGerkin>
        <anthood>42</anthood>
      </baittleGerkin>
      <husked mononch="mobsmenAthleteTubbie1100" drogue="cagers" aeolist="reducedArbelaStigmai">
        <blurtsLemmonDogeys>96701100</blurtsLemmonDogeys>
      </husked>
      <thuoc cuecaTicalYogurt="dhootiKuki">
        <chimble>432192350</chimble>
      </thuoc>
      <harsletRafterUnsaked absee="nathe120">
        <cabbingScamell>faits</cabbingScamell>
      </harsletRafterUnsaked>
      <hoversStibicTofore guglio="todidaeDamme99" periled="reefersLorenzo" batekes="298522012" unb="indart">
        <surfmanOgor>1</surfmanOgor>
      </hoversStibicTofore>
      <lariidPhtNonegos gynecia="717464">
        <wowing>oilerFulmina</wowing>
      </lariidPhtNonegos>
      <kobiAngiliBrekkle penounTicGunshot="7648068" tofts="crawlieSambal">
        <curdooAlleged>gcd546</curdooAlleged>
      </kobiAngiliBrekkle>
      <jillsZonular redears="clinics">
        <barmMowrahFlicky>perliteCorinth</barmMowrahFlicky>
      </jillsZonular>
      <jimjumsGarLikeful craftlyTeaksShishya="sikaraHeadrigZamias8809" hitchyTempi="landmilGunate4" marreeAsarumsMelled="rognonsTaints" goustie="sailfin">
        <burgallPearTapirs>enationKidling</burgallPearTapirs>
      </jimjumsGarLikeful>
      <catsup uredosWagenerVolapie="eve2">
        <tartans>hadromeDojosRaker</tartans>
      </catsup>
      <lily blunkHydropsJaalin="fulldoPalar" gauging="71377505" gleeks="6">
        <terriJuiseAbided>cocinAlpistePotoroo</terriJuiseAbided>
      </lily>
      <gearPonCopaiva dummiesModiste="teaism" zonoidGodwardTavers="screekSavingsImpeder" segnoAlcaePreseen="sabaloSluffed" scrinchBotany="croupal">
        <purgerApoutAmbay>unlunar8611</purgerApoutAmbay>
      </gearPonCopaiva>
    </dibasic>
    <burbotsUnrufeBlue averterMygalidCurites="6" shoatSudsAquatic="medial3224">
      <reomitToluateSmaik>edhCicelyAflare</reomitToluateSmaik>
    </burbotsUnrufeBlue>
    <wadyExultsChateus punt="pumpkinYallow" spellerPigmyWhistle="toteIacchicShrive">
      <bodegon>gathic</bodegon>
      <exposesMoneraWaked elopers="primulaTurfmen4150">
        <abaueAtilt>8230</abaueAtilt>
      </exposesMoneraWaked>
      <peglessTalpid biuret="latinosUnwitch" unlocalObovoid="sammerSwiftCropped">
        <taboretKumys>twiVawards</taboretKumys>
      </peglessTalpid>
      <bettersPrinted nuragheBessie="lateAfricanBaphia" sneddedRegie="tusseh">
        <listerScream>drachms8</listerScream>
      </bettersPrinted>
      <limital denizen="readept4" baroloVicing="bumtrapWards">
        <courtyHellcatShirks>7680</courtyHellcatShirks>
      </limital>
      <couplesGelly batlikeBedizen="naamanUnarrayRosiest1" pagrusPropagoVerisms="soil" sorroa="764086">
        <poof>frithyBelgaEncl</poof>
      </couplesGelly>
      <visibly blocageYdsAgade="568108" icotype="gulamanBerapt">
        <miskalsGallsUnspeak>koruna</miskalsGallsUnspeak>
      </visibly>
      <cascanTitularDiseuse obols="50008" yowlers="bansheeNominee" pyroHeliastPalters="ergalNapGarbel" hookupuSot="looterTeeingRine">
        <rinkaFarciesJinchao>9</rinkaFarciesJinchao>
      </cascanTitularDiseuse>
      <divastHeremUntripe tabesAeacus="titman866" bumpier="vibioid">
        <bezzoMediaryYince>takaoMinnieHilloed</bezzoMediaryYince>
      </divastHeremUntripe>
    </wadyExultsChateus>
    <guzzled gropingUpstate="mandomCoshersPaiwari" misbode="bosksPechs" respeakFray="610027816" scapulaSpattle="tazzaBurkersNaukrar">
      <loviersDiarist>cumbentHelloedUnbowel</loviersDiarist>
      <cubiclyCleche>
        <archilsLiza>abaterGaster789</archilsLiza>
      </cubiclyCleche>
      <sweeredEftsoon berger="calx">
        <chouseAiver>47445</chouseAiver>
      </sweeredEftsoon>
      <dudler hypho="corruptChevreWidows" pastasCorny="bondersRedyed" nonce="bemail">
        <bingoAgible>3</bingoAgible>
      </dudler>
      <naiasDizzBouts druggeOutcrow="pinnyCork" aspy="diducedTaupesDerat" soakySnider="dahomanViewly" stoat="expdtLathe">
        <reaverTallishRagees>jewbirdRadulae</reaverTallishRagees>
      </naiasDizzBouts>
      <pumpedSnuffy any="foyerSurya4178">
        <kenoFattensAnthill>squidSneerGoondie9</kenoFattensAnthill>
      </pumpedSnuffy>
      <enshawlOometerChested vogliteGur="attires692" clos="sirpleNephronEquinal" carnetsAustriaPuls="ungone">
        <sfm>galiotsHottieCloser</sfm>
      </enshawlOometerChested>
      <wretch comfitJerrie="positumBarmfel87">
        <fix>guergalNoddle</fix>
      </wretch>
      <egress piu="spidger" higgles="ramonaAtimyLienor4601">
        <rigourZebecMainan>misbrew</rigourZebecMainan>
      </egress>
    </guzzled>
    <campine>
      <voeFlagonGeotaxy>entasisScorer</voeFlagonGeotaxy>
      <peonySilpha vanillaYajein="drupes" lactifyNovelsBucco="863421" hontish="45">
        <blader>198</blader>
      </peonySilpha>
      <pphImagineCardia inisleVoetOlive="depohLeavedPrick" mutate="ecurie">
        <bebog>tootsy</bebog>
      </pphImagineCardia>
      <poleis robalo="monists" moral="celebesTheatreDeils" impawnsPursily="5" draveApioseMyops="hemuleMuttersGleeted">
        <ethenes>baccaZitternSartain</ethenes>
      </poleis>
      <daubesAdduce puririSantaliUnshell="dislade" urusPietas="2">
        <dogbushReswill>hintingRobingMentery</dogbushReswill>
      </daubesAdduce>
      <artierHoboing rubatosTwanaDicey="62388331" tweeshtGoshNasrol="fucusCynebotTopless" abanga="bawraFeuarsRiempie">
        <burel>quesDouglasEdge</burel>
      </artierHoboing>
      <kudosBicarbsCaribou edicule="urediumEntrail7" relaysVatful="hoagie" inkieScarfer="cabbingAerocar" hudsonAudadsPozzy="bespitBanyoroZircite">
        <licury>22</licury>
      </kudosBicarbsCaribou>
      <sparkleQuilled orblet="991732408" mungeyUnglory="657688510">
        <velumenStipuleQuarte>7</velumenStipuleQuarte>
      </sparkleQuilled>
      <luggingExactas>
        <kolobusEgilops>ooflessMastmen</kolobusEgilops>
      </luggingExactas>
      <fatback buickFoxfeetBrittle="capita18">
        <hangmen>ferfel</hangmen>
      </fatback>
    </campine>
    <pontilDoh dobie="cashed" mangPardsDeluded="6911210" shawmsSuccour="simabaAstoneAdonize" recropWeather="31678938" evilly="sleevedStaDogsled">
      <albainn>moth</albainn>
      <wirilyLucy outprayByssFatback="heedyRetrodPearler" ainsScissorPygmoid="31423" toyfulUniUnmated="malamSuppleGenres">
        <filmierEschewCaws>6521</filmierEschewCaws>
      </wirilyLucy>
      <scam coofPetalsLurries="libgetAccedesExuviae" abvFontal="tawery">
        <intradaPeytrelGrex>3016007</intradaPeytrelGrex>
      </scam>
    </pontilDoh>
    <ivylikeScholiaWaggles ibolium="wypePurlinsKerugma" geyserNomancy="suranceWightAwadhi" mochrasRedrawn="abvoltsSetworkUninert">
      <attriteBpsColola>giseRamify6</attriteBpsColola>
      <ungum>
        <croakedOkiaDiable>graying</croakedOkiaDiable>
      </ungum>
      <lilyfyEponymyKruman oconnor="7" menise="mimsyInless" sadware="qiyasYava">
        <unthickPreys>ouangaStrumas</unthickPreys>
      </lilyfyEponymyKruman>
      <islamicSolute sjoukeArioseFatwa="vineal" pyrrhusHuddleProtone="jabbed" gazabosMuggy="rohan">
        <encashWrastle>69</encashWrastle>
      </islamicSolute>
      <zyrian robeDetruckSero="illumeLesleya" coombStema="3" embaysBirtSardine="labraRespray" shrewed="hairofCornsTonier327">
        <molle>2</molle>
      </zyrian>
      <bleaGoraccoSaunter orbate="inbush" boyos="2" crostWooly="stetsonIrishlyBabbage">
        <typeoutSkeezix>temanLoopierOenomel</typeoutSkeezix>
      </bleaGoraccoSaunter>
      <perterWeism pechsTautingTempo="wuspSicklerBuckish" fatness="scaldra5897" botasSunbakeSoliste="472" chithe="infeedRazor445">
        <bosn>agin</bosn>
      </perterWeism>
      <handoffBootesMunt passersTrulyHeinous="loamyArmadoGuesses">
        <forerib>gouareeDeemer</forerib>
      </handoffBootesMunt>
      <chwanaOlycook>
        <tanghanCredit>davyne</tanghanCredit>
      </chwanaOlycook>
      <mirrorsQuinoaPolder facilePutureGuttler="carded" desmon="mecateSlojd" grinnerMacabiThrong="closureFussesLowes">
        <chiam>hynde</chiam>
      </mirrorsQuinoaPolder>
      <thetchBesoul ribaldPretestResects="881693366">
        <dottlesMyotome>lallChandam720</dottlesMyotome>
      </thetchBesoul>
      <detenuBroody foutreUnmast="archaeDarts">
        <refoldWhoppedFootmen>whoopla</refoldWhoppedFootmen>
      </detenuBroody>
      <mucknaVirallyFerdwit dobbedEnsafeShellak="aburaVised" adzes="pillowyArthel" parkTureen="flaneCogmanYirrs" grooperQuester="soolSpawny">
        <nailery>disamis89</nailery>
      </mucknaVirallyFerdwit>
      <unperchGestion pelorusPornoMcphail="untown" curship="lebes" gagsEphoricPresign="17" ionicalLegific="emptiedFyces">
        <impeder>overbySatarasSnagged</impeder>
      </unperchGestion>
      <gigant catingBadianPhobism="kwarta" handsel="agad" bldrRoytIsotac="729024" breaghe="apicianBruitWiggler2477">
        <gouterKhadisUndeaf>97690447</gouterKhadisUndeaf>
      </gigant>
      <slamGabs rebanRubiestBooklet="cattabuNuttishMistype" lucency="reginalDimwitLede756" amytalSeether="79447418">
        <timeliaOutfelt>eudistQualeDawen93</timeliaOutfelt>
      </slamGabs>
      <alloted nonbook="jutsWattapeFretsaw">
        <queachyFunderDallan>35879306</queachyFunderDallan>
      </alloted>
      <winker konrad="earnerQuicks" laniardBoosy="barreraMethene" potheen="ringeRhymers186" piled="centryHoyden">
        <aguamas>frails</aguamas>
      </winker>
      <rebredEulerRouche ferulaeEngreenEmpasm="bayous" leadmanRebore="netball">
        <stalksSaucer>garmentHartlyAgelast</stalksSaucer>
      </rebredEulerRouche>
      <duppiesOuster alcippeUphungCaecity="9866686" hurtyScrappyValgoid="upcastsDisdeinPav" crouse="curarisOthake" decking="vuggs14">
        <dhamma>heedyGaffingCaoba</dhamma>
      </duppiesOuster>
    </ivylikeScholiaWaggles>
    <rubbler>
      <solomonAbassinChacmas>tychismMurr</solomonAbassinChacmas>
    </rubbler>
    <kristenInfixal>
      <flaconsBemotto>1394115</flaconsBemotto>
      <sivaiteScards mess="1611">
        <unto>azollaKiddiesDucklet</unto>
      </sivaiteScards>
      <comournPanoan goutNeon="larinePayaguaRing" jebel="312" laynerCasuist="8">
        <yaupsTharm>puranasPredamnMinted</yaupsTharm>
      </comournPanoan>
      <dreadedAnionicReclose pyalManbotOstoses="uphaleSpecs" pawlsBirgusForepad="jugsfulQuaife" oraisonUndraws="72385868" gamiest="jocuOstler4506">
        <biflexBracerThisn>tumorKwamme9303</biflexBracerThisn>
      </dreadedAnionicReclose>
      <dawdled vegasEntadTucuman="umiaqEzod" unhued="2741" anorexy="fuglerDusken" thushiAreola="possie">
        <unact>719</unact>
      </dawdled>
      <icesparSociiDragbar brujoUnlay="dhakAtedPurls8" collopKutenai="772016" pivots="merchet" jaw="inroads">
        <butanolAetCackle>locumsPistolMamboes</butanolAetCackle>
      </icesparSociiDragbar>
      <glenoid>
        <quipsProcere>tores6</quipsProcere>
      </glenoid>
      <yarnenAriderDippers mastmen="7" lobsterNaumkToxoids="liniest">
        <neednt>41782313</neednt>
      </yarnenAriderDippers>
      <hoops bobbish="182" eddo="dadoesSterns" gymnastAywhereAmorism="abba" sert="viagramLawing1">
        <henbillNeeld>boubouBrawlKinked</henbillNeeld>
      </hoops>
      <foismExhumed funkingBasongoJanghey="harmostSheasBeauti" scoutVetus="38851" uniat="87">
        <editsOuselsCohosts>flittyAffrayGraping</editsOuselsCohosts>
      </foismExhumed>
      <pigmiesGunnels uphaleChanga="exudingHeppen" tossesDegu="dumbyShistLaveer65" decriedMnestic="prowsCockups">
        <elviraBering>undustDielike</elviraBering>
      </pigmiesGunnels>
      <chamite filiateReyield="96034" bradsot="tripackSnugly" jagataiFoelikeUnorbed="seizingStoach">
        <sooners>roudasWools</sooners>
      </chamite>
      <mayhemOsteome wornoutKeliaKomtok="anticksPloughs" uphang="732" pud="nocketFrolicMacacos">
        <uncannyTemplet>1</uncannyTemplet>
      </mayhemOsteome>
      <humphsBedtimeCalesa elohimUpsentSuede="ausuLeyBrusker" endozoaQuotity="negrofy">
        <cabaneEyeing>6082</cabaneEyeing>
      </humphsBedtimeCalesa>
      <capulinTuartGlumal sterner="tungosWelders" gadeVassal="lieveFaddism" houltDragoon="kodkod" wrenRoudTertium="flakersKobi">
        <kansas>reimageWaller</kansas>
      </capulinTuartGlumal>
      <coatingSoths>
        <ponga>decreamUpscrew</ponga>
      </coatingSoths>
      <gazella toppledRedactPatana="sibbingChevron" buretsHurry="tonguyVirify6090" outspy="2229" elicitsScovy="storingFig">
        <tableauGrippe>uptaker</tableauGrippe>
      </gazella>
      <judiciaFleshlyJoggled akmudarRallerySquawk="begall" dorsula="beetleRefrigJarrah" omlah="saumontAhypniaPannam" zeguhaCisiumWammus="28">
        <kailShewsSpunkie>connersApoiseKnarry</kailShewsSpunkie>
      </judiciaFleshlyJoggled>
      <pierineWoldy worldlyUruPosolo="trashipNoireScepsis" kneecap="20923659">
        <rubbedBiddery>swoopedShirts</rubbedBiddery>
      </pierineWoldy>
    </kristenInfixal>
    <inshellErsatz>
      <spleniaDefassa>gueriteApe</spleniaDefassa>
    </inshellErsatz>
    <epizoicPolaron>
      <gaddang>89661975</gaddang>
      <raptDaimyos epizoaGynecol="titreHerbertSeater">
        <hanap>siliclePlyingCuticle</hanap>
      </raptDaimyos>
      <diptyca blitheWeftGonimic="jambart">
        <chokedAgasp>asakCoroun</chokedAgasp>
      </diptyca>
      <divingFranionJoneses>
        <oidia>shalierHazanutNovena</oidia>
      </divingFranionJoneses>
      <cackDripsSummits gosterFanners="fibrinsPangedEmbrute" corralsAbound="banusRaiders">
        <stogeysFylker>yamel</stogeysFylker>
      </cackDripsSummits>
      <duenasTrijet wye="overwin" clintonFrogged="cracksTrokedHwyl" aptera="klaxonAbtruseUnnet724" addedly="thiasoi">
        <laylocInnate>pryseIsmyDorser</laylocInnate>
      </duenasTrijet>
      <corellaBedazed hippleNeutronTelt="bandPonticBedolt19" kuarAshrafiStern="741854038" mangar="fettersUnfrailBriers327">
        <goolde>pardnerGrenadaNanes</goolde>
      </corellaBedazed>
      <sofaneNubbled>
        <casquesProudly>vetoedPickax</casquesProudly>
      </sofaneNubbled>
      <cerion tabascoRune="unroofsSkulked768">
        <empalesLovedCorona>repay</empalesLovedCorona>
      </cerion>
      <wofulBogie>
        <puffMidnNyet>latria</puffMidnNyet>
      </wofulBogie>
      <tympanoElutedArtefac colleriTheresaMardy="lamanoRococoInlands" primasEspavelTrypsin="new">
        <casebox>faker</casebox>
      </tympanoElutedArtefac>
      <lebbekZootyQuieti coctFrowzlyVeilers="1" swerveRagshagOras="lactase" marion="each69">
        <draggleCyanicHiera>villateYouze</draggleCyanicHiera>
      </lebbekZootyQuieti>
      <mensed reannexOathful="oribiImmy" altheasAgedlyCize="sitteeShinglyUncling" kiokoPinken="famefulChilomaNyas" adsmithMaltNicky="overbid945">
        <nipsAburban>426561197</nipsAburban>
      </mensed>
      <weedow simpson="gallaEthenolCowedly" infaustGlanisGiardia="womerah" upswungTrumphHosea="camoodiGitternGripman">
        <vadimBooneJibbing>chuetArriEnform</vadimBooneJibbing>
      </weedow>
      <refitGalaxPedion kalmias="elution" mirzasRigging="plates" cowlingButtledPherkad="293828">
        <willersRunnier>distn</willersRunnier>
      </refitGalaxPedion>
      <kanyawSeqq massed="unnobleMesennaTig" flooredShoals="5964687" giaoursPokunt="9">
        <lyctusMonth>cannelsCelsia</lyctusMonth>
      </kanyawSeqq>
      <pettled setigerWeetUnideal="2310551" fumadoAnuransCollat="pilpul" michtUpriveSported="sectiveIdantTylosis" culeusWilfred="decdSalada">
        <peonesMisters>cuyasRoloway</peonesMisters>
      </pettled>
      <itch gudgeDumpage="diseme" radiary="alines">
        <biblesRigorKinhin>59958</biblesRigorKinhin>
      </itch>
      <perries dehkanReaumurLathery="oxgoadGroomRelide" tramRasps="69" frizzleTestonHylas="95938" yarmLathier="aphodus9948">
        <ileac>frogletPopulusGambs</ileac>
      </perries>
      <medialHappens gumboil="djukaMuddingUnifies">
        <petrosaTef>digonalAnilaoSouushy76</petrosaTef>
      </medialHappens>
    </epizoicPolaron>
    <louring>
      <abtPokomooBecrime>hosenMinimis</abtPokomooBecrime>
      <datsunsAnubinLowth juan="honored" briars="5269886" topsoilValens="4451089" telling="walerRaiidaeAures">
        <liturgy>otioseSnorterFlossed</liturgy>
      </datsunsAnubinLowth>
      <amra>
        <torqued>asgChara</torqued>
      </amra>
      <arationJambNeurons>
        <quinolsAkre>40327</quinolsAkre>
      </arationJambNeurons>
      <rayed sperageArcade="69">
        <mahbub>dearsOxozoneDee</mahbub>
      </rayed>
    </louring>
    <packed agapaeMooing="kelvinMating" mamey="noniusMixeSolodi" stipplyWildestSnip="83193201" cheaterCharletKeeked="dolvenMowra907" sowcars="ilamaNiece" capuanHelios="830428">
      <spadishKalends>nefasHaymishCanulae</spadishKalends>
      <katmon figureVocoidStekan="enhaunt" boglandCunonia="tattoos">
        <chontaSyph>wrensCrusade</chontaSyph>
      </katmon>
      <ghuzSpeckleMetrics>
        <foeish>6</foeish>
      </ghuzSpeckleMetrics>
      <hurryFrowl>
        <dreidl>stipel892</dreidl>
      </hurryFrowl>
      <myoticPossyGar calmingTewly="unfittyBicone20" roquistMingier="chausse4046">
        <viscera>rubyPilauedTassets</viscera>
      </myoticPossyGar>
      <flower movingAloeHaydn="hailAscitic" furyWolfman="editsThooidAdagio7423" jihadBepress="onager2693" stat="hokiestShypooIndogen">
        <natured>chugger</natured>
      </flower>
      <ferrateAutoputAtabeg laminasPanagiaCassida="humblerCerotin" snyesAlastor="whanged" flailsToeholdHotel="812665">
        <kryptolDuchanIlly>puritanHummus</kryptolDuchanIlly>
      </ferrateAutoputAtabeg>
      <averageQuinaryIoniums bladingVenged="stylite1302" geoticDink="718548330">
        <taxiticBrubuTutti>sparedWorser</taxiticBrubuTutti>
      </averageQuinaryIoniums>
      <tynesFormule>
        <hecklePickin>lulavsDebates221</hecklePickin>
      </tynesFormule>
      <rabbins rangleBriguer="bombicPleater" pleachHagmallNummary="elmTyighMating" dorismOlfact="wirableRoploch" wabayoGenoa="bobberyHolw">
        <freestSmur>vaunter</freestSmur>
      </rabbins>
    </packed>
    <coved>
      <rebsMirkyLactuca>adipate</rebsMirkyLactuca>
      <possetsCteReding prososFoistsDeevey="390">
        <wosithDenningHipmi>thingly</wosithDenningHipmi>
      </possetsCteReding>
      <boeingWelter>
        <conuzee>jowel</conuzee>
      </boeingWelter>
      <indorseKyanise sulidaeThieveBepaper="ponera" trick="tabiraFerret">
        <heminsZambian>playboy47</heminsZambian>
      </indorseKyanise>
    </coved>
    <aciform>
      <chowseWipedTanaist>poorManias</chowseWipedTanaist>
      <albanyConks anahao="carportKeros" packratTalbotIlysia="naskhiShariraDozener" jambs="brettScrazeVinter7" uranateEyeflap="gerlandKepis89">
        <likely>unfrostSilexesAcedy</likely>
      </albanyConks>
      <greenlyIodizePygarg crusado="arundoValley" mechirVoucher="skylessHeathAnimato">
        <tadpoleHayliftWiving>fankleOpalish</tadpoleHayliftWiving>
      </greenlyIodizePygarg>
    </aciform>
  </baffs>
</testeeOutlungEnvious>