<?xml version="1.0"?>
<hubbing>
  <doormanServiceMetrize poireBeflag="minimaxPapsGumbo">
    <hey>
      <baublesBoyarOakum>guilingKumbiSchone</baublesBoyarOakum>
    </hey>
    <casefulBobacApozem>
      <boronicOutlet>jatniThalami</boronicOutlet>
      <oscinisCorpseAntsy>
        <zante>60</zante>
      </oscinisCorpseAntsy>
    </casefulBobacApozem>
    <dhyal>
      <shawnKernosBequalm>panicalMelamedMiasmal</shawnKernosBequalm>
    </dhyal>
    <disbindForeby slewingVelvets="pavoBunkoedPostins" ralliedLathOdds="70723927" soupCruised="sanpoil">
      <backsaw>alalusLimulus</backsaw>
      <baalShredFugios>
        <aspout>aisles</aspout>
      </baalShredFugios>
      <laicise scalingEggWarsaws="genreCrowing" punted="unzipLenes" otelloNaren="mmfdDialinNaos" lairdly="ausones">
        <dominiBruiser>rondinoFamilleSwine</dominiBruiser>
      </laicise>
      <mexicalPius meaniesMealieAsudden="dyadicPiggish">
        <bibelot>miasmasJailor2</bibelot>
      </mexicalPius>
      <sudors heliast="7">
        <bowlsSteresEeliest>outwear</bowlsSteresEeliest>
      </sudors>
      <pinnaeArctiumReenter gundaXylonClyers="147" dermal="83529">
        <biggetyCologChocks>wagaunShuftyEchoism</biggetyCologChocks>
      </pinnaeArctiumReenter>
      <toweryCoobooIonian waulDelead="confVeenAwols" slichtCuphea="daimioStewy" gunnerDronedViers="954992418" metageAttntrp="25">
        <tolliesNitridsShumac>wristyAparejoSpae</tolliesNitridsShumac>
      </toweryCoobooIonian>
      <membral hauflinHushoFrypan="maharaoRidered" lappOutovenDelenda="separteDrearlyAffords" nonmen="furcalOomphBochur3648" dammishPastesFayles="cosmist">
        <muslimsRedboneCojones>cabbala</muslimsRedboneCojones>
      </membral>
      <frakenWive blacksNesterShagged="snodLigger" exegeteTartansClare="passmanWaddly" stogeys="sepalGeecheeEmerita" dunnoExcave="eclegmeGobia">
        <inworksRegrets>uppowocHibachi9</inworksRegrets>
      </frakenWive>
      <restis>
        <geiraFossedKapai>hatred</geiraFossedKapai>
      </restis>
      <dowieFardageWritten mafiosiLamaistFigary="371">
        <chm>balada</chm>
      </dowieFardageWritten>
      <illupi toop="affrayRathest" abreedChidra="medusaeEncinalBerms" claytonGurdyRenvoy="579773904" teaslerBuenoCalifs="22">
        <tropismMislieSikhra>5</tropismMislieSikhra>
      </illupi>
      <chuterWolfram nocksPisote="deggedFurlana">
        <striverEpopeeBoreiad>hexade</striverEpopeeBoreiad>
      </chuterWolfram>
      <trigonAlumna sprainsVoluta="13676605" banqueBuccaro="564">
        <blonder>dode</blonder>
      </trigonAlumna>
      <criticShrivenCelemin argiveOverbuy="chukorMoodsCaloyer">
        <perfinsPallahMentis>80664972</perfinsPallahMentis>
      </criticShrivenCelemin>
      <avieDivesFumily nebuleDingerSamogon="iotaFalbelo" bogfernMinuend="playerNewcalChort" tjositeRerank="rabbetsJaguarsTablita" scharfEmuleCoparty="nuculaGutteraJamadar">
        <straikeChiver>eluvialVesuvinTrundle</straikeChiver>
      </avieDivesFumily>
      <steviaPorgy>
        <illitesOwlyComonte>askarisFidoAviary</illitesOwlyComonte>
      </steviaPorgy>
      <konde hogen="coarbPoloiRecuts">
        <arrozRubato>reedsMonk</arrozRubato>
      </konde>
    </disbindForeby>
    <syconidBibberGenoms sightlySlotedSwobbed="singersEasier" kindjalLimbasBowknot="iliaTottery">
      <dripsGhrushYarm>lufberyPodicalHektare</dripsGhrushYarm>
    </syconidBibberGenoms>
    <atriaEuploidIbsenic painingMommies="maness13" jiffYardful="shune" hulkLawineAlonely="6" redeemsSattarSpouses="murksBrutifyGarget">
      <melpell>encheckDecant</melpell>
      <meccaAnoa beshearNidget="amba">
        <daitya>macbethCaiqueDungas</daitya>
      </meccaAnoa>
      <idoletYolks breth="pentodeTty">
        <tyraminJanapan>assumedVeins83</tyraminJanapan>
      </idoletYolks>
      <mendee regluesCymols="overgod" xylosma="59092">
        <vivax>listens</vivax>
      </mendee>
      <upknit>
        <adientFishletBenamed>whistleUnityParkers3538</adientFishletBenamed>
      </upknit>
      <mootHesterGantang notistWpmAcmite="beefingBejel" calydonFallGainor="362653" acheerFennishRotge="dormyMammateLerwa">
        <drayHecks>retdSkoaled</drayHecks>
      </mootHesterGantang>
      <emicantLobelet>
        <stutAbiuretAtreus>tablina5</stutAbiuretAtreus>
      </emicantLobelet>
      <moolviCoobaHealder chazzenYidsInexact="unsexedPuna" novellyFossed="7" taririIllite="rocsAluta" falserRegnant="succise">
        <pinnalLapises>robin4</pinnalLapises>
      </moolviCoobaHealder>
      <breckenChromesMoran antdomUredia="askingUniusBeltane" widened="chadarsBattler4418">
        <mudcap>reseatsDonkeysMajoon</mudcap>
      </breckenChromesMoran>
      <knob kermanMelamin="scalier166">
        <ernest>pharmEluderDime</ernest>
      </knob>
      <cantors>
        <abye>routhieKlippenHogans970</abye>
      </cantors>
      <lipaseInmeatsAsearch coupeFaults="ladened">
        <bisnagaJusterReseau>unmeekAdibasi</bisnagaJusterReseau>
      </lipaseInmeatsAsearch>
      <caricesPlapTossed paoloDaisingAdoptee="coelarBittockHandsel" onfallMaltase="tlacoWording" raffIsodose="1" yawperFiversProsify="mallee">
        <formyPuddles>69</formyPuddles>
      </caricesPlapTossed>
      <riskSandsUme miteredRaylessWammus="chargedAscots" gnabbleReivingCruets="thanCoshersAdipous">
        <flaxy>aulos</flaxy>
      </riskSandsUme>
      <orchisWainageMochudi corp="enemies7359" extancy="verreKeys" ridgedCremuleCatso="bazaarsOldieRopemen">
        <cluffPleuron>aruloAlready8321</cluffPleuron>
      </orchisWainageMochudi>
      <colorsLoyaler fyceLamettaOuroub="evelessCalkerBeltway" unminedFortlet="bideryBedipShumac" teentsySeizers="41787">
        <optedZaburro>rwoundGora</optedZaburro>
      </colorsLoyaler>
      <selfful>
        <sarodCyclism>soleynFiggier</sarodCyclism>
      </selfful>
      <frounceCurtate linenerScantedOscinis="switch1" valseDimorph="hogen" agruifRaffman="outsiftEnlaced2519">
        <aurene>soupingHeptace</aurene>
      </frounceCurtate>
    </atriaEuploidIbsenic>
    <woozle>
      <chasmed>unburlyLayland26</chasmed>
      <arrowLima overactBunks="folioSerpigoGrallae" dago="misactsTancel" reaper="infirmMilleriChaplin" shunter="875664396">
        <addoomRestainWarlock>turkism</addoomRestainWarlock>
      </arrowLima>
      <fordidWindsorTunnels mockfulGrippit="mensch" daroo="enmoss">
        <staitheDibrachSpray>hostryAgedlyKerbing2713</staitheDibrachSpray>
      </fordidWindsorTunnels>
      <aias teentsyDawsUke="hydriaeCristy" sniffle="alationLigulin" prawnerHyahya="1052" droopQtoStewing="kationsAcrylylFishgig">
        <furore>shelyak</furore>
      </aias>
      <opineFilasseMaythe hertKippyHemmers="775" iceboneImpreseLaptop="vistasBundook" enoplanSimper="81">
        <frouzyVariate>idoteaMadeira</frouzyVariate>
      </opineFilasseMaythe>
      <diabloUnbarb crawlEugonicBusied="23502277" bamalipFilers="60771843">
        <egest>strekeSexifidIrking</egest>
      </diabloUnbarb>
      <ephyrae lehrs="boletiPyralid" cardiaCorrode="8" zenanaYangtze="ptyBetook" jhowGuerreTarras="364">
        <cowpock>aggroSikarDingle339</cowpock>
      </ephyrae>
    </woozle>
    <revisalPasHiker>
      <motey>shizokuGiantlyFeisty7660</motey>
      <onrushQuinate bruting="unfixedLintyTaenia" cobnuts="negrine" bals="girritWording" anoetic="wangaraBelterTeucer">
        <drammerOime>tutenag</drammerOime>
      </onrushQuinate>
      <yaksBouseLehay>
        <slimish>68328</slimish>
      </yaksBouseLehay>
      <larvasInward fezzesAlinedCursive="whelkedCinquesVinata">
        <furlingAbsorbUnclear>cocksSwedes</furlingAbsorbUnclear>
      </larvasInward>
      <barding repureAlbKhond="eliaGobelinGinney" hiss="tethClamps" intakesCoriaus="buckeye">
        <callous>pumexSanestUmbonal</callous>
      </barding>
      <awash intimaYerkedTollon="tapa" shedSynePickled="lowe" yarrowsWhileasLearner="lambers8730">
        <rimrockPredamn>sendoff</rimrockPredamn>
      </awash>
      <vanilleReawait routeGedunk="6151" pardedOroideTrainer="7">
        <miskals>zaurakAtomic50</miskals>
      </vanilleReawait>
      <waesSucceedHedebo>
        <loachesAlfalfaRemails>616169</loachesAlfalfaRemails>
      </waesSucceedHedebo>
      <pannumHoofrotCayman deports="cosmeteBanba" wiikiteZoacumAmoebic="darwanInneity">
        <ferlieSaradaCupules>wartimeBabysitUpbid</ferlieSaradaCupules>
      </pannumHoofrotCayman>
      <cabuyaMisgyeNake trochusSuperl="sondes5639" brigous="usher" toniteCoecum="64" amyloDosaDuchess="lstGoreSals13">
        <mimmedUnguard>4</mimmedUnguard>
      </cabuyaMisgyeNake>
      <diducedSparoid gildBobbersVampey="vaxCoationHelps" sonarsWormingVerb="smarterSabicuCoyos7506" fagotteGae="caricaInduc">
        <hymnsUpfly>victusManettiPensil123</hymnsUpfly>
      </diducedSparoid>
      <vicua domesUnnosed="ares">
        <artemasNutantAntonio>dopping</artemasNutantAntonio>
      </vicua>
      <regel>
        <lehi>xxv</lehi>
      </regel>
      <turcianWristed rattishDecadic="gomartBahoe">
        <asepsisDeairs>377278</asepsisDeairs>
      </turcianWristed>
      <crests copula="89" proserBrunetsReopen="sturkOutpayBialate">
        <missungReban>2680</missungReban>
      </crests>
    </revisalPasHiker>
  </doormanServiceMetrize>
  <lepero templesBurgersReified="olympus" scepterRemixes="6719" />
  <cupola quellioRatlike="76" manfishBrumalWindage="naughtRollbar" giusto="bangerGitanos" />
  <nappingDrogueDuelers>
    <wampish>
      <dipheadFiefBrines>126937</dipheadFiefBrines>
      <nealEloign honoreeGolfed="tetras" unsun="impious">
        <monicLabber>organ7868</monicLabber>
      </nealEloign>
      <cloughPryse aptoticSwirlSwathy="79551157">
        <curbedCurdierRomal>75238963</curbedCurdierRomal>
      </cloughPryse>
      <bibiru piker="courie" wariestMenusOsmol="toparchMetabitDungon">
        <swooperGoons>234503694</swooperGoons>
      </bibiru>
      <atoxylEadiCymes>
        <humates>ptomain</humates>
      </atoxylEadiCymes>
      <smurks pivalicTweesh="131" wagomaBattensFingal="gleeks" embosomDyadicFurazan="9389574" buzukiaPedlary="baar36">
        <bandeauWagweno>dink</bandeauWagweno>
      </smurks>
      <tokenTruces peek="astorUnbushRiled" wanyasaTaxitic="khaddarDogbite" atmosGraphicRetro="broochVoltage" smoochyDevot="221985">
        <tuskingRockat>unnotedBongedThruway</tuskingRockat>
      </tokenTruces>
      <aphtha setuidAppaumeRepress="coydog">
        <weedersSensoMought>willieMunguba</weedersSensoMought>
      </aphtha>
      <buoyageBefogGrocer ban="paeonsTickledUretal" plunkerStiposBreakax="gearset">
        <sprit>hashab</sprit>
      </buoyageBefogGrocer>
      <sawfishCrammel>
        <pyrobi>9</pyrobi>
      </sawfishCrammel>
      <cotutorCharmerWarmish oziasEutexiaLobule="berake" subjectGloverPinwing="subringUsarFuds" prostoaMoneyer="sagathy" quipoHolloaOnca="plightsFontalClam7649">
        <biunialGunite>pettlesSuchosNamaste</biunialGunite>
      </cotutorCharmerWarmish>
      <mousoniPunkeysAddable taipi="nangcaClad" pulish="friggedLowingsSquin" feazed="cowweedSline">
        <tahsin>washinAnthela</tahsin>
      </mousoniPunkeysAddable>
      <wiglessSpathaSuppost>
        <asthoreTowmondSanger>befilchEgypt</asthoreTowmondSanger>
      </wiglessSpathaSuppost>
      <pidginCitrons smalti="7">
        <skelperZiggedFlaker>sanctCrechesObtent</skelperZiggedFlaker>
      </pidginCitrons>
      <toxinPerries squiredBloreDocks="cheungBookingTabid" dativeTarfa="debiNovalia" shadkanSirrahsGentle="773923130">
        <faitsRalliesJudged>sassaby</faitsRalliesJudged>
      </toxinPerries>
      <kuldipMohos cichlid="clitchStythe" hookyGypsite="955035909" enclaspUnaddedNeeze="grueCentena">
        <tankardLeftHalper>966934</tankardLeftHalper>
      </kuldipMohos>
      <enkiduWofully onlepyBombus="lists60">
        <birken>trophiNantleWamuses</birken>
      </enkiduWofully>
      <verutumHaylageScalare>
        <archseeDraperDamnii>4147776</archseeDraperDamnii>
      </verutumHaylageScalare>
      <twibilArgolsPeavie sakiehJudoka="8">
        <overeyeAgent>792163420</overeyeAgent>
      </twibilArgolsPeavie>
    </wampish>
    <babbledKerana reagent="rheicDaydawnInbody" crispsSimulerDop="remakesMammoseBrainy" obitalDrooperForlane="penestTinderWath" apaceSiletz="56016">
      <mixeSkandaSutures>broomsBodeSexuous57</mixeSkandaSutures>
      <ankletsTartletSumass pampa="meatedBaddieDaub66" wittenUnsenseSects="pwcaGodpapaTrace" burgeeEarringRasse="30997" skeansRedriesPalpal="carbyAiletteTiler">
        <snooker>libidoRasoir35</snooker>
      </ankletsTartletSumass>
      <bouser curval="spousesCitrulKaros3" weedage="bowtelGalas" arioleScudded="avalLoony47">
        <scottyHegumenWaguha>rumour</scottyHegumenWaguha>
      </bouser>
      <butlery>
        <washpotFuddled>vesterStearinTanager</washpotFuddled>
      </butlery>
      <hiving>
        <lanx>bigha</lanx>
      </hiving>
      <trip>
        <ammerYogee>grumps</ammerYogee>
      </trip>
      <occultBabiana walletsArmlock="roeneng" predine="funnierPnxtClamper" wost="mangeyTonedSlowest" coth="weensyTacker">
        <gang>peyotl272</gang>
      </occultBabiana>
      <shameGoitreApnoeic uncapsKearn="tedesca">
        <roxane>lallRefrainWants</roxane>
      </shameGoitreApnoeic>
      <gasterCloverFitchy merfoldDestineDevel="doitedStupentParitor" kuchensBarrier="breakerOddside2772">
        <poddingGlummy>slicedLugnas383</poddingGlummy>
      </gasterCloverFitchy>
      <aroundSmalter robotryIncan="878" hariffeTantony="918032">
        <cloudyCandys>brinersWrithedRecpt304</cloudyCandys>
      </aroundSmalter>
    </babbledKerana>
    <abrased>
      <potturMournerStrowd>budgetTrinaPresee</potturMournerStrowd>
      <mantoid>
        <quasheyMeteorsChoreus>thrope</quasheyMeteorsChoreus>
      </mantoid>
      <talloteWhase horahActiadLout="pinman" unluteLingersOclock="mpbs" lotionWinned="polledMentheCouper">
        <squooshEquidToppers>861676100</squooshEquidToppers>
      </talloteWhase>
      <chatotYukeIjma kirksUngtPurau="verdure" goujons="48951">
        <baileeMicronsExclude>jutishHolmiaApician</baileeMicronsExclude>
      </chatotYukeIjma>
      <tarsiAloxite sculpinSwagersBoxer="gor" isinaiDriasUnwrest="weens8">
        <jackingSetwallFidelio>coly</jackingSetwallFidelio>
      </tarsiAloxite>
      <ging almudes="phytonsFigless" daresayHarmingHeave="courie76" agentryLipids="partiDrumlinTriplex9734" havingHonoursCaff="sloom">
        <ultaRyepeckBudmash>viciaPreverbErwinia</ultaRyepeckBudmash>
      </ging>
      <stylesSoy bar="arnotta66">
        <assis>retinae</assis>
      </stylesSoy>
      <selBespiceSusso freeElissaJacktar="gestantOdylesConsy">
        <splatch>pacersFinales2</splatch>
      </selBespiceSusso>
      <praams>
        <neebour>tisanesIlleismBaruch</neebour>
      </praams>
      <oxamide savate="yerkedBorascaDredge" coghleButcha="918501122" messiah="cribExpedeVying" gatsEdhs="froth">
        <gambirQuasarUnsnib>slaters</gambirQuasarUnsnib>
      </oxamide>
      <airdateVeauGoncalo doesntPompanoMorbify="fogdogsAdditaCrystal" hedonicCrumenaYate="lagettoAmoral" wanting="mightsEnvoy">
        <furmint>argentUniter9</furmint>
      </airdateVeauGoncalo>
    </abrased>
    <chielsGlottal>
      <leghorn>circusy</leghorn>
      <phobiesHaunts bruscusBywardBilimbi="opaionEjidos4" river="bungos">
        <zitiVirole>mya5530</zitiVirole>
      </phobiesHaunts>
    </chielsGlottal>
    <zebrulaKokstad mabHooplaAutomat="himwardSrisEndites" walth="voyeurs" sneaps="warefulEtches2" rokyWoken="sapientMolmenSumbal" cadeauOutlays="alertly">
      <mohalimSolacerBushido>920268879</mohalimSolacerBushido>
      <dreader lappetOutread="dagmar70" yannamQuarrelHolt="songyGrueBitypic" fustocBlam="beslapEarplugComatik">
        <gurry>geldedVerminyBivocal</gurry>
      </dreader>
      <ratteenBawsint disterDacker="faxedLeahAcumble" criant="turtledHauteur" tildesMaracanPeaking="pobby7221">
        <planum>gelatesKidneyAlantin</planum>
      </ratteenBawsint>
      <annuleDeringaSmerked>
        <matlessEuphues>brisaKiltiesLaney</matlessEuphues>
      </annuleDeringaSmerked>
      <shptCodices prankChorus="sinters" refootBefrillResized="hoylesFilosusTogate">
        <longear>oimeChilloKursch</longear>
      </shptCodices>
      <coryphPimplo>
        <cannetAllgoodBuick>385493</cannetAllgoodBuick>
      </coryphPimplo>
      <seinersVerity umiackIllth="bushmanSanzenAtamans36" seedersFacular="ecdysesExpelGugu" staggerSkids="boeotic" jerlDogshipProke="schone">
        <comingsIndaneNarky>haftedBoose145</comingsIndaneNarky>
      </seinersVerity>
      <garretStages>
        <beefin>85</beefin>
      </garretStages>
      <pin concordDewfallCzigany="collareVealer" cans="vepseZestier77" afaceAgonize="podargeSobeit">
        <sestiaHicatee>morphicAwakesUracil</sestiaHicatee>
      </pin>
      <achate>
        <iatric>mound68</iatric>
      </achate>
      <bumickySixteen>
        <baufreyTalckParen>42833</baufreyTalckParen>
      </bumickySixteen>
      <weenongStoried aquageGiddy="lyrateDosing" cajuputSprung="lak" aggerCharily="3809" oomph="cutawayGilesSutlery416">
        <factorsLepricFriese>bakeSixishChagrin</factorsLepricFriese>
      </weenongStoried>
    </zebrulaKokstad>
    <bagreEthylic princeCoticedHaricot="epsom">
      <acerola>poleaxPomateVamp48</acerola>
    </bagreEthylic>
    <bangup>
      <homeletCoals>hazeled3233</homeletCoals>
    </bangup>
    <writhePlower kauriBedaweeJambes="35807" tawses="wheepsCagey29" phonal="totters">
      <zootomy>lockedOpa10</zootomy>
    </writhePlower>
    <hoelikeWursetEpigeum whitin="premit" ichebuLawings="cortineSpectreMaytime">
      <czaricGrager>helenusCarlinoAlexins</czaricGrager>
      <kabietAzimech uremiasHurries="77" khans="vivaceJosipSatang" pecten="627">
        <allgoodIdlety>47</allgoodIdlety>
      </kabietAzimech>
      <driveParisonNapping quotumAuhTrink="tewly">
        <orvilleBandeau>90</orvilleBandeau>
      </driveParisonNapping>
      <valoremEngleimYfacks coffsDaglockSylva="jetsomMangabyHagbut" coitureSparoid="pigyardBeersCimicid">
        <naias>lowellRundown</naias>
      </valoremEngleimYfacks>
      <donetDatch rhoeo="raftedPatia" sprierDrape="quircalPolioCize" thioninHeraLacily="unpeelCutlerUnturn">
        <conte>casinoMullen</conte>
      </donetDatch>
    </hoelikeWursetEpigeum>
    <cystoseMoroseTrysted mopokes="2664">
      <urgingMetopesTrisalt>vainer</urgingMetopesTrisalt>
      <sizeman>
        <atropa>benchesGrovel</atropa>
      </sizeman>
      <tsksPatois covidWoefare="20930781">
        <nonbookAnasazi>adermin</nonbookAnasazi>
      </tsksPatois>
      <spoils babisSiropValuta="replaysButlingPunier">
        <lunaticDamage>colderGhaffirHaunter</lunaticDamage>
      </spoils>
      <judoMbps legworkSedansToffs="whollLimosUptaker" leslieAglowVedaism="beladle" syntypeAcylal="hubbubsDisman" hant="didleRype">
        <abort>mugging</abort>
      </judoMbps>
      <mortisBushwa gooralsAttorns="7" napeTone="chacmaShrups">
        <lunkersGyarungAmtman>24</lunkersGyarungAmtman>
      </mortisBushwa>
      <papricaVale lilialUninertAvdp="belaced" coelder="envyTrashed652" cloutedJumbals="lyken" amoral="2459">
        <mutchesFundus>declass</mutchesFundus>
      </papricaVale>
      <guanacoOutgive>
        <ilissusAmole>603</ilissusAmole>
      </guanacoOutgive>
      <pbx proxeny="lowman" stableEmbuiaCleg="dooliesNichtsConsol">
        <larges>eyespotCaesura</larges>
      </pbx>
      <sunnierBegnawAthecae arbithSalinasDighter="henhawkDonackScolds" beseemRoamedInlaced="dhoora">
        <usantMassilyLoyalty>palule</usantMassilyLoyalty>
      </sunnierBegnawAthecae>
      <wavably>
        <hutsKohua>546672</hutsKohua>
      </wavably>
      <musculiMeasleEats stetchBuist="54761513">
        <quoting>coppersBoilers</quoting>
      </musculiMeasleEats>
      <akekiSeven enseamYeardayDisert="linealHomeredForest" baetylTempter="studio" dusunOkimonoHazing="whyness">
        <notalNewsmenOleron>omening</notalNewsmenOleron>
      </akekiSeven>
      <snubbedUniatSambar poesiesArmpitsWishly="46301">
        <froggedNabobsEnrobed>satyrid</froggedNabobsEnrobed>
      </snubbedUniatSambar>
      <riggite nymphaeMakers="3033738" tressed="prigMech">
        <dehornJulep>tauridQuirked9</dehornJulep>
      </riggite>
      <bull>
        <patache>kotowVeuveHelical</patache>
      </bull>
      <jawfallIllipe burbot="riled" slangUncubicMirak="astron" biasing="balkily">
        <first>votes5402</first>
      </jawfallIllipe>
      <buglers mandyaiSatins="sharki" immute="65" prudesUnuse="dlvyGiftieAssart" finiKlaxonBeltine="pauliadComboPulling">
        <affairLampronHosta>moison</affairLampronHosta>
      </buglers>
      <purbeckGaggler pelengFinnyManta="7">
        <sorters>dklBefireDrooled</sorters>
      </purbeckGaggler>
    </cystoseMoroseTrysted>
    <sangahKln hitchelVowingTestee="hallel" fifthlyNymphal="dipnoan" feyestShastaEffuses="rasper" bardierBookerCrabman="6987" knoutHarpagoSeminal="hogcote" roosersMoodirThigged="774491" triode="oviductCozensRales4">
      <chokies>neuterAcknewZebedee</chokies>
      <stope pintos="heuvelLuculeSleazy" consarnHollies="alaliteAditalMannet" burking="genoise" cockshyCarisa="upmountTamburaZincky">
        <lugerEudoraDols>bowlsSecernFirking</lugerEudoraDols>
      </stope>
      <thereonSuety darkiesCribs="yelling" assahyWindas="2858">
        <biacuru>sememesCottedCital</biacuru>
      </thereonSuety>
      <learierCursiveChee>
        <tedescoSyllabeLadings>oestrusKnockNawabs</tedescoSyllabeLadings>
      </learierCursiveChee>
      <thulirSumacsStood>
        <paymentHalersQuartzy>bulimus69</paymentHalersQuartzy>
      </thulirSumacsStood>
      <solonsEqpt kilning="eyemarkBawraDogless" tobies="lectionHeats" calash="966853035">
        <cedrenePartes>blateYangDegold</cedrenePartes>
      </solonsEqpt>
      <armCribbed artieMachair="36585" prests="yauld" ffaFossaPentit="pingedDieneSalina">
        <junks>99375</junks>
      </armCribbed>
      <sabbat spindlySaker="annalFusterKumhar" kueKevilSaliva="airdateMuhlies546">
        <sleepryVallota>463039993</sleepryVallota>
      </sabbat>
      <cowpat gawsie="diadermCrispen" gallishRagweedMikir="unfeuedVejocesTaluses1" synthol="shivsUnlash">
        <domett>pankAugurer</domett>
      </cowpat>
      <nutatedSwevenPolling>
        <danieleBlendorLaudist>worky</danieleBlendorLaudist>
      </nutatedSwevenPolling>
      <vamfont mottledGats="unfain" sextStudentVedana="emptily" ladlerEpizoonArgotic="24">
        <glaces>lari</glaces>
      </vamfont>
      <pul noddle="guansUnisonMirak" legends="smook" mislyWeaky="bubs390">
        <plowboyAerier>mansionBebloodBunda</plowboyAerier>
      </pul>
      <glutose>
        <goster>mistalTuliac</goster>
      </glutose>
    </sangahKln>
    <plightsLumpet jhuriaPetecaFoxie="graceHypes" stampee="7" wooferTibertSikar="limosiEsp73">
      <gabblesJaapCites>58457923</gabblesJaapCites>
    </plightsLumpet>
    <locates bezil="cupcakeCleddeHastens" tineoidWeaners="opecBarbra" gabbler="locates" spydom="38" abbeyFisherDer="dentinFlix" tactQuatreBepaint="darnixRama">
      <ayless>jazeranByssinReduced</ayless>
    </locates>
    <anakes>
      <pistia>eupionItaves160</pistia>
      <prestoDevilet ungirdBurialsMolter="oliverBeseamReelect" bedsick="wiggismRugousScruffy" rosettaSement="bleachZebecksTuchit">
        <patiosChaboukIda>brodder</patiosChaboukIda>
      </prestoDevilet>
      <iraqiRabble nigrifyGypping="schola997" saumont="vell" snoodedUnfree="wantons" pruderyHabilleCandied="pachuco">
        <sagierLargen>caraipiSmudderAblins</sagierLargen>
      </iraqiRabble>
      <ocaGlebaParodic ryepeckEarthenTottery="acrux" concZonuleUpspin="agathisHeminee">
        <fissuraBealachSaumya>spudboyBatchesHalloed</fissuraBealachSaumya>
      </ocaGlebaParodic>
      <hoople>
        <abkarUnglobeIndivid>doinaVauxite9</abkarUnglobeIndivid>
      </hoople>
      <smirkleJymoldVeadar annaryEncodes="ailweed" riffleKiltie="8" velleda="whse2" silting="mudhole">
        <witjar>suffectCasbahTwistle</witjar>
      </smirkleJymoldVeadar>
      <chiefer bludge="natron8854">
        <vulvasVeadar>valleysOes</vulvasVeadar>
      </chiefer>
      <paxilla rower="klnSocksVarella" unchairSouseSuck="papioStaticDeadpay" mityBalt="761">
        <duke>kallahDevonicMysidae</duke>
      </paxilla>
      <axiniteKnautia fluey="thibetChairedValois">
        <assaryTalayot>2434</assaryTalayot>
      </axiniteKnautia>
      <arverniPapooseKalian bitsDod="reportAirflow" trofferMedal="sciaticViveRudy">
        <enties>42752672</enties>
      </arverniPapooseKalian>
      <parties oakyBathala="mowseCarolDeodars" percale="veineryPileate5">
        <thairmDemist>cleave</thairmDemist>
      </parties>
    </anakes>
    <devvelEncSelly spancel="63" borishKassite="jactantEndymalPublici499" maytideRotter="wallahGutiSeary" tarriesSailsJodhpur="uppush" poplarTomfool="4387672">
      <massiveSaphena>tabis</massiveSaphena>
      <syboCloseupKome upasesBlautok="mktg" huronExor="yamunMachogo" cappierIatric="piffVizards" intice="demyGrumium">
        <mussingMahuangRecant>aethers</mussingMahuangRecant>
      </syboCloseupKome>
      <wanyoro fullfil="shams100">
        <ungod>poolForgavePoonah</ungod>
      </wanyoro>
      <finishEveAct kommos="krapfenCutworm">
        <pyaGalee>4</pyaGalee>
      </finishEveAct>
      <agoneSwiftieSeekers deltoidFiars="lyophilNiftiesWaxcomb">
        <civilTurakoo>coblesAlureMunched</civilTurakoo>
      </agoneSwiftieSeekers>
      <ruefulHeptoicMorice isohumeFoils="75" cura="attemptPlonk" yoks="spryer">
        <croochPuffsShegetz>gentooBowerlyEmerald</croochPuffsShegetz>
      </ruefulHeptoicMorice>
      <wariestAcanthi>
        <unpuredGorseGlucide>well</unpuredGorseGlucide>
      </wariestAcanthi>
      <horrentAnnuaryIan spurn="repawnPrising4675" agent="whingerSurahs" adosseeBlas="1">
        <pampers>minutesCasabas5</pampers>
      </horrentAnnuaryIan>
      <cacaraUnaway acaraNoster="dernedFucate" spinoidTwankleSorrow="penmen169">
        <gerundReests>dagoba781</gerundReests>
      </cacaraUnaway>
      <cannot>
        <sikatchSyrMalpais>pitwoodSturdy</sikatchSyrMalpais>
      </cannot>
    </devvelEncSelly>
    <nonmen>
      <withal>719</withal>
      <rattishPangenTherese>
        <doceticHuspel>ramal</doceticHuspel>
      </rattishPangenTherese>
      <novasWingcut serene="vali" radix="19516143">
        <bijaPlevin>pointe67</bijaPlevin>
      </novasWingcut>
      <xylic>
        <mandanYeasts>neems</mandanYeasts>
      </xylic>
      <aditioSepals fist="isogonShamoy">
        <reruns>updrawBeveled73</reruns>
      </aditioSepals>
      <impends beakierDraggyVaried="muffChordal" entwineEddyBenzoic="grizzel6818">
        <coldongRamie>jazzing</coldongRamie>
      </impends>
      <empires cruse="erucicFustics" fledAlgazelRinser="damasseBesseraGoodish7493" abkari="aloofe">
        <inhume>evictsAnticTribuna</inhume>
      </empires>
      <sivaBogan>
        <statist>rekeysLaughedRubbled</statist>
      </sivaBogan>
      <breadthDolls>
        <citherSiteHorary>bobbin</citherSiteHorary>
      </breadthDolls>
      <grandmaDisemicLelwel burkhaSnocker="paliest" fumChiotSeptuor="razzGappierClogwyn" causes="hushion5">
        <ithacanMerlins>daidle7</ithacanMerlins>
      </grandmaDisemicLelwel>
      <muruxiChipRougeot>
        <isogenyAnserin>strobilStopt8</isogenyAnserin>
      </muruxiChipRougeot>
      <semarumBiderBemoil simial="napronSeptumsUraline" dacronFraxinJaver="patrixLauriteFeu" teriann="whoosisHautein">
        <dinerInkishCliv>thiasoiCrummed</dinerInkishCliv>
      </semarumBiderBemoil>
      <misleadBoozer>
        <truism>sericinDrunkly</truism>
      </misleadBoozer>
      <leydenIcicledSurahee>
        <crashedWolffia>45724</crashedWolffia>
      </leydenIcicledSurahee>
      <batonsKnave weilangFeak="mitererGleeked9">
        <khayalHaffat>6583</khayalHaffat>
      </batonsKnave>
    </nonmen>
    <zohakMainorNobody pedlers="behelpChymesSawing5060" tietickDiffuse="spargedWardedErodes" cirrhusValvar="genetorAxseed" mileageBelchesThomite="bagioHenries" spoutedDampneCaribe="yvonnePhonerParica" stomal="maggotyKuarAmdahl198">
      <sawbuck>azafrinPhyllis</sawbuck>
      <yearockChousedIsth>
        <astylarGhibliSpearer>rebatheWedgies</astylarGhibliSpearer>
      </yearockChousedIsth>
      <aweigh rupa="biprism32" awigglePonder="pers">
        <outersSite>borzoisAmuzeCoaxing</outersSite>
      </aweigh>
      <oxeye onefoldGeraldGrime="exacta8014" tusksAmusia="2404305" byrlSow="whsle5">
        <pitbird>bittierAdlumia</pitbird>
      </oxeye>
      <leetsTampoy>
        <schmelzSheroot>anilideSpasm</schmelzSheroot>
      </leetsTampoy>
      <tearBottJutic grinnerBalonBrott="nthVim742" sobby="steniaHolmFoxskin649" pruntResojetEjurate="augmentGannerBalagan">
        <laglast>9420516</laglast>
      </tearBottJutic>
      <amicedGraphsSpilled>
        <kaon>hosedCrs</kaon>
      </amicedGraphsSpilled>
      <nemeanDragons coalbagAlkin="74261" alightAguglia="nicobar" midwife="jumadaHempySarcoid" engulfsDhurra="frasse">
        <cavyRamusiTalayot>aion7442</cavyRamusiTalayot>
      </nemeanDragons>
      <gluts remoted="worthyIlloyalEassel" riboses="aptalIkeRubies" slurryAlaresScoured="twibilsOustedClots60" unisoil="mantidRfoundFed">
        <goddizeYagi>68698262</goddizeYagi>
      </gluts>
      <newportNoanceCarking oxylAbasersTozee="vagaryRebone" quirk="4067771">
        <vagant>badsDrier</vagant>
      </newportNoanceCarking>
      <strafedPeopledStonen bewwept="pushpinDevisedAefald" zootyBeray="rife" ifs="dreintFaringErminee3" barterCouthlyView="gainlySplicerSeamier">
        <coueismAshfall>932</coueismAshfall>
      </strafedPeopledStonen>
      <shovalLidoDonjon hamald="ofthinkIonium" kobangKieye="omicronCentsBurdon" stoofEnclaveChappie="persismRayageGreit" relaceOrgany="caritesAbatonDezincs">
        <forkersGirlieJantee>cambevaRaunge</forkersGirlieJantee>
      </shovalLidoDonjon>
      <chigoePycnialCalcar manavel="bemiresDonorBetook" collaud="dullingMasdeuLekha">
        <dermicObrizeCycl>pogromsWhinedCoigny</dermicObrizeCycl>
      </chigoePycnialCalcar>
      <leoraInwritSubzero>
        <ichulleManteel>preensBetrunk</ichulleManteel>
      </leoraInwritSubzero>
      <diazinAnesone siruped="ankletMarsoon">
        <simia>foxingsAlkylsOenone</simia>
      </diazinAnesone>
      <ashiestHymenicSubside amendsYrbk="989" panfish="fugioSpitesToprope7" resow="pratedChimpsFivish" reubTomines="33819930">
        <arcking>hawseMarkabOutsay</arcking>
      </ashiestHymenicSubside>
    </zohakMainorNobody>
    <rumourPeevishGentoo penocheGesning="congoRefugeeLycosid2" hipwortLerretFrogleg="pilulaBrephicTufters" halidCropperRenwick="avionic" unbeingStilterCraals="gundogsTowerWilkin" logjamsPrerentDanaine="flensesGauchoSonny5251">
      <scibile>localeChullpaBerberi</scibile>
    </rumourPeevishGentoo>
    <indexer nebbish="trokeArtwork" simalCartels="barbary" areoles="feasorMaraudsDuppy" rabiesAscitic="niobite">
      <paussid>dolci</paussid>
    </indexer>
    <fleury>
      <rustreRutter>teazeBrowdTheta</rustreRutter>
      <thine dissentGreyerCoryza="miffingEmceedGreaves" reink="soothedLourdWorried" stock="ethynes">
        <sorghosUndwelt>sparkyUprein</sorghosUndwelt>
      </thine>
      <medialsIridinLoth cue="58513">
        <tailer>brayerRevoted</tailer>
      </medialsIridinLoth>
      <blupChaceToil lastexEstrusJubbah="delves78" mazhabiCresoxy="rhaphae">
        <vulturnCoction>dhowsHautboyTweeds</vulturnCoction>
      </blupChaceToil>
      <nogsAmakebeMango licitlyBishops="witchet5" carats="972" burkerAnoleSpicule="scalars" tildeSurgery="dezaley">
        <druntPetune>milterBinousGins</druntPetune>
      </nogsAmakebeMango>
      <lappishStretteEntire>
        <renewalUlaBolus>601483022</renewalUlaBolus>
      </lappishStretteEntire>
      <vmsize wontFados="wismuthGeogenSkeery">
        <dautedOekist>eccaStriges</dautedOekist>
      </vmsize>
      <adjoustMorule whilkTukuler="dictumBooklet" basAurigoPolls="6056814" toitySniffy="yuit" tibiasPiacabaOrgia="lapsingCimicid">
        <pouserTwanky>placets</pouserTwanky>
      </adjoustMorule>
      <codling pomatumSolothGawcie="11646" shrugs="75" volataPatise="40374" sojournWhekau="pitter">
        <variersGobySangu>cacique</variersGobySangu>
      </codling>
      <ramark befoulPauses="tipsyAbuses7" aimoreFluxSaronic="poddigeAbigeusUtensil847">
        <certyCleaveUsheen>62</certyCleaveUsheen>
      </ramark>
      <warine donovanPommerMights="doubManiLeeds2">
        <durrie>74784</durrie>
      </warine>
      <bangCumhal sinawaKinase="kidney" escrow="phallicNitrous" condos="cashedDawts" sirupyMacheer="bringerArgusTeatman">
        <enabledArmpits>29</enabledArmpits>
      </bangCumhal>
      <alignedVadiumPiu forfexPilotryWimble="7" arrect="wayakaLucinaRapanea" winnle="reachedTetradsTryster">
        <nappingEpos>panels</nappingEpos>
      </alignedVadiumPiu>
      <tran>
        <educesOppugnsUnstuff>wallowUmbraMuset</educesOppugnsUnstuff>
      </tran>
      <auspicyApexedGriffon levulinBondDeceive="7" stifleKieye="chinesePeartSputnik" tousled="37230409">
        <soxhlet>begetSewin</soxhlet>
      </auspicyApexedGriffon>
      <facty tourneBridged="dissueWorkup">
        <aviadorPodunk>vacate</aviadorPodunk>
      </facty>
      <tyesDofferSkeipp prevote="466714059">
        <parvise>fetchedGaiaChancey</parvise>
      </tyesDofferSkeipp>
      <exactasPenang>
        <codderChoristFormelt>cowkBellmen</codderChoristFormelt>
      </exactasPenang>
      <soormaCarpid>
        <huloistGin>wireway</huloistGin>
      </soormaCarpid>
      <stillPaleae tokesPicasTone="juckPhtalicFeridgi">
        <mowlandHeils>bottomGraben</mowlandHeils>
      </stillPaleae>
    </fleury>
    <tabinetTrebleTurbits>
      <lechwe>renPreuxNoerror</lechwe>
    </tabinetTrebleTurbits>
    <muftiTralira cornifyUsenetCampa="gambetBistate" pelureCommentAver="beagleBribed" ismHandlerCouther="954404025">
      <canionHammalsDreary>gapoOrbificMoonite</canionHammalsDreary>
      <byninSire wierd="103811" huggle="vegans" squali="comique" capitoAconiteEurope="sistent">
        <sagas>bazarsAfaceLimba</sagas>
      </byninSire>
      <toptailExecsPadou veninWaselValour="ormersMiradorMahaleb">
        <eidos>sprainsClayerKulm</eidos>
      </toptailExecsPadou>
      <flaucht gourmetEutexiaTempts="trippet" madzoonShewer="biggedConifer">
        <regiaUtrubi>422790926</regiaUtrubi>
      </flaucht>
      <hugeousChileMotives>
        <biwa>73</biwa>
      </hugeousChileMotives>
      <takyMizmazeSinapin baguiosAtrenne="layoffNestors" palings="26" shack="nugaeEnarborTwirled">
        <fairishKochabNeroli>34209</fairishKochabNeroli>
      </takyMizmazeSinapin>
      <sergesChemics kiekie="sacking" impingsKrakens="landmenDaggers" jud="volensLoofsCampong" loganinUplickSloat="834">
        <cheare>70354973</cheare>
      </sergesChemics>
      <plagaeBetingeNoggen brakyFeroce="holierRuler4" doucetCheckyMaremme="lipless" woodyGagsScolion="543814">
        <dipodicYeardEnrapts>shantisHorray</dipodicYeardEnrapts>
      </plagaeBetingeNoggen>
      <stoasBailiesScaling atonies="91" gleaner="energicThrinax">
        <groverDanismIronmen>efph</groverDanismIronmen>
      </stoasBailiesScaling>
      <kellegkKiefs madronoBastard="umbunduMorton" ugrianDefray="78" menkarLaulau="491396" anglersScarps="cerasEmbound">
        <calthaAda>dekkosDormin</calthaAda>
      </kellegkKiefs>
    </muftiTralira>
    <dolcino upcropBevelEmeses="carey" sloeMuscleDepair="molt">
      <acrosePrivate>pythiusIdylian</acrosePrivate>
    </dolcino>
    <havingsChymistCyke frettenGrizelRoture="whoseDogmas" arilled="imbalm" sniffy="sejour" gasboatSayneteEffront="biomeGyrose" amazona="7391382">
      <sausageAsquintTps>spairPinyl</sausageAsquintTps>
    </havingsChymistCyke>
    <teasTeiidaeClued>
      <finnicTenuous>dapperMoulded</finnicTenuous>
      <uptableXerogelReune gaditan="bertherOsmolDolling">
        <grittieSolands>766210828</grittieSolands>
      </uptableXerogelReune>
      <prisonsMas>
        <unwallPishingReship>festingMimbars</unwallPishingReship>
      </prisonsMas>
      <drilyCagnValets gondi="knapsFires" ungyved="395" pepsinCrupper="8430">
        <eras>arylGreedy</eras>
      </drilyCagnValets>
      <carwash peropodVernineDarters="curcas882" fealLooses="forlornCasbah" dolisie="pythias" oboletLiked="linumsDowsetFatties">
        <coyure>2</coyure>
      </carwash>
      <zooidConeineRhumbas sunbathPieton="ampulla" whatkinDropvie="84">
        <forearmSneest>bebite</forearmSneest>
      </zooidConeineRhumbas>
      <shumalSneezesCloots arris="205329466" costulaNevesTiler="winy46" crepesModuletSkis="freeTubules" pahLobbyAerides="132298">
        <milchy>neorama69</milchy>
      </shumalSneezesCloots>
      <boggard epeira="pabloQueet" bogumYakut="acrid">
        <totty>sereneAugur</totty>
      </boggard>
      <jugfulsMetsKenspac crapesRegimenGrides="1075">
        <nippilyHumbugMildish>monodyUtopiasJumbo</nippilyHumbugMildish>
      </jugfulsMetsKenspac>
      <snagNicolasKelter vernier="arereEnact6979">
        <pervBheesty>deitateShankedIsodose323</pervBheesty>
      </snagNicolasKelter>
      <tibbieSmushSauroid>
        <finitesEgriot>skepsisOutsoarZain</finitesEgriot>
      </tibbieSmushSauroid>
      <grissen emerges="terces" iberic="awklyInfest">
        <strawen>oquassa</strawen>
      </grissen>
      <yills maidlyMaloBoozify="skrupulTshiTurd" joukeryMugwet="11973841" ostara="pimaricKhokaniNides303" reiversEmetine="bkptHicateeSuffice">
        <meatilyFlores>metaphToluene</meatilyFlores>
      </yills>
      <lase cynicFluffed="68691" synch="norward41">
        <stammel>296603</stammel>
      </lase>
      <bowtieGunnel hacklet="ellops70" injure="iraniRemorasMitral">
        <geonic>trikerPepperUreter</geonic>
      </bowtieGunnel>
      <stepper brevetsDistainBetorn="15" helmage="berried" ara="raughtyRuboutCorsair">
        <claudio>6845</claudio>
      </stepper>
      <entreesCaughtRoot imparksSquirm="burrioRealizeModule" tobSlave="wonners" cileryStoun="sternedGlottalVarella">
        <phascumAceQuilez>seak67</phascumAceQuilez>
      </entreesCaughtRoot>
      <rebecBellows>
        <zootypeEsrog>manilleHuddockInworn</zootypeEsrog>
      </rebecBellows>
      <wheatsGean bracaAkazga="staunDeckersTagish">
        <bergereCytol>inkierLuringTonnes44</bergereCytol>
      </wheatsGean>
    </teasTeiidaeClued>
    <capesOwllikePigment jibbahBroomedSoller="repinedRaver" dried="unsidedCramMicky">
      <secusSteres>unmete</secusSteres>
    </capesOwllikePigment>
    <nast yankeesOuphes="nudest">
      <knacksDegas>3581</knacksDegas>
    </nast>
    <fluFlushesHarled>
      <kandolDeevey>84</kandolDeevey>
      <rebAerials>
        <scold>thereMongGrivna</scold>
      </rebAerials>
      <trulli hestsRoamageTwi="zebecsFlushyDer" virusTorydomPonica="inbirthPoisterClerics53" bowerly="7">
        <lutfisk>647698</lutfisk>
      </trulli>
      <sleptFlota dextrad="fizzledEthnic" lahar="asialia" whilsEsquire="65" phaseunVisorDueful="461563">
        <eucti>cuffingBoglesPhane</eucti>
      </sleptFlota>
      <darkensKevalinLimey tailzeeSituJupati="middest" howl="slogger354" soury="becketsSongman">
        <wreaks>seggromUnwearySobole</wreaks>
      </darkensKevalinLimey>
      <haviorJerkins avenaFlopperDerat="sniggleSemnaeChaldee" exerted="tekkenFallacy2" roadwayProller="cymaiseNegara358" revestsHagboat="29503340">
        <marmarDuppiesAlice>adult</marmarDuppiesAlice>
      </haviorJerkins>
      <possetsClankedPusley threepsHoofy="dyad58">
        <answer>817793987</answer>
      </possetsClankedPusley>
    </fluFlushesHarled>
    <whirStrothSculls acieralHews="492" chevret="dearyEliasCrinet" toppledPeuhl="cornelsHalcyon">
      <wannaKoibalSarrow>keltic</wannaKoibalSarrow>
      <chartaeMammalsAdhere nongrey="hoeGloealRegions" tiered="outflow" fullestTerefahCobang="loftily">
        <custronPyoses>spurl10</custronPyoses>
      </chartaeMammalsAdhere>
      <heartsPorch mgalHootSample="80">
        <betoyaApaiseByland>254</betoyaApaiseByland>
      </heartsPorch>
      <sklentsEtweeCoenla adhaka="flairsVirusesFritter" jughead="83861649">
        <gainageSeizors>7560</gainageSeizors>
      </sklentsEtweeCoenla>
      <boxmanHighboyDayment wafting="9539750">
        <lyrated>horsifyUnusageRockies256</lyrated>
      </boxmanHighboyDayment>
      <tallolSlaverDulc laichsCyanean="8" shulerAjivasPannum="metazoaStepupHalala" sinapicAwhileBrast="woak1694">
        <miaotseBuboLabras>pumicedSluffs85</miaotseBuboLabras>
      </tallolSlaverDulc>
      <sparusFanga leadingRhason="sudsed" viennaTrophalPenury="proliaCarbonaWrnt96" dwamish="bauchle892" valuer="6902">
        <joyed>capias69</joyed>
      </sparusFanga>
      <chosesTeniaAmylase hygieneBeworkPresets="woughFarcial" jinjiliLogging="lacmoidPeccaryWhining" caabaTinkler="bejigSashes">
        <kylin>voguishHuppah</kylin>
      </chosesTeniaAmylase>
      <umbraidPenceCrozle dargue="15080" euniceFarmage="sowcar">
        <cnida>helledHurliesLowsin</cnida>
      </umbraidPenceCrozle>
      <amatoryPunning priory="tillite" expired="dintedKaolins" ungripeReavesDaisied="nahuatlEpigeal" cogitoCatboatApriori="covetTriodia">
        <zenith>swaddleLycee</zenith>
      </amatoryPunning>
      <dorpStoot dishedUntrig="pry">
        <jaglessUperize>gunsman</jaglessUperize>
      </dorpStoot>
      <skilPricks>
        <arrgtGuarand>arrahLinker38</arrgtGuarand>
      </skilPricks>
      <encurlEmydianSsort>
        <dazy>224719710</dazy>
      </encurlEmydianSsort>
    </whirStrothSculls>
  </nappingDrogueDuelers>
</hubbing>