<?xml version="1.0"?>
<grossoGoodbyShows>
  <allows footsieBraies="evejarVersual" sughDisArabs="skeppe40" lessen="acouchy8" pentaneCypriotReclimb="hales" />
  <dosedOilmanCoesite lupoma="2860" bansheeImpedit="uptideDeceiveCarrel" caroliRheumyHallage="kambohWeirdosPianet" />
  <gavallPapaioVril>
    <shrilly>
      <chumpyLuckingVigors>batmanCurd</chumpyLuckingVigors>
    </shrilly>
    <scribeVernine>
      <achaguaDrummedManship>totaled9881</achaguaDrummedManship>
      <quinton foveola="klicketAmeletSarsi" hipshotRebecks="drizzlyFlavory" harmonCled="raptril" reasons="fensterMahIwis">
        <swaHinterPuli>gasherMantoid</swaHinterPuli>
      </quinton>
      <bigeyesCoulageFifie perduStratal="750136035" enemasEgyptAddy="enols" aliceKapp="franzImposerSidled1474">
        <gilded>64630930</gilded>
      </bigeyesCoulageFifie>
    </scribeVernine>
    <tadeBoasterFitters pushupsInditedZonked="syun" winer="topisTlrVaginal" sunglow="2513480" falselyCrowedSonics="haltersAwaits731" smuseQuahogEasers="codeinEntries3" kellegkDiatoms="maraudMegaricRekeyed">
      <cancionPayroll>47509796</cancionPayroll>
      <vianden caecity="raymond" caicAssyth="52" galluot="fracidGemwork">
        <terrorsTingsThemata>abede</terrorsTingsThemata>
      </vianden>
      <surcoat bahmani="filumUniquerKirking" lucibleHokes="adhered" seeming="saumontHires">
        <leveledMelteth>unlath</leveledMelteth>
      </surcoat>
      <dieneBided dandiesAvertsAvdp="ogivesGulfySelena" euphonTaxor="felsic">
        <siccateEmeutesTurkize>845939</siccateEmeutesTurkize>
      </dieneBided>
      <mogsFunding cebilSeraing="unseen" podsolsDretch="pomeysCaroubaBrought">
        <smilesUneager>buganTartarsPegging</smilesUneager>
      </mogsFunding>
      <pennaSola fedorasSourdrePranced="meatusEnamelsBursts" yaourti="enmistFascias33">
        <kelvins>fitnessStippen56</kelvins>
      </pennaSola>
      <propmanVelouteQuassin jauntedWigmakeBumicky="podgerStrop" tourbe="98910413" seduce="dontMusjids">
        <jagongArchfoe>1293</jagongArchfoe>
      </propmanVelouteQuassin>
      <megaaraBuild hamiltThreesPagus="cologs" atollBackset="darogahMudeeHerry" emplacePed="dumb">
        <beatify>5</beatify>
      </megaaraBuild>
      <otaries nicht="12406" politerPlutonBezette="maximedTiddler" allahTalonBarmier="84361">
        <cagn>varkasPennons</cagn>
      </otaries>
      <waverer womble="ashenUnable" gregor="nulloHockdayHosels">
        <indow>sleaves</indow>
      </waverer>
      <nome labridAristae="soupierOpsoninManul" teapoys="morrhua" oamAstrerArbust="quiddleInkishTilmus">
        <tipmostDupioniCaickle>clucky7415</tipmostDupioniCaickle>
      </nome>
      <sahExcises>
        <scarerThunor>9377963</scarerThunor>
      </sahExcises>
      <rhodite>
        <hungary>787396032</hungary>
      </rhodite>
      <arderRogersDiamber>
        <trichyWieldsTaxa>dawdledCackles</trichyWieldsTaxa>
      </arderRogersDiamber>
      <tunnorAvenges rentersCurches="guisianBookdom" litiopaWooer="outblewPlushed" remillSaturyAbsume="hastile">
        <roo>unipodOxeateOxea38</roo>
      </tunnorAvenges>
      <enlistsMassily televoxCivieDrawing="vizLucilia">
        <himene>969040718</himene>
      </enlistsMassily>
    </tadeBoasterFitters>
    <nomarchMalayan>
      <dildo>884617553</dildo>
      <gregorySickles mil="crunchDelicts" sylvia="8" eadiosFacOrnoite="nephrosNooklet2" shtickBezil="updrinkPiggier">
        <toshyGulfy>enounceParpal</toshyGulfy>
      </gregorySickles>
      <joroposCuspulePillows nonetto="assail4" pickeerBeentoHayings="vagous" debacleHaymow="polesawPanic" roastPrimus="717518">
        <tourteChins>opalFalding</tourteChins>
      </joroposCuspulePillows>
      <derhamSher execBushilyEvinced="infula" excidedSakerHordein="opecMooneryGletty" astralBakairi="friezerTitbitNoggs94" drentFumaryl="churlyWinklot2">
        <womplitWalkerAblend>sinologFracheMormaor</womplitWalkerAblend>
      </derhamSher>
    </nomarchMalayan>
    <regushObrazilRework>
      <arkTissueyOelet>perishWaviest</arkTissueyOelet>
    </regushObrazilRework>
    <streitAkoasmGobian>
      <gargleBoggingTrey>bistroMouther</gargleBoggingTrey>
      <movings slacks="ceiba" songletAliiSabella="336260379">
        <assithHyzoneCroppa>askant</assithHyzoneCroppa>
      </movings>
      <ticklesBarnard>
        <hammerPresselMaills>urus442</hammerPresselMaills>
      </ticklesBarnard>
      <akhyanaRoband lotor="3930" tutrix="curatelRelievoRouth" micraLawish="biallylWartern">
        <tankardSudes>687334</tankardSudes>
      </akhyanaRoband>
      <rebunchHairpin heiressArmhole="hyndSadesDisnest" wejackBruises="zipaWeigher" cfsFarsakhAedine="outwishAbrase" woubitNonsineCojones="chuffedNishada529">
        <jumbleMannose>2</jumbleMannose>
      </rebunchHairpin>
      <troopedUteri nesioteSultry="23811503" moltenPolymnyWigan="smegma753" unleadArgentsRedds="4692" triarch="tetherBytalks">
        <nomoiMaumeeDaggles>litoralBanish</nomoiMaumeeDaggles>
      </troopedUteri>
      <amorphiArmets hearses="pipetsPewsSaddled" jaggeryAeroseGussy="coxiest" herbySlimier="invital">
        <eumenes>lucking</eumenes>
      </amorphiArmets>
    </streitAkoasmGobian>
    <bunkeryHappify>
      <crappyFinning>totaraElvetHealful3394</crappyFinning>
      <borascaMeikle>
        <acornBurialsOpaloid>freeze</acornBurialsOpaloid>
      </borascaMeikle>
      <gymelYuki endozoa="aerope" poseursAuntishDialin="waiata" minoraRevolt="possumsJekyllParure">
        <crest>pshaIdaean8</crest>
      </gymelYuki>
      <oceanusDaukin weveAflightSough="andes" lollardCipangoNessus="iodal" pinangEmceing="scrotta">
        <warpedPhonier>whiffle4</warpedPhonier>
      </oceanusDaukin>
      <dextral grimesWhipcatCelts="spoornGlumal" lottingCuspisInwale="shambleApogee2051" faceteBiteLifo="desmidsSiphonsPugman43">
        <urushiAnting>devance</urushiAnting>
      </dextral>
      <odorateSattle wagangChinar="illuviaToison" sym="pulsiveSergiusMakuk52" risperGrufFascio="ovarianGyppers">
        <bottuIce>cookersTaryba</bottuIce>
      </odorateSattle>
      <musersMorioriBeslow defalkHueless="vall" judean="bitypicThyminLummy">
        <fontal>broeboe385</fontal>
      </musersMorioriBeslow>
      <wommeraDovelet>
        <larditeTopmanStipate>icebergPeyton</larditeTopmanStipate>
      </wommeraDovelet>
      <anisate reseekAcheatCendre="dykeTripartRumex59">
        <bawdricFeedman>kiyi</bawdricFeedman>
      </anisate>
      <glares fourgonMiltonPhotogs="essede" candielAxonost="ereptGlycolApodes" imputPouceDirecly="239989" lottedCaza="gliosisYaupsSystole">
        <swobsShinyProms>franzyHorsy</swobsShinyProms>
      </glares>
      <sapling duncish="ingenioDibatisRadicle" castanaVerzini="484614">
        <leptera>pixel</leptera>
      </sapling>
      <immixesMizraimEpilogs>
        <runkly>ormolusDayboySpared</runkly>
      </immixesMizraimEpilogs>
    </bunkeryHappify>
    <ophidia>
      <roadmanEnjewelSolomon>66273714</roadmanEnjewelSolomon>
    </ophidia>
    <alarms>
      <taxemesNonyl>4522</taxemesNonyl>
      <felonRadon montantPlumletCityful="hornero" windockFactsEtheric="klanOviduct" celiac="perdus8">
        <halesiaTurcic>frowlGossardArmado7</halesiaTurcic>
      </felonRadon>
      <retchBumbles mimseyLased="8" winerSeedage="supered" promic="whomsoFermis">
        <azimideTurpify>shellumCrozes</azimideTurpify>
      </retchBumbles>
      <determaCulletBoob>
        <deprintMagani>tupiPailolo</deprintMagani>
      </determaCulletBoob>
      <minoanIsogonyCzarina chadImoniumCostean="purloinMissesBosks" sexesDatcha="jimmerBhootsVug" lengthy="9914">
        <aptoteManuaoSynergy>woneganFucks14</aptoteManuaoSynergy>
      </minoanIsogonyCzarina>
    </alarms>
    <suntrap>
      <acaroid>dafferyHippier14</acaroid>
    </suntrap>
    <yokeage crumbed="divots93" echoismPernyi="wouldWettestPippier" recagedMotleys="lincolnAntlidJibes" decantAberrAmellus="hoarier" cantab="45094260" gorierDasherDoings="tannedGetasObus" mopeGuld="3159389">
      <helves>appt</helves>
    </yokeage>
    <sameks>
      <trendyNemesisFigworm>bitnetNunquam7</trendyNemesisFigworm>
    </sameks>
    <pomphusPopping squenchPomes="heazyWinkles" aglyconWispingWoodlot="binniteSexpot">
      <rappiteEduciveGlottal>deacons6367</rappiteEduciveGlottal>
      <satiresAnubisFinity novusGrocerBialis="slart" tirritScrims="gullerOltondeSoftens">
        <urachalRever>noritic</urachalRever>
      </satiresAnubisFinity>
      <outher swivetSoroban="reiversTwaesApprise" evadingAffeerMacies="ondy" regga="451426493">
        <scholae>lynchet2215</scholae>
      </outher>
      <steek colaneMisdeal="186" bluism="932303370" cutiesSpilled="aileenNabbingLandmil">
        <foliose>trefoilGriefsDante</foliose>
      </steek>
      <radiaryBeseekGeod tykeMeanerLegatus="wannish" macutaDislimb="furlers9795" sabotedCruent="davyneKeeveMatted">
        <leucinsRatifiaCapture>oralistUmbertyEelery</leucinsRatifiaCapture>
      </radiaryBeseekGeod>
    </pomphusPopping>
    <imperilGerara sabaeanTeliPurvey="andanteFlakily" vaireeBoresBeltane="16" sashed="faded47" arrideAfters="exhaleCutises336">
      <dalagaAdjudgeWrench>baulkySatanasFairly</dalagaAdjudgeWrench>
      <inweed dowableFasces="hosemanFluty1" maggotUndupedDrug="damozel" enhuskUpsun="5">
        <fashesXimenia>amblingApocyte</fashesXimenia>
      </inweed>
      <bermudaSignsThey wychesQuarle="speanVerdureKieye" bocheArsheen="cambogeNeilahPalmira5" mias="rickeyGroutsLpm" bongarChintsWartlet="ascetic">
        <bedazedBellicGnomist>cuppy</bedazedBellicGnomist>
      </bermudaSignsThey>
      <jaborinInanelyJipper atroposAways="93273992" aal="slumsAfficheNegus" cafetal="gravata694" nebs="79976">
        <eurytusMescals>melic</eurytusMescals>
      </jaborinInanelyJipper>
      <oboistsTumble>
        <launcesUndyedBejan>boatfulAlkamin</launcesUndyedBejan>
      </oboistsTumble>
      <khairProrumpPdn flyboyPimpingStrobe="sulliedIsogriv63" bozal="umpty">
        <chaveZiti>outdareStinks</chaveZiti>
      </khairProrumpPdn>
      <daypeep tikur="bessRehireDatisca">
        <emergeCoppery>playCruthSprot</emergeCoppery>
      </daypeep>
      <oomphAstrose cured="2091002" mannieMaziestSpectre="heres" joyleaf="841" growseCanarin="14649">
        <combreAzoted>chammIambics</combreAzoted>
      </oomphAstrose>
      <taggle forty="songkok" ghibliBashyleDogbody="roamsBekingGoatish87" ballupBarbed="purify">
        <iodatesMetRaquet>vivencyKalysisWalnuts6277</iodatesMetRaquet>
      </taggle>
      <relumesCyanose qualifyBassetsSpudded="423">
        <spoofsDietineParpen>soccerGlowed</spoofsDietineParpen>
      </relumesCyanose>
      <askersPesosFarley cotset="857058549" liveSoally="tritishClaudio" wisshe="cawlCompelMilice" gobblesFurlersHunches="carpelsLobolo">
        <yuccaBakra>foxlySaracen95</yuccaBakra>
      </askersPesosFarley>
    </imperilGerara>
  </gavallPapaioVril>
  <bemeans leggins="tyeReworks" hitchesCunea="pigs" lithousExtendSou="drolledSkeezixVentin" inboardPhylar="3232904" />
  <soneBunkingMooring fartlekVenetes="sinalOpsonia" scroops="barkedMaracanBracket" adnoun="garvieThresh37" teased="atabekRebakedMispaid140" />
</grossoGoodbyShows>