<?xml version="1.0"?>
<corsnedBarlock>
  <jucunaParsesFormyls bepatPie="90" untall="agilelyTrousse936" balersSmokierFaunae="dronesHogget3">
    <unampleUndullFilator larnGeebung="twibilsEnmistPotage431" withteeGuiltsYezzy="spidery">
      <detray>hexosanBraisedRodlike315</detray>
      <dent>
        <poot>6114466</poot>
      </dent>
      <foxesRufflesLeadman pincheCsardas="galtrap" stoonLabber="uriahStrikenSickest" comradeSaipBiased="katun" abbotsDiurneCapella="8667">
        <flakage>brahmanGlaverMelters622</flakage>
      </foxesRufflesLeadman>
      <lifersMiggs aspergePirates="scuffy8" rapierTokyo="apercusVagous" berth="86737" iconsNoesisRefutes="fangFoulage">
        <dowsetTodd>kikiSecular215</dowsetTodd>
      </lifersMiggs>
      <caeomaWedgies>
        <atemoyaScrimerFerity>pledgorOilery</atemoyaScrimerFerity>
      </caeomaWedgies>
      <wording kappieMeerkatJuggled="17" hardEcart="186294">
        <scunderToucheSooner>howeOutspedLampf174</scunderToucheSooner>
      </wording>
      <unlimp baggie="siversOfficio" shodeHashabWran="outbarkLepidOeuvre" allnessPermErudite="servedLondres9744" hydriaCleared="abillaMadhvaNoology">
        <tuke>913</tuke>
      </unlimp>
      <alemiteUsual nist="dourineShaikhPutrid9517" pewees="fallerStenchy" aeolina="superedDustmenMezuzas" allicinCalabarDurries="puquinaSmiths3260">
        <glintedWitship>rameesCopiedFluey</glintedWitship>
      </alemiteUsual>
      <gurkKinklyTucano fouls="domalPilafsProbers" sigmundMotlier="cummer6177" maremma="munshi25">
        <euectic>riataTatbeb</euectic>
      </gurkKinklyTucano>
      <moonack kongo="pretorsBonnes" patulinBorrelGeratic="errsLanced">
        <preps>polskaCahiers</preps>
      </moonack>
      <attaskZoogonyVehme talpoidEnthralAdvice="scuffyBrawns">
        <suiform>smokedNotoire</suiform>
      </attaskZoogonyVehme>
      <nexumFinisesTituli imidicRicer="chidesAngrilyEgypt" prodded="impactAdverbNosh4" dulcin="koumis" acoriaAngioid="haleru">
        <kneeShootsCompert>506730</kneeShootsCompert>
      </nexumFinisesTituli>
      <twirk caneloPantyGipsyfy="keelage">
        <atumbleDossmenBechern>740629946</atumbleDossmenBechern>
      </twirk>
      <patteLansa>
        <moronsChiver>penialSogerAuntie</moronsChiver>
      </patteLansa>
      <speltzTikes seraphsMistionPlexors="vefry" testisReives="95537334" ersatzCumbleButanal="footsyShrikes712" codbankFalus="85">
        <leveful>gads5</leveful>
      </speltzTikes>
    </unampleUndullFilator>
    <warp>
      <maizerDecoat>episodeRelinedCirsoid</maizerDecoat>
    </warp>
    <dugout hygrineBorleyScintle="engreenHeloe" fusoid="deseretSpluntMonaxon" infraDebel="ioniumsDemosesSolands">
      <bestows>weakest7</bestows>
      <hlqnWorming luciveeWigan="upbeatsNettersDush355" nagingOakwood="jauntsLadakhi1" garden="8" laulauSkiceBunn="oneillNeozaWiikite">
        <puranaZaberma>rubberAchen</puranaZaberma>
      </hlqnWorming>
    </dugout>
    <tedgeGunite>
      <toysomeLinocut>jitneys287</toysomeLinocut>
      <soury pianosaEupad="bunked" implyPudgily="gemmery">
        <fristWiikitePigling>eucaineIwearth</fristWiikitePigling>
      </soury>
      <ruboutSolates reline="donovanReamendCyrano6">
        <booing>unfele</booing>
      </ruboutSolates>
      <copsole eelwareUnroted="warwolfMelaHaick" cooledCouridaScouch="pory" hintersPolynoeGumihan="917223" sueviGoof="lutrinSteeksDarkly">
        <isinai>viduity</isinai>
      </copsole>
      <caqueCzar outmostTonga="10">
        <myoxus>rakersItalon3032</myoxus>
      </caqueCzar>
      <danskExhales crojiksDuitsSeance="cicadaBelierNakong2" usually="puisne" rings="rotateAlgum">
        <zostersVulpineAttent>blurterRomanlyCrank</zostersVulpineAttent>
      </danskExhales>
      <oxhouse clivAimedSplay="shouse51" nudest="culpasMascledHalicot" pupatedRustred="croci" ladensLineupsPreset="cabanaFishyFromage">
        <lbinit>pitayaDustier</lbinit>
      </oxhouse>
      <espiedVinier scungySiuslawBalunda="ellipseElitesChuncho" buoyCorach="endgame">
        <zitsRoughen>1768395</zitsRoughen>
      </espiedVinier>
      <trishnaBiremeUnwept>
        <mythosSoaring>agr4</mythosSoaring>
      </trishnaBiremeUnwept>
    </tedgeGunite>
    <days>
      <heezie>ires</heezie>
    </days>
    <isaiahClacker eyalet="slishBringedMantids" beloutRenegCaspar="getidFusibly" farcify="13455" lomaFrillManrent="kronos72">
      <celureFunky>dung2</celureFunky>
    </isaiahClacker>
    <jollies greeksToywort="panamasFoysenGuz">
      <tunis>bejaTzurisDrats1315</tunis>
    </jollies>
    <frosh>
      <dentingUntripeGemless>mappila</dentingUntripeGemless>
    </frosh>
    <deifierFoysenWemmy kikesMadres="arilli" likkerCanelosCodices="ceorls" rhodingWady="smatch" pickups="shied" clasts="gefilteAltify">
      <imbarn>wader</imbarn>
      <bennet spiculeSharkHowsour="mazedly" subjackRemandsOutings="sircarTendedTrilled" cordobaZurliteItal="revueSliestCepa930">
        <scarfyGarudaSwirled>meltithMuseist</scarfyGarudaSwirled>
      </bennet>
      <prelacyTubbieRestr slowlyKerygmaRosetty="careful" sinonMurries="talkPygopus" coopsSnaker="gutwiseGoosishBagnes" blueingBoyau="sampledSavolaSuimate">
        <chancheFlufferPlatten>feck4671</chancheFlufferPlatten>
      </prelacyTubbieRestr>
    </deifierFoysenWemmy>
    <bustianGainorWittier>
      <calzoneDewworm>analgicGunnerRapidly</calzoneDewworm>
    </bustianGainorWittier>
    <cockiesAnconadAmiral>
      <fantom>3105185</fantom>
    </cockiesAnconadAmiral>
    <lureful>
      <reaches>charismGhizite</reaches>
    </lureful>
    <efforceEftsPeglike>
      <barbsNiobean>bonzeryEpicureKibitz</barbsNiobean>
      <hilts dangers="3">
        <risersFanniaPapule>733931556</risersFanniaPapule>
      </hilts>
      <sexuousForearm fashingShiel="stampeeCommise" galaxHuthold="823122">
        <barundi>unfeltDagEnfork</barundi>
      </sexuousForearm>
      <dirlsTwinedBiz mildens="fundsSaracen" aerier="loinsCathern" pokeKirkmen="unholdPoufUrartic">
        <letristJecorin>54061814</letristJecorin>
      </dirlsTwinedBiz>
      <shikra eyedUnboxes="aaliiHastatiKikoi" murally="9056230">
        <bedrockSigrimPeps>dipoles</bedrockSigrimPeps>
      </shikra>
      <nigrine dowfartGranuleDins="16624270" beshellMein="seggardCilice" jefferyAntisImposer="necia" crineOdylesWoodish="8677439">
        <whoope>agadaRefallRefuges2172</whoope>
      </nigrine>
      <bertrum fileaGyrenes="344467" wormian="mazdurThemEsprove948" franticPhiesTublet="lisere" cineole="trainerChows">
        <alerionTisarAmidin>mangeyIsthmi</alerionTisarAmidin>
      </bertrum>
      <gassersCorcleSputnik wampishComarumSlipe="4678707" etymon="arloupVanishPhearse">
        <boulder>tallyhoAgazed</boulder>
      </gassersCorcleSputnik>
    </efforceEftsPeglike>
    <birdiedTorsionMastax laria="squatsGelees9" lamaJestingLerp="stubbedOrgueil" gaskin="civismYoker" wabblePentadPlumbs="michelAmbagesPsend" praySpex="schoutTch" amitie="reknitsChakobuScrite" inlookPiffler="ringerSpiny">
      <hacklesMescal>unmeekFunkySkives</hacklesMescal>
    </birdiedTorsionMastax>
    <callans bowyangLambadi="alditol5081">
      <darklesSensistItsy>azilutLitmusRookier</darklesSensistItsy>
      <koreish fremd="awsharCard" jarp="519" crisisSkids="whoopsUnroutMockers" podiumScantly="jactantEskarsViii6">
        <drafted>gibesLeaser2</drafted>
      </koreish>
      <ecartesTaha dishragRomano="lumpedPleonicMew9">
        <localeBatlerInfeoff>orillon</localeBatlerInfeoff>
      </ecartesTaha>
      <pask platensTorso="stuppRobalos28" smotterIbexesPullout="coaxingHexers">
        <comtist>kannumeStacked</comtist>
      </pask>
      <beakFellaniApozem nesioteCopulae="lomentsPampreCraned" solionsColmarsKnobs="kabs">
        <imbargeRhenea>667431</imbargeRhenea>
      </beakFellaniApozem>
      <riotingIrgunWickers tegNeedntFeels="2" cajanusTipoffsSharer="shrimpsSadic">
        <meijiOchroidUnspilt>egbertWomansMadtom</meijiOchroidUnspilt>
      </riotingIrgunWickers>
      <momento seckelRonni="catariaScray" sailedUbietyLoamier="6553177" reddingGambolsSaraad="smutEmballMilker" trigram="causerUpstateOlchi">
        <coaxingRecche>blats</coaxingRecche>
      </momento>
      <sacoForcerAblepsy consignColdish="taglock" woofellMoneysGascons="doomfulAxonia33">
        <wyndsSpaysYogic>bortsCymbelNetlike</wyndsSpaysYogic>
      </sacoForcerAblepsy>
      <cyanate>
        <pestful>669227038</pestful>
      </cyanate>
      <tenantsEquid>
        <diallelKonyakMousses>13610</diallelKonyakMousses>
      </tenantsEquid>
      <poleman limperReivingCetus="25" aneroidOcarinaLochi="wopsyInsular" ola="cimbriTramaBylaws">
        <shebeanBaubleOinked>agenda</shebeanBaubleOinked>
      </poleman>
      <dissertFeller rehood="66452" balutBroadax="toastMuddied" naosRealtorLucks="expededNosierSquire">
        <missels>wafAchapeCristy</missels>
      </dissertFeller>
      <ascape junctlyJarkBoba="4" rufous="michielSinatraCyclase516" dagassaQuidder="brodeeUnacuteJetport" bower="intagliLomtaMelon">
        <bettors>443100</bettors>
      </ascape>
      <embusk enjewel="77321335">
        <fatsosPaas>musketsGrimsirStewbum</fatsosPaas>
      </embusk>
      <kranKanoon bateteTorrid="benzoleAstheny">
        <serbianSalamat>7871333</serbianSalamat>
      </kranKanoon>
      <phobic gonerHubbleGrittie="1649181" dialyzeDefiant="cantyJorramRetunes" webster="bulblet" nevo="upway">
        <modish>packedCastory</modish>
      </phobic>
      <shikarDabbedVampyre swarfer="657673266" humourIntrudeWeasons="hotrodLumpkin" beardomSweetly="mocks" separteTex="gulfingSarsaUmbra">
        <maiaccaConjure>pudianoAuntsDoorba</maiaccaConjure>
      </shikarDabbedVampyre>
      <omniResawAudings>
        <pomeloOmit>lehayim</pomeloOmit>
      </omniResawAudings>
    </callans>
    <idantBourre>
      <arrased>ademptLiassic</arrased>
      <acholoeChuttieCorsair>
        <maestro>fordBebotchChequin2</maestro>
      </acholoeChuttieCorsair>
      <brecciaAzons slurb="tipePantryHelpers" favoursSargos="sedates" pesewa="diceman" touzleJurallySurculi="decadal">
        <anankesPalmyra>jacaminNappers</anankesPalmyra>
      </brecciaAzons>
      <tobymenMistype levelsArmadasChamsin="waddedTuts" sethNiobous="derridComputeSorgho" tamulic="bikingSeudah">
        <rallyPansideSpann>torpify</rallyPansideSpann>
      </tobymenMistype>
      <brillsGodsent birdman="unwordy" giggedAnhimaOpenest="2482339" atreus="dowagerExcuseSophia">
        <reannoySender>jeofail</reannoySender>
      </brillsGodsent>
      <dieselDedan dupedom="sudsingPayongFrontis1784" rotary="snyTrochus" ramrace="worshipFandPreside" lazyAyuyuGriece="festin">
        <kippy>4</kippy>
      </dieselDedan>
      <oneidaTittupy infimaTalcose="madonnaTambursValorem" maconLothlyFurnace="pizzleCocher" sinuateYoup="toolboxShahTaiyal" loudenMisborn="trapish">
        <abfaradUnweptCabrit>misship6468</abfaradUnweptCabrit>
      </oneidaTittupy>
      <funliCoggedUpbbore stickedPallaeSericon="631580386" intuentSimitar="910588736" diarchyClompedDistn="kaonTallesMoppets" ionizer="9498">
        <subtlyLysis>ectopiaWinish</subtlyLysis>
      </funliCoggedUpbbore>
      <legiblyFallenInhaul licketyRebaterDixies="trystedBitwiseUntime27" antrumsNervousTropist="harbBandmanLaurus" threshAbatageMasque="raggledPolista">
        <alway>zoonistArgolidScuft</alway>
      </legiblyFallenInhaul>
      <successJawbone beigesTooting="88" sussy="88">
        <slidSunyata>larker</slidSunyata>
      </successJawbone>
      <correlHazara>
        <aurifex>momentoCarrellWaxiest</aurifex>
      </correlHazara>
    </idantBourre>
    <hazlePelage debelDhooras="1099" rodentBindle="succourSolfa" seisingUmbraeCyprus="comdiaScabineKaik" yusBeydom="persicoTituliCrotch">
      <choopTimothy>sitio332</choopTimothy>
      <safen roc="8704">
        <yawnedAttract>rundi</yawnedAttract>
      </safen>
      <thutterSemisStripy reglowsDjeribEllfish="jaddedHunchedPignon">
        <craikBumboatCondog>tiswinTophet</craikBumboatCondog>
      </thutterSemisStripy>
      <lituate scogginBlosmy="870">
        <netiApatan>gabletQuate</netiApatan>
      </lituate>
      <timings voilesPuist="wefts">
        <erinoseSpatuleTrubu>firmersEntrail</erinoseSpatuleTrubu>
      </timings>
      <baddiesMeantUnnoble pentoseChetif="trocaTyrosylKerslam" decidua="ovenly" irredRicracDogbolt="127104417" baccharSobbed="derflyRebukesLubes">
        <hague>raglansGuglioMetros</hague>
      </baddiesMeantUnnoble>
      <pellian wrawlerStirpesHaafs="levulinPerkedFoozle">
        <terronTacan>9900362</terronTacan>
      </pellian>
      <monofilNeveSquirty>
        <usurersPulques>2033</usurersPulques>
      </monofilNeveSquirty>
    </hazlePelage>
    <dawks>
      <talkersDhoolyTarocco>cepIjmaa7065</talkersDhoolyTarocco>
    </dawks>
    <filietyHeliumVeils>
      <stibineCasha>paseosSailors</stibineCasha>
      <yeggman>
        <cariousSebat>vastsSheetsRotifer</cariousSebat>
      </yeggman>
      <knurryAwl exactasEgret="galatic">
        <jayesh>varioToxine</jayesh>
      </knurryAwl>
      <atribleClast pianeta="pereion" pahariHypogeeMotacil="topiaInst" chudPikeletGaspers="twiningSpraing">
        <espialBrendaUpmove>ablush</espialBrendaUpmove>
      </atribleClast>
      <paiche wombsAdd="136" jellyUncurbsResign="curledBjorne" abwatt="chinarFacings">
        <kyangAchroma>diptUseAgreers</kyangAchroma>
      </paiche>
      <patacasGrizel misniac="asaleJinkedFrugs" assortsRebutsNofile="fet" celliPerfumyUnwoven="66820605">
        <evolateThistle>17554688</evolateThistle>
      </patacasGrizel>
      <dogateGrataeEucrite gardensEnhedgeDoitkin="tapul" cremona="easingOollies3">
        <yagiCogue>6846335</yagiCogue>
      </dogateGrataeEucrite>
      <analyse resign="flakierWheft" miswire="67871446">
        <unbrickHolaChasten>quotiesNigglyRadiac</unbrickHolaChasten>
      </analyse>
      <matsueVamped moochFaysCowslip="gytling" pausesHundredVesper="telegRummySuntans" rialAgnoite="nepaliCheapsForte">
        <motacilBrahminWaxworm>biscot119</motacilBrahminWaxworm>
      </matsueVamped>
      <shallotSynemaGravid libelerDoesTrash="753815070">
        <thymey>1172936</thymey>
      </shallotSynemaGravid>
      <veilerAcetiam josserRuptile="beeherdDawksRinsed" ocular="cliticPyrenesLeys" syrinx="neighed">
        <cymlinsFunfestSend>858</cymlinsFunfestSend>
      </veilerAcetiam>
      <owser werooleFardoCakier="suborns" dangedUmbras="docsSkolly" quinyl="brendan">
        <fidoVectis>nestleLeaps</fidoVectis>
      </owser>
      <ahu>
        <pix>flannedBunny</pix>
      </ahu>
      <lampateCatclaw>
        <kimonoGunnelsGranule>43</kimonoGunnelsGranule>
      </lampateCatclaw>
      <drysneKasaWebster scrollsTetumSpiking="beersJustoGuric5290">
        <leyden>5</leyden>
      </drysneKasaWebster>
      <patholPokom anonFaroese="heald" globedAbiddenPpr="ramoon" succory="alcheraTarpContuse">
        <insideRaffiaSudoric>genua</insideRaffiaSudoric>
      </patholPokom>
      <whiter oxygasEmbdenRivulet="aefaldySuluan" maral="anoia" sinuousPaucalMouch="dureeEngorgeMilers" logieSpeaksSandals="bivious78">
        <zirakResoundLithy>anura83</zirakResoundLithy>
      </whiter>
      <mammothStade>
        <planera>bots</planera>
      </mammothStade>
    </filietyHeliumVeils>
    <bicesSuborn>
      <chinchTaches>hobberUnmixtFilmize</chinchTaches>
    </bicesSuborn>
  </jucunaParsesFormyls>
  <drizzly>
    <birseAnnelid>
      <toryizeTensingCourts>nixSushiHear378</toryizeTensingCourts>
      <lownHeaven ecca="rosalLugerSycock" dipt="rateen">
        <sphinxKirsen>fiats</sphinxKirsen>
      </lownHeaven>
      <heurekaLodMullah wastineGestate="unguealWicker" childSeptimeLoon="unratedTakhaar">
        <pincherTurnrow>slowingSouterMensual6</pincherTurnrow>
      </heurekaLodMullah>
      <hottieKellys gavyuti="90996603">
        <cummockTabanid>pawkyInvoy</cummockTabanid>
      </hottieKellys>
      <googlyJosDiether helotry="stanksBagnutRanders" vibioidGilguy="uintaAcidize">
        <azorite>subiyaTrinode</azorite>
      </googlyJosDiether>
      <huckle burel="kinchinOutroveFrames" rewindsMismoshSunsmit="274" doubts="pellaea" acylalLitzDivoto="wezen">
        <linaga>trama913</linaga>
      </huckle>
      <moner>
        <usationCanny>tyddyn</usationCanny>
      </moner>
      <pickaxePaisan reachFerinePulsars="whumpsPruta" arnebiaNetworkMedicks="4687" juviaScendAdret="maculaLaroidEnvaye" selvage="kadayanPrecoxDims">
        <costeanHexadeEmits>bastardManitusBundu</costeanHexadeEmits>
      </pickaxePaisan>
      <punta>
        <tangum>wochuaStiverMatzohs</tangum>
      </punta>
    </birseAnnelid>
    <pightelSwabsWlity>
      <shapesOogloeaAyapana>5055</shapesOogloeaAyapana>
    </pightelSwabsWlity>
    <arest>
      <cerusesCulchMondego>osazoneBaccara</cerusesCulchMondego>
      <foaledSprogueSaice brodSkinner="paunchEeleryMetra8">
        <alanPamsCouldnt>fittingCosmist</alanPamsCouldnt>
      </foaledSprogueSaice>
      <rabbleArpentSowish gobletsBirdmenTensaw="anaryaExodiumBidget" piety="typy" erinEscheat="aramidsCanfulsCeiling" aceticHaglinPunted="balkilyElatine">
        <gooneys>huiaAdages</gooneys>
      </rabbleArpentSowish>
      <umlandObiism tart="persona" pellar="25517441">
        <loanersAux>usefulPuggier</loanersAux>
      </umlandObiism>
      <felidae sacbut="aleshotActinia" brewing="blesserCundy">
        <unwaved>staresRunty</unwaved>
      </felidae>
      <torrone gibbetUran="jocular" tabacco="2032" argol="71" upseekFacts="raffeAcolhuaKinic593">
        <irrisor>eryxNeanic</irrisor>
      </torrone>
      <adipateAlpacaAhom tokingEnisle="hectorsTramfulAraroba" tamure="voyeusePureed">
        <subringOrochon>babylon</subringOrochon>
      </adipateAlpacaAhom>
      <masksFaciata previzeKeynote="oitavaPuttees" ratitesPalayanClinty="918891" aselarBastiteThester="1" anteedKoniniUnsnaky="cuifBaka53">
        <cestusStrums>flitterAnubin</cestusStrums>
      </masksFaciata>
      <ayapanaExclaim>
        <spearsCelotexCarving>wertPoddish</spearsCelotexCarving>
      </ayapanaExclaim>
      <hunsRerate engregeReclameOttave="soapingSlotmanWiros" dualsPraesesChords="49137" enocyte="malagmaDormieVerutum47" eppes="lioncel">
        <sleuth>weltingPulsant</sleuth>
      </hunsRerate>
      <uropygi dindledBought="alyssonSteeper" contin="redrag542" kirsch="roncetVizorsPlanet" hede="motsOsazoneAlipeds">
        <canzosTwinnedAxin>bums</canzosTwinnedAxin>
      </uropygi>
      <cephidRatedAdullam picryGeodalPrebind="2" luridlyIsodef="3323">
        <camisa>chinkySilex45</camisa>
      </cephidRatedAdullam>
    </arest>
    <frondGashful mongstQuillyLivier="588361782" cozedGuffinAceship="45" mashlamFores="metepasOneida" geisonOakweb="turf" hallanGrecoBrunt="nephite" gareth="cutinGwantus" sorbianSensistZoology="foys">
      <umlaut>duplonSolariaTeca</umlaut>
      <heads lichtly="colliesLoadImbute5" quinovaGobbets="tringleWithsay" cowersCumaru="hain29">
        <forearmAcopon>unlash</forearmAcopon>
      </heads>
      <quinchEntoil wedged="florasJowl" vaulty="beezer">
        <coronet>uncore</coronet>
      </quinchEntoil>
      <bergamoPosnet rockaby="percher" bulgerCanzosFlow="huttingWetters418">
        <bullishLadydomInverts>764</bullishLadydomInverts>
      </bergamoPosnet>
    </frondGashful>
    <keddahs>
      <darkishKnife>exscindGushes</darkishKnife>
      <moiresBummersScantly hokererSubdeb="4" nidedViver="nookedStewingWoes" patibleSaynete="86900" tulsi="432285945">
        <possesHexaceOutbear>woodsyCarapax</possesHexaceOutbear>
      </moiresBummersScantly>
      <vexCatted pessary="ouranosIrisinOutfind151" strakeRenewal="moment">
        <cwoFozierWampish>mundicDauri</cwoFozierWampish>
      </vexCatted>
      <zolaizeSuckageBoliche>
        <powdikeWizzensCockers>80830401</powdikeWizzensCockers>
      </zolaizeSuckageBoliche>
      <holidamBrokageFigured cerillaLoselryRat="uraniidSklent">
        <racersThecialClinal>569932</racersThecialClinal>
      </holidamBrokageFigured>
      <lionismLiamba cabberNetful="geicTwinlyZanana" joshi="nondark" incused="riantEcteron" prismsRelitGrx="broncos533">
        <pilgerEssiveAjuga>denebEdited</pilgerEssiveAjuga>
      </lionismLiamba>
      <duellerRosttraTansel moronSwissStriked="pandava" verdeQuernsCallow="crooseDrouket">
        <empyemaHery>seadogsSultry</empyemaHery>
      </duellerRosttraTansel>
      <guajiraRewoundSashed unbittSlogger="pellian" duelerTheasum="mohelsProcarpMellows4">
        <splite>jeopardSilenWitten</splite>
      </guajiraRewoundSashed>
      <macabiWishers>
        <snouterBiersDovecot>guemalYeldrin372</snouterBiersDovecot>
      </macabiWishers>
      <encarpi jazzbowArguer="pygoferTrotUroxin" prahmTarpeiaPuppify="pieticToppled" bespiceVanman="incantUilyLoper">
        <mamHombreFraus>lawterAmiableSerring</mamHombreFraus>
      </encarpi>
      <wapataPeers debugsChiaSouthly="skillyShatanVivendi">
        <tedderScreens>volaticOlefins</tedderScreens>
      </wapataPeers>
      <quag>
        <gastedEutexiaReport>ahs</gastedEutexiaReport>
      </quag>
      <linderaZer>
        <chiasKphSteno>kermessBreedy</chiasKphSteno>
      </linderaZer>
      <towed>
        <dels>shred</dels>
      </towed>
      <unbitArbutesCpi charmsTizeurOutcure="granthSurcrue" etcherPotash="equinusUnname" hadjees="knubblyDefinerFie" myxomaLogging="arrozTinierMedea8187">
        <carucalIngram>pushpin</carucalIngram>
      </unbitArbutesCpi>
      <lituBlunkerMystics porNoyadeAzido="aywherePreppieEnkidu">
        <arightRabbishThegns>520</arightRabbishThegns>
      </lituBlunkerMystics>
      <scraberBaleNootka yoeDohterMidair="inlaidTorulae" danaanAnnexRebs="1202">
        <guttula>pyche503</guttula>
      </scraberBaleNootka>
      <petalsJokierAreole drylyShrewdy="bionticIronmenWarbles" bedazedDugMushaa="263398113" aunties="soudan" yeel="197201">
        <clutterZests>96</clutterZests>
      </petalsJokierAreole>
      <farsakhCompsoa>
        <aroliaParrierOcypoda>cedis</aroliaParrierOcypoda>
      </farsakhCompsoa>
      <startsySured wrackerArnee="unnestMobbers">
        <boeotiaRippledAramids>changesGobs</boeotiaRippledAramids>
      </startsySured>
    </keddahs>
    <hollin comodoCanapesDryadic="milvus" frument="udalmanMozette" suwandi="cymarInfin2" atwainBagfuls="valvarAzotic" handcarReautePardon="8028" closer="giltyAtbash" accurseBoard="crustedAgists177">
      <fiberedAureola>carcass4</fiberedAureola>
    </hollin>
    <bathmanPitarah cadmic="folliedNikkudCough" exdieActine="creolinFancify9">
      <tahitiMashes>bleakOrchen95</tahitiMashes>
    </bathmanPitarah>
    <proms matsu="cooperyCurfRavager">
      <joltier>8568909</joltier>
    </proms>
  </drizzly>
  <mumeHoelikeCalve sundersYoghs="phpht" wolter="behangAsteer4" ourebisUntine="dimiss">
    <twinterPrineEmbloom>
      <tritor>bromize</tritor>
    </twinterPrineEmbloom>
    <spanishBrominFruity>
      <lysingAcmiteIonones>tames</lysingAcmiteIonones>
      <unpaveMoonmen tiffy="maturedApellesAgora" hallion="6164">
        <mummy>rutileZincumBangala</mummy>
      </unpaveMoonmen>
      <lads chacoli="dikastPigyard41" besmellLacert="253" ratheClankedAlmaine="assithPieridUndwelt20">
        <hunnishColumns>313</hunnishColumns>
      </lads>
    </spanishBrominFruity>
    <hoar>
      <usurperQuernUnit>burrer</usurperQuernUnit>
      <snakeyColder tikoorMouseySealant="963776">
        <conchal>holloasChalothIpecac</conchal>
      </snakeyColder>
      <lupis muckyDehisce="mannaia" shrike="recalls" sixfoil="ocyroeMarangKeepnet" veinyTwigEclated="tartine">
        <prussicTwittedOcuby>cepter</prussicTwittedOcuby>
      </lupis>
      <alaundCerineMummia parsec="konguDolmensMitrer" sparredSpoored="oarmanOutjest8270" pincaseSimpsFurlana="dograAllectProvola" glazy="amyeliaBogartMaul6">
        <ghetti>jelib</ghetti>
      </alaundCerineMummia>
      <babesiaGinnetBryales>
        <usedly>738</usedly>
      </babesiaGinnetBryales>
      <fleeing>
        <torsoGundogStoved>vireBittenColada</torsoGundogStoved>
      </fleeing>
      <gyrus rarelyOuttask="mazut836">
        <goutilySirup>6</goutilySirup>
      </gyrus>
      <pinnelEnserfs choleic="redtail" subatom="1603736">
        <bepearlSurtoutHistone>severeSclaw</bepearlSurtoutHistone>
      </pinnelEnserfs>
      <vickyMlx>
        <chewinkSpasmusRoo>57</chewinkSpasmusRoo>
      </vickyMlx>
      <bummieMoorishGnessic esloignMoitRetorn="noncomeDonjonUngirt" restabAroyntsKeres="7" jumpVipsReport="norelin5976">
        <bermsViscus>upthrew</bermsViscus>
      </bummieMoorishGnessic>
      <omenNotistFeigned pavisLabileCrura="pinata" schrank="emerizeLeedsMirks">
        <brujasLucerns>chiantiLeavens</brujasLucerns>
      </omenNotistFeigned>
      <replierThrailBlizz orchatHelling="28493">
        <bedwayHugeliaSuboxid>meazleHexamerPiemag</bedwayHugeliaSuboxid>
      </replierThrailBlizz>
      <commune darcy="litherUpeygan">
        <lushier>36259</lushier>
      </commune>
      <freathInning lamper="crooseFlingy">
        <acremenYahwist>4657</acremenYahwist>
      </freathInning>
      <rauriciRoomed shilf="hydropsIndoor">
        <aperiesAnhimaCadis>airfareKassu</aperiesAnhimaCadis>
      </rauriciRoomed>
      <outkillItaliot kumbiObligerGayish="clunkedTextMunsif" xenonsPondletDuffies="mooress" thea="7447">
        <tortrix>prieIbycterMadmen</tortrix>
      </outkillItaliot>
      <blastPiaffes halestAllody="recoinsSimiansExhibit" ciruela="lieverHastes">
        <ceilImi>adipoidAhom</ceilImi>
      </blastPiaffes>
      <stuppSeskinSeamark gatemen="satan" balooGuiders="auftakt" beloutRerises="niveousAmbry5">
        <diluteeWiddleRemise>sixtus</diluteeWiddleRemise>
      </stuppSeskinSeamark>
    </hoar>
    <bechase>
      <ridottoRazeingSaim>josses6540</ridottoRazeingSaim>
    </bechase>
    <ratablyUnfed regildsChartedHopple="tattherUnskinEatings" iberia="97932" firmans="debone">
      <tiddySpunks>asylumPresselGiddies</tiddySpunks>
    </ratablyUnfed>
  </mumeHoelikeCalve>
  <amtmanSconcerSattva torporBalling="dowve" glycicJingbaiNemesis="inlaik" pastilsMilchyRituale="triedBadchanFuscous" fenbankBrier="towawayBassos" />
  <eagersBummelSnirtle saloon="817408085">
    <virtualThyrsusBaleen basogaSufficeBarbets="viewerCuntCrows1889" eyeablePitawas="strokesUlmariaCyclas" marchen="lambingNog">
      <cheerlyVenaticRaiae>rushedDoucetTompon</cheerlyVenaticRaiae>
    </virtualThyrsusBaleen>
    <pokom juniataWetterCetyl="cakerChedersBide8207" lippingAblatesWasel="founce" holtElixate="falling" sulfasSeta="aeolusBivouac3" dewilyLooped="weenessDoctus" amusReflowBowess="disrate" hondasPickin="checkup59">
      <sanyasiLogway>nowness</sanyasiLogway>
      <butledPetrosaPeccary aliquotDeluce="528405" ceruseGobangs="8926967" patedSawStums="popodeCushion">
        <sinfulGildsMain>bogydom</sinfulGildsMain>
      </butledPetrosaPeccary>
      <mustangAbakas hypaton="creasy" musa="9877952" upridBearing="bramiaParkinCitify" dorbelHeroic="deckie">
        <seesaw>coxier</seesaw>
      </mustangAbakas>
      <eildCastorAhurewa sexuale="151649" pomate="granger" babuinaMulierHadder="loliumRitualCeleste" tenable="10">
        <savingSkirled>uncoredNighish</savingSkirled>
      </eildCastorAhurewa>
      <capotes outbulk="jugerum" dannieRennets="marathaCyanole" peachedSeiKellys="hurdlerSnippet2230">
        <miserlyAmahs>pailfulBainSubcase</miserlyAmahs>
      </capotes>
      <bowfinWarmup uplandKeithAngie="unslateBreaks" beulah="6" shantih="hichuBakshi" keap="chondreSubduce">
        <carobaTharenThawier>marmit</carobaTharenThawier>
      </bowfinWarmup>
      <shoranMushily revamps="ratelBeerage" naivelyDicers="oedemasBobberUnhat" adauntSumpter="9451677" fitmentFondestTyres="griddedSoakersBushy">
        <throatyDoats>syrniumVaughn</throatyDoats>
      </shoranMushily>
      <rufus lete="typiest" incage="maximsGulfs">
        <cabbleCampers>pocoson83</cabbleCampers>
      </rufus>
      <toralGreigeBhar adib="choresBulies" pronicSweensSkiers="29">
        <turnupLamaite>repawnElatha</turnupLamaite>
      </toralGreigeBhar>
      <peruseRutilesSwans>
        <katipoWittome>simarreBlowyWittol</katipoWittome>
      </peruseRutilesSwans>
      <houdan tripledIsolex="patsies" brace="dallanDarnex810">
        <monepicTorturePoco>5180</monepicTorturePoco>
      </houdan>
      <manolisWingtipXylenol>
        <quacks>kenGhi</quacks>
      </manolisWingtipXylenol>
      <whoosisTupi refoldZibeth="jimmer" filietyGoletDialog="wro4" reevoke="cummock">
        <sacbutsReburyFoisty>struisCoosifyAscript</sacbutsReburyFoisty>
      </whoosisTupi>
      <kombuMeridie outpurl="cimnelSympusNejdi" swathed="causesSturte79">
        <herbalsPradCarpal>1</herbalsPradCarpal>
      </kombuMeridie>
      <behootBowtellYurts birthPawkrie="summityRehbocLuffing" hazesCoignedMuskrat="iffierIncorrDuits">
        <benselPulers>233</benselPulers>
      </behootBowtellYurts>
    </pokom>
    <saltly>
      <concoctNewtons>violineRaspers</concoctNewtons>
    </saltly>
    <ajoureChedite tiroIbex="wooerOssific" endlong="65">
      <railsXystoi>vilify782</railsXystoi>
    </ajoureChedite>
    <uncubicSuidaeIph>
      <bachelEntelam>aucanerCharkas</bachelEntelam>
      <populus gelilah="8838323">
        <workshyLilied>98008614</workshyLilied>
      </populus>
      <granamCremoneKatana scappleLoath="11403" metiersDarenSuperl="koda">
        <tandourIttriaTabitha>limitedWindrow</tandourIttriaTabitha>
      </granamCremoneKatana>
      <tactus>
        <sequestHousal>coriinFuroleKie576</sequestHousal>
      </tactus>
      <amtrak glialGlycideForcers="weirdo1">
        <negundoYtterFibrine>607</negundoYtterFibrine>
      </amtrak>
      <graphedRagged phanar="coniferInconyDudley" hoarder="4678" bedfordThrymsa="234">
        <wadable>185353557</wadable>
      </graphedRagged>
      <reckingWadlikeLactean ventanaBundtsUngular="adulateBallone" wringerRegularAcetiam="cosieFloury" unlaughRiskyCrusty="polabRimes">
        <thrax>cabman</thrax>
      </reckingWadlikeLactean>
      <flukeEtchesEarbash patanaWilsomeShiva="5104" trimera="gytrashHerryCliche" locaHoddinDurio="plunkKnoxian288">
        <tannideBronchiBlowups>luteumPropons</tannideBronchiBlowups>
      </flukeEtchesEarbash>
      <outbid lakhZananas="grieveBalianVoles3779" cundite="catlin" pleach="araminaStarvenTrapish" hoppyVoguishGalores="algineWaxilyMindful">
        <almanacRoubouhAbsent>cheesy</almanacRoubouhAbsent>
      </outbid>
      <grantorWaddieFocally ribesGamelinKebab="poiesisGoalage" ugly="trumped">
        <jacamarFireboy>angareb464</jacamarFireboy>
      </grantorWaddieFocally>
      <donnismDungedAmp>
        <razeeZentnerYawning>incaSvarajsBroker</razeeZentnerYawning>
      </donnismDungedAmp>
      <durras pettierSleightHaick="bibiri" messtinFeudalShelley="deodaraSips64" catnipsSeven="syntanTon">
        <slade>bellboySmileHyahya5</slade>
      </durras>
      <atourLenape choomUnurnedCotele="280" isolineModifyRecheer="ochnaOhare" baelWaft="castroKaiYins">
        <glia>36336726</glia>
      </atourLenape>
      <zitzit lazarsTerrier="juicersAlgomic" simlinNidulusCondemn="reejectRamanChaccon">
        <dreeghAlveoli>72840</dreeghAlveoli>
      </zitzit>
      <aerotow>
        <argue>takings</argue>
      </aerotow>
      <luiseno elevensLancingUdalman="1772">
        <garce>sootedTiffy276</garce>
      </luiseno>
      <linyRament>
        <nicoloPshaSplenii>adelinaColyticMohave</nicoloPshaSplenii>
      </linyRament>
    </uncubicSuidaeIph>
    <reaBrehon uracils="49391587" skibobsKeyset="loselryWaufieTzolkin" frustumAdvowry="meedful" caids="sippedTetrol" acutelyCrzetteToyers="distalWedging">
      <kinkerReimage>bunnellGunjToxodon</kinkerReimage>
    </reaBrehon>
    <cathars>
      <keesAlonelyAirsome>taxy</keesAlonelyAirsome>
    </cathars>
    <anointsHunfysh widowsHurrer="lockianAdapted" pigmyUntimid="quesal" meileErrsyn="apogenyRockies" levityGrapnel="diketo" goldiEuphonPropria="alginsLouryVimina">
      <beslurPlakat>unsellAnsar</beslurPlakat>
    </anointsHunfysh>
    <wallies>
      <lutecia>cervixBooth</lutecia>
      <tabella martTempsFootled="moutFamularMtn">
        <valuePromitPronuba>emptionCalina</valuePromitPronuba>
      </tabella>
      <chiasmi pfx="blawortRettingCienega" ratting="vespidHirst460">
        <haddoProps>aonianMesiadGrummel32</haddoProps>
      </chiasmi>
      <clausPartook secund="882962" lanistaHoggee="kinhinKaliphs25">
        <fling>rhemishNidgeBeltmen</fling>
      </clausPartook>
      <tombackMothers unbluedFalutin="tilthSophsPatacas" unraked="kwatumaBawdies60" vint="veneerWhoosesPpm">
        <irpexEverard>redaub3278</irpexEverard>
      </tombackMothers>
      <undrawsThetics queingOvenmen="2928737" hodgkin="massasDeddy" cymeLydian="mynahChloralLamming">
        <dwaibleBaddish>3</dwaibleBaddish>
      </undrawsThetics>
      <eyebeamBlubbed rassasyBrickleWipers="dagassaMustees" smewsFaconneCallout="watusiRoberts" borrel="agavesPickets2" benchyBridalsWarble="resorbs">
        <papers>40268</papers>
      </eyebeamBlubbed>
      <gatesPapyr woibe="acceLandingChasm" jonquilDimerQuilate="finingWedbedDyarchy">
        <tremens>engaudRecruit</tremens>
      </gatesPapyr>
    </wallies>
    <caff>
      <decourtSangOofbird>tomtitGaut17</decourtSangOofbird>
      <climant teemers="wifelet">
        <bibbled>anaxone</bibbled>
      </climant>
      <frescoAcetars lueticsConicle="durBenniesSancta" merle="impressVirelayColove" endemicSyzygyDaturic="7222">
        <yaquiMinutedTricia>koumissFellers83</yaquiMinutedTricia>
      </frescoAcetars>
      <emender mirableCaloricAdpress="syboesMockeryBeery" bazoosRimmersBimbos="effund" craftSorelyWyches="riggitePsalms">
        <backieCgm>crag</backieCgm>
      </emender>
      <grozetBattue subcaseFilial="orris" unfondTousing="zoopsia">
        <typhose>malaxBesnowBeamer8779</typhose>
      </grozetBattue>
      <pajamaLive pannedSailersFonduk="drogherShinkin" gerateBeagleAzrael="vieBiallyl1" tonnishBriarGamely="tahami">
        <midrashPresets>curnieNatoFucoids</midrashPresets>
      </pajamaLive>
      <headlyBuxeous fujis="decking" eeyuchMara="58775" rortRejectJangada="decousuBingo" geomyid="lastexButanal6150">
        <alimonyGelatiaSkinner>midshipBagneVirbius59</alimonyGelatiaSkinner>
      </headlyBuxeous>
      <tyroKilimSprouts immovedNormsTillaea="missiveHassingAtocha">
        <pestisCimices>bwanaColen</pestisCimices>
      </tyroKilimSprouts>
      <shayBunkie smuttedPilikai="rigsBlood" claught="zayin" pekoes="surra" ywisScarpeMedevac="buffetFarNoric">
        <gharris>scamps</gharris>
      </shayBunkie>
      <phymataSlod outfeat="hyinglyObsOutnook" thapsiaFacesGoll="bremiaOustee" learnedHummerUnmask="stoledTulnicLimeade" emu="pantoumCushaws">
        <carvol>scoured</carvol>
      </phymataSlod>
      <kerseys derthLassikyFolles="meanlyZed" longbowMalatesExpanse="fauvismLesserCitess">
        <diaxonSmickerFellage>jiminy</diaxonSmickerFellage>
      </kerseys>
      <tymbalsTenures serranBrinjal="25" curcasOttererOutbawl="myth">
        <hoboismChalmerUnled>pitmanDullGovern</hoboismChalmerUnled>
      </tymbalsTenures>
      <swisherMyotony>
        <croiseJoyousBurping>bobbers</croiseJoyousBurping>
      </swisherMyotony>
      <ausuMelangeGrugous bandanaOrville="estoqueHirersAnsae">
        <atren>viralGuideSite</atren>
      </ausuMelangeGrugous>
      <lazilyKetineXviii murmurUnb="snowishDragsawKobolds41">
        <amidsSmutsKepping>crudGritten1</amidsSmutsKepping>
      </lazilyKetineXviii>
      <caracksMortsScud batsUnglue="disomus" yockSplakes="spurtedPersismBopyrus">
        <taririCollie>besselPostureSeawan7</taririCollie>
      </caracksMortsScud>
      <ranatra duadicHeadlyHatched="pridesErwinia" anciensDownton="kahaHerderThruput" diadic="boarish5621" obitalSalvoes="laitiesAvoureArrives">
        <refeedCoodleSalfern>23</refeedCoodleSalfern>
      </ranatra>
    </caff>
    <dornic>
      <soaken>hintedAssocie</soaken>
    </dornic>
    <downcutPuther>
      <butynSaggars>daisiesMahuaCoden</butynSaggars>
      <weer eremicDurrieAlicant="fleyingTholes305" hambonePrevetoSnarly="bazookaSetonsFidessa">
        <virbiusTaniteMoneyer>1580208</virbiusTaniteMoneyer>
      </weer>
      <flouncyRealist>
        <deparkPalaungHat>spicksMoslems</deparkPalaungHat>
      </flouncyRealist>
      <acronyxRatingSnod huiaHondo="crain" befavorIndowDoable="guebreForborn">
        <gloodOranger>couteauCystoseKelson</gloodOranger>
      </acronyxRatingSnod>
      <gohilaNeanicAzafrin cambletPebblyUnsoggy="3339035" neriPeakierSpiered="titular" stonenMaillsBinits="saddest" hubbubConcileEmprent="pternaNewburg">
        <kotwali>ardito</kotwali>
      </gohilaNeanicAzafrin>
      <uncapYfere billyer="keenlyYawner" pannadeIrishyZach="7191">
        <shukria>bestud</shukria>
      </uncapYfere>
      <ungood moroseUnbesetPotter="testateCivitasWigher">
        <vowellySimarGloss>saddled</vowellySimarGloss>
      </ungood>
      <allworkSanghoCitrene lungansSkelpitPomate="subbass">
        <sceggerGorraComl>190</sceggerGorraComl>
      </allworkSanghoCitrene>
      <aidantDelatedTacked>
        <novelsDekes>funestApheticCanna</novelsDekes>
      </aidantDelatedTacked>
      <recoupsBenchyKebbuck donnyIssei="gibbousPertish">
        <viresBradsotUniplex>lanely</viresBradsotUniplex>
      </recoupsBenchyKebbuck>
    </downcutPuther>
    <roached>
      <atheris>radek5882</atheris>
    </roached>
    <ecurie>
      <braveLanaiCryptal>ligneGimbals</braveLanaiCryptal>
      <spannelZizitScenes niaisEardrum="yarnedCrawly" revereTopSetula="foolessLiftedBulgers">
        <utmost>pluvineIgneous5338</utmost>
      </spannelZizitScenes>
      <healersHotshot abloom="rampYepelyGaucy" kendNdoderm="praxeanLaden" slurFizzier="weveClonkedUnfar">
        <jameson>slote</jameson>
      </healersHotshot>
      <gloriesGoofedSocotri ardorsGabbaiBrere="mittBalawaLatiner" wahwahSalolsFullom="ungrainImmundUhllo">
        <artilyBeluchi>malva</artilyBeluchi>
      </gloriesGoofedSocotri>
      <beheldUnrich ossicle="razesNursedGamahe">
        <chasseBlockAchiote>56278</chasseBlockAchiote>
      </beheldUnrich>
      <vinasHacklogLimeade hirableBlesses="blazonsCooeyedSippet" spireme="rigidHosiersTurkeer" corfTalkies="sinaHerdboyArarao">
        <putainLiquefySeraya>baronryMochas</putainLiquefySeraya>
      </vinasHacklogLimeade>
      <budges>
        <rebokeBhili>vowels</rebokeBhili>
      </budges>
      <chalina texases="punner6016" rusk="dhabbOnstandSimball">
        <shabSounder>13</shabSounder>
      </chalina>
      <jollityFoiler sloppedFurzerySevener="exodic9410" endures="bedeScyeArte327">
        <corupayRedlegs>tokesVascons6747</corupayRedlegs>
      </jollityFoiler>
      <nikonBanyaJapygid>
        <thuyaPercaleTedding>hettieIndusiaFelinae</thuyaPercaleTedding>
      </nikonBanyaJapygid>
      <tightsPunierBrochan toughieCochinsBrut="gesture" jellilyAmildar="23" cribbleCesure="5800" snipsFeridgiAcorns="kegsUrushi">
        <bohoAntas>piratyWrastle</bohoAntas>
      </tightsPunierBrochan>
      <prasoid robins="vivaxDeleadPeglike" diglotSamielDislade="quotityEnation" teazer="pianetaTzitzis" helver="asculaShriek">
        <williPeyton>blokePaisan</williPeyton>
      </prasoid>
      <gyving cippus="29108" bosser="9654" dipcoatSiredShekels="merleDoesnt">
        <djelabToluole>bepityAeriesCyanus</djelabToluole>
      </gyving>
      <stammer>
        <clevis>nougatUltionGrugrus1285</clevis>
      </stammer>
      <deals misimaTikoorWesley="piscina765" swampsInableKiswah="wowsery86" limeSuranceDairy="sackmanHemiope" prated="vainlyGoboAha">
        <turret>troftStolonsPretax</turret>
      </deals>
      <emptins indazin="zoarialHurfCabiric">
        <trochaPonteeDarogah>roundyTappetGarner</trochaPonteeDarogah>
      </emptins>
      <kouroiChaffNankins>
        <poisesNonfat>uphungCephalaRaged448</poisesNonfat>
      </kouroiChaffNankins>
      <brogue>
        <acnodeReliverBuriat>tavers</acnodeReliverBuriat>
      </brogue>
      <cunningBents>
        <topsoilTransRagwork>679730</topsoilTransRagwork>
      </cunningBents>
    </ecurie>
    <hahniumPhysic ellfish="swishyGarnets">
      <exactusOvateLayland>alphos</exactusOvateLayland>
    </hahniumPhysic>
    <cadencyOrnithOjibwa>
      <akawai>clechyLexCerine</akawai>
    </cadencyOrnithOjibwa>
    <turndunTaoiya iritis="clariniTopicsPiacaba" dunceryTokesScarves="sweeseAlbinos" elapse="iron" boonsEthicCurium="430" caddish="async" fobPardineOnker="ramrodJunctor">
      <aceBrazilElapses>excaveLochyDode</aceBrazilElapses>
    </turndunTaoiya>
    <minisub cumaceaSulk="amensYahwehWallah" spinesTalcumsAgility="961633207">
      <blesser>thaminLated</blesser>
      <shapsStrep yarrowsTeach="simplesCerata" ringyRemen="bakalei" speal="foozles5" nambe="cafesFerulasIddio">
        <fought>probitsRutylCabber</fought>
      </shapsStrep>
      <cywyddHunderQuilt>
        <orgeatsBirdmanPolt>rillyPurr</orgeatsBirdmanPolt>
      </cywyddHunderQuilt>
      <peixerePercaleUnken biggedMoldierAhriman="4381">
        <treateeWaylay>meadFlaucht</treateeWaylay>
      </peixerePercaleUnken>
      <juncoTachistGlioma snarlFulyieMorgana="banqueOrantesRatch566">
        <guergalLarvae>bodwordSerpent</guergalLarvae>
      </juncoTachistGlioma>
      <becomeEmeutes shinglyChowedAnds="novelrySmectisOlived" sincereEgardsGladden="henceLochlin">
        <yallaerAridly>380892708</yallaerAridly>
      </becomeEmeutes>
      <bites lloydSated="tudorPaharia8">
        <overtIntreat>yapokCripplyCaduac</overtIntreat>
      </bites>
      <redoutsHairdosRongeur tippyTrackedFeif="raashSpeosBlaff" purloinCollenSamiri="rognonsHumble6943" miconiaCamletBilsh="chienLyomeriAugen" tyche="parersMachanVolvate">
        <heliosFifthSperse>lux</heliosFifthSperse>
      </redoutsHairdosRongeur>
      <jeanneVesicle maja="4493074" moblikeLikkerPiete="ostyak" theolHelpsUnduly="cuscutaLegbarPfund" bufferRehoopDemon="doucker">
        <axlesAmvisDilker>bessiHillerHardest577</axlesAmvisDilker>
      </jeanneVesicle>
      <stoking>
        <cocardeGushes>unaidedReawareCrusado427</cocardeGushes>
      </stoking>
      <sunwise kyatsBached="greyed" quirtTrockedThurls="44" retools="antisexWootz" varyRgenKerat="reader">
        <furlanLady>keltsSumpman3</furlanLady>
      </sunwise>
      <oglesLadang jorum="18585678" turnipsRocsMinicab="2085810">
        <heatenArmpad>40910040</heatenArmpad>
      </oglesLadang>
      <guanaseLesgh>
        <mulitaPupilar>tael31</mulitaPupilar>
      </guanaseLesgh>
      <mannieTowboatSkeps>
        <triumfTarrie>explaitEniac</triumfTarrie>
      </mannieTowboatSkeps>
      <zonoidRuelle>
        <yankeesUfos>fanzine</yankeesUfos>
      </zonoidRuelle>
    </minisub>
    <hinney iridialUntress="lamaistCumolHistone" drugget="moggiesAtrypaEscalin356">
      <quaked>machinaTripel</quaked>
    </hinney>
    <tewAbut lessestBiocideRitter="rajputInurnDoutous" amebid="cartwayJubateReargue" remicaBarbel="bygoingKharia" miseFlenseSalpid="preuxToolsiBagging" goersPinto="nyxisTumbly">
      <vaumure>6420766</vaumure>
      <copitaMurrina abioticAmoraic="kthibh94" navetteFluteyHeister="choes">
        <grabbyKikumonStrewed>pechay</grabbyKikumonStrewed>
      </copitaMurrina>
      <whorlyTrikaya>
        <almonDiaperSsu>nichingEmuls342</almonDiaperSsu>
      </whorlyTrikaya>
      <inuloidWilson froemanAphemia="thymeCarduus">
        <biancoDefacedPauses>4452</biancoDefacedPauses>
      </inuloidWilson>
      <pouffes chukarsHalyardTone="signaDyassicDeathly2">
        <bloater>51</bloater>
      </pouffes>
      <bemeGuilts hopefulProtid="105681" dastardDermisWillble="farming" gambiaeSlayer="umbrielBrowses" runmanEpoxyGossipy="kloesseAkimboHayne">
        <shew>alantClaristIsotely</shew>
      </bemeGuilts>
      <carnify athymy="filmer" renably="winnerPetr" wauraMima="ylems601" spaes="octroy7872">
        <abanetZerdaVese>hormosScouthsLimpkin</abanetZerdaVese>
      </carnify>
      <machanMormoRebite fettlerSchmeerArgals="sarcelRattons">
        <insue>39604536</insue>
      </machanMormoRebite>
      <widdle takaoDolerinFaence="elegitGonidia" finjanMirages="excisedOyersFonder" dallyGiraffa="certesBumpily">
        <anele>41</anele>
      </widdle>
      <geastTronageRutin rodsEngs="heliosCatpipeBolimba85" lingoPiwut="terminoEscotExpy" eccles="ooscopyEnfinOgam" ker="tetraneTecuna">
        <catellaPublicTornus>apposerRepawnJoint</catellaPublicTornus>
      </geastTronageRutin>
      <germs limbedCodes="8750" commo="christsOuther" mouched="tourne" wormianHairup="530405">
        <fiercly>immesh</fiercly>
      </germs>
      <unteamChelaLinty signiorBalanteBinds="gatemenDwarfed95" pomade="550">
        <liassicSabine>keeperCebine</liassicSabine>
      </unteamChelaLinty>
      <awalimNestfulSizings uneathTimbeMyeloid="eel" sorbentSpooner="18" creeker="romanly69" spooneyAcrab="anticsMudded">
        <huspilFoveole>curbsSafaris9637</huspilFoveole>
      </awalimNestfulSizings>
      <chivyMellerAwaking minkeryLarders="68157104" ensober="75363" chucker="drover64">
        <ayneAzymousUnawed>devotDeyshipPonies5243</ayneAzymousUnawed>
      </chivyMellerAwaking>
      <komtok pomak="unwoundDaphne" loiter="shamirAccoyedAmy38" azazelTunganUnmitre="genomAbdomen">
        <billardScorers>stichic</billardScorers>
      </komtok>
    </tewAbut>
    <ambitusCfd>
      <yetaHuipilThrift>788</yetaHuipilThrift>
      <canulae odeBelayer="oozedOncotic" algumRichly="jellLithoMsg" pacha="adela237" gumi="hieraToxcatl4080">
        <gobianQuo>plenaFodderHosta5639</gobianQuo>
      </canulae>
      <latriaUlexMotocar>
        <inionRatansMandore>hotPigLances</inionRatansMandore>
      </latriaUlexMotocar>
      <dowser nicols="perjinkCanella7" senciThraws="26041">
        <holdingRaptest>4361</holdingRaptest>
      </dowser>
      <witlingYowesAefaldy porns="cheeses" buduma="grannyAnjouDigoxin" backjaw="833" sepiasButlersCanular="84">
        <rereadsMacaber>1231</rereadsMacaber>
      </witlingYowesAefaldy>
      <boyism>
        <nitellaGabbing>13605</nitellaGabbing>
      </boyism>
      <lippedSial>
        <randite>kwapaBarwin</randite>
      </lippedSial>
      <bywalk jeuClassicAphakic="dob">
        <astreamVagitusViandry>suffari</astreamVagitusViandry>
      </bywalk>
      <wovokaTapa>
        <nirlesEmbowel>hooshPryersWorlded</nirlesEmbowel>
      </wovokaTapa>
      <cheneau>
        <retomb>bobaNanesDatakit</retomb>
      </cheneau>
      <melodicDammarsCre>
        <fucateOvermen>narwalsJibbeh</fucateOvermen>
      </melodicDammarsCre>
      <abideBarileBops flintsPiankaGlazily="effatum" purfleBlunderStyward="lamaismRhymy945">
        <rehoopJineteTippler>humeriKuchensDkg7</rehoopJineteTippler>
      </abideBarileBops>
      <curvalTaillie duelloJural="320" trishawOxymel="thesisCoofFondler" cabinedBotony="suggMetremeKas" panelsNatchUpchuck="hatbandThrinaxAvijja">
        <repolonCaunchNoxial>328</repolonCaunchNoxial>
      </curvalTaillie>
    </ambitusCfd>
    <footboy>
      <thala>18988</thala>
      <strakyStayInclave agatePugmanBenu="loom">
        <zebecks>feedlotLysedLabored</zebecks>
      </strakyStayInclave>
      <tabernaKirk mungosJimperSupvr="dippedBulls2">
        <quoited>obdureTurtlet</quoited>
      </tabernaKirk>
      <snastyNeozoicFifths>
        <peeriesConfixBatete>apopyleSwelt</peeriesConfixBatete>
      </snastyNeozoicFifths>
      <jeofail oxidic="cleeksHollasRuga8590" nappiesArgylls="sorter">
        <faunaTamaraPilis>2</faunaTamaraPilis>
      </jeofail>
      <sowderSeasanSerta settos="muset" fasherOkinawaPrimps="scumberRevivedUnseams">
        <dunnage>portyDisplatPilpul</dunnage>
      </sowderSeasanSerta>
      <marries sudsierFujiPupate="deedilyTeuchSynapse" raviney="citoler">
        <spean>1813</spean>
      </marries>
      <rimateTanicaHorste>
        <withbeg>meioAngolaGrilly4965</withbeg>
      </rimateTanicaHorste>
      <asylaWaywardXyphoid>
        <deedboxSlakeImpish>350254</deedboxSlakeImpish>
      </asylaWaywardXyphoid>
      <umiri cydippe="flutingSpavinGadinic" pavetta="estuousProvect" wriggleAlchemDerats="2519" detteArrears="wendishLanceParotia">
        <whatkin>mensaeSysoutLuganda</whatkin>
      </umiri>
      <unzoneDrumlinPortas sybow="eros">
        <unwitsBacchusPutchuk>futuralAnhangHumoral</unwitsBacchusPutchuk>
      </unzoneDrumlinPortas>
      <chawnMoted>
        <shewelMartedNewelty>tillPersistBasion</shewelMartedNewelty>
      </chawnMoted>
      <relicsRichdom>
        <defamesFrett>90675832</defamesFrett>
      </relicsRichdom>
      <scrumpPinonesBasenet>
        <weigh>shittedColones50</weigh>
      </scrumpPinonesBasenet>
      <nowther piecingAkeesSeqed="arguerDropSickish" succumbPrepink="drestCuffed" showdom="cretifyCopra">
        <trusionTarkhanConnu>suitsClayed</trusionTarkhanConnu>
      </nowther>
      <wombier>
        <resaveSelfdomHecht>beigyPortassTiddley</resaveSelfdomHecht>
      </wombier>
      <unlinePerloirBilders guttledDadapFumago="groopVoluspa">
        <azofyReopen>fancifyTawed</azofyReopen>
      </unlinePerloirBilders>
    </footboy>
    <tertonExtaDeposal ovalityAssertAnam="xyleticMutistFitty67" monkdomWoaderFating="155450762" payableAiderSurma="bernooKelp" mirabelToyshopBonded="megaronNucule" celebesCoerce="23801" stk="10601" hanafi="vaumureLeuchClimax">
      <arroya>trevis</arroya>
    </tertonExtaDeposal>
    <falcadeTyee>
      <warwolfRevBarkers>5316</warwolfRevBarkers>
    </falcadeTyee>
    <astoundAgnel>
      <kopisHyping>61732</kopisHyping>
      <duelersSamfoo mopery="textureCeduleAmiga" manmadeHabitsDropvie="nonmanDhammaOhms" anan="rivetsPhenicIsomere" queazenMeanyTormae="godownUnto7235">
        <outvierSmeek>mutingCanchasMahajun</outvierSmeek>
      </duelersSamfoo>
      <oxynticRest thujinBluefinLetdown="nisan53" stepper="nine">
        <revueKibberTrehala>3</revueKibberTrehala>
      </oxynticRest>
      <seeks hoer="secretLaidXxv529" emmetsPiping="3">
        <fifishShulArche>49991</fifishShulArche>
      </seeks>
      <carrom>
        <culliesLinder>houndyPopsAlvus</culliesLinder>
      </carrom>
      <adeptAxogamyHestern syeHansardCiders="dizzied">
        <montPackerUnwhip>berberPig4068</montPackerUnwhip>
      </adeptAxogamyHestern>
      <osmolsClefsOutawed amiaRuntDrevel="theciumHeaded" eastersSpodesSeggio="linkier" malaiseEloins="vizir" toolingEpodesTino="nattleAuchtTaxing">
        <anodes>ferriCullisSkaldic7</anodes>
      </osmolsClefsOutawed>
      <betaxedScrewArtic caprinGlaivesUdalman="sakersBadiner43" numac="bunkerCrim9597" overhot="carbideForoldLogs">
        <blights>halakicGoodieSnouts29</blights>
      </betaxedScrewArtic>
      <freity sweltTemeneGanch="595018" josserRumours="nonprosConnu134">
        <tooartSorobanBeroll>poorestAtony281</tooartSorobanBeroll>
      </freity>
      <zootaxyAnconDoubled lupid="octette" platypi="5">
        <nordic>kitScerneHemmed253</nordic>
      </zootaxyAnconDoubled>
      <chyak adelges="5221366" buttingNanosecPobbies="37" maleicRaucityBarabra="whoot" macaboyEmbale="imaging">
        <lubbardSalpaVisarga>becChimane</lubbardSalpaVisarga>
      </chyak>
      <whally telangGaudier="suyogWhamp">
        <apparBels>zillah</apparBels>
      </whally>
    </astoundAgnel>
    <wishyAutoist easier="gingalSicker" favelaRewishPolab="5" dobrasLakiestNitrous="claspsReclass" rockabyComptedNorman="shirlAbbesReblown21" durain="awaits">
      <rehealOtaryApyrexy>lambieRestudySeagoer</rehealOtaryApyrexy>
    </wishyAutoist>
    <mincedUlminicFlyleaf banUnheavy="noxious" arentItemed="hissersEmploys" vimpaPrutoth="21058130">
      <biosomeJacana>epicLiven</biosomeJacana>
    </mincedUlminicFlyleaf>
    <hoofsEnhalos snoring="searingReannoy" bustic="builded76">
      <annoyerHopbind>841379</annoyerHopbind>
    </hoofsEnhalos>
    <chorialDruzeAmiidae quat="khotanHeadfulCaecum">
      <blatant>fibroinWagwag</blatant>
      <mammin mixite="foreribLidsGlady" topicGyarungJeg="bulger" occamyInjectsBultong="moochedDowcet2755">
        <acarariBevinedAumery>risingBleaks</acarariBevinedAumery>
      </mammin>
      <corrigeBelone>
        <tesack>endoverKitabiDupers</tesack>
      </corrigeBelone>
      <dunnestOutpourBerets collareMikadoWes="exhanceFrithyJambart" typeesTergalPulings="jazeyBanks" googolTln="sambukePurinesGrippes" aliasDivest="jimsonBiogens">
        <mousleOnt>neighStrigesNomen</mousleOnt>
      </dunnestOutpourBerets>
      <bucksawPulpingLarge colugo="raisiny" salus="92" foisonsMilkenPortico="heels" boots="volumeOnside">
        <yaff>79547369</yaff>
      </bucksawPulpingLarge>
      <doorwayAthymiaSigna geecheeEker="pulsionReatus">
        <cantyAllurerPargo>9</cantyAllurerPargo>
      </doorwayAthymiaSigna>
      <ahimsasLaneteBindis sylvansAutoputSwiving="gleaned" fagging="nibbingQueuing" outfledTatther="gravTillyHolk">
        <brimingMalady>tochSaguingSellie</brimingMalady>
      </ahimsasLaneteBindis>
      <swabMafurraCrusty lipread="epigene" suevianApalit="yarthenAntientHosiers" sinewJaalin="zitzitBedadJundies" antigunTexan="wreathyRivaled">
        <inspirePhellum>57013036</inspirePhellum>
      </swabMafurraCrusty>
      <cuppinManedBaulky>
        <femmesAssistsRecedes>kiloton</femmesAssistsRecedes>
      </cuppinManedBaulky>
      <gorge sungha="raunchyUnrank" beshineWarmers="hempie" glaukeIowan="bluecap" nicher="spitterChurelScarcer">
        <urenaWittier>curably</urenaWittier>
      </gorge>
      <mitosisAmbatchTrocha unfattyDanios="monierRemoverTeazled7" cronesWakoreCheaper="creeshRefugesSalten" talons="uxorial" tritomaTarairiParing="580">
        <kvar>elihu</kvar>
      </mitosisAmbatchTrocha>
      <coloniPositor>
        <turnoffOversetAriot>ratafiaForworeBabion</turnoffOversetAriot>
      </coloniPositor>
      <henbits quahogTyr="nyssaElytraSwabbie">
        <punaiseCaraipeFremd>daivaBeslur2777</punaiseCaraipeFremd>
      </henbits>
      <bussesBirdingCitrals salmiacDoumaSwarthy="693" mottler="mawky" caratSubbed="sylvageSnath">
        <barde>nomoi4</barde>
      </bussesBirdingCitrals>
      <hilltopSeepage>
        <josMadnepZootype>chaetalRawhead</josMadnepZootype>
      </hilltopSeepage>
    </chorialDruzeAmiidae>
  </eagersBummelSnirtle>
</corsnedBarlock>