<?xml version="1.0"?>
<bowls>
  <homarusSlop cuttailFitful="9364441" dumbsStriver="pastinaDozzleCuing" kempas="rotas9664" beadyUnleadsBumfs="dodecyl" />
  <evecticAcrobatFibrose nativeGrindle="anatomyWanglesSteely" cro="mogadorCharpit" bide="pokiestGlade" goboes="568355">
    <crypted>
      <kongGenies>994</kongGenies>
    </crypted>
    <tzetzeNighsOot>
      <zuccoShroff>coxiestVinci</zuccoShroff>
    </tzetzeNighsOot>
    <crasserFloretsBouquet>
      <anniAggie>silencyIsoximeHogship</anniAggie>
      <semitaeQuadraeMaratha addaNardineTomcats="djinnsHgtJagging" casson="bester" maclesOctopod="bolusOdzooks">
        <cochonGoemot>9933431</cochonGoemot>
      </semitaeQuadraeMaratha>
      <intentOutword kebbyThiramPricier="chymicSolonsWafters" eugonicBeclangMarlier="conchRewrapMinium" knarlBudukhaReveals="17694834" allasch="6966">
        <repaintDimiss>starlitWebbing485</repaintDimiss>
      </intentOutword>
      <dimmersDegami meltethElfish="bubBalita" valorsRoguyAmdahl="opensUnusualDrammer" fishersHectorsVantage="argents">
        <mideastSidebar>1257671</mideastSidebar>
      </dimmersDegami>
      <kolea bronk="686186" unugly="899397" mowersSavedUpsends="eduardo">
        <chutzpa>sutoPemphix</chutzpa>
      </kolea>
      <oakesia>
        <mouldyNix>bullockSkibobsStanley</mouldyNix>
      </oakesia>
    </crasserFloretsBouquet>
    <woodineGuakaSpore clashStictis="2957959" juvenalFilmerArshin="jostlerAzoth" selfism="umbraidFulmina" alumBikersQuabird="nearingUranusDrona">
      <zedoary>qabbalaLawbook</zedoary>
    </woodineGuakaSpore>
    <saladeNelsonTeasels alvinaMariolaWitoto="6" cephidMoet="seecawkDevove4" rosiedWilsonLiker="73816" quart="tomrig28" cravoAmetria="smalmedIndeclRelines" herbageVidonia="4" cenRotter="buybackGuppiesGeod38">
      <fledgeCajoled>9</fledgeCajoled>
      <grimsirSvarajs phyciteBenzoleVaagmer="gravicPeelsFiance" wacKickySunns="wheal" exciteStridor="trefoil" wickets="lutherApiator978">
        <nonicAnginaPhloxes>beaterMisos</nonicAnginaPhloxes>
      </grimsirSvarajs>
    </saladeNelsonTeasels>
    <sowlBafta bossingCesteOnces="762" sidled="misbornRicardo" onzaSunnier="obiaTacet">
      <galegaPahos>besin</galegaPahos>
      <pontistCulrage populusPhasmEpigone="gaggerAlexiasWhop" serra="kahiliGcd">
        <rhombos>incomer89</rhombos>
      </pontistCulrage>
      <parine bucayoErade="randoms" crosse="subget632" marxBeray="64955" cassinoJagrataMuscule="boeBlotchQeri48">
        <listerFormene>macularClayedOlent</listerFormene>
      </parine>
      <errandsCanalis belfast="antsIndultsDwyka476" motoric="hutchieScrappy" pureyBegazed="34665570">
        <vanLabelerScoters>toluateSaggerMatthew</vanLabelerScoters>
      </errandsCanalis>
      <tiplessPyrenaHummock danaiBeata="32" pomardSixteFitchet="unupsetAspatiaLac" portify="enemata">
        <sestiadGanner>pinkishNaiskos7536</sestiadGanner>
      </tiplessPyrenaHummock>
      <sagasRooingCapouch bubalRaceme="ideates" boxmanTraders="bundleSorners" turpExiler="floret">
        <cueHordesNatale>shotmanBandman</cueHordesNatale>
      </sagasRooingCapouch>
      <manos>
        <euchresEssayAmarity>vaguios</euchresEssayAmarity>
      </manos>
      <osela strail="himneTyphons" cecaScientPulpy="41674920">
        <tutballDumbestAppale>9</tutballDumbestAppale>
      </osela>
      <fimbria bateau="retimedWergelt" becurstBuriersMayvin="ababdehReequipJumps" gargetyChampakEdenic="triflesBiolitePomeria" dikersCornyMudir="eroticSleeps">
        <pucksey>hakoNays</pucksey>
      </fimbria>
    </sowlBafta>
    <lignum>
      <aporiasSheath>7</aporiasSheath>
      <crisper geldersRetomb="whits" moneralHyrcan="schone" kefEnlaces="adagiosWartletBeseam">
        <outstay>erdvarkLoller6208</outstay>
      </crisper>
      <foehn wetchet="trow" generic="dagmar" estreAsseourSial="middenTardeReduct625" drabber="holks776">
        <stereumHyphal>38175</stereumHyphal>
      </foehn>
      <oftAssertArdisia>
        <cortaCryptal>automenBrayedEttling</cortaCryptal>
      </oftAssertArdisia>
      <heitiki medimn="pacify6635" quietiCambaye="cupula" riveted="kronenSeaport" deboist="hogweedGaupingDogbane">
        <jing>taffety</jing>
      </heitiki>
      <horaHoker pokeyLegatedWonting="sowfHuer" mariCatalogBriards="mullingHolibut">
        <nursed>hookahsGaolageYirth</nursed>
      </horaHoker>
      <kempt wrabbe="puniturWenched" diolsSunnasInmore="bleaks">
        <crosierGuige>jundiesKyke</crosierGuige>
      </kempt>
      <satai arrased="useeDoggers" chirkedWeetedArgons="dawishLeachUmgang">
        <streyne>fouettIridian</streyne>
      </satai>
      <hankPreveto extimeKippedIdolous="tarpeiaNohex6908" batletCroupesUntrust="kainsFeil" voledHymenalCaickle="722376" judokas="aloudCockersTng">
        <marotteEvzones>coolantMewlHoeing</marotteEvzones>
      </hankPreveto>
      <gnathicKikongoNautch panty="tipisInvoyCircled1599">
        <vatting>slathAsleep</vatting>
      </gnathicKikongoNautch>
      <bollyFacialsSgd ungularPavois="runtedRajpoot" spoach="refete8893" pitocin="sludgeQuinet" ordinee="suptionMorsPolice">
        <tinsels>1132982</tinsels>
      </bollyFacialsSgd>
      <dynodesScoffs mailmen="rooftopCerule" funds="weirdlyCotinusArctian" pucesAmula="clambVamping" sort="aplombChouleRobbed">
        <shuts>yocked</shuts>
      </dynodesScoffs>
    </lignum>
    <chairsNummus>
      <farmeryTarapin>sabayonSimilesHesped449</farmeryTarapin>
      <dissoulPistilBarit>
        <venomedPterinsViti>masculyNatalie</venomedPterinsViti>
      </dissoulPistilBarit>
      <puckrelPuckery>
        <trilobe>estRockoon</trilobe>
      </puckrelPuckery>
      <systyleDernly gaviaeGalpPurfle="helodesManward" embalms="rehoneZincaloFacet8522" wimSingesInsculp="hola">
        <posiedTaupouOuzel>cynodon</posiedTaupouOuzel>
      </systyleDernly>
      <binodal>
        <kettrin>reclame</kettrin>
      </binodal>
      <beinked mesarchPotamicBefop="ansarieThumber" bacuryNeascusCaseins="surasGibes" outwoodIxoraJudos="shortyFestaeVinland">
        <garronsTaste>newtonsThenageChaffed</garronsTaste>
      </beinked>
      <tinesMali>
        <unawakeDrunkenReseda>sestinaInvenit</unawakeDrunkenReseda>
      </tinesMali>
      <blocks unwinlyPopish="spheryDiosminAvenida83" bogwood="unthankKeeveOater">
        <flentesMise>negateLumpedClinics</flentesMise>
      </blocks>
      <gillingTetonToited gnarrAcids="genetic" votal="todusArrestsSwick">
        <fundZarema>kotal</fundZarema>
      </gillingTetonToited>
      <beclartWhitishBirling undrew="overfag" tacosRapperWing="gaolerAjivaHagbuts" scabbedPreideaEssang="remodelQuin70">
        <boid>hilsahFala</boid>
      </beclartWhitishBirling>
      <etaerioTempuraBushwa>
        <hulkageZombie>sunken</hulkageZombie>
      </etaerioTempuraBushwa>
      <fcpCanchaClavers>
        <pretellStipeSilver>spinsPackallChalk</pretellStipeSilver>
      </fcpCanchaClavers>
      <solodiAxine peatery="235779448">
        <toisingAnticksCentos>baieraSalish335</toisingAnticksCentos>
      </solodiAxine>
      <undustyEthnicLoamily hahsMismazeUpprop="eyelashHoofletOverdye" bifrost="159" ling="pylons" befloutGunsterVinyls="aminded">
        <cymlinIrisesExults>142247</cymlinIrisesExults>
      </undustyEthnicLoamily>
      <emda fetorsSewedPecht="atlatlGooksConfess">
        <catfoot>yeansPusesOctants</catfoot>
      </emda>
      <unbasteEmbosomNritta>
        <hymenic>jitterSnirt</hymenic>
      </unbasteEmbosomNritta>
    </chairsNummus>
    <exotery>
      <ochranaUpgrade>4263</ochranaUpgrade>
    </exotery>
    <monomer kohlEchoes="antwisePretold" untidalTinkFalun="757109" finaryDataset="slummerDooket" tramaSidles="offal" lullaby="moatingRest">
      <hoosh>queysLippedTele</hoosh>
      <paeanNillRiverly sniderSynura="bakepanArcanum" unrazed="manuma67" sagesNovoPewees="spirketHabitus">
        <snuffer>8907</snuffer>
      </paeanNillRiverly>
      <toph thoseWrithe="legumesKatipoNosairi">
        <gormed>ciphersFleckGarston</gormed>
      </toph>
      <viqueenQuitchHuron pumpage="shoalyUncoftPrado" lulavs="littleThinkIrving">
        <impaledPinealSlower>agapaeSnaggy</impaledPinealSlower>
      </viqueenQuitchHuron>
      <elenchMaltha cacoon="defacesOlinia" solen="chadarsImbase" wips="tatarSwankeySitz">
        <baddish>dureneInning</baddish>
      </elenchMaltha>
      <orleBridled arrect="unhighPerseAxonic" zests="835492">
        <moodirUnridInfix>plumbog</moodirUnridInfix>
      </orleBridled>
      <splurgy gong="unladesInorb" lipinsLingsLegmen="slaumSlour">
        <dutiedMacacus>without</dutiedMacacus>
      </splurgy>
      <rivBebrine rockoonUnrove="anionicFacier" oblige="equine" egiptoGateage="80">
        <stoorey>unice</stoorey>
      </rivBebrine>
      <yakimaDaunchWife matreedTaplashXenurus="wheezerPingueDekko864">
        <netball>125</netball>
      </yakimaDaunchWife>
      <exportsRayonneChinin pinas="5" dirdWastedMaun="40315062" brayerCaffoy="revoir" nougatOxidic="czech">
        <powwowsHeygh>illnessMerisesMiaow</powwowsHeygh>
      </exportsRayonneChinin>
      <cartwaySnobStangs>
        <mabiFerryKitamat>sandbarSongish</mabiFerryKitamat>
      </cartwaySnobStangs>
      <tagalogWilier flurtDepe="eyeflap" alcoholRadonsAgouara="demand">
        <gomerilCusie>redoubtEftsMoxie8969</gomerilCusie>
      </tagalogWilier>
      <matinee kopisCorsesAzlon="coapts" dobbinOticPloying="amuyong4">
        <sadhika>701</sadhika>
      </matinee>
      <waiversMpbs dampsFernyMannaia="paguridPacquet" wauken="druggetFaintedWayfare4" cheapoUneatenNightie="yukkedCrunt" erepticNaughts="sowers">
        <studioNapper>yoginisSpearerStumor</studioNapper>
      </waiversMpbs>
      <rebXylina godsonGuaricoRahdari="skeoughUnamiss" unhuman="simarreBayElding" colossiToilesCease="1484169">
        <dipsoShoneenHaemal>metalOleates</dipsoShoneenHaemal>
      </rebXylina>
      <densitySeasBlanker bightsLionism="252231" sauted="7620" lashkar="unwinkNavarch">
        <overseaMastyPawner>1422</overseaMastyPawner>
      </densitySeasBlanker>
      <surgersTucana>
        <auraeMisty>avenida</auraeMisty>
      </surgersTucana>
      <defects flaker="dittoed5474" gangliaOhmageThyrsus="starfulLoppierWert" bovista="soireesCuvage">
        <ricingKaiserBiddy>predrewExtentsShapy</ricingKaiserBiddy>
      </defects>
      <surrah clamorsChangesVuggs="queysTowzieShtetel" rehireCosecs="affrapUremicFrim" decrescMushlaRented="44" cackle="praecoxEnskies">
        <sperket>tuberinPurreeRuntier</sperket>
      </surrah>
    </monomer>
    <chirkedFragor pulgada="7" flanEnpiaAnetic="stinks" tharf="aecidiaBodkinDineric" brechamGoddingJasies="bronkCydippeHalfly">
      <talayotEnigmaNain>7694</talayotEnigmaNain>
      <glucidInvictBiggie isodrin="aufaitHumulus">
        <genipa>woneGnomic</genipa>
      </glucidInvictBiggie>
      <maugisCumquatGoetia upkeepCavalNatalie="tenuate972" ignotusWaukedSenvy="olamicMoyle">
        <sieurs>3</sieurs>
      </maugisCumquatGoetia>
      <humaBracked>
        <revendFalkIsohels>545</revendFalkIsohels>
      </humaBracked>
      <bondmenFuglingEpinaoi>
        <gertieGurlyImmixt>echard</gertieGurlyImmixt>
      </bondmenFuglingEpinaoi>
      <knifers cons="cortaGuanche" extorts="deliria" ogreishCosineBiocide="naether">
        <chelemHenneryTiderip>pewTensoDecree</chelemHenneryTiderip>
      </knifers>
      <whoppedSlavVideo>
        <rewarmsNymphicFrousy>86423505</rewarmsNymphicFrousy>
      </whoppedSlavVideo>
    </chirkedFragor>
  </evecticAcrobatFibrose>
  <baetuliWisher />
</bowls>