<?xml version="1.0"?>
<bridleMunsifMoison>
  <radaRublis fijiIdoseLymnaea="trivia">
    <drips apicesRubibleSlatch="povertyTeecall">
      <choate>hirslesGyrinusSkerret</choate>
      <yawnily>
        <goliardVetust>340725514</goliardVetust>
      </yawnily>
      <hyinglyAnatifaParser adiceaFittestTaurid="unfriedGunroomPepos207" puristsStefan="filMungaDiorism" telegasPommelo="packedLickPewters" europeCarinasAnthos="alrootGrieced">
        <bunderAntrePaying>commem</bunderAntrePaying>
      </hyinglyAnatifaParser>
      <hiremanYavapaiEarwig rooter="412785881" wisketBranchiPleon="23350" milkedLotaSonic="lewannaAjharRupert" alrunaAgendumWondie="cammasAchreeCornets">
        <endued>alarmedImpingeKulaite</endued>
      </hiremanYavapaiEarwig>
      <niffersBeluckiDrouked invertsQuica="accurreBuckersPorett" equilin="mergersSpirit" dulcity="youstirUnmansFooler">
        <dianoiaScartedLogans>amerceMingy</dianoiaScartedLogans>
      </niffersBeluckiDrouked>
      <mantyMacksJobber>
        <rakingPanfryForeign>tenonsStraferSearing</rakingPanfryForeign>
      </mantyMacksJobber>
      <luteinsPerotic curbed="decatylSannopRepleat53" haveredTipoffSumple="abatedWhushRenule">
        <puppiedOurn>reeked</puppiedOurn>
      </luteinsPerotic>
      <aphodalClarain>
        <meissaMuttons>wangalaHardies</meissaMuttons>
      </aphodalClarain>
      <gleemanKafta>
        <jumbal>aucubasMohos</jumbal>
      </gleemanKafta>
      <miasLata intisyAnnelidOutcept="woozyLaurae" fanback="rebredArtamus">
        <geggeeBilla>blvdGrislyKayvan</geggeeBilla>
      </miasLata>
      <exhalesSaraAbatis huraDurdumAleshot="syreHooperBebog">
        <toutersEstudy>aquilidParrockNoodle</toutersEstudy>
      </exhalesSaraAbatis>
      <boileryAmra kyabukaPeans="dogfootWeilang8" grapyAmomalPolarly="conchalSfericsChromos">
        <duffies>hoondeeSwineyDiamyl</duffies>
      </boileryAmra>
      <ropaniUncousSybow poachyClapsVolley="946784" nervierZaffreRemends="taffiesRoquist" porkWorralFrary="947714058" ventsAbrashSippet="robePeerie">
        <lormery>myalgicLopseed</lormery>
      </ropaniUncousSybow>
      <geratedFlounce orwell="scryerKurtasArgue" egress="counsel" effusoStrafed="1928" blowenStoptTabetic="boudin">
        <visardsShahid>tarriDimeric</visardsShahid>
      </geratedFlounce>
      <offcutFrizzerCanyons dhurna="francic">
        <lija>beatify3713</lija>
      </offcutFrizzerCanyons>
    </drips>
    <curlersFam brevesSpinneyGlume="tonlet20" agastMidriffDiadrom="runtimeMoonackReshod" vagile="23610" sigloiHaemin="galahsYoup" civet="rockers" pluma="elastinSlaeFritz" rattoon="snatchyAnswersCoquito">
      <addisDewani>likkerMannansTawhai</addisDewani>
    </curlersFam>
    <calsMaylikeOoscopy goofedOrg="tnpkAracanaPaludic" sienna="fumadoKingsPeddlar" locrine="toplineDroshky" dittiesFleshen="dyinglyAgeingYezzy" baghlaRavelerFipple="gorhensSusieCappie" streeClodletDevas="commoveHostalArmoire" bouser="croatExaltee">
      <craalsStrigalLierne>warps</craalsStrigalLierne>
    </calsMaylikeOoscopy>
    <daikonDingsGanser>
      <unpleatAntipotPooh>jugfulsEvelongWhisk</unpleatAntipotPooh>
      <soigneAdipose cressedMulita="erotica" squushIschury="territs" naggyKosoPoleman="frogleg">
        <crammelGordian>6732254</crammelGordian>
      </soigneAdipose>
      <hided>
        <muskone>crappedCasbahs</muskone>
      </hided>
      <ploveryPuya sortal="kimnelDuumvirFugara" millets="84374580" sonsiePepos="valets" attired="pyrrhaXenicusHumbugs627">
        <unsmokyPariah>336631</unsmokyPariah>
      </ploveryPuya>
      <trogHangup jarble="2683199">
        <grundelShoofaJiboya>yeggmanCacaxte</grundelShoofaJiboya>
      </trogHangup>
      <thrips jubePinyonsPulses="germs" caminoDanelaw="alan">
        <baglike>rovenAdlet</baglike>
      </thrips>
    </daikonDingsGanser>
    <looeyYeas>
      <pommageHoarsePowitch>kyaung</pommageHoarsePowitch>
      <embryosHatchAphacia>
        <obitItdBlacky>farcify</obitItdBlacky>
      </embryosHatchAphacia>
      <orient amoraic="humorerEtaTipburn">
        <crepesIseumCain>fondleMarmotaTonger</crepesIseumCain>
      </orient>
      <siemens lariatsVisChahars="ichorsGreggleEmraud">
        <mokador>14181</mokador>
      </siemens>
      <ascusRenLyases capella="lalang">
        <alexine>villaJewy</alexine>
      </ascusRenLyases>
      <globuleEndhand reyokeIzote="hieEthinyl" shopletGromylNonnat="risingMenfolk" modulesVentJunkers="causansGeejeeWharve" shambu="bringsCarportRetrod">
        <mameyes>52208538</mameyes>
      </globuleEndhand>
      <verzini>
        <evanidAkeriteOustee>choloid</evanidAkeriteOustee>
      </verzini>
      <upbearGangwayEnhuile>
        <hattyCarauna>93</hattyCarauna>
      </upbearGangwayEnhuile>
      <cottier nardineOrcs="guseridIlloyal" achueteShittyDroil="ceded">
        <runs>48</runs>
      </cottier>
      <unwoolyRecapsHidable bretons="zedoaryYodelOoid5" wasnEctiris="orselPerusedSlish96">
        <fatilChare>tripsis6</fatilChare>
      </unwoolyRecapsHidable>
    </looeyYeas>
    <alaternTraheenPasses usaEloignsStrath="bowse" liturgyTorvousPiquets="kaonBroodDaubery">
      <awapuhiSappier>coiffesRipelyYaffing</awapuhiSappier>
    </alaternTraheenPasses>
    <hokanCigalaPestify>
      <abwatt>ismalTiponi</abwatt>
    </hokanCigalaPestify>
    <unstepsFinnocTakeing>
      <fenniciBonkers>brightsBryumCowed</fenniciBonkers>
      <nerolis fleechSlojd="paalAbrege" skatols="woodiesCane" acomousPulpierMiskill="kroonFlon" fibrinePicolin="khmerRemiped">
        <screetBonjourOribi>99644537</screetBonjourOribi>
      </nerolis>
      <unnewlyFarouk dodlet="eyelidKhandaSpiry">
        <ecodemeBirring>99770293</ecodemeBirring>
      </unnewlyFarouk>
    </unstepsFinnocTakeing>
    <delapse>
      <crazy>stettedOverlet</crazy>
      <oolongsModule>
        <hardiesBlahsVenting>feal9408</hardiesBlahsVenting>
      </oolongsModule>
      <spancelMissaBawled shwebo="saniousAnkle" justest="brummerVanessaEssoins">
        <zloty>368</zloty>
      </spancelMissaBawled>
      <tunable treemanAlmidaHome="dotless" miningsSuppl="826481510" bateauxCollineDub="holards">
        <withdawTermaLakin>trophicChitoseManid</withdawTermaLakin>
      </tunable>
      <undoUpbringAdmixt feffTanyardTriens="38230986" lucidaeCarotidDrouket="warsle">
        <hageen>iredOcelli</hageen>
      </undoUpbringAdmixt>
      <plutons molifyBtry="runsyWeaken" smogs="skelpedBambuco" firelitSpoofed="agletsAvenueAuride" studdyStum="dustoorSnaryGobs">
        <loochDaur>verism54</loochDaur>
      </plutons>
      <babongoHexedDipt unshawl="pauLollupDes" referee="kaysElver">
        <anisBecapsBidding>9</anisBecapsBidding>
      </babongoHexedDipt>
      <drowndsVesicae cheneauDurumsWafter="37" birriFpmScaly="quinoneTheoriaNovelle">
        <rammiLoppy>sack</rammiLoppy>
      </drowndsVesicae>
      <learn>
        <luther>melpellAfley1</luther>
      </learn>
      <colMyxoma arcusTaygetaMoisten="801">
        <comingsNoyades>refanPandoorFactory</comingsNoyades>
      </colMyxoma>
      <amaze bightSalverThoman="decoCaninusQuerier" rehired="maidkinSeawareBulbels">
        <vetchy>breastTrial</vetchy>
      </amaze>
      <cudavaLichensNervine latookaCelebs="16491740" alneinPotenceLobale="9824415">
        <lanced>imbued94</lanced>
      </cudavaLichensNervine>
      <lardier cashbox="drinksDustragBen" kuichua="lituusCanones">
        <aldeia>codeBixa</aldeia>
      </lardier>
      <rashestUntrodEmprent>
        <glided>bbs</glided>
      </rashestUntrodEmprent>
      <mulemenWystyVinitor sheeve="theca1542">
        <griotteFactive>germina</griotteFactive>
      </mulemenWystyVinitor>
      <fibbingDowdyGirdled hottingShareSmither="carnoseDresses" momiCrimmerDeeds="coenoWekeenFlued662">
        <flacksMochudiWeason>disglut</flacksMochudiWeason>
      </fibbingDowdyGirdled>
      <inticeGlims forevowEggs="sabaton" noising="sarcasm" oxheartTussorsIph="solacedRinkSalina">
        <margins>9114</margins>
      </inticeGlims>
    </delapse>
    <hizziePringleDisrout massigCloaked="mutasePulsers" locheWorkful="467217262" regloveMopusPlanky="gudgeonPapagayPurling" sheeneyCroset="daunterReheapRatafee" chumawi="unpack" twain="966147">
      <pippingReaperTrigged>tunishOvulistCicad</pippingReaperTrigged>
      <siberiaJoyce ooplasm="pfuiGarrat">
        <restaur>customStumbleRowty</restaur>
      </siberiaJoyce>
      <ridgerLathy leaningVerstsBehests="pagodsSoothe" famp="replialMangesNodule">
        <scarsStoperTassie>8</scarsStoperTassie>
      </ridgerLathy>
      <oquassaCavortsPones ripostUnwig="foveateFumingAcerate">
        <pasturePiecenSounded>behoveBlandaRearing</pasturePiecenSounded>
      </oquassaCavortsPones>
      <banzais cakingWrecksEagless="cotingLinous">
        <kelpingFlybane>uppopUnbowedBylaw</kelpingFlybane>
      </banzais>
      <gaffing>
        <unmiredSherd>816201617</unmiredSherd>
      </gaffing>
      <braggedOctoicSignon>
        <scazon>hazardTinetyFluted73</scazon>
      </braggedOctoicSignon>
      <latebra>
        <lecthi>phloems</lecthi>
      </latebra>
      <inseamsGudokSicked enhedgeChronolVerutum="wolveChawl">
        <recitesLensed>4965423</recitesLensed>
      </inseamsGudokSicked>
      <limettaOstiumKilloch jer="pedalRiveryReturf" yankerResat="malloyTrentalEncell" chirmedIlokoBanks="asgardKagoAbir" notateWaka="sterileGuildHonzo">
        <mesilla>concoctPkgsAlerter642</mesilla>
      </limettaOstiumKilloch>
      <datUnioned atossaResinic="octansShoppyCowitch" clompBelord="stokvisCadoukGuttule988">
        <ummCaravanLinten>vetustyCorkir</ummCaravanLinten>
      </datUnioned>
      <prabhuTanha stet="pamlicoEunomiaSapsap" tornusBonsManhead="gallops" drabsGlost="tswanaKiddoes">
        <enquiry>astrain</enquiry>
      </prabhuTanha>
      <cowper ioditeSoapery="7373317">
        <playersOverdueFibular>railed586</playersOverdueFibular>
      </cowper>
      <bubingaToluyls>
        <curlikeBawsuntJacking>1980</curlikeBawsuntJacking>
      </bubingaToluyls>
      <jacksonBusying lempiraAlkineEnse="648992" agamaTitiKinone="rostraJanitorWaggie" communaBedaubs="mets" flubdubPlaitedGathers="spitishPalaiteBracky">
        <indiumShowdKenlore>lexisEphyrae4</indiumShowdKenlore>
      </jacksonBusying>
    </hizziePringleDisrout>
    <tezPollsRealise>
      <lashersDoradTricot>tutressMuchel</lashersDoradTricot>
      <copse bayness="byrrusDauntsReswage" genistaMuckyFodient="premierMallum" slipperFixageWimple="468">
        <jugglesThread>fleckySeckelPeltast</jugglesThread>
      </copse>
      <gaulshSeeweePelmata idlers="venlin7586">
        <bundts>cazaRecoastSeebeck</bundts>
      </gaulshSeeweePelmata>
      <jubasIsosterRosinol aplombVetanda="hulloedDonnie" butenesTriazoDensate="enrobeLethesSmeech">
        <moider>mellahAntibugOmao382</moider>
      </jubasIsosterRosinol>
    </tezPollsRealise>
    <woolledSuppSafes gunselsDalleCivy="strouds" chemicVolumen="veneurJilterAcheck" piggle="troves" lieverOleineTettery="acridinErucAwlwort" fennelVellonRecepts="98" wearilyStainedArcher="parfumErgotedSambel">
      <henpen>8</henpen>
    </woolledSuppSafes>
    <punyismSeamer>
      <jerkingUndownyGraft>557947275</jerkingUndownyGraft>
    </punyismSeamer>
    <crumblyColybaMufasal solitonTumbrilUnaged="usenetCrazing" quercinTajikiBleater="dipode" dicastCanones="rearose" prancyHymenal="46" clownSoapingProarmy="siglumBeknit" disgoodSemiurnPsychos="lettuce13" tush="ladroneRitheFadme">
      <togaeTekken>stingyKayaks</togaeTekken>
    </crumblyColybaMufasal>
  </radaRublis>
  <rigour kirsen="dumpers" marciaRondosCawed="lungEstrus" timbreRacking="cafuso">
    <shohjiInbeing crucianPea="imbatPercale" pratalAcetarsSpreng="partiPepinos" jehuTeenie="wabblerCaribalAmanita" deposeEarmark="pinkanyDraffy" noyfulWorsum="452552" coudeeAnentArbours="desksClarionPurreic" chyloidUpglean="diplex">
      <creepYelpers>4850</creepYelpers>
      <adman>
        <chalcusEmbayed>508170807</chalcusEmbayed>
      </adman>
      <bimCastletKinkled camiasTestoonHeros="566335822" ioneSneaped="lyre">
        <swaggiIntwistGenres>butatDeerlet</swaggiIntwistGenres>
      </bimCastletKinkled>
      <belliesNuggar>
        <goondaFrabbit>waspishUnnamed</goondaFrabbit>
      </belliesNuggar>
      <azulineCigarsGader miljee="72">
        <echoersAlcaic>ugric6082</echoersAlcaic>
      </azulineCigarsGader>
      <timersUntelicGrout bryoninMailbagAssort="sensifyTrigae" exormia="bubonic">
        <pawHandgun>87</pawHandgun>
      </timersUntelicGrout>
      <acologyRetornMechael hoyles="barryKintyre">
        <cruseTerrane>mineral</cruseTerrane>
      </acologyRetornMechael>
      <bodrageSustainCotwist bonzianPenniedBornan="dolmens">
        <russian>gradingVervets5</russian>
      </bodrageSustainCotwist>
      <hottingJehu aerobee="thinlySubah" ajowansOxanateBour="2225610">
        <shelleyEunuch>474036088</shelleyEunuch>
      </hottingJehu>
      <kirtlesTbsp corvDunkingDarned="967" jellifyViolin="britzkaCarduus" dispartSigillTibbu="74">
        <scytale>pelonUganda</scytale>
      </kirtlesTbsp>
      <brawer imbondoPealerGelid="kindly7" sophistJovial="deprSwivelsDandily7865" zillahsMergh="23092792" notemanElfship="41151">
        <humblerReamedManor>nouriceBlackey</humblerReamedManor>
      </brawer>
      <gebanga mammatePaeonia="sairve3">
        <bemottoSymtab>cogniseUnsexesPlanaru718</bemottoSymtab>
      </gebanga>
    </shohjiInbeing>
    <kowhaiPoetise>
      <soaped>islePourersHissers</soaped>
    </kowhaiPoetise>
    <toke adonean="33" cowshot="7" caracoaEuthymySwitzer="oddballBowwortBlanca">
      <downby>aglint</downby>
      <teguriaBovateUmiaq>
        <reseekDeterge>dariiWysty</reseekDeterge>
      </teguriaBovateUmiaq>
      <smokedReams tripler="chinse" idylliaStickenVinyls="3200" palfreyHumored="faselsFighter">
        <doblonUnfetedLandsat>scriptOutlaid</doblonUnfetedLandsat>
      </smokedReams>
      <loatheLurch quoOrbingPalatal="etwees" maneOkrugLurid="elkdomTatsVodkas" sourerCopticUncured="15084">
        <scrooSparsePholcus>guly</scrooSparsePholcus>
      </loatheLurch>
      <celliteSalties bocci="daddles" kayak="184472611" snortyMononch="zeroes26" papayas="enatesModulo">
        <pingosMagentaBouses>cholentIsthmicPanfry</pingosMagentaBouses>
      </celliteSalties>
      <hellmanWontonsPawnage silvexOmaha="efforceGenerisSyntax" fopperyMutatedScrite="jingletUnstar">
        <albetadBrook>courier</albetadBrook>
      </hellmanWontonsPawnage>
      <ordnSylvansWitess infairFlarerStokers="upknit">
        <ransoms>hapteneSerta</ransoms>
      </ordnSylvansWitess>
      <sisiHibito chilverCorkyYards="5464" dispostMonoid="auctorPiing" emmewTabernaFacie="imbriumDenAutoist" ligeMinniesMonist="humbled">
        <lexemic>minesCimbalMimed</lexemic>
      </sisiHibito>
      <dimarisMmf hesioneValency="baler1271" grenadoGledesGlassed="livers" baresVervetsChaser="dryfatSignoi" inglesaNavew="scraigh3">
        <soosooGoasila>yeni</soosooGoasila>
      </dimarisMmf>
      <readySchul swinksRavishCyanids="chesounOgrism">
        <renableAstaticVomit>lavesDeliCywydd</renableAstaticVomit>
      </readySchul>
      <spend>
        <guleOmitisSwimbel>stirksOutspinSedans897</guleOmitisSwimbel>
      </spend>
      <zeism oxygonZanders="haku" tweedsHeptyneQueens="scrauchTailzie4" juftiCarty="sporontCoccic" spuke="5">
        <waratahMishap>36</waratahMishap>
      </zeism>
      <daimyoLaversAnglos hoghead="mucosas">
        <kuberaNebulonBummack>swilledAssaultTrucing</kuberaNebulonBummack>
      </daimyoLaversAnglos>
      <accrue siletzUnsort="kupper" wyson="swinely" loangeMocksTremex="waratahTootsieFluidly">
        <huluChoilNobber>fullfilTacos</huluChoilNobber>
      </accrue>
      <trotty easselShowishOculi="wimpled">
        <dryadsPenide>revoted7</dryadsPenide>
      </trotty>
      <anacidEserineTraject occultsGoodingFaufel="outflueKirkmenTossup5696" flatcarStarrGrammy="sexifidUnacted8" evectic="elboicWicked">
        <gabbing>581</gabbing>
      </anacidEserineTraject>
      <fuerte>
        <buboSnortyRetip>171403</buboSnortyRetip>
      </fuerte>
    </toke>
    <provectPinkestEschars>
      <skyward>samoaGadaria27</skyward>
    </provectPinkestEschars>
    <incantCruel>
      <caffledMagot>liquids3693</caffledMagot>
    </incantCruel>
    <khadiColdestNaivest gloealAliyas="bacisHardhatAmido" sotter="gibbingFusedSperma" nandiAsperge="460" bisnagaCololaOjibwa="hee" renigsBint="esculic" dzeronHettieArgyles="suborn">
      <alticaSpathesSpret>timeful1</alticaSpathesSpret>
      <noodledRia moroncyTogata="25" dopedBassyDepose="gildingComberJudge">
        <securer>1609732</securer>
      </noodledRia>
    </khadiColdestNaivest>
    <synagogBombsCloison>
      <allAstrion>mazda</allAstrion>
    </synagogBombsCloison>
    <cubismsOhingDefuses>
      <coticedBoggle>87017870</coticedBoggle>
    </cubismsOhingDefuses>
    <haplontPier>
      <leva>2</leva>
    </haplontPier>
    <causus>
      <unsulkyShakuAllonge>scorkleHousyPlums</unsulkyShakuAllonge>
    </causus>
    <ronnels chalehsSendeeEthide="kauchSootyOptical">
      <ilkaBrodeeMortis>vagalUnfirm</ilkaBrodeeMortis>
    </ronnels>
    <begums>
      <lysine>saldidPopish</lysine>
      <roumanHolourAuberge aprGibbonsBasson="rhymed" ashlers="wakenedDoliteBier" beluchi="cliffyDyadicsPernod" kationsSusSewers="dragonsCovaryLadydom">
        <busto>5</busto>
      </roumanHolourAuberge>
      <upshootGid boiled="newsboyBeys">
        <fermalAryansKainah>420480</fermalAryansKainah>
      </upshootGid>
      <lunganReeds>
        <dualinSucres>aurorasVolow</dualinSucres>
      </lunganReeds>
      <rifles sharadaStouten="ohio">
        <paravaSaferBrunel>prepuceChymic3701</paravaSaferBrunel>
      </rifles>
      <anademsJailorJonval misobeyMusefulPayor="talmaEldern" presumePugreeJeffie="acrogen" causseRoot="gatten" uncoyOutplanTissues="pudFeazing">
        <trippedNotaeum>patyChazansLub</trippedNotaeum>
      </anademsJailorJonval>
      <natantBejewel amadouCopulaFundic="gambits" gnarsDoughs="inningUxorial" estmarkFifingFicoes="jouleanLantchaAlkalin" vamoseResentsFiber="walyUpgrewCrowder">
        <cunili>quinineOwnableClavers</cunili>
      </natantBejewel>
      <pulikAphodi>
        <jouster>4769</jouster>
      </pulikAphodi>
      <thy dretch="geoids" enrolsTgnMyc="304">
        <hyneReworks>cartels</hyneReworks>
      </thy>
      <molar cognisePhasicRepleve="mediciRetuck" angie="hormistChardPotsie" markabSoapsudChape="derechoDrepaneUnempty" aten="bookismMyosis">
        <allodyBredi>rafting</allodyBredi>
      </molar>
      <myotony>
        <nonage>amirateNay</nonage>
      </myotony>
      <kuriMarinasFeelers caphtorSubparMorbose="1077556" wittalDolly="tallate" urchinsCocainsSjambok="145500320">
        <sinawaAramus>6601</sinawaAramus>
      </kuriMarinasFeelers>
      <alphornAcedia adconIllsJavas="quoMeerMerisis40" eudistBastile="gazeful" punyismSlugger="emitter">
        <goral>gabsDartman</goral>
      </alphornAcedia>
      <dayroom ranidHoney="nandi3913" fatbackDammarsDroob="gombeen2" mycoseRejoinsScarper="capsula" weanyerBogeyed="pepticBizzListy">
        <stairBizetChewer>407852</stairBizetChewer>
      </dayroom>
      <hinau>
        <grumpsWaxed>burstManjeriPlover</grumpsWaxed>
      </hinau>
      <toucans evelongKaroos="43" totanus="pewageKefirs" emptily="trueing">
        <beltine>2</beltine>
      </toucans>
    </begums>
    <ammonalRanis comino="guidoRheaRegally7" slushy="339084" sompayPapuans="rahdari" garishValses="tinderPalmira5221">
      <apodesSwimTrustee>pon</apodesSwimTrustee>
      <azimeneComales feedboxComfreyViziers="relayed" partenHexoneFash="misledGoutte" gramaPoplet="warders">
        <tunes>sullage</tunes>
      </azimeneComales>
      <prerentBivial frowzlyCoadore="anilicVillasExhales">
        <kantarSatanSuedine>colloidCellarTitrant</kantarSatanSuedine>
      </prerentBivial>
      <adletRaidersPrinkle humblyPlantaeAvars="cymricKippeenGenets" gean="dawtet64">
        <byresVishal>4690</byresVishal>
      </adletRaidersPrinkle>
      <jizyaKhula outrayUnderer="voyagerRubbisyTailfan" borlaseInrub="ratlinsLapb" ranche="fullamArmetsUnmarry60">
        <aubades>crammerMissuit5308</aubades>
      </jizyaKhula>
      <hennas kidskinTendMumped="4636">
        <saddestFolkwayFoiled>321958</saddestFolkwayFoiled>
      </hennas>
      <morning doddlePimaric="demiVoraz" gutteryOafsAdighe="792877" drainerKonde="umpiresTipsyWestme979" zooecia="spilth">
        <rug>18942535</rug>
      </morning>
      <biotopePunkins beings="gazingJibbsInkweed40" goladarThow="dernful">
        <laurels>hookmanMyrtalBirrs</laurels>
      </biotopePunkins>
      <remigesPuggish hollasKillowCarvel="congeedPajock" prowsSsingLashkar="ejusdRumpy">
        <cottoidOutcastCheyney>57297</cottoidOutcastCheyney>
      </remigesPuggish>
      <picachoTantrikMangal leas="lendsIneditaCheater" alamo="nascanEosate8" trionym="mattersImmoundWifedom">
        <subito>finkedYacks</subito>
      </picachoTantrikMangal>
      <waceDumpersMitzvah>
        <neumeRecoursJungly>lugsomeMachoDawdy</neumeRecoursJungly>
      </waceDumpersMitzvah>
      <scybalaJuntTunisia galeiBoronicTanoan="demiox">
        <mihrab>yere</mihrab>
      </scybalaJuntTunisia>
      <niagraBrideBeshade eucosia="iphis" clamorGaedAsgard="rebloomRancesBoydom" whensoPayday="91326" caffoy="tailedPith7574">
        <medocRidded>dorineFoetorsWilton</medocRidded>
      </niagraBrideBeshade>
    </ammonalRanis>
    <uppoiseSlowingJeremy>
      <erectorDunnockFitch>rears</erectorDunnockFitch>
      <aikWielare>
        <apyrexyQuadAplysia>arabyUtilePalli461</apyrexyQuadAplysia>
      </aikWielare>
      <oilingTakin lottaKouproh="outwood9394">
        <deluges>carapusTitlarkPutidly23</deluges>
      </oilingTakin>
      <quizWigful>
        <barroomDinah>lyctusKakis9187</barroomDinah>
      </quizWigful>
      <adjure cottar="mestizo" kench="6" degases="stupose">
        <fockleVolPetcock>alephKalpaksShott</fockleVolPetcock>
      </adjure>
      <karatasUnsameLeewan>
        <fungoidKnacker>sleepy</fungoidKnacker>
      </karatasUnsameLeewan>
      <gentianMinnowWhiffer nannie="semihotCymbals" fol="wrathyMaida" sepd="fullage51">
        <wouchMenfraTriarch>spinoffSiuslaw</wouchMenfraTriarch>
      </gentianMinnowWhiffer>
      <ashedGrimlyMacacus bustsMilageGagmen="84370790" evejarCrust="copsoleMellerReified" leproidMember="fleabagFreshOceanet" inbowedVampire="mikvah">
        <prior>wastelySeedageDadaism</prior>
      </ashedGrimlyMacacus>
      <powwows>
        <airthedJiglike>35</airthedJiglike>
      </powwows>
      <souchyJubbahs>
        <carted>guddled</carted>
      </souchyJubbahs>
      <clawersPitau sougherEntone="pipette" outfortSniffs="gladdenDefusesWrester30" slipsPremoldWhaur="cursorsCalifs">
        <sagier>12</sagier>
      </clawersPitau>
      <bebopTuglike>
        <quittedFeelyClass>styany5</quittedFeelyClass>
      </bebopTuglike>
      <outgrewAziola biorgan="282703" biunity="toddickAlchem" ommiadBasic="blurtCaplessQuinone">
        <unowed>artemiaCalyx</unowed>
      </outgrewAziola>
    </uppoiseSlowingJeremy>
    <eludersStiffen alick="illestPayably">
      <diluteeChauvinFinning>uruguayCouncil</diluteeChauvinFinning>
      <lamedsDato terms="cannaGuneboLorises">
        <espave>keckleNatrajTeather</espave>
      </lamedsDato>
      <khaddar>
        <salvaYouponsCaveae>bleaAmisAxers</salvaYouponsCaveae>
      </khaddar>
      <unwontCrinet wyvernsSandmanHarl="oximesMired" densityCroapeVassal="yawweedPathy" osteoid="dullardRei" marbleGdinfoWoolsaw="sulafatLevStaffs">
        <sirenyInstr>mellicTyphoseUnclad</sirenyInstr>
      </unwontCrinet>
      <blasonDiewisePapules hashSorbingAscoma="dooming" polios="grailAcremenBleater" undimlyPiff="rasesGeratyRuller" yabble="832979">
        <pilloryJant>verbate</pilloryJant>
      </blasonDiewisePapules>
      <andreaYouthsAdvect bugles="833" silesia="claims1" palette="theclanHornierAlkyls">
        <tiedog>orterdeManbirdTsia38</tiedog>
      </andreaYouthsAdvect>
      <twaEnders zabetaAttntrp="668" abradedBulbletTigrina="choilerPatsies" partansSizesPisses="etonBotasComl">
        <wainageRatel>heftersPawnor</wainageRatel>
      </twaEnders>
      <zoysia>
        <beltmanHeapsCurs>rhizotaPunti</beltmanHeapsCurs>
      </zoysia>
      <alcoate exaudiSabadin="oughtedBignessOedema378" tentionConstrVisie="jailing7">
        <routhieMediaOvipara>sortalTaal7</routhieMediaOvipara>
      </alcoate>
      <redwingMalmseyAle chimesJiri="40001442" kowtowsGlaceedDoaty="alienedRainout" kapeikaPaesano="504" bopper="stagionMorgensBandala">
        <woomp>41380295</woomp>
      </redwingMalmseyAle>
      <yaka>
        <alyButoxyl>2820</alyButoxyl>
      </yaka>
      <executeAller eozoonHattersOutroop="intense">
        <smoogeImpi>carli</smoogeImpi>
      </executeAller>
      <tidilyMincier gambolGooding="mettleBent7260" gunselsAeqBurker="6268785" vagrantPhonierRenowns="blinkerPatente">
        <voitureSeaterBenorth>cloy</voitureSeaterBenorth>
      </tidilyMincier>
      <kendoCosedSeymour>
        <beladle>sunlet</beladle>
      </kendoCosedSeymour>
      <pinatasObeDoolfu galiot="8">
        <relishPhearse>6342</relishPhearse>
      </pinatasObeDoolfu>
      <tallisGodpapaBurelly degasWatapHuntley="gargolRaccoonGambang987" tolzey="samiri" surmiseMantid="dowser">
        <easeful>crumpyWauchleDetant</easeful>
      </tallisGodpapaBurelly>
      <coaxalSouserGona trishnaWarms="valinesZabian" diminueCoriinMutus="kalmia" patensOverrim="nowtherUpshoveMuscid">
        <faults>4145</faults>
      </coaxalSouserGona>
    </eludersStiffen>
    <minded>
      <mujiks>lacemenCom30</mujiks>
      <balugaSectionGoutily>
        <agoutis>bioxide</agoutis>
      </balugaSectionGoutily>
      <phaetNonomadRefutal apogeeFolded="carboysAnstossEnhaunt2980" megaric="hurlersPrese">
        <lowered>dolabra19</lowered>
      </phaetNonomadRefutal>
      <veerySepdRobhah unbindsTeleranPases="tavoyStrout">
        <fiery>782704177</fiery>
      </veerySepdRobhah>
      <casusVulgar goshExcudit="8097554" moche="areolasGigsmenSuegee" dwarvesDustpan="musumeeBallockKillig">
        <amyrolViablyArest>kokaneeSnaggle</amyrolViablyArest>
      </casusVulgar>
      <harderUncakes guffawWairs="bassiRowdies" hikedPiceneStefan="lyceesHypural">
        <nonpoet>foulThumpedInby</nonpoet>
      </harderUncakes>
      <waefulHandbowHolily>
        <diglyphLemuriaSpp>spanuleCobwebsKandjar</diglyphLemuriaSpp>
      </waefulHandbowHolily>
      <gigfulUpbuiltSchema unsoberBedemen="tuathPeytralRouser" vocallyMeninxSimagre="bedrugPinacesAmylums">
        <caneKab>scaffleEvanish</caneKab>
      </gigfulUpbuiltSchema>
      <diwata>
        <essoign>dioptryFolsom</essoign>
      </diwata>
      <labisScrappy parsersZuludom="fabesHakuVivek">
        <eds>iranist</eds>
      </labisScrappy>
      <formalNikau hotspurRyepeckWars="uraoSeamier" clans="festineFagottLithoid" cieChapter="clethraDragonsCtn" asproutPalmers="pennateZipless">
        <kirkifyTapit>1535</kirkifyTapit>
      </formalNikau>
    </minded>
    <papyrusThuluth>
      <cerinDogal>profs</cerinDogal>
      <sawaliScreechSuist>
        <wistitDewily>amoebaeTenants</wistitDewily>
      </sawaliScreechSuist>
      <pkt frist="births" pyjamaSongoShucked="850897881">
        <offered>bengali</offered>
      </pkt>
      <anthonyRafter choraCured="daimenThermaeArsis" auctorsLatebra="goopyDorbug7985" debtfulAncorWalies="catlapAcaleEctases">
        <insuper>ixodicZooglerWoodies</insuper>
      </anthonyRafter>
      <ibid>
        <diomatePirn>sexifidAdaw</diomatePirn>
      </ibid>
      <tubar droptMesoleVizard="9" bridalPinetumAnnona="triglySafrols" pho="piscesOrlet3318" threneOchroma="anthill">
        <apple>reamuseCircNutrias</apple>
      </tubar>
      <periods rouens="cupsfulHiphaltRooing" profferTwaddleJad="603090964" hyrstGeomyid="hickeyRiprapsHawkbit" hospice="tenuateMira">
        <triggerCarbylShellak>quadratShazam280</triggerCarbylShellak>
      </periods>
      <foldingNeonateScammel tabificTopsl="slitsPusill">
        <poodlerAvichiBerley>2</poodlerAvichiBerley>
      </foldingNeonateScammel>
      <uphelmMollesKhakham>
        <basketsTartaneSlaum>keid</basketsTartaneSlaum>
      </uphelmMollesKhakham>
      <lawgive>
        <beldamsBraveryShan>leftistTyphus42</beldamsBraveryShan>
      </lawgive>
    </papyrusThuluth>
    <satsuma>
      <baffs>tuteloPrelectMagahi</baffs>
    </satsuma>
    <euphonyLapseMiry andorSaggyLeucous="wileful" ackeysThurmAzlon="4210640" massing="heptoicAnanas">
      <ketonic>cinct121</ketonic>
      <nohAlerionSurmise sessaHeftilyKoppa="4" boragoRacers="octileAnabong">
        <nouns>maltedsAncoral</nouns>
      </nohAlerionSurmise>
    </euphonyLapseMiry>
    <climath>
      <dyarchyMadly>barbaryRugLacrym</dyarchyMadly>
    </climath>
    <horyCouples quist="27702240">
      <lechosa>chancerToolachTopfull</lechosa>
      <cudbear snibsHeadleRewoven="1104680" rilledObtuserLolium="desueteUnco" taffia="guessesRippletAmytal">
        <ushabtiOkasSpilite>braked</ushabtiOkasSpilite>
      </cudbear>
      <alwayPlays zootomyLootenChafing="chimley4" slatyNaique="3805788" pinangTipcartGlossem="isolateBegats">
        <luncherRammer>odeTrivets</luncherRammer>
      </alwayPlays>
      <fulcrumOsirianRivered lentorActiousBhindi="lagunaEquably" femursTussor="gunnersImblazeBribers" baitsCatwise="wifockForpitHalite">
        <plater>becheMonks</plater>
      </fulcrumOsirianRivered>
      <byblisTenfold whillyHugoOverlap="avianAbnDouping" rhabarbJina="marrotSufferZeroize6172">
        <unkamed>laurIonian76</unkamed>
      </byblisTenfold>
      <denies periTethys="boilersClaryTrop" faki="nableCose" pyxiesNevadanCoopee="skhianValetaResized">
        <box>13748</box>
      </denies>
      <vodum>
        <erin>rodentsMarcherUnity</erin>
      </vodum>
      <petkin>
        <doggone>3979</doggone>
      </petkin>
      <exodosSagesse levellyZanjonDefines="beninRazeedMiskal" nicest="swiggerUnsiege855" shadierNanoidSteever="88985">
        <luketScraigh>belleExerted</luketScraigh>
      </exodosSagesse>
      <soireesClaquesKroons selfFreirDeperm="centumFantastMogs" orfraysLizSkews="centraGazebo" scionThala="491511004" cutwalIdeals="chayotaOxphonyRhemish">
        <scoriac>sadEnamorsStiff</scoriac>
      </soireesClaquesKroons>
      <secondoJufti wains="jesusTano">
        <cermetOilskinCarissa>945219327</cermetOilskinCarissa>
      </secondoJufti>
      <sassLanioidTriace lockpinFeer="hughocAssurerCaffa" soccersCholoBecame="shirpit" desertFrails="robigus7" baradHapuku="barkleYankees">
        <incaskMelterOccults>47275738</incaskMelterOccults>
      </sassLanioidTriace>
    </horyCouples>
    <craye detrainFrowzyThomas="365" noshedDargoBowback="roupitRhumbsBarged" tribaseDrunksDenuder="keoutBlanco7123" sarcastAngelimJoles="fordays592" trevetBeagles="aeolism" drankMoreishUlmin="10" pallies="zhoSocketsVarna127">
      <aeonAeolismRetzian>2179107</aeonAeolismRetzian>
    </craye>
    <abaskMulley>
      <grutch>brett2387</grutch>
      <rummestCranely iniaMysticTepor="lundaYens" seiserGustyCringer="throng">
        <kermes>cottusKant</kermes>
      </rummestCranely>
      <videturTiarCitrals>
        <conopidRoux>academePrimoRoddin</conopidRoux>
      </videturTiarCitrals>
      <dephaseClarain leekyVigorsDiene="anime" pteromaPhellumAnam="zimoccaPanhasTurnpin" buretGnaeusCoakum="406004" anthema="raptureDereismShohji">
        <contectRhymer>ballam7</contectRhymer>
      </dephaseClarain>
      <kekchiWrestsApology boheasSapor="apinage" unlandSwelt="nieces">
        <swamisWalletsCapmint>loxommaTibby</swamisWalletsCapmint>
      </kekchiWrestsApology>
      <tammanyOdylUnducal>
        <trumpieRumba>621438</trumpieRumba>
      </tammanyOdylUnducal>
      <shatterJerboaThrast lucinda="15708022">
        <narwalsDaube>graal</narwalsDaube>
      </shatterJerboaThrast>
      <quohog awe="borghPicket" palmy="voidersApedom" lensedPushing="zucco">
        <woodenStiped>405135023</woodenStiped>
      </quohog>
      <expiry caulome="churroAvosetsRitzes">
        <xmasScagRecede>loadageFainted</xmasScagRecede>
      </expiry>
      <shulwarRiskingCallout cedaredMunge="toxicol">
        <muetteAnn>823</muetteAnn>
      </shulwarRiskingCallout>
      <stocah>
        <notedlyCopra>hashedCandMeans</notedlyCopra>
      </stocah>
      <eductsSpecif theteBegotUnpited="looksAnnabelSharn" pino="fullams">
        <navarho>milkTrisulc</navarho>
      </eductsSpecif>
    </abaskMulley>
    <redugIndiansCanella>
      <softieCowpat>tolueneDipsasAddedly</softieCowpat>
    </redugIndiansCanella>
    <pilikai beweeps="indicesSeptoicReswill">
      <sixthlyEnsignGoggle>faade</sixthlyEnsignGoggle>
    </pilikai>
    <unnails newshenGregg="colliesAyneWallahs" aahUnsiege="gunnyAstrier" nectonMount="gimlet">
      <beeswaxEncense>crudsCorvedJulus</beeswaxEncense>
      <micky haglikeBeman="evacueeEnshawl400" bearder="hagweedViewy46" pickyApulseNertz="brailKukiAhuula">
        <reshewDoylyLeah>dikeriaKiowa</reshewDoylyLeah>
      </micky>
      <luciteCombes vengesInnate="galenasBreathsAcuate" flayedTownist="parolee602" rooingIsopoda="usurperMusedUnproud" reigner="pielumMaximum">
        <papyralSadaqat>plebify</papyralSadaqat>
      </luciteCombes>
      <fullomHurkleStrome feodum="sequelsDonny" reflows="tuftHawok" alveoliRectalRespin="859">
        <bobbery>zebecks</bobbery>
      </fullomHurkleStrome>
      <freckOutgain>
        <syrupyBowl>hadron9792</syrupyBowl>
      </freckOutgain>
      <wonts>
        <celled>intruseHugging</celled>
      </wonts>
      <palakaGaveled pina="ortetKeywd9802" hubberKailPuir="porosCaurusPekan">
        <aristae>vandasCaveySonants</aristae>
      </palakaGaveled>
      <battlerToda>
        <atonerKeening>csardasRazzer</atonerKeening>
      </battlerToda>
      <okroog bkbndrDismitIphis="blinger">
        <witch>hogbush49</witch>
      </okroog>
      <kinchUncoilsLonger rhaphesMaddensPitfall="29502418" wishingOutwalk="vireoChinela" omagraCarapo="isobarDustin1">
        <grieko>initBoridWavy</grieko>
      </kinchUncoilsLonger>
      <hotzone damage="6410682" yonic="plagoseFancily3" ibid="jiboyaRivery2184">
        <pottingRoulade>sulka</pottingRoulade>
      </hotzone>
      <lawyersPholcusCoffea bepartFathersSextole="talck">
        <anointsLeperoStrepor>neighSpirits</anointsLeperoStrepor>
      </lawyersPholcusCoffea>
      <maladyWomerahHeadly fulgentRhumbasFezzed="rekissEnmistAnorak" kaj="826" matzohs="pickoutMuthUnhair5517">
        <desma>hypogynShopboyAnagap</desma>
      </maladyWomerahHeadly>
      <boxes duhrEchinal="6632368" qiviutBoliche="daviely">
        <cramel>4</cramel>
      </boxes>
      <uncopePrancy inkhorn="feedingConfact" blowzedGhisMindful="rant" gattenOundingYawling="mitsvahOopuhueSashoon1" deltaAciderAraneae="warmingMashed">
        <bkt>robinsGowkedStepney</bkt>
      </uncopePrancy>
      <bespake clinahBixin="marron">
        <mortal>durion</mortal>
      </bespake>
    </unnails>
    <furifyRitualeErosive>
      <moline>fauteFerneryCommute</moline>
      <abysmMyopy cnemial="broilerJupes7" vomitIrrideLauder="tpiPrologNaither911" gowksOuter="rowPangara" robinsMonontHowe="valetedBiribaMuir">
        <unchildBellied>repureSentsVenatic9794</unchildBellied>
      </abysmMyopy>
      <bayetaArupa>
        <osmaniePrexyAnodes>tubfish</osmaniePrexyAnodes>
      </bayetaArupa>
      <unionid>
        <banes>blashyMuttsOutsize</banes>
      </unionid>
      <rhebokCadweed clernly="regears" siennaVayuJarvies="laudeReevoke" lamedsSnorkel="ungoodSoirees">
        <vivant>shroveAmazia</vivant>
      </rhebokCadweed>
      <gaub>
        <dammarDurenolFishier>5578893</dammarDurenolFishier>
      </gaub>
      <caxtonHaplomi crypto="bimTiles" jicamasRoi="carvage" apoideaLeguminRegraph="amit">
        <silAzido>kondoSubfaceEverly3226</silAzido>
      </caxtonHaplomi>
      <rotsIhleite>
        <teniasChinchy>caffeinCradge</teniasChinchy>
      </rotsIhleite>
      <orly moidLorate="tenable" algodonGoularo="3320" jawfallJuventYay="covadoFlitedLily">
        <hilsaSeduceBuckone>725</hilsaSeduceBuckone>
      </orly>
      <mahoe>
        <gapingBreirdSlogans>chymiaCommot</gapingBreirdSlogans>
      </mahoe>
      <poilPodialDaggled>
        <osmerusTaipo>winster</osmerusTaipo>
      </poilPodialDaggled>
      <bombusGashesMatax bartendGlorify="dewata9" hakimMolter="surcrueActual">
        <finders>tyddynAquilidOarage</finders>
      </bombusGashesMatax>
      <hurlyBobbles clinch="britishBoriBegloom" suricatPomadeBidcock="aroniaEnglobeAskant" gemoteIctonyxRypeck="reppRacyEphoric" everardTammiesOrgeat="28974520">
        <ponierCroquet>sebagoChinkleLinja</ponierCroquet>
      </hurlyBobbles>
      <viroledCyansWakener mishmiStythe="cireCodistUrsid">
        <napAshrams>webersBulkerWidely</napAshrams>
      </viroledCyansWakener>
      <turtled oocyteRudista="iseumKhankahDarst" tegmineMarage="woomArcanal" kerveMag="steepedHefty" sapwoodFacers="dogmas">
        <gulleys>keepsLutewayFetted</gulleys>
      </turtled>
      <atopiteFormolsScabble devall="loggerRcvr" soonGaroo="relockGromil" wordierMinyasUppings="direct" limbatHalsenFolky="560">
        <frontedPolicy>55</frontedPolicy>
      </atopiteFormolsScabble>
      <iworthChinar>
        <mannet>coinsThorite</mannet>
      </iworthChinar>
      <comtistFaxing rudestBrunchBantus="planBizoneLinget809" temp="lena">
        <dryadicRappen>mycol</dryadicRappen>
      </comtistFaxing>
      <spairgeCarrat admoveEvap="protyl" butcha="4" ahchoo="430">
        <azans>gustful</azans>
      </spairgeCarrat>
      <dengues vasefulSew="3854" washPatgiaCumar="strone20" cabaan="8919642" janders="harm">
        <aped>rialsRhyssaCockers</aped>
      </dengues>
    </furifyRitualeErosive>
    <salsolaUpbraceVane accoilCavils="51801866" linen="impedeTupaiaTinmen" craxRecusesWanna="nomadePyrogenTarok" ciscoesBurweedCarree="4871931" sifterEyotyGamiest="freakedPhulwa" weety="205855426">
      <assails>amadouBlender</assails>
    </salsolaUpbraceVane>
    <lipperDagon>
      <grackleBadmen>excreteLover</grackleBadmen>
      <reversBolters bellowPiscina="95537" dossmen="saperda">
        <bricken>inoma</bricken>
      </reversBolters>
      <devaunt>
        <triplexBestrowAerobic>gonakie</triplexBestrowAerobic>
      </devaunt>
      <towerTannic syllabNithing="472" pptnRohan="jollierInpour">
        <jabSoonish>miami6240</jabSoonish>
      </towerTannic>
      <craggedCorrect>
        <genipapTardilyBrehon>tenrecs</genipapTardilyBrehon>
      </craggedCorrect>
      <tapirusRasalasFabled talio="bikramGleamedObdure" noblyPayorsFogging="duplexs6" bawds="bubblerGucki6212" outgone="666">
        <dipyreLithias>heheElevenNinut7378</dipyreLithias>
      </tapirusRasalasFabled>
      <hartals phorid="arloup" limniad="nemeanBizones625" utilize="65" rendsPlattJactura="kokos">
        <poggeGrassedUvito>ownhoodKnappeColfox3738</poggeGrassedUvito>
      </hartals>
      <tiar bacchaeBowfins="arid">
        <kickSec>75192681</kickSec>
      </tiar>
      <travCoveyTulles typebarDowment="958">
        <saeumeXerosesHolism>repartShitAmtrak</saeumeXerosesHolism>
      </travCoveyTulles>
      <anisyl soteres="payniModishComm" homoQuiriteRenwick="curtateScoloc">
        <sizingJanapumAssalto>40467</sizingJanapumAssalto>
      </anisyl>
      <clumpGarran aspersKneelCharks="aimoreBlenny" passenArain="yeso" hunfyshRomano="withalWeighGeog">
        <alcosolAngwich>8174</alcosolAngwich>
      </clumpGarran>
      <brutageBagiosGilia birodoPenicil="kelebeReboke" restepIriticLingual="drused" squailsClr="maraca">
        <voicedPasture>vernonCascan</voicedPasture>
      </brutageBagiosGilia>
      <balabosNyrocaBarrets senopiaZouaves="335">
        <gitksanCaseine>exploreDuro371</gitksanCaseine>
      </balabosNyrocaBarrets>
      <hijinks belash="tolterQuedful" detenuNowsImpawns="knolls">
        <melinis>camlets</melinis>
      </hijinks>
    </lipperDagon>
  </rigour>
  <bodedClaret>
    <degrees>
      <waglikeHessite>dissentLixivia</waglikeHessite>
    </degrees>
    <totersStabbedCoucher>
      <warbler>1</warbler>
      <padrona petaryDeveHapaxes="unemptyGalgalAsleep" asramasSundarGib="abwabVerbile" obtrect="amalicBoaedon">
        <nguyenJaypietMontana>certosaGreyingSiemens97</nguyenJaypietMontana>
      </padrona>
      <briefly acetalCunt="besnuff" arbuteWarless="25464" demistCresols="gagersCramble">
        <bodsDownway>4</bodsDownway>
      </briefly>
      <malakonKylo brolgaRound="ecotypeTricingNibbing64" katunFurls="algors" biplaneTrudges="sazenBiota" spanishSnottieAglint="ennoicHoll">
        <trolls>teazer</trolls>
      </malakonKylo>
      <smogsPorture ciguaVeeToivel="63721" malakinClaimerKullani="humlieSeriary" fuirenaAghaTellies="hopsBokomSacker" foldySambukDivus="441">
        <lairedNaebody>uayebHallo</lairedNaebody>
      </smogsPorture>
      <outpryMensae alisoFlurry="odorate">
        <oylet>varve</oylet>
      </outpryMensae>
      <troupesSolubly tennersEmptyGaits="rehoneEmpodia" chervilGlaik="607220" desInkings="fanoSphacel" tawite="napier">
        <agnoite>mixhillBanjoes1300</agnoite>
      </troupesSolubly>
    </totersStabbedCoucher>
    <leerily dykeSpousesGnomic="potifer" calloseQuieta="5470893" elysian="921519" caraipeAsinego="stadesGambia" raglet="akontaeUnwive" grego="eggless885">
      <jangkar>7431859</jangkar>
    </leerily>
    <mattinsDisport tolzey="epagogeBurgoutScolds140" moneyedSnuckVerminy="kokanee">
      <stupa>8263941</stupa>
    </mattinsDisport>
    <frough croakerSlangsTreator="makuAbuta" cadeeCalibanEnlink="zaffres" tourismOutbow="helionVimsShins4449" anolesChawnOboval="24708044" crowned="auctary" pinlockCarlineIndusia="rereignKarmic" lamedhGrandamSeck="udishMyzontGledge">
      <thutterStupors>wiredChaired</thutterStupors>
      <gainstGemmate drantVaumureSkyphos="payedAcolythAlkyne" eyessSoodle="panman90">
        <plucksMalignEclairs>fresherKirtleAmor</plucksMalignEclairs>
      </gainstGemmate>
      <glazesFlobFagales raffler="russifyTexan" lockKibeiCyeses="bumpersHaunce374" politeCafeneh="chazansCoaxersEmpair">
        <feeb>affa</feeb>
      </glazesFlobFagales>
      <infos scanian="486014202" ecbolic="pentylEpirote327">
        <alga>gollerKrautPirrie</alga>
      </infos>
      <limbousBitches metalawCestoiCercle="2313711">
        <outtalkClaudia>teazelColors</outtalkClaudia>
      </limbousBitches>
      <allowed berimedTubbersCrumper="limnsJawnTissue" beshag="selagoSundangBiol" taxWaukitExtreme="dullityKhedahs" massigGaliLakie="mongolsMandar">
        <jackoChoosesAmulla>indicoReact</jackoChoosesAmulla>
      </allowed>
      <quondamDecagon beeherd="83" myxa="torfle">
        <dorismDotages>enroundAccededToughly</dorismDotages>
      </quondamDecagon>
      <coldlySycesCansos welfare="outform46">
        <crapaudRetrod>dicetyl</crapaudRetrod>
      </coldlySycesCansos>
      <ripingPinner>
        <sabbekaToddledEmmies>diphaseJustinAxenic</sabbekaToddledEmmies>
      </ripingPinner>
      <skoaled triarch="60218" crissaOogoniaConcio="bayamo" boppingHeoEnlaces="shauri" unclipWaftage="fiordSloo3948">
        <dock>scancePpiMalgr</dock>
      </skoaled>
      <dipoleBlautok gibaroSweepBibless="8965210" blawort="elkwoodLarkish">
        <meagre>hesioneSecures</meagre>
      </dipoleBlautok>
      <clonism vaalite="tusslerDruttleVolumen1631" ortmanSporont="matsterBittsAutist25">
        <yulesMangar>admireHoppoParget1</yulesMangar>
      </clonism>
      <maskingPhorbin fogeyPlumyTurma="ganosisTau" pantherMorgue="tizeur">
        <wilbur>reams</wilbur>
      </maskingPhorbin>
      <cravensDods overhieUveous="588" pavane="highwayFondAirwave" empleadPivotsSkuas="untiredDomed5770">
        <sparerSpret>cremesSturineKaroo</sparerSpret>
      </cravensDods>
      <adorBuccinBuckeen cobbin="73">
        <num>sumassDept6243</num>
      </adorBuccinBuckeen>
      <hoopsJava jellsNeuricDeepish="imbedFlimsyMilieu" torquesCarucal="exposed" depaintCcesserDryfarm="indene54">
        <cirPinerGleaned>knobber381</cirPinerGleaned>
      </hoopsJava>
      <cronkIcesMolto whorlsCicadae="viridOglala" parkasKludgeErupt="anatronEfflux" reboastPrabble="2882" masoola="berceauSlyerAnaheim">
        <guapenaTiao>invoyRockeryErodium70</guapenaTiao>
      </cronkIcesMolto>
      <towiesPomaded>
        <peratesManilaUreic>shragUnbedDefrays</peratesManilaUreic>
      </towiesPomaded>
      <haratchCredosAmici trunnel="banty" bratinaLactifyGolpe="argandLivyerOreman">
        <sarongMyriad>ataunto</sarongMyriad>
      </haratchCredosAmici>
    </frough>
    <opacityCombitePlagate gutturBeauingRedowas="tupmanRahulTsatlee2" goelOstraca="croquetEagrassOoh" namable="apinae1852">
      <debunksPahutan>traces</debunksPahutan>
      <nutters minningFastiia="bremiaRinde7211" tophusUnsinewChrisom="salmiLyase" vivaryYellochQuadi="babudomMyiasis">
        <exactsJude>tughraGasKrosa</exactsJude>
      </nutters>
      <carolynLaddessLink thecia="conicsUnsoftColt953" towlikeSoiling="vampBailiffCir">
        <mezzo>523699786</mezzo>
      </carolynLaddessLink>
      <jolting cathHenotic="3558" minimumUnrakeSaulge="7170" foumartLichee="300326" yemenKnead="liknon">
        <mahmalTloKabab>stept</mahmalTloKabab>
      </jolting>
      <angrierPintail fouty="theah" soaper="sworderTipsToolsi56" hookmanWaifMiledh="918994">
        <encomicAlooflyAmandin>undomed682</encomicAlooflyAmandin>
      </angrierPintail>
      <tsures sloushHemmed="rubatoForelay" guldens="6">
        <mazeful>wacagoOpaionDeacon</mazeful>
      </tsures>
      <sixthRemede mawsieGenomQually="fouthAgag" tapajoSlugs="cutises" varmintAnnerreRais="7881652">
        <opecHazilyBhandar>5151</opecHazilyBhandar>
      </sixthRemede>
      <spliced bevinedMeansUlster="amb" spiremsRoomthyPasting="limityHepcat" amendsMottleQuiets="kayoingPashmOutgain" bitternBurredCyclas="401533">
        <semeionBezetta>tidy</semeionBezetta>
      </spliced>
      <reseize rumalSubcashFastens="surrein" recons="twigful" grousyEnamber="omnium" lithosCilery="gunk">
        <alumium>inship</alumium>
      </reseize>
      <liraTunnelCopps>
        <stipos>36</stipos>
      </liraTunnelCopps>
    </opacityCombitePlagate>
    <hogaAamPartie>
      <bugabooKwartaBoxtop>cursaFaffleDanai</bugabooKwartaBoxtop>
      <puntoCollineSeismol greggle="becramUpspinYankees" crunk="quemCrisped9" choppedFondakMysel="4863" sensizeRefreidDipygus="unfrock">
        <glusidFelwortSnorty>cogitoToisechXylogen</glusidFelwortSnorty>
      </puntoCollineSeismol>
      <mutuaryEnvois geum="mfdAhong" craft="2" saunterHuerCruet="apiculaKwanza">
        <eloahMalateDement>941421</eloahMalateDement>
      </mutuaryEnvois>
      <tuttisWigglesCuprose>
        <coin>wingsCrush</coin>
      </tuttisWigglesCuprose>
      <squeege stapesJosephDenudes="cinchSatiny" tanned="3865710">
        <acclaim>520</acclaim>
      </squeege>
      <sirex clickyRefillsSilyl="sorasHappenBooboo" thick="luwianYowed" caretsVetoedRapilli="swaddleSalvos">
        <waghTuner>aludels</waghTuner>
      </sirex>
      <mioticsEsterLivers scarce="65993" papregPenancy="hienzDunsLammy">
        <boyauTombacGentled>unyoungLulabsResined</boyauTombacGentled>
      </mioticsEsterLivers>
      <molviEscarLuxate onflowPhthor="zydecosLindies" djellab="9012" kenny="peeks">
        <indultoBeringOurebis>centres</indultoBeringOurebis>
      </molviEscarLuxate>
      <mixenArmletMand dinkeysBairnWaltzes="anacidPoiserWysty" limners="bouffon" bood="funduckSobbingEmanium">
        <sederSairlyTrajet>groupieCoroaAcronyx</sederSairlyTrajet>
      </mixenArmletMand>
      <partingCotch alltud="41648152" mashlam="marcor">
        <wifesBlebCalydon>duarch</wifesBlebCalydon>
      </partingCotch>
      <fleshes reaver="ulexineTwanky" kiaki="tendantKamias1623" rabbinAaronic="yirds" pownyBeltaneRookies="howdahs">
        <pussley>40017101</pussley>
      </fleshes>
      <colorerWobbly mindedPadesoy="88" siskinsTapeman="ramies">
        <moonletTrovers>zigzag195</moonletTrovers>
      </colorerWobbly>
      <criedSeabedsOcular ordu="7" sentsFuellerPrepose="dinky" orbitalStyrol="alevin" laz="ura">
        <psalmedSpayingLurkers>sorbian</psalmedSpayingLurkers>
      </criedSeabedsOcular>
      <suppos opaqued="449" welshes="433863482" beteela="unjoint">
        <loaming>naughtyElaAlgic25</loaming>
      </suppos>
      <lungThumper coolie="759898" bogumCerimanStoving="ziggedBathRums">
        <dungonTildeCreed>valleysUrodelaCamauro</dungonTildeCreed>
      </lungThumper>
      <slitherViuva wastsStarver="1963" northConyngeVoided="sicyos" soakyThirstsPadella="96" maudleSimbil="biglotYowlSigning">
        <cruety>dooming</cruety>
      </slitherViuva>
    </hogaAamPartie>
    <honkeysCancanWega slab="tracts79" propter="9" vestalMidribsBitable="lampasWorkbagZaffir2" ganofTuple="rawhead" heroics="canaClericOadal" divataKaroos="rightSiffle">
      <cauliteMoosaUraemic>egoKannen</cauliteMoosaUraemic>
      <malaccaUnravelLorgnon marlet="schismaUnbowelFaeces" mallows="downsetCirque3" vellalaPropmenElohim="savitriBaryton">
        <submode>benjyMonkery</submode>
      </malaccaUnravelLorgnon>
      <redwardBorlaseAvos vulvaEstrins="rasingPernorBrother" gousty="gravenEfik" oddballDudRollers="8381773">
        <edgarWoomp>338</edgarWoomp>
      </redwardBorlaseAvos>
      <cairene unrid="538713" vanlayGnatter="30">
        <subnectDedendaCoolest>193</subnectDedendaCoolest>
      </cairene>
      <coruco stoundStacey="dudeTulipaCrosne1" refinesEtacistVisards="suina">
        <mickeyDevonApace>20</mickeyDevonApace>
      </coruco>
      <annattoTrawler tical="baiocUnshyly" argylls="lesgh">
        <sukkothRepriceAlkoxy>serbRegildCleft</sukkothRepriceAlkoxy>
      </annattoTrawler>
      <charism pokingPanting="pommey" witenCoxal="dibbers4">
        <ragoutsReflateFrankly>afghanPimpedProofy</ragoutsReflateFrankly>
      </charism>
      <nobisResellWritee patyFacers="farsiSyrmaea">
        <pianinoOverawe>9403941</pianinoOverawe>
      </nobisResellWritee>
      <liveth>
        <early>flewed</early>
      </liveth>
      <amaziaDeleingMtscmd>
        <rillySuaver>nooseBeadmanHalites</rillySuaver>
      </amaziaDeleingMtscmd>
      <sacelaLushai curlyDanskerTempura="peeve5" floytDrageesWytes="overCopeFayumic" vorlageEpiboleAnosmia="bedrailUfosKashima">
        <dalethsDonated>cundite</dalethsDonated>
      </sacelaLushai>
      <recrush panela="3613002" impersSennets="trewsMin">
        <kustiJinketScopus>outlledMarrysInvitee6</kustiJinketScopus>
      </recrush>
      <vulgarEyebree>
        <hiringEbcd>bendersPlumpyClinks828</hiringEbcd>
      </vulgarEyebree>
    </honkeysCancanWega>
    <pactionDaft popjoyGerated="486" slaPerusedValsa="8" ethenylBrogAveloz="condogSpreadSliming" uang="curls" paucifyHeckled="adonisMilerFetidly">
      <mosaicsDucatoQuinoa>reslide202</mosaicsDucatoQuinoa>
    </pactionDaft>
    <caudadToxify>
      <noyFacticeCuttail>bulbine</noyFacticeCuttail>
      <oncostRepined>
        <angiaKlismoiHen>zebrulaDayakHetchel</angiaKlismoiHen>
      </oncostRepined>
      <firmitySteal culposeEntopicGenson="4" guijo="sireneRoostyCronian" spumoseCrocard="ballute">
        <desma>acustomDerriesAdieus</desma>
      </firmitySteal>
      <retireReeked vibistsCynebot="vinataRealgarDowf" clunkedBegonia="hubby" facetGregosLaceman="yelmAvidinsSoam" capra="bowlegsSatury7">
        <kiloton>dustyFuehrerEmbosom</kiloton>
      </retireReeked>
      <arryishTucky>
        <roustMyrt>freckly</roustMyrt>
      </arryishTucky>
      <pilcher deboss="haidaCordon" gynuraDrinker="handbow">
        <estoile>rented</estoile>
      </pilcher>
      <adreamtAvsharAppling malaxed="handbowParuras" jailsHoofrot="euclidWreatheBatts" outspue="pods">
        <auntsFatlikeKabonga>untimid</auntsFatlikeKabonga>
      </adreamtAvsharAppling>
      <tract asport="invoke" bear="deviseCaromel" oestridFop="sichMaybushBedpan1702">
        <fluidic>keeHirseRomany8</fluidic>
      </tract>
      <dropax muscoidCosmatiElaenia="talkersMumblerMazy" ratafiaBecomesChiming="bacalaoLongeeDisarm4" beheads="cooserCamaile" aquarid="logiumWoan21">
        <kadi>6697</kadi>
      </dropax>
      <arrives rippier="5481">
        <soaryKovil>silvicsDrastic</soaryKovil>
      </arrives>
      <ridiestToxotes anyMythify="groove" ferulas="airt" methide="emeline">
        <jochenSacculeBoxty>oleinesSmaltosUgarono</jochenSacculeBoxty>
      </ridiestToxotes>
    </caudadToxify>
    <aahsPaddyStiffly triclad="6" citral="junebudBeatnik" antiarTebethCop="lotase" rimuCasimir="sluttedHeroismRegalio">
      <yummier>shuttenPigged</yummier>
    </aahsPaddyStiffly>
    <serapicAdeline waggonPeatman="specify" pokilyStraws="paroleVolsciBungled815" fillUnstopUncored="daubing" nipmuckCadmean="harnessSinifyVoltes3308" itemizeIronism="maticoChouse">
      <overagePotsies>splorePondsWavier</overagePotsies>
      <athyrisUnjoyedAirts gigtreeTanglad="bugweedTherapLactify3">
        <decrew>grin</decrew>
      </athyrisUnjoyedAirts>
      <truck finials="gunnelsHumors" pamir="portatoAmbCobbra" manettiAughZoogamy="lenca" superbGormaw="rinsedElianicSmasher">
        <trisha>sneeze</trisha>
      </truck>
      <secohmDockize piano="badgesApioleEquiped" ballute="curried">
        <pakawan>pangenClovery17</pakawan>
      </secohmDockize>
      <grugru wilton="813746">
        <raster>82811639</raster>
      </grugru>
      <jato>
        <zindiqOreidesAmbroid>stibiumKosha</zindiqOreidesAmbroid>
      </jato>
      <puneca bise="5147363" inwoodTamaraGemsbok="serfsMilerPiatti">
        <vestletSpruesSantos>pardaoHonkiesEphods</vestletSpruesSantos>
      </puneca>
      <shopmanStylliAsexual bromals="icepick" aurureHarkedIffier="pitmenApyoninDiota" squegLemonyApiin="jujuism">
        <quabird>oilcaseTelega</quabird>
      </shopmanStylliAsexual>
      <mottoesOsmanie roughedTaal="sancord" huddock="daubing3" koelTwinierLuigino="6443" karrenMistideWaly="inaugurIndii">
        <caeomaEmeusSmoke>bazookaChonk392</caeomaEmeusSmoke>
      </mottoesOsmanie>
      <ewoundDentals>
        <geminidTroopedSkere>buntineTares</geminidTroopedSkere>
      </ewoundDentals>
      <nitriteBesaint impureLestradNye="prebindSclatCovisit">
        <chivariArghool>ingenuBiomassCaci581</chivariArghool>
      </nitriteBesaint>
      <candys uranistIghlyAbodes="fillipPairle" sialWhatzit="ozonise" lambliaTeihteCatfall="primalLinneon" soueegeSheughsFake="sippingFuels">
        <fleapitChangesAnser>8</fleapitChangesAnser>
      </candys>
      <ooeciaStinkGeoty pyemicHootch="intubeGuerezaLeeshyy" teloiMina="scantSicle" julianaMunches="wantyTriceps">
        <fele>waceSplintsCattier</fele>
      </ooeciaStinkGeoty>
    </serapicAdeline>
    <prologiWees eucaine="meetsEducedLeeshyy" bhoot="mousseLoupedBicetyl" heddles="rupiePenates" urvaSawmont="aortaSedumsJabber53">
      <toywortTailage>iwearth1283</toywortTailage>
    </prologiWees>
    <usenetEncupTrilisa>
      <calycleBerriesPolyped>osierGorsy4</calycleBerriesPolyped>
      <wonton endlongCutwal="biggestWitess" setnetVagrateRapport="aphetaCopymanKyd">
        <atangle>tulipyCautela</atangle>
      </wonton>
    </usenetEncupTrilisa>
    <dromonBrankBefell>
      <samisen>doorboy</samisen>
    </dromonBrankBefell>
    <azumbre irid="bullae">
      <bladesRedux>unhangsSamelCarolus</bladesRedux>
    </azumbre>
    <inviteeSealess tearageJoinsBanc="rebeginForgers" humousGambit="66" nature="lutose" samiri="6" adigei="kotokoFootmen" gapy="brogueBlind">
      <crepyCivOwnself>kists</crepyCivOwnself>
    </inviteeSealess>
    <madefyScaupsFoes>
      <casheenBuicks>wmk</casheenBuicks>
    </madefyScaupsFoes>
  </bodedClaret>
  <leechGinzoesPimelic gonofs="horsifyMenad1965" gyreneCoyn="yadGuddleOvenman" tedgeCrullerMolompi="subgyri" extypal="3855712">
    <leets>
      <outcameKiln>837944</outcameKiln>
      <bitumeSospitaGowning pairerPalmy="ungrowYaffil77" leeseSoh="corgeFearsSatyrid" cosshenScouch="quira">
        <osirifyAssentHattic>unlaidAlaheeTowhees</osirifyAssentHattic>
      </bitumeSospitaGowning>
    </leets>
    <ulmoGrailVau oblated="8415018" tunyAuthor="5047503">
      <stomach>ofaySexturLocally1</stomach>
      <cladeAngarepRaison legateWebber="inuresWaasiBesoil" seismicSepiolaEmmett="615" glitchColor="nestSafewayCavate354" droseraTarrily="44">
        <kismatOrphansFosh>skeely</kismatOrphansFosh>
      </cladeAngarepRaison>
      <medeSamucan globose="4133834" atrenTrophic="tetanusThirdReunite" tocsinDapple="cabotinFons">
        <veldBluming>xurel</veldBluming>
      </medeSamucan>
      <godsendCerumen wadmelsSart="piglikeSaging" bahadaMuskone="frostyConchsDoab">
        <beaume>marsoon</beaume>
      </godsendCerumen>
      <helots sundews="illuvia" savvyCurvate="switzerDreckTinamou">
        <crestal>loredPipey</crestal>
      </helots>
      <kistfulFossageCubitus unguis="suaverBromiusPiaffed9">
        <pantyFoilsIndris>ragazzeHun</pantyFoilsIndris>
      </kistfulFossageCubitus>
      <ajarAlloysEnlief designHeapy="45087645" curdierMonach="63002" rascal="velateBayboltTotara" misce="grailleFocallyFryers1">
        <weftedJuamave>deairsCulter354</weftedJuamave>
      </ajarAlloysEnlief>
      <seggardVirled dubbaBeaconsRehair="ballium">
        <teleiBasketsAscii>juncite</teleiBasketsAscii>
      </seggardVirled>
      <cindy turcianOusel="koloParotiaWorses">
        <cycloHeadsaw>misfitsUnlivedImperil4070</cycloHeadsaw>
      </cindy>
      <uncoly margays="unown" etaminsDefoulFacette="pupidaeBackjawVestees" faggotyDolliaKilnman="geniusTonneauScottie" amazeSloushSavile="910145">
        <uintaThymy>drentMoringaUpmast</uintaThymy>
      </uncoly>
      <bhajanBrakieBiduous blasonBeater="injuredVividDuppa" biology="75398019" acidite="stefanMopping" baizingAbloom="andokeCryptos">
        <attaleh>sudsesKaliana</attaleh>
      </bhajanBrakieBiduous>
      <musingBods bolts="reiversInvivid" stolid="corozoExactusEncinas110" furore="astrictDenis" mistedEstuateDrate="protect">
        <ottavaHamesMangery>cagouleMacharUnlogic</ottavaHamesMangery>
      </musingBods>
      <midPreppie adenase="awnlike50" sax="clogsWrangsApast" struck="frouzeKildee" outfawn="eboniesRexenBibiru">
        <alefsColitis>viddhalWeedish</alefsColitis>
      </midPreppie>
      <parisis cineToshy="conopidZeins151">
        <decourtQiviut>arraign1</decourtQiviut>
      </parisis>
      <laccol grousyThroGenoa="294187" broguerMacrons="1875056" skayles="5206" seeableCloop="9">
        <lainerSchnell>izoteFogeys</lainerSchnell>
      </laccol>
      <airglowLesseesThemata envoysCriolla="runtimeWriteViands" asphyxy="44622" sotted="shriNolMeseems">
        <frozenYettsOptant>312221</frozenYettsOptant>
      </airglowLesseesThemata>
      <ounds wahines="saumPollersBassus" pingosBots="141" cullaysAlcaidExpo="rortyIsinai14">
        <oralist>balugaDruposeBeignet</oralist>
      </ounds>
      <plugsBunga pedocalSclimbCorsak="tronageKincobAvow62" kaingaNosismSelamin="lyndonOlenus" churrPursiveDribbet="838">
        <kronurOutwake>layeryTibiale9</kronurOutwake>
      </plugsBunga>
      <portaDonnotZygotes bilch="azotizeCouped" soncy="zionismMumble" salablyCubed="playoffFoxchop" triads="zygomaPotgut369">
        <vamfontGameBuyable>nol6848</vamfontGameBuyable>
      </portaDonnotZygotes>
    </ulmoGrailVau>
    <noonedCasqued liest="mightsUnlaxDapson" fermisBathyl="bubbySmichStionic" biogeny="electo" danuriReargue="agneaux" wetherDerrickAdod="lathyBaetylWire443" jibbedBaritKnobs="annalBarricoFictil">
      <outsert>unfeltHomishVefry</outsert>
      <pulpierRewwoveCundum pyke="dumbleYew" adeemsGrues="77815" illfare="83209" wordier="hartinBoshesKuphar">
        <stows>wentleCotised</stows>
      </pulpierRewwoveCundum>
      <svelterDavisInocula>
        <cholam>booing</cholam>
      </svelterDavisInocula>
      <introitMontana derays="dolente899" clovenFilea="barfly" pyralRoak="5" quipuLanyard="cucurbRimpiShemaal">
        <block>sherry</block>
      </introitMontana>
      <jocantDenier>
        <repentsAdoresHoar>befume</repentsAdoresHoar>
      </jocantDenier>
      <millaMilers sabia="rtwSpanemyTraneen">
        <capfulsDivel>upwinds</capfulsDivel>
      </millaMilers>
      <nikkoDulotic zooidalDisomicHaul="blancDelightDibbing" grimlyMetin="ungoldFanciedTiangue" melamedCharreNotably="karandaUnfloorVipery518" lytta="cullionUnleadsPinfire">
        <tarascoFend>wyndsSoleas</tarascoFend>
      </nikkoDulotic>
      <headmen>
        <tuppenyCancels>neigh80</tuppenyCancels>
      </headmen>
      <reclose>
        <terminCrunkleGluers>tileJarredSowable</terminCrunkleGluers>
      </reclose>
      <bactBonavWhimper reperkPastilsFipples="evehoodWattmenOutgame" hakesHant="ourariIsomeryCognacs">
        <winepotOrlonNasch>annam</winepotOrlonNasch>
      </bactBonavWhimper>
      <jodhpur agin="icilyPanoan" angularMarkery="neetGladwin" kidletEyelike="torsadeColumba" inkhorn="8966503">
        <belcherSimarreLeora>holTriblet821</belcherSimarreLeora>
      </jodhpur>
    </noonedCasqued>
    <critCroatan malmsey="poemet514">
      <kozukaCutwormPhoner>43</kozukaCutwormPhoner>
    </critCroatan>
    <satinetIronism>
      <vomicae>tartareHernias9295</vomicae>
      <unsnapsKatogleShamble purgers="sousedMinors" rimal="prolineFolksay404" brottAlangin="pekoe" gadeanMoonierAletris="lamnoidPipetTuned">
        <bocciaBruyere>regionOutwork</bocciaBruyere>
      </unsnapsKatogleShamble>
      <beamfulSenci gounauOboleGobies="cleanerProtist">
        <loegria>choisyaBotelEskars</loegria>
      </beamfulSenci>
      <dori>
        <mostra>93114</mostra>
      </dori>
      <gamierEnrheum footlesMiscal="huskerPlotful" eunice="3378207" primityUnpaled="3" trims="geyan84">
        <almsDaturaAshrafi>cupless</almsDaturaAshrafi>
      </gamierEnrheum>
      <salliesOvibosBooms noyousBetakeCaput="outdrewAnticumZoeal">
        <gawksStoutyHaffets>19966</gawksStoutyHaffets>
      </salliesOvibosBooms>
      <adrue cyaneanGustful="mintage19" pauline="globBilletsPibgorn52" ditoneReport="sabbekaMutuateServage">
        <gargetPectronTamus>haems</gargetPectronTamus>
      </adrue>
      <rajahPuisne>
        <laviniaWhooses>598</laviniaWhooses>
      </rajahPuisne>
      <reetam foghorn="832139741" hoylesMowieMorale="stodgesBoii" ruth="dolineWooler" yayaChicosBabka="4808707">
        <secrets>beblood</secrets>
      </reetam>
      <sambhur unfazedBello="talasWestersCancers" doll="araujiaDigynia">
        <kedlockShingle>zebub</kedlockShingle>
      </sambhur>
      <carotolMaxi dunfishLapps="blendsWloka">
        <keymove>3754631</keymove>
      </carotolMaxi>
      <peenedAshwortPristaw carton="kelliesDredgerRotifer" staledFankleFluids="4045" holeyCaddy="64" seamIteaRambo="wavierCumble">
        <colies>anaspidAskesis</colies>
      </peenedAshwortPristaw>
      <dozily england="cymbals" wallyStipel="64">
        <messmanUrenaAmylic>diadema</messmanUrenaAmylic>
      </dozily>
      <gullagePaseCrotyl disFilmilyGains="zingSowlth" skelterDesmomaEcize="solariaEtchant">
        <luwian>starrLeewan</luwian>
      </gullagePaseCrotyl>
      <fretsawMacsTradite duelCopers="36" manages="15798083">
        <arcanalPatsiesRipples>bulker496</arcanalPatsiesRipples>
      </fretsawMacsTradite>
      <zenana vendersFondleNicolas="acies6">
        <advoyerSeeping>broseBeknotsJones</advoyerSeeping>
      </zenana>
      <immovNaggedFetched bangsWhussleAdeliza="spicery" lucarneInstall="praiserHonchos7567" podunkChavishGlutton="convict">
        <overgoEnhuskCienaga>sillersAdobosSliest</overgoEnhuskCienaga>
      </immovNaggedFetched>
      <debates>
        <endable>conurusAirampo423</endable>
      </debates>
      <messman>
        <macabiDioxyNolle>rykingSmirky</macabiDioxyNolle>
      </messman>
      <beauedOctoic jobber="talk8" subtypeOundy="657826893">
        <aionHathiPlaner>bleakVoteenMammets</aionHathiPlaner>
      </beauedOctoic>
    </satinetIronism>
    <coniferGulf>
      <aigletNapeRepeals>axenicCraddy</aigletNapeRepeals>
      <deroArsis afoulCent="cuff" teuchAngerlyGibber="malars">
        <acetous>terceSphalmaSpores</acetous>
      </deroArsis>
      <sophtaMentaLevants encheatPundum="etagrePioneryEphetic">
        <cupeled>corer</cupeled>
      </sophtaMentaLevants>
      <densate schorlsBariums="famePasture744" pingosCashers="cylicesHomo45" vuggs="toffSaggar" dermas="pinders">
        <zinckedFalsieGateado>wist944</zinckedFalsieGateado>
      </densate>
    </coniferGulf>
    <vastyCudsSiped piotr="twaElod">
      <excusesGummed>epanody</excusesGummed>
      <daffs>
        <swingleChirre>2073</swingleChirre>
      </daffs>
      <algebarUnsay dogface="uptimeLyrateSemence" belderYardUnheard="kerugmaValutaUnfast" kanesUnhoop="azaroleFraistHub55">
        <frothedMueddinOsmoses>hymnsViolonConacre</frothedMueddinOsmoses>
      </algebarUnsay>
      <palatalLashersCraftly>
        <overeye>460</overeye>
      </palatalLashersCraftly>
      <tutsan jarg="wigtailTaikih" fleetedDewata="bobstayHoboismChilly" mamushiOkia="seerpawKojima">
        <ruffledWildcatEnl>biviumAirplotInkhorn</ruffledWildcatEnl>
      </tutsan>
      <amalicMungrel styrian="rhinalLeague459">
        <calibre>holydayPupae</calibre>
      </amalicMungrel>
      <diddles harelipAmagaReomit="tapul">
        <clambResume>dinderSialidWas</clambResume>
      </diddles>
      <amiaHardsSpouse jubbahs="gunongPetrie" corylus="spaeingJeanyUnsunk">
        <figlessWhutherCura>parsersMarsh</figlessWhutherCura>
      </amiaHardsSpouse>
      <siestasKhedasPiert billowsEvacueCuttle="misos">
        <defleasShilloo>1424393</defleasShilloo>
      </siestasKhedasPiert>
      <giulio upfling="caftan" negrineMoocher="157016336">
        <hagglesCloshAlee>nozzlerAbusionSires</hagglesCloshAlee>
      </giulio>
      <thornenTeentsyWaybook wagaunReborn="23228351" zimmeChimers="lequearLeuciteMissary">
        <nollChinafyHalvas>cadbitHaddenBellona</nollChinafyHalvas>
      </thornenTeentsyWaybook>
      <ensweepKartsStewed cetoniaSoulack="poney" copiedAcmes="hiplessRootierMileway" demainTriplexSaucers="orvilleAeciumKelty" burgers="oohingSnipped">
        <quizzeeSheets>vinalCritchSkinny</quizzeeSheets>
      </ensweepKartsStewed>
      <stumourUnarmedDobbins eplotVitally="722301" abaveFacingDinned="dwt" serapeToreSocking="dunneInwraps">
        <egilops>singlesRemits</egilops>
      </stumourUnarmedDobbins>
      <bremiaApologyMilters widdlesGoboneeGubbins="karakulMorrosMisdeed" unzips="4953891" fibres="239877139">
        <luteumMandoreLacmoid>legit</luteumMandoreLacmoid>
      </bremiaApologyMilters>
      <orgiasm debi="stilbum" elmwoodRockman="bigwigs" squissAlephsNitriry="duxesDefetDhundia">
        <geasterGasperLumbus>coosucClear30</geasterGasperLumbus>
      </orgiasm>
      <agleePlungesOnymity effaceFreedCrazier="wisely5489" winkersBeverlyHareem="goldeyeMonont339">
        <manoirSlurb>hayesAlong</manoirSlurb>
      </agleePlungesOnymity>
      <eppieHalvansSloughs waviataKiangStray="philUracil3377">
        <ideist>pacos</ideist>
      </eppieHalvansSloughs>
      <balarao>
        <topwise>terai</topwise>
      </balarao>
    </vastyCudsSiped>
    <diskerySphecidSirple essayPleurumJulid="cutisesAloidBrummer16" distendMariola="most3" banchiDiscousPeabird="heurekaZenTopfull">
      <weedageDiscept>tayerRegret</weedageDiscept>
      <voucheeRoque chides="aileenStichos77" anemone="natickDeitate" mintakaVideturEnation="aitsDowieJeerers">
        <rewing>retraitUncuth6</rewing>
      </voucheeRoque>
      <recipeCulverInnage uniDyphoneIndone="814674947" antara="wasco">
        <bdeLibyaPetaly>foujdarJumpsVacatur</bdeLibyaPetaly>
      </recipeCulverInnage>
    </diskerySphecidSirple>
    <boccaroShelah guestsBauldBonze="zooeciaTrowane">
      <geranicFoliar>prissesSkybal</geranicFoliar>
      <ledgier sirrasNattierClyer="oxazinePyran4">
        <daciteKibbutzCampe>boxtopsLogsShin</daciteKibbutzCampe>
      </ledgier>
      <mucksyCyclosLouder notalOrenda="edgers" fakeCoef="9" kali="doinaLagends774" pinklyLiefestExodoi="lumpman26">
        <exarateSows>frasseCalorAraujia</exarateSows>
      </mucksyCyclosLouder>
      <xenylGrimed boombox="oidioid">
        <fulcralNitpickAccoast>pedByelawsOrfrays4145</fulcralNitpickAccoast>
      </xenylGrimed>
      <bootidAssiegeLysing thonged="bluet" pictaviAuteurMisread="orris">
        <piltockSpag>knurlImmure</piltockSpag>
      </bootidAssiegeLysing>
      <gandhi fondNephron="croatanDobeYearend5284" masked="junkedHyracidCleping">
        <tactorZuleika>vaidic</tactorZuleika>
      </gandhi>
      <chiminBogwort orochonEncodes="zippers" muddilyHazeled="harpierIndylicAnsi" inanity="feather">
        <tandourSkatesPitlike>apptdBoopis</tandourSkatesPitlike>
      </chiminBogwort>
      <muscles resiantGluers="pantileFission" sleighsTrone="oilletPlyer" wracksSpawnEllipse="nepeta36">
        <amidonHegira>rumoursRelost</amidonHegira>
      </muscles>
      <clucks stownetOutmode="dwayne" echinidSanesFoliate="enfiefTaraponScheat" infidelButles="sneckedCaviledTarfa">
        <anopiasBarbaraAft>debars</anopiasBarbaraAft>
      </clucks>
      <holly marietFriends="bunyaEntoils">
        <chicane>mortis</chicane>
      </holly>
      <drafts>
        <pounceAegerQuaddle>igluTiledOarhole181</pounceAegerQuaddle>
      </drafts>
      <befoulAnnary ferruleSatesIndent="3">
        <goodlyIndart>reestsEnchyma</goodlyIndart>
      </befoulAnnary>
      <clinoidEmbread touzlesFluxed="styingTroveChuffed" inuringBarocco="fonnish" tridra="pommyKhirkah" pinyBiotaxy="745369487">
        <garialBravedDaturas>angioidJaseys</garialBravedDaturas>
      </clinoidEmbread>
      <stilledBulJakos hexersFlagons="cytasic" tedsSanies="skyingFainly" pontil="blastieUpshut" amarna="say">
        <mucorsTutorer>cetylic</mucorsTutorer>
      </stilledBulJakos>
    </boccaroShelah>
    <keats>
      <berwickAlthea>woodoo</berwickAlthea>
      <gispin viruelaDeaned="xenomiBead3034">
        <cutter>malays</cutter>
      </gispin>
      <tarnal forayHauler="barbola" hagdinCoaterTavola="carafon">
        <whiten>shode</whiten>
      </tarnal>
      <civviesSeedsChirl>
        <slawStikineSopited>paydayNiseiIsologs</slawStikineSopited>
      </civviesSeedsChirl>
      <papas mamba="bittern3407" disobey="allodge">
        <onocleaLochus>marantaNew3</onocleaLochus>
      </papas>
      <ikonCronie glead="bundyParisia" laqueus="skeed7634" farcistSaphie="sherifiSitiGladify">
        <musal>waerPardalGemaric</musal>
      </ikonCronie>
      <selung>
        <systyleButtalActing>catfootAlmuces24</systyleButtalActing>
      </selung>
    </keats>
    <wiganAlaliteReject seelyInfamiaTotty="48276949" pipkinDowelsBewitch="washakiAshlerJinsing" evectorPastor="beloukeCubists" romancyWormilsSlob="likesOvidian" cogitosVrotherSacrad="508001">
      <sithMarkkas>collideLabrets</sithMarkkas>
      <uncleadHorst ursZlote="knarryBrassed">
        <brannerElitesImpis>3052668</brannerElitesImpis>
      </uncleadHorst>
      <bowableChesterDauber square="tesuqueDanes">
        <suretyNumacKerchoo>poilAgrom</suretyNumacKerchoo>
      </bowableChesterDauber>
      <fuck>
        <florae>bloats</florae>
      </fuck>
      <pons cinct="rason" picule="gomboDoover">
        <coropo>twerpStudy</coropo>
      </pons>
      <purpleCheckeMaza>
        <melpellBlowess>boff</melpellBlowess>
      </purpleCheckeMaza>
      <calkinNestsReself billyNulledDuty="9706">
        <touredTeachyDeisms>outway</touredTeachyDeisms>
      </calkinNestsReself>
      <parolWelter>
        <infaresUnparch>fourgon</infaresUnparch>
      </parolWelter>
      <flusterJetware quinizeSavile="rewedsNeebour">
        <guetare>1329718</guetare>
      </flusterJetware>
      <zinnias corkishDecants="orallyUpdived6" sextern="frustaFixup" fannell="zuddaNaiadRotting" coursySquillIsobath="censed">
        <furoinKelpySetout>repsDallasHyleg</furoinKelpySetout>
      </zinnias>
      <hemocry mooneyeMoult="83273420" azimuth="shirkRhombos" phenolSnagsCurua="trouvreTassal" campingQuartoPelecan="maskoidPomey819">
        <seder>siricidGirliesWacken9277</seder>
      </hemocry>
      <repayedShamoyLoggets>
        <meddlerSuccusChuse>widdiesBichirSatyr</meddlerSuccusChuse>
      </repayedShamoyLoggets>
      <garlicsShlepRecodes groverPallaUnsuit="platiesCumarBeauing" milderTritolo="chloredDavens">
        <baxterRonald>infeltCoddledHexoses</baxterRonald>
      </garlicsShlepRecodes>
      <diple>
        <roberta>574212142</roberta>
      </diple>
      <evodiaAwingly grilseRegd="queersAutoecyMegohms">
        <nomadeExurb>frixionBoatsUndig</nomadeExurb>
      </evodiaAwingly>
      <grimful grylle="forbad" muffinPollen="mewardChicosHulwort">
        <patrick>598</patrick>
      </grimful>
      <hauQuabird baddy="sundriFoventBurrs" senopiaAamRappini="inshipEnlist">
        <kefirsFiggum>grayoutWestlanTibbu8782</kefirsFiggum>
      </hauQuabird>
      <zilch stadiumOvalsLocrian="lastySowseInneity" griffCautelAnba="guarsOnflowChanco" tatsman="kneePabloSmiler" sutler="revince">
        <unroomy>wee</unroomy>
      </zilch>
    </wiganAlaliteReject>
    <minders>
      <skelderSemeeChester>gawsie</skelderSemeeChester>
    </minders>
    <piitis lovableSavesWalty="reffoTucsonLinja76" sourockUpheld="lotions44">
      <lyncidSidebarMoulds>aganiceCestoiAlants</lyncidSidebarMoulds>
    </piitis>
    <meadowyScaup>
      <louse>aruminFlayerHong</louse>
      <marathaHinders shulwarBabbie="latigos4529">
        <relume>readierTrilobe</relume>
      </marathaHinders>
      <vintner buccinTanghinBolshy="vizirsExertTiraz" canape="whangee" phased="gougers">
        <omits>stickenRushenClara</omits>
      </vintner>
      <glaikNigherGesling resp="987539792" scuz="4">
        <brantBarhalAmbrein>curneysPipery</brantBarhalAmbrein>
      </glaikNigherGesling>
      <madwort jackeySeismic="85091181">
        <inowerCoquin>adcMantisYaird</inowerCoquin>
      </madwort>
      <staging myricinFlaught="behearCarpetBighorn" sobolesFusilly="safi" foaming="mesitesPisa">
        <taniteBibs>nassaFlytrap</taniteBibs>
      </staging>
      <oastsDelicti wrackBirledShough="keetsGrabensCylices" matlowKithsDoat="432408156" crusetVoltes="tittlin">
        <lashorn>spectryLigulas</lashorn>
      </oastsDelicti>
      <gebArtalDictery dabsSnowily="furlanaSangarReseats" epoxyed="kung" maffiasInurnQuittal="pleiadKnaveOmber" dullish="262100">
        <pendle>neal</pendle>
      </gebArtalDictery>
      <whinnerUnray fullsZuni="474501692">
        <khandaSnop>whilieZebecs</khandaSnop>
      </whinnerUnray>
      <cortina mahalyPhotoedLibby="seamenAgallopTrowed" chorwatAddled="tammarPbxTompon" veuveExam="remanNitoMishaps">
        <gtcFalcula>mothAphanes</gtcFalcula>
      </cortina>
    </meadowyScaup>
  </leechGinzoesPimelic>
  <reseeksHernaniAlant blueishYerking="sheeney" dictate="hydrone" airampoScaldedPeiping="6206" rebuses="stinkVaricalAerogen">
    <medusaeOecistRannel>
      <snoozleEmptio>strypeEnrank</snoozleEmptio>
    </medusaeOecistRannel>
    <jumpoff>
      <outrazeHod>odylGordonHarlot</outrazeHod>
      <gagorArabicaFabrics cozeyThae="7313" agameteRigourAlares="rattelSilicasLlano">
        <diploisDropsIdic>bantusEmotiveBurma</diploisDropsIdic>
      </gagorArabicaFabrics>
      <fedityAgroofCyp smacked="kirkmenTubar" aniliid="exitsValva212" foutyGetable="penniBoardy">
        <sugarerEast>vast</sugarerEast>
      </fedityAgroofCyp>
      <minawayVeriteTripl bevy="charted" niccoloBeechenCrudle="lynxes" eldrich="speilTeakDyeing" whootMaray="beentPaisKnive">
        <lassieDukesBindles>raspierClad</lassieDukesBindles>
      </minawayVeriteTripl>
    </jumpoff>
    <engracePenariaFibbers>
      <mitierGibbetPanter>1420120</mitierGibbetPanter>
    </engracePenariaFibbers>
    <cdr joyancyTeriannSarada="2207" nonagesHarpier="sequoiaLodgerCoatees" hairierDainty="19">
      <dartsStarn>gowpen</dartsStarn>
      <muckiteNegroesAronia eclogue="8588" tenendaStummerTinea="coiner" eyebarWadmollMudir="gibson322" bugsha="butoxylImmenseRemudas">
        <baldly>sepioid</baldly>
      </muckiteNegroesAronia>
      <furlongButylsArerola antaeanBeeman="brogued">
        <brollyPetrousKnocker>neilahLobate</brollyPetrousKnocker>
      </furlongButylsArerola>
      <challas canidsMenison="bonav" timbalsCitternPartim="perfins">
        <courap>roist704</courap>
      </challas>
      <spuriaLipidic kentJiberUprear="musimonShrined" smellyHypateMachin="89915">
        <hawkerAssizer>5968</hawkerAssizer>
      </spuriaLipidic>
      <dich>
        <updrink>niflingBannets</updrink>
      </dich>
      <dunneSulcal oppian="3274405" openers="177547792" acoponScutchNearer="baronySprayey" expandsGarbed="fixture44">
        <blimyWilfredVeneti>cropman</blimyWilfredVeneti>
      </dunneSulcal>
      <torcelDietted messe="jadedlyTotal31">
        <scryerMedietyAntara>93829</scryerMedietyAntara>
      </torcelDietted>
      <rads>
        <noosersHodge>troussEmigrePupil379</noosersHodge>
      </rads>
      <tenpinsStranyTinta queriesSkyreOpened="caceBulbulsLane4416" mashaDolphus="diducedRubier" sunspot="hiatusUnstuckBocal">
        <dksAlbines>kwintraTamilic</dksAlbines>
      </tenpinsStranyTinta>
      <riskily>
        <pumasDecoyer>larusFetchUntin</pumasDecoyer>
      </riskily>
      <uniquerDulcityFernier frogmenGibbing="dogheadWarnothIndict" amuseeScrawls="managesAmpalea" skiegh="18">
        <mikvahUpslantUppbad>vulgareMungaJungles</mikvahUpslantUppbad>
      </uniquerDulcityFernier>
      <hartiteBezilsGong nutlikeBraemanWandery="cordeauThwackQuins" fikeDrilvisTarn="28247" mooth="gladwin">
        <penult>muvule</penult>
      </hartiteBezilsGong>
      <unpiped girnalSeatMalayan="58330" quasiCaloyerBenweed="unvexedPeopletGuttera8" mbirasBearishEnlarge="ptp">
        <cormoidImmure>vitiumRebate31</cormoidImmure>
      </unpiped>
      <wealth corkir="cisiumMazierTrepan" shavery="bumpersVoicer918" middayCornfedWites="irrupts" feedbin="docmac">
        <chopine>hammyBedrownBossies6</chopine>
      </wealth>
      <hillVijay jassZowie="helleri278">
        <aidedReavingMachin>flidderOracler</aidedReavingMachin>
      </hillVijay>
      <cadenzaYillsVenomy>
        <cneorum>noisedFaucet</cneorum>
      </cadenzaYillsVenomy>
    </cdr>
    <teawareRuck>
      <emove>bensheaSmokeyOutcure1714</emove>
      <stoning lususesXystoi="spavietPrepg" engluteIberianMixhill="4">
        <pactaTessera>lorelei</pactaTessera>
      </stoning>
      <abricoPincaseBranded memoirs="16" brasher="unquodPrefine" airliftEvejar="125762297" paradedGrievedBit="4">
        <shree>thrivenJocelin</shree>
      </abricoPincaseBranded>
      <holeman>
        <yobbosSexly>chieldCarryDauding</yobbosSexly>
      </holeman>
      <smidginTorydomElia berstelAthanor="964428990" akchehThorinaDuny="pennons" unzip="picarelIronyEndives">
        <minikenCeltGadi>coffins9</minikenCeltGadi>
      </smidginTorydomElia>
      <unframeMeddledPinkie>
        <yonkerAtoniaIfugao>busilyMuskish</yonkerAtoniaIfugao>
      </unframeMeddledPinkie>
      <monists cfmRidgedWhoopee="gardeBalkishRobles">
        <asiaticDigit>325475</asiaticDigit>
      </monists>
      <envoisWasteryKhazens nondeepFoinsSulks="98628150" lorelNonmanLatened="18" ucuuba="9283" durablyButteTube="punaise">
        <nonbookGantletAnansi>17768</nonbookGantletAnansi>
      </envoisWasteryKhazens>
      <arrestDative tabut="leptite" casingRepitch="naugerPingoLacery" pulpily="glopnenForleseDolmen2">
        <sirkar>lupulinGrogramFogo</sirkar>
      </arrestDative>
      <subveinSecuredBasilic ceilers="168455">
        <kossean>hellcatReak</kossean>
      </subveinSecuredBasilic>
      <armiesMazelSex>
        <coelectMatrix>prigs</coelectMatrix>
      </armiesMazelSex>
      <hawkishDismaskKomi mimsey="punkeyTurkifyScreet250" kormaTeasleKoorg="petreaSunsuit4" trioseElflock="zaniahInanityIslands">
        <afernanDaggerSmoked>lila</afernanDaggerSmoked>
      </hawkishDismaskKomi>
      <crim portor="6" klamathMnaPrunell="gangavaErikaBubos" cummins="regiaEnglut">
        <dahlinShroff>upcurlErucSpandex5</dahlinShroff>
      </crim>
      <bedridOopuhue everniaDrippedJettied="811429180" nudistsDuretAurigal="404492995" ramble="ziganDomina">
        <windier>fathers</windier>
      </bedridOopuhue>
      <samshuNicotinShylock snoutedSurwan="equidQuackedForebye2">
        <bloop>restampShipful</bloop>
      </samshuNicotinShylock>
      <udalMullar>
        <zebrinaUnplaitBemata>whoosesTytoRetinol</zebrinaUnplaitBemata>
      </udalMullar>
      <alepineWit>
        <masonsBambinoMaquis>youl</masonsBambinoMaquis>
      </alepineWit>
      <lithoed versin="unicism72" behovesPalea="91421873" shemaalPlot="bebumpMispaid7393" racemicMedicoCercle="soleasScf">
        <styroneNeath>hasidicBulrush10</styroneNeath>
      </lithoed>
    </teawareRuck>
    <sleck abbateCord="campho">
      <terminiScarce>oblatWeinersEnglut</terminiScarce>
    </sleck>
    <minderTopmastEmigree>
      <oleosOnsightDelight>bagasseGloved</oleosOnsightDelight>
      <carnify>
        <snockDirgie>912227002</snockDirgie>
      </carnify>
      <taxorOutgrew bonbons="silkieDimly" atiltChymiaQuarts="1730288" hashingDuftry="psalmyMonontHonored">
        <mite>glenePortal8</mite>
      </taxorOutgrew>
    </minderTopmastEmigree>
    <conygerVanist>
      <ottersAcy>9</ottersAcy>
      <heroinDolmansPulings medle="mouserIhramBesiren" lassoerSopperSunbird="phacaSailing">
        <buboAsiarch>ghaut</buboAsiarch>
      </heroinDolmansPulings>
      <offtake malkinTattoo="rewaxes">
        <frowned>ort</frowned>
      </offtake>
      <stratumSpatium sayersPurloin="floosy2135" fartherOutwalk="9" jameson="sprittyEffectRodney" warnageAliformDusters="mocmainPopeismRimula4070">
        <siddow>pristis51</siddow>
      </stratumSpatium>
      <petrolLushed acousmaPuppets="tunicanPhloxYarry" depitRectionAmmer="lichtlyMolompiBokos" ragtag="infangGymsBuggess">
        <ridley>kilan</ridley>
      </petrolLushed>
    </conygerVanist>
    <slimsCopeiaCaroled egrettaPreciteGraphy="pearlerYoicks" spanged="10843" paughty="nativusMuzoCulming" repinerGalores="smithyAlpTropate5764">
      <mayfishAniccaPincher>marybudEstall</mayfishAniccaPincher>
      <conliZyme diwansHints="71455402" lamiumSunBunga="unrhyme" megaergLinge="inweedSifeDevaul" umlautsFansBol="sdeign">
        <melaenaHarbiCoteful>mengAcrider2</melaenaHarbiCoteful>
      </conliZyme>
      <dippierKaamaExon mockishEtwee="kakarKlootchEdoni">
        <euriposFullishPuppily>hawedEtwee</euriposFullishPuppily>
      </dippierKaamaExon>
      <moundsNanmu amireSavinAmninia="casina" purreic="reebokMoneth" niataGawm="sassakStains27">
        <quarticClampedPigfoot>waddled</quarticClampedPigfoot>
      </moundsNanmu>
      <superedRipostsRelends cissing="kosong" pleaterAutarkyBustles="inf">
        <renn>glynnChufaKashira</renn>
      </superedRipostsRelends>
      <petasusAnstoss pleonalDrupe="fivesLubric" yelling="tururiDustingKoko" greteMuscaeRemorid="venererDrawingUrsidae" pacOzs="orangEnologyOarcock">
        <canidsPumelos>chicer6</canidsPumelos>
      </petasusAnstoss>
      <affairsMobcap>
        <aurifex>brayingAdipateCrenula</aurifex>
      </affairsMobcap>
      <aboveAlameda drawls="29252" bombardJalouse="croppieCaulkedSokotri" odwyerGracing="ovalishHuzzaedJokul">
        <ironed>peeweepLintelAlway</ironed>
      </aboveAlameda>
      <pilauedSardiusOgonium baueraHealthyBilobed="491" uhlloUnark="boleliaBurgoosExpand" taenian="delistsKitEmbeds" joonVorage="salungAsia">
        <yolkySharry>cidarisAlkenyl</yolkySharry>
      </pilauedSardiusOgonium>
      <fyke boydSansarRimose="gonadDobbersBuss" thracesHugonisAxonic="ligatorGombay" belah="buffinPommeyWidowed" wallowNine="snitheNosema855">
        <azygote>leafageKrama102</azygote>
      </fyke>
      <edificePactionGowl scilDisputeSip="380700" cooey="27391">
        <saice>sovransLumbar</saice>
      </edificePactionGowl>
      <genius>
        <adlumiaPatted>maioidTholing</adlumiaPatted>
      </genius>
      <basAdance tropicsGowan="16178951" charrsCucumisHulled="bulbar753" billa="chulhaGemaric">
        <creamedDolos>cecileTasselyPupal</creamedDolos>
      </basAdance>
      <geodesySopites sipperOuster="invt658" fuelledCalletBungfu="241155573">
        <formulaForgoneGoodby>smokeyTittieMoment</formulaForgoneGoodby>
      </geodesySopites>
      <jettedNephele>
        <enoplanCalliBishop>plungyGrovet4298</enoplanCalliBishop>
      </jettedNephele>
      <petoNoduleChanca>
        <globy>9275309</globy>
      </petoNoduleChanca>
      <barks libbetTitfishWastrie="noniusAlphynOraon" zoariumUnrazed="ridgePinfoldBraced" inketSwiftenGastly="direxDithiolFlung91" auxil="lyssic42">
        <paucify>bumboPardonBabesia</paucify>
      </barks>
      <krillsAmender motonBoxingsShoepac="censive">
        <mease>pnce</mease>
      </krillsAmender>
      <undared robles="airnPulsers966" cistus="ruglikeInodes" blowflyFriskleUpseize="guardsScadSluther415">
        <severed>calliPlatypi</severed>
      </undared>
      <tonn dieting="septumDivineEllasar">
        <beylik>quottPrillsUnclogs</beylik>
      </tonn>
    </slimsCopeiaCaroled>
    <stinterPirateDerf>
      <chessomXyphoid>subletPayor41</chessomXyphoid>
    </stinterPirateDerf>
    <swishBareca>
      <hooklet>coaxer</hooklet>
    </swishBareca>
    <redoneFantastSaimy>
      <certesSpuries>ecbScourerSwayers1505</certesSpuries>
    </redoneFantastSaimy>
    <shackerReshake>
      <tawieEnemied>86614383</tawieEnemied>
    </shackerReshake>
    <gowpen>
      <picnic>chauri</picnic>
    </gowpen>
    <bucky livableFlus="eluantGis" wrongsCammas="12018009" chokOjibwayFantast="lychees" cruxEmbayedPhane="seidZorilloSulfide3571">
      <flouredSlicer>cleoid</flouredSlicer>
      <erasmus calesasBarba="trefleYobbosUnvain" rehaulDithersRavens="geomysSegolVerismo" epigynyMochrasRave="obelizeRodman">
        <norm>townyEnsweepInfilm</norm>
      </erasmus>
      <peltryKusum aalPosited="pavinLilied" buckKameTorcs="heelsAnnale" trendsIlloyal="blowjob7">
        <virgasToity>merelPurauFerret</virgasToity>
      </peltryKusum>
    </bucky>
    <bulbulsClarice axones="slowish">
      <bothroi>bel</bothroi>
      <deftConvexoClar cowskin="barbraShonde" emfNidgetyVesuvin="atrailNobbySternum">
        <embodyHeathStuff>43501972</embodyHeathStuff>
      </deftConvexoClar>
      <apricotVillote glycose="prehaps6" alvineRooky="possetsFoxholeCuttler" aidance="menial">
        <spiltWeen>feraeCocoyamKreuzer9</spiltWeen>
      </apricotVillote>
      <effacesSaicVermil strikeSolubleRedoute="jottersTeucerAnswers">
        <euonymySidlins>nore8</euonymySidlins>
      </effacesSaicVermil>
      <needed dovekey="envaye" mundaSheppeyQanat="anatronPenisDibbled">
        <hapHimming>toast294</hapHimming>
      </needed>
      <brephicGrotianGutwise>
        <sporalPayniToning>clechyTopical</sporalPayniToning>
      </brephicGrotianGutwise>
      <milieuxFol agrito="4202" laxator="pitiersSnocher">
        <mateleyGordonSuntan>hommackCruralRejects</mateleyGordonSuntan>
      </milieuxFol>
      <spectra>
        <abuses>agley</abuses>
      </spectra>
      <mikvahsBoran inarmPatandRumbles="leadway" darogahPolynya="snipperWitchet" wabayo="offals" germyBreath="taipan">
        <evilerJuttyMikveh>leanUnlustMatreed1</evilerJuttyMikveh>
      </mikvahsBoran>
      <wigglesIgnatiaParsic inchainWinish="piglingDebileEsculic4095" ulnareValving="baggierFallway" czaricJennyPlague="yakRiflerGagman" chapesTeleost="2416752">
        <bengolaRapportCaboclo>gable</bengolaRapportCaboclo>
      </wigglesIgnatiaParsic>
      <falutinTraily bruinsSouths="innlessBls">
        <winston>temin</winston>
      </falutinTraily>
      <ruglikeJanglyThrail dieselPopish="uncle" salweyFainWhareer="514439" primarLimpestThews="bowtellArereTonous">
        <flotsan>5</flotsan>
      </ruglikeJanglyThrail>
      <effatumChirmedCorke>
        <watch>inleakWarkHeavers</watch>
      </effatumChirmedCorke>
      <koumys coraBathyal="aeronatAgo" condomGangers="rebendTingent" ussrAgreeEnglut="8553">
        <embayTollon>closer</embayTollon>
      </koumys>
      <feroxHelperUnmown mealy="sateenWareman">
        <nasiTabiraAdenoma>690922</nasiTabiraAdenoma>
      </feroxHelperUnmown>
    </bulbulsClarice>
    <buzzy faufel="servant">
      <tiarasLyciumShipway>miracle</tiarasLyciumShipway>
      <ragazze>
        <nestersAbated>linkmenApers</nestersAbated>
      </ragazze>
      <yuftToytownSpirant sellarBare="lenityFuriant" clithe="pettoSturinProgs" hoesReglove="gaviaMerest" boomage="twaes">
        <offset>flexHate</offset>
      </yuftToytownSpirant>
      <crooner sharifs="matinAethers" gunnery="6" chinela="gideon3883">
        <bergamaBumkinLieder>syrupSpivs</bergamaBumkinLieder>
      </crooner>
      <gestCaroubaRoxana oarsCalyonTownly="191454154" thongy="davy">
        <messerJargle>400</messerJargle>
      </gestCaroubaRoxana>
    </buzzy>
    <premie tuteleExrxDerival="unrifeRipgutRues" linene="rayedPincher">
      <prorexOctodeHomam>467</prorexOctodeHomam>
    </premie>
    <siperMassier>
      <emersedSubpass>60305</emersedSubpass>
      <gieselDriddleKhatti scended="whekiLambadiMusket9513" unshodMoghulBadious="neoramaBuyingScunder">
        <antitaxUncram>uraninKialeeDowd368</antitaxUncram>
      </gieselDriddleKhatti>
      <prime sexfoilGipsyryNar="agoutyCussingFussle" hogheadWangara="ushabtiCabaho" kerned="990" wombierBallotsMijl="840837">
        <rumbBaratte>2</rumbBaratte>
      </prime>
      <byrlHomonid yapon="hemlockWeli208" suns="sirenicGoofsForebar" tummelCoecum="fathoms">
        <fabrics>bunningWaste</fabrics>
      </byrlHomonid>
      <rectifyRedoesWarstle verbLeak="yugFrayingDitone" guggledSwiveSnacks="3" oaters="outfool">
        <poliosLyristInosin>rouster</poliosLyristInosin>
      </rectifyRedoesWarstle>
      <adieu aperies="freesiaGrindedJurymen" pleiadBaidarSnoke="saumyaRagsQuata7177" custodeCongeonFeted="dillingHurf4">
        <surger>chad</surger>
      </adieu>
      <lolled overinkTandourHaff="trypsinPaenulaYex">
        <bronkPutty>rebbes</bronkPutty>
      </lolled>
      <nesting bellum="audiosSativaeCreaked" sumphyFruiterCosters="43379511">
        <replate>coalierOnshoreZoeform300</replate>
      </nesting>
      <elfinQuicked buenos="ginnersLesionSnuggle" skil="salmaDesugar">
        <jetes>halacha2434</jetes>
      </elfinQuicked>
      <grakleQuantaBiens jumbalsHarnpan="crabitEmimCathay" avitalCapataz="mouthedAbjoint">
        <rondureCoursedPotency>faggotsTroked</rondureCoursedPotency>
      </grakleQuantaBiens>
      <goles sluerTutoryTabstop="5926" malayanAmba="tendronUnloved" chymist="cativoFreebeeFlutier" beldamsInurnsBaobabs="mankyLootersVotyak">
        <leamSerb>cawlBursar</leamSerb>
      </goles>
    </siperMassier>
    <waledBasemanMorwong permianFossilDisring="toxemiaKurvey" npeel="hydage" zombiTemples="lushyCrinel" inpushKnifingEyelids="hirenTarriCoying3" morfrey="assesHokerCasings8" roxieFoldyLabia="fidateCheetul">
      <tabbyLyingRung>tailyBoggin</tabbyLyingRung>
    </waledBasemanMorwong>
    <epizoicAgrest>
      <pulaya>530907535</pulaya>
    </epizoicAgrest>
    <waselMingleWarping unshiftSperon="8" overbetStately="4" brees="sicc" amoresDoddle="fitweedMeniseHaikai" alphornInfamy="tomjohnBravo" shynessLibraeCarmela="slowupZeugiteSkivers" bothros="azotinMockeryClyer">
      <revelryCarpaleOutbrag>54251</revelryCarpaleOutbrag>
      <snuck brisque="horrah">
        <ninonCissy>sacredQqv</ninonCissy>
      </snuck>
      <censorsSkaw fatsia="9708" jabbers="phobist" untruckBaronga="theclaOctroy" upcoilsSpruerDyad="7795">
        <itonia>61</itonia>
      </censorsSkaw>
      <reekingScrazeAlarums ganoin="lowderSeeableFinlike" dishmopCubitsSour="hexarchDowseCacur" taking="hanced">
        <pechanAtenist>chatons</pechanAtenist>
      </reekingScrazeAlarums>
      <natallyUpdate indices="imburseMbori969" derrireBougies="genoaSoftishOrna" nippingYobi="bewasteHieingCalcite8">
        <knolled>outmate80</knolled>
      </natallyUpdate>
      <oorial arylsYamp="forlieCeramicLyingly" turbid="31" uncaned="ethinyl">
        <therapy>niasCoonyCavey</therapy>
      </oorial>
      <amenRehangEctypal ens="erbiumsTugs" mickleMogulHorol="karnsRebringAlcalde" tigreBarbola="howk">
        <bysackiGowpenAbolla>briguerGriptDarshan</bysackiGowpenAbolla>
      </amenRehangEctypal>
      <udic reusedHaesMetred="samaniYcieEight" tendentMudpack="jaspers" feminalAkalaWrester="98178">
        <alarumsMorbidAnlases>682602</alarumsMorbidAnlases>
      </udic>
      <tallyFenman conesJagging="4469996" hackeesGroteGuzzled="alumenSolach" favelProvectMissal="whodKokakoEurytus4">
        <lurersChitonMktg>filleulStacherLocust</lurersChitonMktg>
      </tallyFenman>
      <thrasoSpeissThicks thistlyVanfoss="rare" orphismSchizzoBisters="gibblesFlairsVeg" washoffInter="tardant">
        <heptyne>corone</heptyne>
      </thrasoSpeissThicks>
      <adorCarbeneUnsoncy ptgChubLaughy="compoPotlineLoglet">
        <lienicDewittGrout>clinicUntasty</lienicDewittGrout>
      </adorCarbeneUnsoncy>
      <flneur>
        <aphodi>6561</aphodi>
      </flneur>
    </waselMingleWarping>
    <fallacyIridiumNunky>
      <tablet>wakikisApaise</tablet>
    </fallacyIridiumNunky>
  </reseeksHernaniAlant>
  <borghAuchtDipyre hirse="mutantsLeaker882" gadoidsBrownedBulky="695875" sigla="dcbname" />
  <clinid clatchyMongst="eartabRhabarbCont" swelled="hajjisPhysicCairene" nimiety="5986565" actuary="unarrayBalLoyal" />
  <triquetNuzzer tupping="5576" frater="82310" />
</bridleMunsifMoison>