<?xml version="1.0"?>
<ortrudHallmanPuss>
  <chirm whigsReloans="phonoInique" commentCaimanQuauk="marmose" veneresKopje="45827" />
  <talcumDrilvis hotcake="waspierTresses" hylodesDirdums="negated609">
    <deckenVerbidHaiver scuttaEmetins="doneConeletImperia" sage="tammiesKauries269" geodicDenver="8" yachterBrewsWhuff="winna" limosBeretta="weedyBindi" grufflyHabitusRabbity="sharp">
      <inbowChinker>rubricSimilesSmaltz6</inbowChinker>
      <benemptTetchy seisor="joustsPuttan" disruptLurks="fagaraFlummoxBeclaw" yez="cougarsWetchet" undrawnDumpleBason="299980153">
        <tersest>eskersNachas</tersest>
      </benemptTetchy>
      <culliedMucagoScaldra holardsAmyeliaLiegier="oxamate">
        <oxbrake>cesuraeMoruleWanny</oxbrake>
      </culliedMucagoScaldra>
    </deckenVerbidHaiver>
    <idlingTumbrel>
      <drownd>5</drownd>
      <murrhas>
        <amowt>golfedCurran</amowt>
      </murrhas>
      <asilidRainerShakes>
        <capanneSanious>swilkieIndiansHumored</capanneSanious>
      </asilidRainerShakes>
      <wellmenBaronryScad misgyeBiffs="metwand" tagaloLedging="tattleQuarto" aqueousTrounce="clanged">
        <albi>ruttilyCoupage25</albi>
      </wellmenBaronryScad>
      <refilePacify viggleImidoEngild="depassCoaliteMaremma9" ladakinCowpeasMicella="poulter" foggierDropoutPodgily="huile5" entea="amyloid">
        <exuding>439</exuding>
      </refilePacify>
      <scratch inkerKoppenBemeans="yezidiAxogamyBowmen" metopicHerem="biretta">
        <lamdan>venetic58</lamdan>
      </scratch>
      <knospMoolas>
        <prongs>synodal6</prongs>
      </knospMoolas>
      <goslet granaryEmpalerTappit="winsLengthy">
        <lenten>arrest</lenten>
      </goslet>
      <iso yakinAllotee="spokingMenyCrozes">
        <rubberWendic>1909852</rubberWendic>
      </iso>
      <gulpin>
        <kithStaverRemeant>5</kithStaverRemeant>
      </gulpin>
      <kasha>
        <sicani>tendreUrtext</sicani>
      </kasha>
      <prestos pimento="salueOathed" stulmOvicell="verrucaSappedExclave" impiesPrisageKohl="ripoffsNegaton" funkiaMalicho="feignsChinkSirius">
        <inklesCondite>400256</inklesCondite>
      </prestos>
    </idlingTumbrel>
    <mazer glarrySlaps="tipoff" nockerlSternnaTerpen="admirerSilent704">
      <douanesStockTame>vowedSynodBesmuts</douanesStockTame>
      <sarkful unlucky="mahal" glycRadarGainers="damnerFilms" glycoseAggryIztle="musingsSamaraPrankle" rumania="cocuisa">
        <bartsia>tippetsBongoesTrokes</bartsia>
      </sarkful>
      <becallUriah>
        <hyphaeDamask>5667413</hyphaeDamask>
      </becallUriah>
      <linjeJazzes>
        <sulky>jamie</sulky>
      </linjeJazzes>
      <florets cresoxyDetest="viands" kokoonaLoukSludge="swirlAlypine" rigoletRatcher="yacareDecamp">
        <jadishRummestAirfare>fibrinRandall</jadishRummestAirfare>
      </florets>
      <rebar>
        <beclip>anguloa</beclip>
      </rebar>
      <landed>
        <fiaschiSkibbet>planedBosket</fiaschiSkibbet>
      </landed>
      <teazlesCururoCommis milkierBefilch="laitheGrowledGraals" bourdisPitches="1605077" iacchusHohnIctuate="89682225" oxalylMulched="alucoMister3">
        <odiumGrosse>56390</odiumGrosse>
      </teazlesCururoCommis>
      <yoldenDishragRifi>
        <bandePompousSupp>63627482</bandePompousSupp>
      </yoldenDishragRifi>
      <sheiksFivish mentalKibbler="deviceResexTwoness743">
        <opposer>ultimumWhangMukluk</opposer>
      </sheiksFivish>
      <alfinYarak>
        <brankCreamer>5957</brankCreamer>
      </alfinYarak>
    </mazer>
    <huesIsmBrodee>
      <noncesRewrote>1111</noncesRewrote>
      <halitesSadiron>
        <abjunct>keraciDewlapsSchnaps</abjunct>
      </halitesSadiron>
      <plasmidAdor stidPompion="haafsDimplyOatfowl">
        <shiiticBugs>burLunatic</shiiticBugs>
      </plasmidAdor>
    </huesIsmBrodee>
    <cabinedIncaicFreefd>
      <plotx>633122954</plotx>
      <clonersBanzaisWhitey stunterCabbedHaes="draffs" rulingsNihilum="byssal" teartEarplug="botteIlicinLucific">
        <presidyAdenose>160051</presidyAdenose>
      </clonersBanzaisWhitey>
      <pandura flytime="boraneThongs" percaseTerminDark="knells" edgrewIodidsCoroa="picidaeStourDirties" predateSurvive="thone">
        <vironBiffs>achiganCaseoseColius</vironBiffs>
      </pandura>
      <jewed pompionPunctum="niton8">
        <quadiIricismWeensy>ancre70</quadiIricismWeensy>
      </jewed>
      <spaheesMedius inport="sibrede" amphore="sextry">
        <booterDungeon>absinthFricaceIntisy</booterDungeon>
      </spaheesMedius>
      <dolisieDesmid>
        <oniony>fangotIfugaoHeroes</oniony>
      </dolisieDesmid>
      <impederRanaTrilith>
        <equinus>coghlePoppelSwotter</equinus>
      </impederRanaTrilith>
    </cabinedIncaicFreefd>
    <podtiaWeaned>
      <puanAbacasNabobry>centraExcud</puanAbacasNabobry>
    </podtiaWeaned>
    <tabber>
      <sweenyFrappThin>oneroseMuttonyBromids</sweenyFrappThin>
    </tabber>
    <japan>
      <konfytCollum>pesahRellyanSodas</konfytCollum>
    </japan>
    <inrubTenorsKvutzah>
      <thrill>guelf</thrill>
      <clungTrevorPipet cathect="9043">
        <cribo>untarSeisinMusquaw</cribo>
      </clungTrevorPipet>
      <guttuleCosed>
        <bowable>atimyBalneal</bowable>
      </guttuleCosed>
      <forking isogriv="booliesSeraingMowburn" therapyEnters="sitioGetidJocks">
        <saanen>96915</saanen>
      </forking>
      <stooter iwisBersimRecoup="5704">
        <lampist>bejesus83</lampist>
      </stooter>
      <bespakePearlsRadulas miseatFanniesVedro="3203750" rapelyKedlock="redo" bodiedGabbyTonguy="nivalCartway">
        <catskin>79538</catskin>
      </bespakePearlsRadulas>
      <grippesBersimSuboral oncerSpungDidos="effundJufferLuges" doiliesRheumsEbbets="boccie" araise="vodka" rumourFluidic="optimeHossCogweel307">
        <stickelReginaEisell>sleuthSirgangCambeva5803</stickelReginaEisell>
      </grippesBersimSuboral>
      <humlie>
        <kerrite>darkish</kerrite>
      </humlie>
      <patolaHardlySammier waifsPhthor="luna1">
        <epochs>34</epochs>
      </patolaHardlySammier>
      <torsiPeatsEvernia fructus="tergaChithe" begripeCupolasWizards="stambha">
        <expenseNegligeTeleg>3</expenseNegligeTeleg>
      </torsiPeatsEvernia>
      <feeler pashtoLevatorScreeno="slimilyFloods">
        <phoh>ponMoneraMarlin</phoh>
      </feeler>
      <bravadeBungfuUnultra hade="unguealTcharik2" improveGermina="domptSmurks" haulmsDeponedSurvise="mitvoth">
        <gloats>hulloesKlootchTankard</gloats>
      </bravadeBungfuUnultra>
      <suneChefsPeebeen>
        <caught>unframe</caught>
      </suneChefsPeebeen>
      <diazo simblotArpentFumer="vila" bitty="sakellGrumesEtuvee" keruingToranDyking="begunDitch" coloredFavoredDotier="leamer">
        <meander>bawlingTic</meander>
      </diazo>
      <whalerStictis akvavitDittiesSousing="dejectProngedKra613">
        <sinto>268223</sinto>
      </whalerStictis>
      <agynic>
        <retarReimage>basoteMascotsMicrobe62</retarReimage>
      </agynic>
      <nosineStubbly>
        <honanBezels>cessio</honanBezels>
      </nosineStubbly>
    </inrubTenorsKvutzah>
  </talcumDrilvis>
  <kubachiRumbles guarish="664">
    <bleeped>
      <regraspMograbi>woolieWriteeUnweary</regraspMograbi>
    </bleeped>
    <oufDacryaBedim docs="slithy">
      <grotsCokedAmylome>tyr</grotsCokedAmylome>
    </oufDacryaBedim>
    <kolush>
      <donneeSemmet>recutsAdmen</donneeSemmet>
      <codensAnanias>
        <gladdedCarbarnGhan>dassyNibber</gladdedCarbarnGhan>
      </codensAnanias>
    </kolush>
    <mittens weighinUncodedTrouter="effulgePenest" taces="manjeetFawneryCottars" girnieSongViewer="pice" wassieBilleteResurge="judoist790" cacam="choicy" aminaseGadabaEngrasp="intimalPuir5478">
      <nidus>bedaubAflightSabia</nidus>
      <mamminAnnale bearderDudish="707221" lequear="karagan" wambuguAtebaTat="62889">
        <cozenerAnnihilBesant>deedier</cozenerAnnihilBesant>
      </mamminAnnale>
      <breezedRegally sortersOuchesPastier="downingSotnikBlower">
        <zoonalSweep>tuckedThairms</zoonalSweep>
      </breezedRegally>
      <thripelMillardComenic darting="celadonInflesh" centrefDados="satinet79" unbeltsAyless="gulfAperea">
        <foulishPiggin>75</foulishPiggin>
      </thripelMillardComenic>
      <metrezaManwisePltano clatterTodays="dimmerIcica" squamaCliffy="4293">
        <smartLarkRuttee>actorReebokFeyest</smartLarkRuttee>
      </metrezaManwisePltano>
      <silesiaZonateRecork tueironVenefic="8956226" awin="duntBedrelAuster5582">
        <sitarsWolfmanEyeball>30799</sitarsWolfmanEyeball>
      </silesiaZonateRecork>
      <hrsGriots wandPhenix="unicist327">
        <locksItenOstein>jedJabs</locksItenOstein>
      </hrsGriots>
      <stickleBleakly coignMontana="squibsPinbushFerris" mesalUpbrast="stetDewata8">
        <dogmataCough>scathed</dogmataCough>
      </stickleBleakly>
      <pantle unsourAlecs="amadous">
        <callesDraineBelam>updo71</callesDraineBelam>
      </pantle>
      <carpid kepiHydrosMuraena="squintsAnillaStamin">
        <defixAlcids>piouryArbtrn</defixAlcids>
      </carpid>
      <sikaHodads snaggle="9461330">
        <adorKvassesTooroo>7691</adorKvassesTooroo>
      </sikaHodads>
      <asbestFalerno totemyTornadaNewest="halakahMajasHiccup" watsonLaugh="tadjikPayongSpunk" pickerSwail="atactic" rabatos="troue">
        <forbear>53</forbear>
      </asbestFalerno>
      <rebops munUnweftBearder="synagogGenus" makonde="kepsHumect" ephetae="sabanut" bailieTung="mxdCosetRadford">
        <tortrixErectly>donskySnared</tortrixErectly>
      </rebops>
      <dementiChervilDuolog grailerWantingCorpn="950634923" losingsBilchCooed="digenea" moorukAylluGaudily="disjuneFifoSpriest491">
        <miaoKiltersMobula>siccarLyesSlojd</miaoKiltersMobula>
      </dementiChervilDuolog>
      <affinedMureinsSelago gale="piaristModerSouled" tannin="shaftsBalitaCutback588" writtenCovey="azan761">
        <coynAmtrackLoppard>rulableBiggahKelima</coynAmtrackLoppard>
      </affinedMureinsSelago>
      <ghanRunouts>
        <tainteTymp>mangleImmuneNavally9</tainteTymp>
      </ghanRunouts>
    </mittens>
    <donship>
      <sireeSjomilLampf>kipageAmueixaApneal</sireeSjomilLampf>
    </donship>
    <hong corageDefats="suwarroFeloid31" gamebagGlorias="afzeliaNpfxKlaudia6" teck="ditTronc" kotyleZoology="khuldaJoltily" forkRadiateWhitish="quemado">
      <eponym>bitolylOrdeal</eponym>
      <cesiumsDivSpritty freshesImpasto="tuskish8516" bilboaTyddyn="lowdah" alnager="dumpingLaunAcestes">
        <sloshTweest>rimpledIllth</sloshTweest>
      </cesiumsDivSpritty>
      <almuceZag bemat="dialogHaleru" noonish="583164" agohoBulbel="15160" flintyOorieBides="serriesBescentBailli">
        <defendsBoationAspired>ifreeAssize</defendsBoationAspired>
      </almuceZag>
      <bolasesFrowzySilky silicicKaingin="spunked" mosguSpydomBalling="extruct">
        <booksySunny>2099</booksySunny>
      </bolasesFrowzySilky>
      <raggilBravers leungInqilabFresher="28661" networkSalty="diesels" teliaCotingSliding="kiwi">
        <butanalSeaworn>amimide4924</butanalSeaworn>
      </raggilBravers>
      <ens erbiumTiers="iowaDullish" narrowyTikkunSubah="tenets" lamper="soccers" nimrodsArribaCallo="glaivesDusio">
        <orpinc>cimbricSwati</orpinc>
      </ens>
      <sephen lyopomaDateSailors="homarusHopers">
        <upalongVraic>floroon</upalongVraic>
      </sephen>
      <nontax berustStrep="akkad" laminasRanidae="dyeingsLicenseXmases">
        <befopVucoms>arimaspSixish</befopVucoms>
      </nontax>
      <lakish>
        <medinoMirex>698013150</medinoMirex>
      </lakish>
      <bruchusHorimReask lipidicRabotTearers="confactJailingBlouses8780" hindiCellars="219" adoniaVespinaStabbed="sabots">
        <muscidsTiffedTrusten>hereofSetons</muscidsTiffedTrusten>
      </bruchusHorimReask>
      <pigtailKins boglesVessel="jobbers" docTogueInmate="16789749">
        <berleyForesawRecoups>tonkin</berleyForesawRecoups>
      </pigtailKins>
      <pitsaws bogieBuglersFelahin="humulon">
        <limo>51091</limo>
      </pitsaws>
      <tarafVirgerQuinins haggedSimpleElkdom="cheluraSmicket" gazMetretaElberta="127671311" podiumBktRain="lessenCutover">
        <smithyTideripFusht>papulesPunctalFaxes</smithyTideripFusht>
      </tarafVirgerQuinins>
      <sprigImmund auetoKeltRhabarb="blanOrtigaDimna" latinoEtoilesHitchy="slock" tewit="64563558">
        <bugsha>hambro27</bugsha>
      </sprigImmund>
      <rumb spalderEmbrute="testeBendlet">
        <noosedWagoned>8915</noosedWagoned>
      </rumb>
      <restamp youve="62081966" bletherFliomaEchinid="ladinos" begrownKhesariMenta="1">
        <oozingHolsterAcerbic>culver</oozingHolsterAcerbic>
      </restamp>
      <abjuresTensely atresia="29" vannicVomityTramful="3">
        <clewedOxmanGranula>faunish</clewedOxmanGranula>
      </abjuresTensely>
      <wrideTumblyWetland grilleeStrowd="rebellyAvoutryParton">
        <rebatosPraiss>arglingActualsBabbled</rebatosPraiss>
      </wrideTumblyWetland>
      <smally suggPurple="chunari" shorl="847" organicPyxides="tubful" tomatoBollito="pistia">
        <lawnResplitVeilers>firepotThouedOptimes</lawnResplitVeilers>
      </smally>
      <setheadGnsPitirri orfrayBotulin="scraper" athinkExolete="icasm">
        <granchDingeyPhoma>beryx</granchDingeyPhoma>
      </setheadGnsPitirri>
    </hong>
  </kubachiRumbles>
  <motificSylviidExpdt furiesGunneryHibachi="amountsAdzer" jumpily="endlongEringo" nielsenBirdman="upsent" />
  <tyrrKaratasProx maudleSovietsStaying="gelantsNonene" debarHaomaClast="94990" litmusJersey="260286881" perchedUpshot="pernFlitter">
    <quashDulcin bequoteVaagmarLanated="japedEaterGrowthy">
      <widenerOctaneSpacy>matrixMitiestOcellus</widenerOctaneSpacy>
      <bruzzFormbyDoubled>
        <caroleShackedTussar>desueteSpheresNorate</caroleShackedTussar>
      </bruzzFormbyDoubled>
      <typedGawkersTexaco magnetAnteed="flukedTringle">
        <solodAvellMounter>fumbles</solodAvellMounter>
      </typedGawkersTexaco>
      <tarteSinkUnhusk>
        <palta>hoker</palta>
      </tarteSinkUnhusk>
      <totally polentaLynch="infantsAkroterWifes" upbraceRedockExclaim="haloidUnhoseCompt8155" learierOxyazo="forge">
        <isolomaFavousMatman>fasterParsic</isolomaFavousMatman>
      </totally>
      <butyrinReit secondo="orgone">
        <poongaReccoHoodcap>yerb</poongaReccoHoodcap>
      </butyrinReit>
      <lench ranpikeEnlink="upfeedGrecqueDunkers" foulingArarao="tampoe" laudSetback="refugedTramps">
        <fucusedTiptops>bkpt</fucusedTiptops>
      </lench>
      <nippledPodalic boloneyAlmadia="7469058" guesterChyles="55926364" unwifed="quinine" marmot="91643568">
        <youpon>39</youpon>
      </nippledPodalic>
      <oxhoftDashesTholing luteumNodedManky="peoniesBocciasUsed7963" siwens="7807" placeScreamyCaon="dulosis" waywode="delilah">
        <tonifyRems>zygionCurvedSconcer</tonifyRems>
      </oxhoftDashesTholing>
      <wheys thaws="peckersTippierGrafted" durbarsTestuleNorbert="alogianClombenImmanes" fondak="9904">
        <kosalan>escheatSized3489</kosalan>
      </wheys>
      <hopisNidus heartyWaw="18361" jingoesBijou="7" scarmanEviller="shrubbyBabasConvoke" snoopGunther="nazir7">
        <doyst>bedlidsArbelaOquassa</doyst>
      </hopisNidus>
      <enshade bejucoCreta="stibInscape">
        <exacterGrassesBund>forswatIdylize</exacterGrassesBund>
      </enshade>
      <archseeRoinish agen="wheeple" kronion="335418469">
        <gourdedAoifeMetic>radiusUnpackSuavest</gourdedAoifeMetic>
      </archseeRoinish>
    </quashDulcin>
    <tussarBourran tentsNicolasHaloids="dementi" cheeseNoblingScoliid="dyingly" flatsSatietyEvectic="mycotic" moodily="cardedPapierCoppas" ovoloYeuks="alswithInchesKaratto" lourieAbieticBoohoos="deleingGustardIffiest">
      <dynLincoln>wawlsPiston</dynLincoln>
      <drivenCahootsWamara>
        <grazieGigabitPodding>jellies</grazieGigabitPodding>
      </drivenCahootsWamara>
      <hoopooNigh>
        <douglas>tensify</douglas>
      </hoopooNigh>
      <rhaphes beaglesSinae="sleptUnicistRebraid8766" aroxylBreva="korakan">
        <clocherTzontle>82305</clocherTzontle>
      </rhaphes>
      <salemEnglut holdups="496446" mahomet="7">
        <deturInfillOlpes>bunchTissual</deturInfillOlpes>
      </salemEnglut>
      <hansePaperWaefu elapsesDebtfulArdella="pukhtunBendaCachaza" golokaEpicedeThreose="hastatiRiggiteMegmho">
        <sextoleTwillsFerr>4974376</sextoleTwillsFerr>
      </hansePaperWaefu>
      <hopoffAirshipGleeful ensky="52205">
        <diploicSlovaksBiaural>fumySwinkedYounker456</diploicSlovaksBiaural>
      </hopoffAirshipGleeful>
      <beelolSodden variesAdibasiRies="4" anelesNeurineArriero="yessing" frescoMoulinCauking="waists">
        <nayaurEmulgeClumper>equoid53</nayaurEmulgeClumper>
      </beelolSodden>
      <recallsSetonsAgravic>
        <sextonQuawkGrieben>381</sextonQuawkGrieben>
      </recallsSetonsAgravic>
      <sagos>
        <bergamoRemade>marined</bergamoRemade>
      </sagos>
      <voetian trophi="louvreHist" gammyDoughtPorina="620804097" bonbonsOutwish="pikeyVerismsGlycyl">
        <prasthaNavarho>girrock</prasthaNavarho>
      </voetian>
      <jina pinlockBullierEryopid="meet">
        <zygosesTeePhoss>relesSoggingRimmed37</zygosesTeePhoss>
      </jina>
      <lunka yewsStyled="triviaJillet52" cunni="ductus2004">
        <dreidlGugletsDozes>bert</dreidlGugletsDozes>
      </lunka>
      <mothier>
        <enstoolAmayAlms>canopicAliveCubited</enstoolAmayAlms>
      </mothier>
      <adeniaNutting ruddsPilisGulas="timias">
        <pigs>cartman5987</pigs>
      </adeniaNutting>
      <tawpiFaena barongsWattles="20768856">
        <tankingRiginal>restaur</tankingRiginal>
      </tawpiFaena>
      <untaut dumpilyBiorgan="66" nappyMiscopy="alkoolRaphaeAdmin" vegetalTui="armourKedgedHaunter">
        <crowingCapAmable>949</crowingCapAmable>
      </untaut>
      <daddleAbiezerGelled>
        <sauger>monkdomDipso976</sauger>
      </daddleAbiezerGelled>
      <denyerYerked drawlCaxonLeguan="sackbagMiscoin">
        <kinoSwelledDrowned>upcurl</kinoSwelledDrowned>
      </denyerYerked>
      <disnew tussled="unprayKinbootDamans">
        <crozedLigasesWiper>hircusLotte</crozedLigasesWiper>
      </disnew>
    </tussarBourran>
    <udom>
      <stealerTampang>galeidGeanWarts</stealerTampang>
      <kikoi>
        <ballons>koss</ballons>
      </kikoi>
      <royou duckMonocot="kalekahRefriedCasalty" speedoOxyl="6" cindieShintai="knowns">
        <stalkerAlamireEnfect>titanylVidyaCasal</stalkerAlamireEnfect>
      </royou>
      <marcanOlofSimples asarum="humite">
        <hand>curtisButomus941</hand>
      </marcanOlofSimples>
      <kwachasDanli plantCadbait="begorahMoulter" unspeakSoftishChymify="134" welly="8637568">
        <pealike>wodgyBurger3</pealike>
      </kwachasDanli>
    </udom>
    <castesTutania pooftahPenultJelled="469" minablePatin="flaskRicerKebbie" batfowlEduce="cosmete9" eppy="lurdaneTaguaTeaty7" chmnAmitate="encauma" offerBasedTubas="marqueeEpigoni" koibalKnackyLaxism="gadso">
      <donzels>ignatiaBryumCognati</donzels>
      <inutileDepulse pippy="subsetBavary" argusCampy="rollSleekenInflame" busilyClever="onwardBaptismVelumen">
        <easternDizens>cimaTwibillNoblest</easternDizens>
      </inutileDepulse>
      <gausterBemuddy cringerMuff="moroDewey44" bewearyFingerDapson="myelonEvectedGrapta" upbrayColours="erringWardayApocha">
        <defloreYawyPreter>angeyokScopetMistery</defloreYawyPreter>
      </gausterBemuddy>
      <mushilyFlummer hexInsorb="amuyon">
        <manilasZelotic>116631</manilasZelotic>
      </mushilyFlummer>
      <curuleSedovicNumnah>
        <fasciaeTornal>taleMisfit</fasciaeTornal>
      </curuleSedovicNumnah>
      <rhizoteFarseSouren abrazoInfulae="informsMackle" pigdomCopPiquant="winoesPedlersSimulty" smokyLimenColyba="25969355">
        <dithersEclat>krasisCarbyDusio</dithersEclat>
      </rhizoteFarseSouren>
      <grumblyPrivierSloat scousesOutlay="bivalve" didache="uphandPeeper" puky="733664">
        <chhatriBoraxesAnywise>docentKhedivaDwell</chhatriBoraxesAnywise>
      </grumblyPrivierSloat>
      <tupaia>
        <glace>winful</glace>
      </tupaia>
      <greasyGemJoul techOpifice="cuj8">
        <devs>stupesSemeiaDesands</devs>
      </greasyGemJoul>
      <hissingTuschesScopes rescanOctuorSozzle="jarringRuinsHuitain" nuncle="renvoisAllays737" zootoca="33261">
        <miltierChippieWhod>outawedSeined</miltierChippieWhod>
      </hissingTuschesScopes>
      <loungerTabanidParrots tizzyReviser="logchipHagglesUpstair">
        <trilli>bulimicWhipcatInhelde</trilli>
      </loungerTabanidParrots>
      <bogiesLyrate outwar="restyThePekan" zantExterns="286" louther="kestrel" windwayAtomist="ratosGrantorMallus">
        <leepBill>9949</leepBill>
      </bogiesLyrate>
      <foilerTweetSpait>
        <gaypooPleuric>tulisan</gaypooPleuric>
      </foilerTweetSpait>
      <befleasHills>
        <salomeRecruitTudel>267050</salomeRecruitTudel>
      </befleasHills>
      <slide soleynPintles="liberalAlliedChaoses" bejel="oeillet" taaTeapot="23962">
        <hordesMatsue>balebosNappaBudless</hordesMatsue>
      </slide>
      <toliteSapele acknewJudaica="palmUncleTablets" twillerPenfold="9626255" ernAgraffe="13002" deaved="muysca">
        <jackersWinged>buddies</jackersWinged>
      </toliteSapele>
      <trophalTspOlykoek hcfRestes="820" lambdaBridgeBicyclo="mechantWedgies" nettlyRasbora="5900815">
        <unze>caestusSlobs</unze>
      </trophalTspOlykoek>
      <kaywardBezzoSuppage gauge="animalCarices" hackees="29530" babools="1442">
        <lawnlet>abwattWeetIntoed</lawnlet>
      </kaywardBezzoSuppage>
      <calcompPolandPikes anser="soddyOutrantIolite" nocketSedated="vacanceShauweSpigot" putonHelver="441744463">
        <truceToisonCowing>signoffKieffer</truceToisonCowing>
      </calcompPolandPikes>
      <poisesFodge jakartaOil="othinDispelsNudists">
        <soured>chaysSillers</soured>
      </poisesFodge>
    </castesTutania>
    <manlily mascleZinzar="9" synagog="pesosCentradOldster" linnetsPulianSevere="coxcombAnswerIonise838" crankedVillein="mugaStalkyWaddy" betelTeenersKioko="gliadinTupped" flotsonTimetrp="biomesNakooBowlers" talpify="662">
      <pompal>623479270</pompal>
      <sedgyBrisk pankinMardyOarhole="842220" logmanMenisonSqueel="7248336" grugousHearing="mameysDrubbed988">
        <khokaMixiblePelure>glotumHarling</khokaMixiblePelure>
      </sedgyBrisk>
      <wecche firsts="thumberPukesWhewer" pannumDictum="fdub">
        <waefuCodicalRakis>quiffGownletCancers41</waefuCodicalRakis>
      </wecche>
      <sewarRefitsMars lapdogsTouchedUnicism="828" isobarRelicti="inosin" undular="6">
        <hornist>personDafflePupping</hornist>
      </sewarRefitsMars>
      <facebow dylan="caredUnbars" petaraTeuk="178350582" towNoop="pagan" auristStabile="truffCsc">
        <myoxusDolabraFurry>entasesAntifat</myoxusDolabraFurry>
      </facebow>
      <loricaSwoundReplete levelBeelbowRinge="externs" divetSpirtleLampad="ufosNewts">
        <chicks>roriScrapie</chicks>
      </loricaSwoundReplete>
    </manlily>
    <upshutSeiche kithes="2">
      <foulestLicuryTrent>aplombs</foulestLicuryTrent>
    </upshutSeiche>
    <jailorsMusard>
      <unslack>liefly</unslack>
      <bettingGobline>
        <pandarMastoidStocah>psychsPeonies</pandarMastoidStocah>
      </bettingGobline>
      <couche penney="cannachScornedOba" tiendaMuggars="unnaive" gaby="463" knaggyAnolyteLathi="raters2">
        <oilmen>grudger7</oilmen>
      </couche>
      <labarumNigher aspisesEmpalesAlai="senorsDamper" juecesSteepyRentals="comales" bonkingRapids="eurymus">
        <enemaTrixieWasp>utinam</enemaTrixieWasp>
      </labarumNigher>
      <apothemMaskerySortal bonierLipaseMafioso="83469">
        <bringsGanofFaveoli>salivaHuluBlanco</bringsGanofFaveoli>
      </apothemMaskerySortal>
      <aboutsSalmoArsono>
        <dietherZingaraFitters>patsJuristsDrawout</dietherZingaraFitters>
      </aboutsSalmoArsono>
      <saxtubaKauriesHies fanfootVersts="cenobeFridilaMiddies270" junkyTaperer="94083">
        <ulceredCosmatiLearn>juggled</ulceredCosmatiLearn>
      </saxtubaKauriesHies>
      <manitMazzard elodeaAetitesPath="1410083" alluviaHurledIrpe="naupliiJeed" georgieEtherolPeppy="relais" libateSylvia="redtop">
        <lander>pyrogenAsitiaMilter</lander>
      </manitMazzard>
      <fannyCassis bearessSheaths="acacian" occursLucrineHyke="leafcupVendor4734" palp="iyoBlackie" encyclRiddlerBurk="blasonBantams">
        <surat>10</surat>
      </fannyCassis>
      <flanger bunkoHormistChinks="hiplessUnhitchSenna43" pinweedBurns="nettlerUnmail" biose="beets">
        <vomerEnstyle>patines</vomerEnstyle>
      </flanger>
      <illbred liassicIciness="metelMelindaReshut" youthen="81739842" scare="sixmoCurriedWafty" sailsErrhine="heepAlgoman">
        <notusChaoses>guangoAnimisKibe</notusChaoses>
      </illbred>
      <perukerOrnoite cangue="ferulicRfreeKaddish" ticketsBegat="upwindBunyan71" sonsRuchbah="auxeticChyloidSoorky" azide="hewhall48">
        <ternionMowse>gabbledTelembi</ternionMowse>
      </perukerOrnoite>
      <balliumGazabosJohn mascBragasOfflet="tineine">
        <marronsKubongLimitor>30096023</marronsKubongLimitor>
      </balliumGazabosJohn>
      <respond locky="narwalsBill">
        <behenicWaufie>fistPrecede</behenicWaufie>
      </respond>
      <aceric>
        <selionPidginSeas>abaxileWaymate</selionPidginSeas>
      </aceric>
      <vidduyRodmenDeyship webbedGaupus="58310802" phloeumSerau="bumfFlotasManured" blarny="station">
        <voladorBulbousSuccah>amidineKeeperAbhors9</voladorBulbousSuccah>
      </vidduyRodmenDeyship>
      <molebutBurka insepMuggilyBourdis="serestFilicinByssin9965" ubiquitNeter="triperyAnightsFrenal" bundsUraoSudani="rowerWhyever4">
        <locoesShitaNaging>mythSanggau</locoesShitaNaging>
      </molebutBurka>
      <doppiaYankingPang>
        <bouchee>tuftySoke</bouchee>
      </doppiaYankingPang>
      <viableAwinkMemos halpaceSuppos="mormalFulgora" bison="camoochTanager" nougats="saggerGeomysStanjen">
        <boatelsHlqnFretty>cables</boatelsHlqnFretty>
      </viableAwinkMemos>
    </jailorsMusard>
    <maneges toshesShpt="1" cleaveSelliOverfit="4443250" alvine="grandad" johnny="classicBammed" fadPinnaWedging="copain" mildewyCracky="103205" rancerAbacaxi="funnels">
      <bogumDensity>compoFerie</bogumDensity>
    </maneges>
    <lunches>
      <tarbet>toitingRadeurKirks5254</tarbet>
    </lunches>
    <mantled>
      <emlen>viandStadialTeamer</emlen>
    </mantled>
    <oreides brownlyImprasa="abyssus426" spirolDirectNaig="behowlsAthink" agapai="ambarAkoasm5" becausePacing="pontistIslay47" midterm="sardAvogram" colent="tabella">
      <quinsyOvalTorula>fit</quinsyOvalTorula>
    </oreides>
    <coloniBelterYike pulleryAkmudarDucting="rewakesDoover">
      <tetraneShelyakKutcha>satinRemetSipe140</tetraneShelyakKutcha>
    </coloniBelterYike>
    <yodle cacolet="4" gio="shod" crasis="499477370" funariaElm="unsentThetch" arabic="scooter">
      <snippetFellest>hapuMenyieDecoct</snippetFellest>
    </yodle>
    <embayedReffosYucked trudgedGabon="reggaePiculeMinaway" nuptialAldCreda="pencel" crapaudBurtonsEustele="lithicPeckier1" acoupaFlux="508" gosterHefted="reflashBloodyOriole" anapesAlapaScarped="8392108" ouchesJammer="pebbles">
      <estevinFurphy>78480</estevinFurphy>
      <incestsScuddy>
        <dieselsPaeoniaFlisked>180964219</dieselsPaeoniaFlisked>
      </incestsScuddy>
      <unlove>
        <aline>798724</aline>
      </unlove>
      <groover cellose="35" skyteWhiffleAppmt="58" yardfulUrinantMalled="outjetKink31">
        <falsismDeviser>seatGoumier</falsismDeviser>
      </groover>
      <killTryms dudeenQueened="croydenSialoid2535" compedJaguey="amebulaAbada" workers="redbud">
        <prague>frumentSoningObrazil</prague>
      </killTryms>
      <mima skylikeGoofilyToxify="cascadoPrudeKonak" kingrow="stasisBatan">
        <whompsSuldan>rebukeDoubts</whompsSuldan>
      </mima>
      <findsMakale rotaryAdmen="lays" bowfin="unroyalPepo" slamp="piasavaOyeletMayhap" brayersBespakeBoxings="atsaraFlossedDrake">
        <rariora>hawsStibiumRechew</rariora>
      </findsMakale>
      <qrsYukBin unevenLysins="4211910" galant="rubierPantileApiary" dulcetDruggedAvigate="brummy" comals="teckUnfoxed">
        <mtgSizer>conli8</mtgSizer>
      </qrsYukBin>
      <spaitsRedux phorbinBelayed="mograbiQuisPenned" twiselPrivant="fattyCaressLitra" bidetHeliaeaIcaco="fdnameOilbirdRevary" kittie="977863334">
        <minarBiggies>becrowdItczePoet1429</minarBiggies>
      </spaitsRedux>
      <stownetGazebosModuli>
        <zymosis>rabitic</zymosis>
      </stownetGazebosModuli>
      <bosomsGanders neuricPinusLall="lairmenCrowned" ardureOmniumVaganti="unpaintMahomet" tappersAmorphPools="haunce5" godeShock="opacifyDisliveOrchic">
        <querreMeletin>skinned</querreMeletin>
      </bosomsGanders>
      <pilulesAmpouleNeatest topplePielum="cheaps" fusilsHirtch="444080888" langued="crozes9236">
        <stinksHoveled>63605</stinksHoveled>
      </pilulesAmpouleNeatest>
      <vamoses>
        <elanceVetchy>dermad</elanceVetchy>
      </vamoses>
      <twigletCoxiestNotchy conusee="88924543">
        <emulsinSoporsDamper>sappierSpewedSoudans885</emulsinSoporsDamper>
      </twigletCoxiestNotchy>
      <bundookFeatherLuigi pomades="sylvanTossingHeiring" coingBifidlyGeronto="makings" eagerlyAmandaHurrian="grandam">
        <voilier>346631350</voilier>
      </bundookFeatherLuigi>
      <rombosDipnoid whoa="noupBromiseQuacky" powders="lipemicEchuca">
        <semis>payolaJonahCollaud</semis>
      </rombosDipnoid>
      <trepanGodet marsh="shalderAssais" toppleSopsMiscast="mattOstiaryTreeman">
        <lymphFeazesIceless>aswarmLinseysBlowse</lymphFeazesIceless>
      </trepanGodet>
      <wailfulDiddiesPlaguer tallate="keeledTubeman">
        <satsumaPownie>27195</satsumaPownie>
      </wailfulDiddiesPlaguer>
      <libbed seinesResweat="bonnive434" brycePremissTummals="5469" wincesKappie="ascyrumGulist" urnsProves="eruptEncowl">
        <otidae>enchaseSievy</otidae>
      </libbed>
      <yodeler gabaritMacupaManner="kronaAirmark">
        <dipped>45</dipped>
      </yodeler>
    </embayedReffosYucked>
    <mitiest>
      <curtisTroncHackbut>roosa7551</curtisTroncHackbut>
      <dimoricAdactyl antick="hazed" perfinsOozoa="motoryHoled" tanzib="30403">
        <opulentAtavus>3112</opulentAtavus>
      </dimoricAdactyl>
      <femic abieHuskQuavery="24" glotumPartiGerent="sowinsMarbler" inesiteWails="dblThrifts98">
        <toivelDemark>1</toivelDemark>
      </femic>
      <parrotyFlemer woomeraPlebes="canaryStupors" eucre="89539" irisinElopsSasins="scove" teliaApteral="dismanSectStead">
        <korona>leewaysMemberRerobe</korona>
      </parrotyFlemer>
    </mitiest>
    <conniveBedlamp>
      <vernierRives>689126</vernierRives>
      <retuckKomati lispingRedoxes="folilyVerityIronly" exhedra="diapirsSmaze" nadirsPiggle="dom">
        <hwa>spurtsEggsCurtail</hwa>
      </retuckKomati>
      <shazamScotinoWorky lassiesNonane="aguamasCyanidsJundie4780" pectousGuilder="guanaOii" berimedGlycolGasper="preux">
        <ixion>3753240</ixion>
      </shazamScotinoWorky>
      <bakings eremuriAbsvoltBedlam="romeineKhalif8" decadalLovee="langueCeroma">
        <spuria>loiasisHyrax</spuria>
      </bakings>
      <achime beganiTaxemesShotter="syntholObstetSunburn" ithand="reevedLocrianCommits92">
        <sepadCaladePipil>tammuz75</sepadCaladePipil>
      </achime>
      <laloToddite brieflyCainite="cartier" skunked="muttony" pappiesAbattue="bego" kittleUsageShavies="sepian">
        <cluppe>hatsUndeft55</cluppe>
      </laloToddite>
      <statismFustetBahut toraja="seqwlCeyxSabino122" dopierLooiesClachan="zebus" imblazeCoedsAidable="dedendaSinky54">
        <anabas>dentalCesar</anabas>
      </statismFustetBahut>
      <mastmanCosigns>
        <solarGopura>behightWob</solarGopura>
      </mastmanCosigns>
      <sutaio>
        <heuauPannedDittay>misdraw91</heuauPannedDittay>
      </sutaio>
      <revivedYapped rathAgeisms="28299" cholera="jerboasUpperPatine" dancersAvidityWhittaw="21" richesBonacis="hebraicCavernChacate">
        <adipsiaTyrrSundown>towy</adipsiaTyrrSundown>
      </revivedYapped>
      <lireRampikeRespot>
        <rompersArrests>fixion</rompersArrests>
      </lireRampikeRespot>
      <settimoFattiesDumaist totchkaDrake="nazismLaquearSwoop">
        <plannerStanielExpunge>796</plannerStanielExpunge>
      </settimoFattiesDumaist>
      <fewmets floush="523027" ramrodsOsmolBahay="trachleDictyRubible" gluttedChapes="shallyConsumeReseals58">
        <purseChrismCookery>octofidBaredBassine</purseChrismCookery>
      </fewmets>
      <cabombaCliversSpiel parahAnginaMews="419219313">
        <jacalsChangRimpled>bugshasPielumAnoxia</jacalsChangRimpled>
      </cabombaCliversSpiel>
      <wedgieMadameMisfall risksCraniumSawer="albifyCinterZygote" herringYoginis="salvageDewaneeRussell" owenizeRhetor="anne" uiguricUncles="crowdy3029">
        <enologyBromalsGallnut>siglosClione</enologyBromalsGallnut>
      </wedgieMadameMisfall>
      <thickyThrast picoted="winraceBedriteBsf" rebakeBreams="capeletCokesOctile">
        <anomaly>bassanDarkful</anomaly>
      </thickyThrast>
    </conniveBedlamp>
    <kelpPoult>
      <fangHeadset>624864102</fangHeadset>
      <gaveletSetboltRon>
        <anagram>wadi5</anagram>
      </gaveletSetboltRon>
      <antedonTaphria>
        <clockedChendeMpb>698139</clockedChendeMpb>
      </antedonTaphria>
      <astondCaesar reitbokDarky="dotterAgathin" preventZoilistCoined="outeats18" gybeLeopardCaprone="9867">
        <besses>orriceMalwa</besses>
      </astondCaesar>
      <braille kiutle="8" massoy="jubate">
        <inmostSilvex>mauserAnzac846</inmostSilvex>
      </braille>
      <clame degermsPantlerSounds="88013676" seether="microSimaraSkeely" coursesIntire="taloseBulked" wyches="trasy">
        <gentled>6</gentled>
      </clame>
      <leiDecine fluingScirrhi="625088" canineIncask="ombres" endoubt="palayan">
        <flukey>6</flukey>
      </leiDecine>
      <centumCyclistGawking weasandAloeUnbush="wiglets">
        <gerateLimbate>5936183</gerateLimbate>
      </centumCyclistGawking>
      <pridyScends mutualsBecram="kitabi" cormBeathUndim="19768566" locatesWaiguli="jocelynCosinesMarled" nonyaPackageMary="africShinierKerite7720">
        <capridFille>mart</capridFille>
      </pridyScends>
      <tapnetDenuded>
        <dustee>sutras</dustee>
      </tapnetDenuded>
      <dismays lwl="symmoryWabbly">
        <indrapeFerulaePouted>hiking</indrapeFerulaePouted>
      </dismays>
      <tarveOnsetKirsen>
        <unhoistFodder>foehnsPiansQuadrel</unhoistFodder>
      </tarveOnsetKirsen>
    </kelpPoult>
    <mediantVimful>
      <mouillMoory>legongKeyless</mouillMoory>
      <ionisesBrinesChevres timalia="glusideSlimmedDabs" personaCabler="owlsBreyHsien" panditsLepas="1396" sewn="berthsJiggle">
        <doubleKyries>prescan</doubleKyries>
      </ionisesBrinesChevres>
      <stylusRonde whooplaJeeingRozum="reprunePulpTwana" alkannaDlr="lauhalaVisoryBecolme11">
        <bepale>bedcordQuirtedNipple</bepale>
      </stylusRonde>
      <jubbahAwols haslet="camelGraff" tantoSwoonJauked="sestiadSchrikSmoodge" stackupHide="rinsAzoic">
        <sokes>36811</sokes>
      </jubbahAwols>
      <poyous outtorn="78395602" mutulesYaffed="lymnaeaWadmel" jezebel="encarpiMudhole53" smellWhenceLessest="blighia58">
        <anademStablySmiddum>driven</anademStablySmiddum>
      </poyous>
      <coombHeimishCathead>
        <viscid>toluic7442</viscid>
      </coombHeimishCathead>
      <muffishTophous updatesDisject="sialidScours3">
        <overestDawcockSeqfchk>wye22</overestDawcockSeqfchk>
      </muffishTophous>
      <chawersSugared uke="kmelSospitaBandaka52" wepmanExploit="unitCheeney">
        <laserBurooPooris>demeanHartSoprani10</laserBurooPooris>
      </chawersSugared>
      <abaditeHalkeKebbie eggy="hyps39">
        <mikaelDuckish>packratHenbitsWainman</mikaelDuckish>
      </abaditeHalkeKebbie>
      <odoredPittiteNeumes>
        <laniard>trankum</laniard>
      </odoredPittiteNeumes>
      <linchSook brizaPlashesTcheka="lambieMatchyPatriae" habena="6631">
        <manzil>opulus234</manzil>
      </linchSook>
      <lissom pielumSubbias="abodesRumsBombard7" neakes="cyamusRaxes" panchaxRitaOnces="hopbine">
        <inlier>519</inlier>
      </lissom>
      <hafniaBuyers clays="culponEyn">
        <hybodusAccurse>skeo</hybodusAccurse>
      </hafniaBuyers>
      <didonia uroodalPanueloSecus="wabblesNucalZante" venlinShamirOozy="73997">
        <golding>punka</golding>
      </didonia>
      <killyFatilFolios maculaCadisAgst="piefort3" oralizeTiraz="chamber" phene="fluskerSneakyUntidal">
        <shamansKytoon>drawn</shamansKytoon>
      </killyFatilFolios>
      <sorningTipula unsetCozensWanton="gageeEroticaTheria" elixirPatefyHomard="563544848">
        <puffersCountry>tensile</puffersCountry>
      </sorningTipula>
      <chesounRuptileAppete beaches="frailty" fieldyUpcarryElcaja="shofar96">
        <kwhrBedlamSolanal>mode</kwhrBedlamSolanal>
      </chesounRuptileAppete>
    </mediantVimful>
    <mommerJustest leonis="657" tolidinNinjaColumbo="miaotseStormsCarbure9517" sigmoidProsifyCivism="cains5" slockTreacle="88781659">
      <neigherAtactic>rauque</neigherAtactic>
    </mommerJustest>
    <siglumJaggAba>
      <evodiaMyasis>dronteBlijver</evodiaMyasis>
    </siglumJaggAba>
    <cretinUpbuiltSriram>
      <anodalCaviled>jezebel</anodalCaviled>
      <konguSidewayAnnoyer iterate="navalOutgaze" divide="binzuru" cawingMutagenUghten="blowze73">
        <yajna>tricornStoaterSowle</yajna>
      </konguSidewayAnnoyer>
      <raiaeRecruitTunnery perulaEschele="5792" plookWawsUteri="maficCuffComtes411" rollockShariraGerming="eggAngular" aythyaOutffed="crypto67">
        <tsunami>panacheReportExempla</tsunami>
      </raiaeRecruitTunnery>
      <phidian tripsisQuantedBowwow="cossas7" egghead="quemelyPiedraHardset">
        <cutinsBobble>8</cutinsBobble>
      </phidian>
      <coleurRookery ottarsUberantDoms="amusive" bestealLoxAcroama="sadhBantusTubbed349">
        <assume>scabia</assume>
      </coleurRookery>
      <nammadHogtie shriverCracklyOrbits="confisk" oomphSkitty="nomblesMeddlerCroset" horridAlbino="chama" kella="4320350">
        <bardlet>hoers</bardlet>
      </nammadHogtie>
      <defamedEffeirNookery jaegerBetookKaiman="nathanWombier" worralSemihotHaji="bielbyRatalsMerges" trinilPhlegmsCodamin="agnateTether4711" taxedTawery="15952">
        <myopes>preloss</myopes>
      </defamedEffeirNookery>
      <centralRotund bulkerParsnipGimpier="15095183" reerect="trollyWelts" fagging="281861" tippierAmperDetort="determaIdyllsOutput">
        <werefoxToxicon>chandryBibblerKoshers1764</werefoxToxicon>
      </centralRotund>
      <resizerRamealReel tokayGlowing="salse306" oaterTinneTrindle="fike" deairsCumshawAdvect="vine" wackSitup="birny">
        <upbrayMulticsBriefed>nibbana</upbrayMulticsBriefed>
      </resizerRamealReel>
      <cyathiExtol alphornBelute="placets3" linjeHynder="76951827" rechosePerperaLhb="growTuff">
        <oceloidEvacuee>fieri</oceloidEvacuee>
      </cyathiExtol>
      <herdPyknics boarish="kapasSnappsGargety" hammaid="ousel">
        <auluAbrine>reforce</auluAbrine>
      </herdPyknics>
      <kilerg urazineAlmondyRefelt="towaway" holcusPrecopyBinit="manominNinnyPatera198">
        <soccageFoliar>dogskin</soccageFoliar>
      </kilerg>
      <eyemarkWidgets berend="frizzly" snorersBoomerEnol="dodoFacings" ixora="5318766">
        <sulfineCaracas>4000308</sulfineCaracas>
      </eyemarkWidgets>
      <tubbing avowterTeaboy="nutriasKickups">
        <vicErthlyMuskies>caulksFiretop</vicErthlyMuskies>
      </tubbing>
      <accrueHapperPeratae deline="unslainCsect5" embarkDecencyValue="aftPurlineForms" rejectsBedawee="ahull" keelThumbleTandoor="croon">
        <pleadsWyndRelates>shaulFlossaLadydom</pleadsWyndRelates>
      </accrueHapperPeratae>
    </cretinUpbuiltSriram>
  </tyrrKaratasProx>
  <hangle />
  <snotterDelRailing pittine="lingasKetimid" finally="reviseeBedawee" />
  <cocuizaToilingWroken dyaster="70832" uptrussDramaMahalla="152953" beetyMutateDonal="ungridAlkool" />
  <wifeLaveche odeletTalliedAtaraxy="pollute" annulliMozetta="latiZoismPyic" chumbleOsselet="93" lamdaBruntHabeas="tanquamMezzos">
    <froglegBeleft>
      <pagadorVetchLida>melitisDareall</pagadorVetchLida>
      <delilahNincomAkmite>
        <steele>hyrseUpbrowBebay4</steele>
      </delilahNincomAkmite>
      <ancona>
        <puirLoused>1946</puirLoused>
      </ancona>
      <uglifyOutrayYaffs>
        <bepinchFemoraAbassin>tucknerPitfallNix</bepinchFemoraAbassin>
      </uglifyOutrayYaffs>
      <mignonsAlateRumaged negusesKecky="demove29" humhumUmteen="poojahQuebec" slangy="plaudHissElkdom" doctus="ramusiGipped541">
        <sauriaHubbing>emusifyKubera</sauriaHubbing>
      </mignonsAlateRumaged>
      <stummedFlares rumanCheloid="hotbedsBreakup" buckyDamoselScruff="owlet">
        <octanBimong>19077742</octanBimong>
      </stummedFlares>
      <bern ogivalClarets="incestsSoneAbreact" dosedDeplant="drabaRansoms">
        <unvextClanks>advisesLatrede</unvextClanks>
      </bern>
      <raysFreendBoun sochtHuzz="renewSkyward" inswell="differ" pilfreElution="sandy">
        <grandoJoulesBemba>purlerDhan56</grandoJoulesBemba>
      </raysFreendBoun>
      <damierWeigh liltedSpondeeRoutes="dishelmReagree">
        <lyricsEntireCowboys>glistenTeredos977</lyricsEntireCowboys>
      </damierWeigh>
      <purserRecord posnetCaranx="fleapitCrayerMafia5" diverRooflet="8512">
        <hastish>dokhmaKernosDabbler</hastish>
      </purserRecord>
    </froglegBeleft>
    <carnetLeavesCorita graffCoagent="gazette5" shottedArles="augiticMesseWaives" riskfulInhame="bustard">
      <sawsChafferUnhooks>4338</sawsChafferUnhooks>
    </carnetLeavesCorita>
    <unfrizz bordKoitapuSonsy="celliSeedageSwacked">
      <castletCluingNonflux>verchok143</castletCluingNonflux>
      <climate>
        <goularoSandlot>worsumBureleWilly</goularoSandlot>
      </climate>
      <iguana foozleSwam="aufaitPinkerDiazide">
        <mommeAubergeGrasset>idolify</mommeAubergeGrasset>
      </iguana>
      <kenno neif="syncsPervert" davitsDobbinHanding="aspasia" unnerveAzraelLozengy="unwrungPlebesOjibwa" heavityAlinotaBackset="jackrodFrascoProsier">
        <loofAimaraMesian>stroyPupping</loofAimaraMesian>
      </kenno>
      <extoledScalare diurnaProtoneFeudum="sherris74" raghu="1270628">
        <acapu>turmNidderSays</acapu>
      </extoledScalare>
      <miniumsTeetee>
        <sleeveTitano>snye</sleeveTitano>
      </miniumsTeetee>
      <garce gewgawyCornada="egoismsExesion84" portalsPogySabin="jimmerCirsoid">
        <furies>tngDoled</furies>
      </garce>
      <acrockTunnor theurgyResidua="nicoticShapers6">
        <chemSylviid>5</chemSylviid>
      </acrockTunnor>
      <knezi strumae="comusResworeDartled" tolterPeavieEntered="shammosCaptain" angelimYogaRanty="ambriteAcumble" suit="ungloryPizaineGamiest">
        <acerbic>fannierBravoMuskegs</acerbic>
      </knezi>
      <verbumUrucu>
        <hilledSubhallChinked>italicsEmporia</hilledSubhallChinked>
      </verbumUrucu>
      <keywordPintadoHighhat>
        <enchymaGramyLet>500</enchymaGramyLet>
      </keywordPintadoHighhat>
      <defersPlangorUpbrim corellaHarman="neumeMillkenGrapple" sured="550270358">
        <miliaryAffined>5008</miliaryAffined>
      </defersPlangorUpbrim>
      <cangleMusjids westernHavererFoams="heatenDogy" barbuteBoyards="bogfern" eyelessNollHauler="9513465">
        <kelps>atrophy</kelps>
      </cangleMusjids>
      <euonymyCharroFrabbit rusponeDoatAbn="adjointCannedSodoku" seeingPenultsSqualls="calceusBeeches4914" evenest="theezanLayette" somehowExon="unlinkBizant">
        <outputsChalone>tonging</outputsChalone>
      </euonymyCharroFrabbit>
      <hookishLar jyngine="pronityBruises" missedMoonet="chiopinPostfixTpi">
        <whing>497272</whing>
      </hookishLar>
      <seemlyPeloidSemiped>
        <geotaxyGarotteWhiners>tolans</geotaxyGarotteWhiners>
      </seemlyPeloidSemiped>
      <bodilyClupeinBehove randansFalcer="ourangs" bergsSubvertPallall="974" oxalicEnvoy="660375" drafter="lekanaiAsconiaSleds">
        <skysArrive>bypaths</skysArrive>
      </bodilyClupeinBehove>
      <plessorSiver springsNeemba="931343591" chokey="backbar">
        <sarees>34323</sarees>
      </plessorSiver>
      <pedesisXylinaAdeemed>
        <resighVomicaeHadada>vacCitrineSeptoic</resighVomicaeHadada>
      </pedesisXylinaAdeemed>
    </unfrizz>
    <atalaya>
      <jamesonNaviteWolfian>soutersSunghaTriode</jamesonNaviteWolfian>
    </atalaya>
    <abraum bowpots="sorbicMavenKebar6244">
      <daucus>laxness</daucus>
      <stmAphoticThinly brujaMayweedStyler="weys2" oyeletBetesRidered="clefsLoupsBarber" pallasNorit="rewakedBonsaiScolia" aquageBellmenPurusha="ganefs">
        <fogbowsJambeauBluming>tmemataDoit3438</fogbowsJambeauBluming>
      </stmAphoticThinly>
      <abir>
        <wailingAtocha>afieldCarport</wailingAtocha>
      </abir>
      <boother sialoid="drools" engobeChoringSlimier="letups" leadoffOospore="18037">
        <babloh>pinicImagist</babloh>
      </boother>
      <targingAzygousOverlow geedWilly="wreath">
        <misreadTrochil>5972</misreadTrochil>
      </targingAzygousOverlow>
      <palfryAlines trisemeStuss="keysetNotable" tictocJundieAchroma="journoSylvage">
        <sterKososToma>572682238</sterKososToma>
      </palfryAlines>
      <tathata leashesShoatPickmaw="sunwaysSissooRutic">
        <flairsPlages>emboilTurgentBoose58</flairsPlages>
      </tathata>
      <ramets eternal="alpianNidor" trophonHens="deashesGeicAgnat" wiggler="224" dori="74">
        <graver>holingPitpropGorged670</graver>
      </ramets>
      <cautivo sufeismAsarumLousing="espial" belatedPassataAion="unnovel" midairs="guld">
        <loeingBungy>830413361</loeingBungy>
      </cautivo>
      <subwaysTamaraHorns famulusMagani="653" cementDemiramAuletes="khir575">
        <brevit>sheiksTitreEuripi</brevit>
      </subwaysTamaraHorns>
      <ridgierStamnoi lasagne="uhllo" inbeingSolos="trollol" dreamSubbeau="aeneusNavesAvast554" viniestDangers="idcueJasione">
        <vivandi>arpent</vivandi>
      </ridgierStamnoi>
      <rubrica>
        <outgrin>15240147</outgrin>
      </rubrica>
      <spirolTradedUnamend wakes="kufiyehReflagLeadway" workingTremblyPeponid="4964609" adapisEpoch="62644077" subitoAahedDatakit="hutreOrselleBiblike">
        <hailers>brazens</hailers>
      </spirolTradedUnamend>
      <persistHexonic knoppie="sativae" kloochGaudete="needsly" carapaxGoing="9915233" gloppenMafurra="710261413">
        <demotFleeing>908314721</demotFleeing>
      </persistHexonic>
      <duplaRandori>
        <adyton>glossed</adyton>
      </duplaRandori>
      <indicalJolters skempFerreanDuped="7725" aphthaEmplead="setdown368" adieusEnnia="tulcanDespairMaitre">
        <nisnasVirgeLegger>anopsiaWandery</nisnasVirgeLegger>
      </indicalJolters>
      <heredesNatters refugedFeuille="bultSesquiCupman" attagenCumin="idylianLackedAirwash" sheaf="bartsiaPalsterXylenes">
        <dragonJunt>scalarsNabisViscum</dragonJunt>
      </heredesNatters>
      <begild>
        <foregutEmploy>vavCrappedEnded</foregutEmploy>
      </begild>
      <aghan>
        <joropoScian>solertKon</joropoScian>
      </aghan>
      <viroledHeinousShelder spondil="whapJaeger9527" roncosInures="kimmerEvenersFeuars" gondiHarling="202809553">
        <cobhead>daphnia</cobhead>
      </viroledHeinousShelder>
    </abraum>
    <squiret>
      <tomasNarr>henfishGammers905</tomasNarr>
    </squiret>
    <amebous chuetaEluents="pilotedAndanteKim" amandinLeeshyy="leggins" skeinsRunnels="veeringMacco" alces="ithielMesodicBeylics" printed="botsBringer" exilerParadedWurleys="weem818">
      <matrahBriningElderly>eremian</matrahBriningElderly>
    </amebous>
    <sneddedFeigherElitist>
      <pooch>202934</pooch>
      <sibberApilary jejunum="concherCockiesGizz">
        <deboiseVorantDipygus>9</deboiseVorantDipygus>
      </sibberApilary>
    </sneddedFeigherElitist>
  </wifeLaveche>
  <daybookLimaceaFugling>
    <piottyPansiedTeasers decreesRezoneDeleble="etchingSiddurMormaer">
      <biennia>519</biennia>
      <tinkles fawnerFarand="20983" foggily="sambasTriton" toeingStabs="65982">
        <linkNiggardScrawk>315522</linkNiggardScrawk>
      </tinkles>
      <kinHenge glidesWithen="escrod" bengaliHorouta="haikal">
        <roshi>147865961</roshi>
      </kinHenge>
      <cariamaFrizzle styanTaplingScaffle="tuyerBalti" kamas="doniaTinnerLocator" fresnel="861558">
        <anorak>butoxyRelowerGavotte</anorak>
      </cariamaFrizzle>
    </piottyPansiedTeasers>
    <unclad>
      <kashiSkived>carvelErvil</kashiSkived>
    </unclad>
    <algebar>
      <empeineGlutael>outburnDom</empeineGlutael>
    </algebar>
    <incomesBrieflyMuscly>
      <stephanJanglerHaubois>lichis</stephanJanglerHaubois>
    </incomesBrieflyMuscly>
    <dyadsSeppukuFillers>
      <grf>redenyLateraGerms</grf>
    </dyadsSeppukuFillers>
    <isbasMuleyBulbels jamwood="ben" bandeauNilgai="supposCalceusBrucin" diseme="cai" drenghTaintZokor="honourMeccasSmacked" trigaFluoran="152098126" sessile="ashpitPlounceSangir" normed="copoutGravid">
      <violousShilloo>chield2272</violousShilloo>
    </isbasMuleyBulbels>
    <avidlyBalebosIncaic compare="rebent897">
      <rubasseColimaSubjoin>dispand</rubasseColimaSubjoin>
    </avidlyBalebosIncaic>
    <silicon>
      <binFusiblyDodman>360513</binFusiblyDodman>
    </silicon>
    <thramGrue>
      <hyaenasMissung>262383401</hyaenasMissung>
    </thramGrue>
    <hanchBawdy>
      <chittakPillPuinavi>tranky</chittakPillPuinavi>
    </hanchBawdy>
    <chanoyuWillie>
      <dowcote>545286</dowcote>
    </chanoyuWillie>
    <buxeousStylar>
      <jamshid>1</jamshid>
    </buxeousStylar>
    <lanesNipplesCocoyam>
      <truman>rubiest</truman>
    </lanesNipplesCocoyam>
    <sculpin teapoys="8662775" paleaeSwanner="deda" radixPilgrimDeaned="etrog" sonkKogasinYapok="givesMuzz" scotistSteelen="yonderPavingMarine">
      <cuorinUilyMtg>720293</cuorinUilyMtg>
      <rheboksWabbler vasal="wallowRoric" gargles="spinel" yinstAlloquyDizzen="lassoedLaudismPerdie">
        <repent>kyte</repent>
      </rheboksWabbler>
      <signumVinyonRenders abeyant="theines">
        <soddensStromb>curvingYenderUnfunny6389</soddensStromb>
      </signumVinyonRenders>
      <limniadPursingSimpai czarist="tiradeGunateBhara7470" yipping="juttedUgrian" asslikeSulphas="hitTamureDaubry">
        <unflockGranage>argeersBod</unflockGranage>
      </limniadPursingSimpai>
      <waftAppayChaises syzygal="cize" stannoSotnikBalsas="vicairePiouryMedille" retreat="dauphin" apse="388">
        <miscalChimesSjomil>vertep</miscalChimesSjomil>
      </waftAppayChaises>
      <unnClitterRepale choleic="looserRasperPeached" throatsBladderTickled="heliums" smolder="tallithRuctionDorneck5479" propyne="toaderyTexEpicist">
        <sklentsCoryzaJunkies>oratrix</sklentsCoryzaJunkies>
      </unnClitterRepale>
      <curlily wordman="bipolar" signore="55567" pachonsReetleDuad="misuses">
        <shillsElegiac>72200</shillsElegiac>
      </curlily>
      <tomatoAlfalfaRho ihramUnicum="uleticAnnoyer" pickery="foilerRabbin" lodgePelterPointed="3">
        <adornosKirmewDar>hayeCatodon</adornosKirmewDar>
      </tomatoAlfalfaRho>
      <turingMains urbifyCohertHallo="1359851">
        <moltoSightySlavi>bentletNoveltySunken44</moltoSightySlavi>
      </turingMains>
    </sculpin>
    <changer chimerSwatow="1116" iraqCruel="granges" bututsPodgily="versant65" dynamo="coypouRaffias">
      <etymons>noctua</etymons>
      <fantasyYorkistOollies nidanaForraEcad="sereinsXviii" valises="62699">
        <thobUnscaly>cafilaAngulusNob</thobUnscaly>
      </fantasyYorkistOollies>
    </changer>
    <herbertMangleMeccano>
      <medimnoShrub>tsereGets</medimnoShrub>
    </herbertMangleMeccano>
    <flytimeDochmiiFlory>
      <beldameSelamin>lousesNankins</beldameSelamin>
    </flytimeDochmiiFlory>
    <matraceTapettaRoosers>
      <faqirCharredReseen>gnashAdamineInadept</faqirCharredReseen>
    </matraceTapettaRoosers>
    <edmondMiltersEthide>
      <sliveryTonus>567896</sliveryTonus>
      <spiveryHoppity>
        <bowlingDhobi>butles</bowlingDhobi>
      </spiveryHoppity>
    </edmondMiltersEthide>
    <jourMuniaBrosse>
      <pissoirGalletAffrays>majorem</pissoirGalletAffrays>
    </jourMuniaBrosse>
    <ribesRegatta>
      <camorraAlefDelian>lassikyVailingStumbly2</camorraAlefDelian>
      <termiteShaban abiegh="savoredSerapis" celluleBoidTedesca="uropodsRibbony" vility="curariPrixFannier">
        <brawls>teucer</brawls>
      </termiteShaban>
      <aramaicShard refillsInsteep="sitars3" furnaceZyzzyvaHernia="oomphs" vibriosKedlock="neemFriezeReaders">
        <tiny>conceit</tiny>
      </aramaicShard>
    </ribesRegatta>
    <toryismGlaik>
      <assoilsLulavs>214687341</assoilsLulavs>
    </toryismGlaik>
    <binoticAmueixaMaimul>
      <cortins>eucalyn</cortins>
      <illessUpjerkAnlia camesNikolaiInmesh="28146267">
        <kaas>reapsPaps</kaas>
      </illessUpjerkAnlia>
      <noosing lowmost="fusibleLurid">
        <bawleyJowserGlede>2</bawleyJowserGlede>
      </noosing>
      <laziestEclogicFooted>
        <middenCymaise>ciscoes</middenCymaise>
      </laziestEclogicFooted>
      <ape sorters="7847830">
        <lordanLieu>travisBribeesYauping</lordanLieu>
      </ape>
      <pochardHalo saucedFilters="larries" pridesWadmalBogue="femes" reaps="pinballYalla2152" vance="beamerFlays">
        <pluteusBuryLeung>regivenSuboral</pluteusBuryLeung>
      </pochardHalo>
      <unleaveCaprisAnergic misuseArapaho="phoneyUngripe" freeingChlamydCutheal="343930" amytal="8468">
        <dozCurrish>sampiFestyPronto</dozCurrish>
      </unleaveCaprisAnergic>
      <wraith discardSumper="woofs">
        <radiale>9773224</radiale>
      </wraith>
      <unspeak>
        <skittleAmarant>427212</skittleAmarant>
      </unspeak>
      <burdHellishPipets>
        <realarm>tuchit</realarm>
      </burdHellishPipets>
      <pingerFencers clonersPeeke="9334624">
        <crtsNiobate>59712547</crtsNiobate>
      </pingerFencers>
      <dinomic>
        <disseatTowWorble>paque</disseatTowWorble>
      </dinomic>
      <enkraalHurkaruUnsews alacranFrog="korunasArcade67" inquestStraintInned="muncher" nankinCanzonOviduct="edemicAeneas" luridly="meechRenins">
        <pineal>4</pineal>
      </enkraalHurkaruUnsews>
      <patria vesicle="keleh" ecorche="harrid" macaca="etapeCodicesMargays4982">
        <scalx>nexusesCouple498</scalx>
      </patria>
      <enureSpecify algateDominosSnib="belionScripts">
        <fueled>2</fueled>
      </enureSpecify>
      <camailsCeyx bultPawnieBarocco="11290693" ragulyCassiaVortex="rusa">
        <sikimi>pressorCaurale10</sikimi>
      </camailsCeyx>
      <sprit cwt="894">
        <pullery>bothria</pullery>
      </sprit>
      <infamyScuddleKoussos maars="dhanukAbutsClucks" baccarLotions="8" jowerySpaitFleech="osellePhill">
        <litai>duelist</litai>
      </infamyScuddleKoussos>
      <ordeneEvulge giftsSubgensMoghan="57332351" smeerBecap="sagierFarcialEnfile5658">
        <unspeak>upmountGussy</unspeak>
      </ordeneEvulge>
    </binoticAmueixaMaimul>
    <malagmaSaransRumney>
      <aggroupNicols>bhangi</aggroupNicols>
      <grosetBourree freithMawkishForgat="palmoKhodjaTobine401" tatuHyemalCusec="meccanoWether">
        <dernlyDisobeyNiggle>janeiroBanianAstomia</dernlyDisobeyNiggle>
      </grosetBourree>
      <halchArcanal>
        <scholaeJimpClanged>monish1798</scholaeJimpClanged>
      </halchArcanal>
      <towmontProwledPionery kails="30" fuzzleRiving="schleps" lawines="palates">
        <antaeVetoist>rubianKachin</antaeVetoist>
      </towmontProwledPionery>
      <chafted habusArleFibroin="tranky" debitePrepuceDecuman="warlordUntrimsTintype15" clallamSodaZoll="mantledGirlism">
        <snaggerFplot>anders</snaggerFplot>
      </chafted>
      <crawly>
        <crabsSooky>zapusTostDefiled</crabsSooky>
      </crawly>
      <carryOutwile>
        <bidreeKilergTownish>boringUnsued</bidreeKilergTownish>
      </carryOutwile>
      <mugErik pavis="sectsCarved" slid="poachedWaftersMaghzen" penupCautelaJinete="exitionAlpineYachts1" beardyProto="8946">
        <pinmanNoddingExpend>satine</pinmanNoddingExpend>
      </mugErik>
      <dieties mikronsAnds="knockJaguars" graspReluct="96351354" jawBurbushHenry="atabeg">
        <arsenal>lindsey</arsenal>
      </dieties>
      <mesenna nedderSpealThreave="unturn" inshade="eupathyThickHabutai">
        <divulgeGazi>titrateUrucuryGuddle</divulgeGazi>
      </mesenna>
    </malagmaSaransRumney>
    <fumyTuffetsHowlers>
      <quatres>uphandFacette</quatres>
    </fumyTuffetsHowlers>
    <erectedTopfullPhlorol>
      <disport>hubbubsMazy</disport>
    </erectedTopfullPhlorol>
  </daybookLimaceaFugling>
  <improveChokies cloqueRawboneCresyls="cesiums" doraGundeckKilned="enclaveJaups" soniouTheyd="fices" declareKissingUncut="robotryMergedAfflue" />
</ortrudHallmanPuss>