<?xml version="1.0"?>
<sikara>
  <sliddenCargoes boubous="inez1" howlsCockersDecidua="neilGeisonAloetic" gazelCeboids="sware81">
    <hoke>
      <remintOhmicMorinel>469</remintOhmicMorinel>
    </hoke>
    <bravosCrannogLatirus gulist="tariricDorrsRegimes" mollies="gameticFlyable68" scania="228" fattish="makosConfine">
      <blowenJaquima>rattlerMohabatMerest</blowenJaquima>
      <jupeAbunaSutaio>
        <zymosisArablesOater>736</zymosisArablesOater>
      </jupeAbunaSutaio>
      <emptier>
        <hoolieBrindedBowden>dcorDancy</hoolieBrindedBowden>
      </emptier>
      <inkosAblated bewigElbow="prepaidRewrapt" sealkieEricoid="negrofy" ingots="wharvesGageeSnaff">
        <tandoorRousts>19807170</tandoorRousts>
      </inkosAblated>
      <essenicDayanim huggingWittilyJuice="updatesAscusPishing">
        <walkersRed>beakyLassWyling</walkersRed>
      </essenicDayanim>
      <preplanTussisKittled chortiAbodyOrestes="9985081" fehPartageAucaner="wadders" shammyPintidAddeem="shells">
        <jammedFreq>grubWhamp</jammedFreq>
      </preplanTussisKittled>
    </bravosCrannogLatirus>
    <depasBulkin jetter="niff" segnosOddsideRotella="knetXimeniaCorve" flunkBoeingWogul="markoSarum" sulfide="nuttingSinuateOnliest6" hitherStoit="fertileIcily" expanseTalcherTrewel="marryerSquibs">
      <thrawn>malinkeAtren49</thrawn>
    </depasBulkin>
    <bragWhissonBooked teletexBaioc="55718" psalis="anisateImpalsyDamp" artletPochoteKuli="jatobaRemudasGawcie2" knuffeNidor="apogealAimakAhint" cruppenFurores="golemJesus" lioncedSludgy="skenes">
      <evalueKaoline>calycli</evalueKaoline>
    </bragWhissonBooked>
    <fume>
      <rhomb>lakingFenceCowpat</rhomb>
    </fume>
    <tongsSceatRatoons>
      <goofsFolkseyStray>reefer</goofsFolkseyStray>
      <brughs rimu="biaboDidoesAtiptoe" escrowsSwagingDebcle="safiFrontal30" nishikiBubukle="pterianAgnailGypped" gruffedFairway="1739">
        <isis>unitagePontus</isis>
      </brughs>
      <alforjaAxonicHand rowetHungersGalas="kendos1356" ocellarBathersUnplump="reeditsDisrump" tiewigUncoilKingpin="geogeny2413">
        <batwing>fishbed1331</batwing>
      </alforjaAxonicHand>
      <drabby arenaBeffroy="unicorn">
        <elucidLeakyPoint>kidlike</elucidLeakyPoint>
      </drabby>
      <droil turdoidRatchMuffs="dialect">
        <loyallyNeuroma>jostlesOutface</loyallyNeuroma>
      </droil>
      <zoonomy hethen="114" inlayed="takuTheody764" poets="soroseGarveysUntelic" cnicin="961">
        <aquaridEctozoa>9</aquaridEctozoa>
      </zoonomy>
      <rafter>
        <umiacsAcerbNanako>barway8325</umiacsAcerbNanako>
      </rafter>
      <corojo chowk="3994" slummed="spaitCaline" makutuBarrack="dautingWowser">
        <willful>rutile1</willful>
      </corojo>
      <kitterSixgun maidaRaband="subrulePardedGauze9">
        <prefine>tilapiaCurbash9</prefine>
      </kitterSixgun>
      <cassons denture="affaireAzurineDwaible120" ceritesGranetMerises="craikKhanum" clubbed="voitureShelderFoggage" lustfulJuneCoalers="2">
        <slightBlendor>88628</slightBlendor>
      </cassons>
      <cautivoOchery reddled="burelyPrimostOpiner" emmoveBoxtopsWifedom="9">
        <aru>violet96</aru>
      </cautivoOchery>
    </tongsSceatRatoons>
    <betrimOxgallPyrite vicarlyHeights="16109" aliciaPorks="924">
      <lora>62</lora>
      <spicier caproyl="muranKampongCreaser" mebosChatot="warksPussly">
        <piankaKuskiteHairen>postalTartish</piankaKuskiteHairen>
      </spicier>
      <hallel>
        <outed>acouchy46</outed>
      </hallel>
      <sir daratBurseedRicin="punts" partonsRivers="gardnapRangaleYowing" crisperLamparaRapists="sozinWhap" lured="augites">
        <ingentSorbianBonav>54</ingentSorbianBonav>
      </sir>
      <audionKaingin foyersGordian="izarEnos" beamersPutainHosed="sacken">
        <inwithEchinidBurnie>abuleiaRecoctGliomas66</inwithEchinidBurnie>
      </audionKaingin>
      <nicestShibahs mulemanStadic="murgeon" sertuleYadOwnhood="oidwlfeSperminHowder" mnesticAgre="runnethGnawer">
        <gouryFiggedCankery>silliesTubbedMascons</gouryFiggedCankery>
      </nicestShibahs>
      <noshedForaged karattoMortals="23275" khalifaJenkin="booCargaDecoat" spermsDeerdog="370">
        <puffierSeg>cozenThingum8018</puffierSeg>
      </noshedForaged>
      <curnieFarfaraUproar jezailsFramed="crocein148" sung="blesseHolding">
        <bejesusChoko>tocsins</bejesusChoko>
      </curnieFarfaraUproar>
    </betrimOxgallPyrite>
    <glaces>
      <celtish>unnestYodel4466</celtish>
    </glaces>
    <wannaPalmierTisic>
      <carneolCurarisPochard>radPintano</carneolCurarisPochard>
    </wannaPalmierTisic>
    <hornito kerbPinacle="malvaArundoCuppa" jinked="felonryWavey" jadderBeaker="922510608">
      <joysomeUntoughKemelin>claudiaBongingGlebous14</joysomeUntoughKemelin>
      <marcosAsoakElitist akepiroLenny="4" daddockFikh="45" joyanceFulsomeAglance="49691">
        <nockManna>632</nockManna>
      </marcosAsoakElitist>
      <pleioneMake plumeryWicopy="pamment" groped="alogismBarrows909">
        <memsYawpingOlam>beeswaxTaktSpitted7199</memsYawpingOlam>
      </pleioneMake>
      <twint shooed="wavierSludgerLateens">
        <thirls>anilineShradhMoke</thirls>
      </twint>
      <nicher byepathMangyEremite="grieceDrazel7">
        <chofferRankishBlens>digestDibatisIllumed</chofferRankishBlens>
      </nicher>
      <trudgerHexarch>
        <babery>3453</babery>
      </trudgerHexarch>
      <warreeMariaCalc vox="passerPali378" bongingTallierWonders="kitesGyrated">
        <glamorsZany>4442</glamorsZany>
      </warreeMariaCalc>
      <smithum dossmenJambosPinman="locatesBrisky" maraeHobbetScavage="golds20" animismStereumRejoneo="57143360" nepetaAbie="3385094">
        <podRocksErasing>9940409</podRocksErasing>
      </smithum>
      <miswritVelarLustrum>
        <outjutsWoeCratons>unfeedPipileHonily1</outjutsWoeCratons>
      </miswritVelarLustrum>
      <bendaBigram>
        <titisFluffedTalpify>talcStriaSkepsis</titisFluffedTalpify>
      </bendaBigram>
      <deemMeazleInvitee hoppoMemoirRialto="drowndNarkingCoppas" harminAntisexIsochor="curaTapalo" quintet="392" hamiticPintoDoubt="revokesThiokol">
        <pearlin>36</pearlin>
      </deemMeazleInvitee>
      <hutlet argusBogleStupids="hughesNattockSuffuse" kamachiOmber="pittingWofullyInthral8605">
        <abature>moralOrotund</abature>
      </hutlet>
      <pullersSurgActuary>
        <myrtlesCipolinCribs>soberPlewgh</myrtlesCipolinCribs>
      </pullersSurgActuary>
    </hornito>
    <cruce>
      <reetAkaliHittite>68417000</reetAkaliHittite>
    </cruce>
    <mudiriaArenae>
      <gleyThowPoy>anendTameinHurden</gleyThowPoy>
    </mudiriaArenae>
    <coppa refoldsBarbal="outray" baneful="seedboxPauxi288" britherSaughenImmense="136144396" scenitePyrroylNaa="7" romneyaDialingVarech="showishTrended6" smidgenUnmutedSimiad="minoize" pouffes="bitumed">
      <tyloma>4</tyloma>
      <joram iowt="rottanWote" meselaCaughtDasein="bunny" termage="113201" prahus="abayahNudes7901">
        <pawnieJostles>arbotaSorus</pawnieJostles>
      </joram>
      <ladify feniteHeinCandier="basting2" weirdsSkids="shielBustianEnquire86" unburlySousesStubby="crocinBeglew68" jamboneAsseizeNimbi="obiism">
        <ankletPardine>ariasTemps</ankletPardine>
      </ladify>
      <belady bakerlyTorvousBonnock="aginnerDarerJocuno4" matrisUnboyMaras="dopper" uncoilsEyries="setoverGriffeAst">
        <saiyidsBlursUnspied>695453</saiyidsBlursUnspied>
      </belady>
      <bassieSerrage caduceiKnops="weiThirty" squeezeMonnyKneecap="814847506">
        <gentianRosttra>forbit</gentianRosttra>
      </bassieSerrage>
      <gargety penucheErs="oralerManege" innyardMonactPigpen="295420">
        <hawkey>honking</hawkey>
      </gargety>
      <fonoGoolah auanticBasidia="joggers">
        <jeofail>horrors</jeofail>
      </fonoGoolah>
      <daswenAgalaxyYarded>
        <upbid>32902</upbid>
      </daswenAgalaxyYarded>
      <cringeWartime darn="arroya97" spareCoscet="923028144">
        <linkingFiglike>4</linkingFiglike>
      </cringeWartime>
      <sievyStagedIdolum>
        <spunkedTrismusTeledu>mongersCadbote9</spunkedTrismusTeledu>
      </sievyStagedIdolum>
      <rudish ramhoodKaryonVouli="bonace" fresser="ambientPlatierJuleps">
        <ainsellFederalBlickie>mouseyDineros</ainsellFederalBlickie>
      </rudish>
    </coppa>
    <streamsWeirs eupepsyNappingRipal="gins75" regest="543266062" encomyPremiaAurigal="taurini">
      <ratlike>55</ratlike>
    </streamsWeirs>
    <fledged enfiefUncased="broggle" ureidesBaboo="exogamyGeldedFrogman" platan="wipedMucosaeUtero" tittleBedford="peak" dormiceMultoStuddie="vitasti">
      <arukeGiles>costlewMuzarabHonda</arukeGiles>
      <knorrDesmidRegrate hagfishGleeman="anomieFactiveTelford27" trivvet="saulGryllidSirop64" hurkle="limmersSawt8" koorhmnYapperFerns="subseaDecenylConrey">
        <teadPintada>stichos</teadPintada>
      </knorrDesmidRegrate>
      <tatther tidlingAgt="968459" lacernaLucaniaSauncy="prepdHenwareHaupia" athold="9" ufologyValeryl="envinedIos">
        <runlessEolianPiglet>coshersMiswritElfship</runlessEolianPiglet>
      </tatther>
      <peltedWhaurPalp volador="unhullRannyPyrobi423" arneb="8">
        <dribletTrilli>toyotasApatanJowls</dribletTrilli>
      </peltedWhaurPalp>
      <krsLever muntingTiki="6732365">
        <ritling>myologyIberite</ritling>
      </krsLever>
      <andrew>
        <gentDecanolMalthas>8</gentDecanolMalthas>
      </andrew>
      <barrierWited layersWashmen="wabbledCumlyBabyism" reducer="costeenPadige">
        <floeFoody>malheur</floeFoody>
      </barrierWited>
      <eemis grallaeLousing="flam">
        <shellumAlertedKebbie>33361350</shellumAlertedKebbie>
      </eemis>
      <upbuoyTriedlySkenai forleitRegrede="papernRostersJaime" unstackSlunk="percoidProud" scrauch="zamorinFrappedLeef" fogeyPeponidRosalia="orated10">
        <soldier>daisied</soldier>
      </upbuoyTriedlySkenai>
      <wagsomeThuliasBeelol paulins="painful" rushingBrambly="dingsRebuoy" serpens="finfoot24" putonTampan="wadableSlipmanDoyleys">
        <tamaraEniguaParfey>430754934</tamaraEniguaParfey>
      </wagsomeThuliasBeelol>
      <tobiah tankleCone="moy" parcaeSelectsFaddle="consulTomesSpect">
        <bhilFeetage>2051</bhilFeetage>
      </tobiah>
      <zain>
        <zoozooDatum>bibMalambo</zoozooDatum>
      </zain>
      <dulerNounizePets scummerDinmontAttame="azideSanseis" airshedMuzo="gorer" tipman="pertenEnseamKex" hypnicApocytePosho="starch">
        <butment>ziraiMumsDeddy</butment>
      </dulerNounizePets>
      <femursBonteeNines sodamidFecksKeypad="scrideObjectsAgujon" rationTunga="vibistsTankageKnavish2725">
        <befilthPedals>thramGaga</befilthPedals>
      </femursBonteeNines>
      <byssiDasyureBleu spruces="godet86" kangaAlibamu="swarmChaccon" mudcap="dwtSextoleOckster" tabific="drewite">
        <podagra>songsPoky</podagra>
      </byssiDasyureBleu>
    </fledged>
    <fourgonChinsedRadient>
      <petraryOdylesAppling>ramadaAcidoidJoin42</petraryOdylesAppling>
      <corvPutoutsMoistly strigQuar="aestiiDoebird">
        <switchyHelco>earthy</switchyHelco>
      </corvPutoutsMoistly>
      <hadrome>
        <tekken>domerMooryWontons</tekken>
      </hadrome>
      <septate tanklePrehend="acetaAmerindQuamash" manakin="4" bartend="pajeroOphicKelchin" anting="gollSkived">
        <zombieAmrelleDeflea>wyrockOxhuvudBussed8</zombieAmrelleDeflea>
      </septate>
      <atman>
        <mentalGoddingWhap>cosinsUntruck</mentalGoddingWhap>
      </atman>
      <brothe paxilli="insooth" protendMardi="468" iridine="narrasArcheal">
        <aurigaBehymnJiggety>iliahiNebrisQuatral</aurigaBehymnJiggety>
      </brothe>
      <niecesAcari kinkSoaredGodsons="6485100">
        <eligent>pullery65</eligent>
      </niecesAcari>
      <diotic alveusBriskedMetin="223392685" slicesJinsBlawed="arabineRabbiJohn">
        <sansAheap>827920400</sansAheap>
      </diotic>
      <nurseZookers>
        <weirdly>beloneFiscJower</weirdly>
      </nurseZookers>
      <himeneBnf changos="scaresKreuzer81" wofullyTainuiAffile="gleefulCrammelRoral" warrandWallop="tikesPotcherMurras">
        <customsAmildar>47</customsAmildar>
      </himeneBnf>
      <leadersAcyesis hombreNailerIambe="fabrile" bepiece="3038441" odonticCareme="toggeryRillettIncrust9">
        <noritesShaupRudous>suitorIodol</noritesShaupRudous>
      </leadersAcyesis>
      <bogymen farnessConfabs="natronDernlyWaylays" toaderyPavetta="2964588">
        <slatBugshas>kanganiHattersGreeny</slatBugshas>
      </bogymen>
      <stenogTorretTicer lostLiniest="podites96" raxing="methoxy" probataGamone="29121296" bowled="communeRuffledIlya">
        <opining>combed</opining>
      </stenogTorretTicer>
      <bezant jealous="upflung" aullayBawl="hamalsDreadCymatia" hipe="5035">
        <inblown>chelideSalepsKaibab</inblown>
      </bezant>
      <explodeDisheirHarmel putid="66" tykesEpizoa="panary" figurePluggedFabular="terebra5">
        <vaudouxFeted>sendalLunularFezzes6952</vaudouxFeted>
      </explodeDisheirHarmel>
      <uprisePandBazoo weazenEnvyingSpiler="hanchPirny" poonce="7135" loweredUrotoxy="8914">
        <tuffsFolliesTabor>bewhigLuckiesTrucker</tuffsFolliesTabor>
      </uprisePandBazoo>
      <farina>
        <legCoitionBalunda>hissy</legCoitionBalunda>
      </farina>
      <anodalTardle>
        <glaivedGenysKantars>saithPhillEasels</glaivedGenysKantars>
      </anodalTardle>
      <previseCrunchy getaDovishGidgea="townishGrifted" snorkelJotunn="adlayAmorphiStoves" flutersSabirsGoran="coseismApostleMoira">
        <maro>galosh1506</maro>
      </previseCrunchy>
    </fourgonChinsedRadient>
    <ateeterButterNevadan>
      <grayishSitula>rudders</grayishSitula>
    </ateeterButterNevadan>
    <prophetRelentsJurevis>
      <ictericRentesLeetmen>raiasBacis</ictericRentesLeetmen>
    </prophetRelentsJurevis>
    <axles vertusBarhalRenu="aruminElopedSots" tushies="tarter8" vandal="andre584" muscovy="subgensVickie" seiche="wooldedNoterse">
      <parish>mucksySubcity</parish>
      <biosomePottaroAjoint gibes="whizzleHoptoad" tusayanVejovis="fineerUreic5" cyclase="fleayTonikan">
        <antiarBoohoos>tag</antiarBoohoos>
      </biosomePottaroAjoint>
      <unsing slingsLucanidUnnoisy="83795" piazineBradawlPhobia="orange" sorns="lug">
        <pilcrow>dittos</pilcrow>
      </unsing>
      <curby>
        <disable>floridCripplyTaboos9878</disable>
      </curby>
    </axles>
    <comfreyOrakzaiEducive>
      <tardiesSquegLeavy>widthPizzas</tardiesSquegLeavy>
    </comfreyOrakzaiEducive>
  </sliddenCargoes>
  <odaPaguridCounter imitStratum="cabiria" screakLapins="fatihaEthiops" intonesRehairLeaflet="goasilaEstateRiddle" jotWoden="noxalChequesAloesol" />
  <garget breakup="hydroidAplites" murrineChamal="duralBiaural" />
  <figlessDfault penults="knabble" clanger="20" lunularReadd="fizzersVipersRubies">
    <evertsDacryonPrebill>
      <suranceMaidyTours>rebozosSpacers</suranceMaidyTours>
    </evertsDacryonPrebill>
    <filsUucpnetUnloved>
      <protegeAthbashDollops>absmhoUpcarry61</protegeAthbashDollops>
      <senciRapidly>
        <leadersClaws>evillyCobbedSarcler</leadersClaws>
      </senciRapidly>
      <credalUrusBalut>
        <subst>246009455</subst>
      </credalUrusBalut>
      <situate>
        <anchors>4</anchors>
      </situate>
      <rassasySuckleVexilla darnel="lingam" yederly="clayZontian43" crick="870" moiresPaganBaits="sahmeLatch26">
        <severyLunyWarding>anattaLyrists</severyLunyWarding>
      </rassasySuckleVexilla>
      <eluateViersDorado sociiOxim="illest989" fraeAestive="sawGyrated" mummiedJaggar="pinot">
        <scarsEmparkMewler>yiddishOxacid21</scarsEmparkMewler>
      </eluateViersDorado>
      <deprome appendsSnowyEmir="presay">
        <lockSubpar>kulakFlamen</lockSubpar>
      </deprome>
      <goncaloLantcha hiramCantons="920398653">
        <catalogMaghribCulot>stremma</catalogMaghribCulot>
      </goncaloLantcha>
      <dookSaices waefuLampoonMyriare="foysenCalombo" brodieCondog="agamistRheumedHallage" volable="ajangle" chomperReeshie="859">
        <chamsinReladeSarlak>boaedon</chamsinReladeSarlak>
      </dookSaices>
      <pavanesThusEnthral dinomicBandhu="lectureGillion" duetsLargo="9">
        <punkyBecomes>12680</punkyBecomes>
      </pavanesThusEnthral>
      <gabariSomaSalten sighPlan="hiding40">
        <killeenEpizzoaOnagri>17</killeenEpizzoaOnagri>
      </gabariSomaSalten>
      <inshave troughWankle="zed" gobosHattockDawdled="79231" secrecyRabbit="audaceKotukuOxim" mescalsConrail="83618825">
        <ancilla>nadderGeorgeBoards</ancilla>
      </inshave>
      <cumaraHanif>
        <agawamGladierDeeded>ualis</agawamGladierDeeded>
      </cumaraHanif>
      <marekChaines coppaBoistJowing="turfen" enwrapLarve="yuzlikAsok" needily="languedParbake" toriesGoadAntic="yoi8">
        <umiaksLigaseScrooch>foleye6592</umiaksLigaseScrooch>
      </marekChaines>
      <peggerMarwari brayersEddaic="oswaldSashingScarid" eerierMidrib="lebanonBonteeAnana79" kettyMatrass="visingParochMaybird">
        <classis>muses</classis>
      </peggerMarwari>
      <fawnAoristsGoop rocta="justlyMunchedBabu" peelersBasis="242426605" muyscaUnsickArenig="riyalSequelBranial2924">
        <carroty>rebribeZookersTannyl</carroty>
      </fawnAoristsGoop>
    </filsUucpnetUnloved>
    <wepmanSuckenyUrsus>
      <nitrileHoicksGeezer>timetStuphePoitrel</nitrileHoicksGeezer>
    </wepmanSuckenyUrsus>
    <voicedPicarelTaphole>
      <nigoriMotets>900532629</nigoriMotets>
      <cailleOttars skewy="cedrinAnimasYeeuck2696">
        <wieniesOverjob>742</wieniesOverjob>
      </cailleOttars>
      <noshedUnresty cadwal="samechs">
        <postedByplaysHausa>heypenBilbyUnfold</postedByplaysHausa>
      </noshedUnresty>
      <civvyHeleninDivest>
        <enologyDessil>endives</enologyDessil>
      </civvyHeleninDivest>
      <kniazBateaux uphillAcajous="abodahUppedBoodled" carvedTummyIjolite="464043">
        <warbGomerDiety>6502638</warbGomerDiety>
      </kniazBateaux>
    </voicedPicarelTaphole>
    <uncannyBulgyPala>
      <tabardDuctsHeroner>bethelsScaringJixie</tabardDuctsHeroner>
    </uncannyBulgyPala>
    <mowburn>
      <myelicBrumSurv>carpersPcf</myelicBrumSurv>
      <abductsFurifyCadres>
        <burdon>bubonicColloid</burdon>
      </abductsFurifyCadres>
      <tarnal deboiteFagged="lucerne" lanker="gleetyTesteeUnbound" byhand="unquoteSapient" sidearm="peachyArbor">
        <braconRespan>sewlessUnbasedHalalah357</braconRespan>
      </tarnal>
      <pooftahHousySergei burnersSteadedAirampo="atle">
        <bezzantFimblesSeated>lomboy3</bezzantFimblesSeated>
      </pooftahHousySergei>
      <baptise awanyuMetanym="snackle">
        <cursersGrocerFooder>slurryEphorusComfier</cursersGrocerFooder>
      </baptise>
      <liaiseAttunedLardoon millionNonnat="mayer">
        <bushidoArricci>placageBabe</bushidoArricci>
      </liaiseAttunedLardoon>
      <ficaEdit rassasy="1757">
        <hermesAtik>calmingOmasa</hermesAtik>
      </ficaEdit>
    </mowburn>
    <misly>
      <latounBegripe>outrigCombiteHutuktu5</latounBegripe>
    </misly>
    <aspect>
      <tsars>organaGlyster1</tsars>
      <molaryShawlMisdeed lemanry="sallyScouchPogonip" morphewWesleyLunting="bulgurs">
        <vesicleStract>grayerTriuridSnidery</vesicleStract>
      </molaryShawlMisdeed>
      <amidoneTopless readlBulkily="scalpraNevellSubclei" apparelFailure="certhiaPsychicGlene" akpekDegInveigh="emerizeFargoodUptree">
        <tisanesReacherTortes>daring</tisanesReacherTortes>
      </amidoneTopless>
      <gropedPyaLoxic nimb="rastleAsarums" hydriaKeeslip="obliged">
        <rotten>sedumScyld</rotten>
      </gropedPyaLoxic>
      <rissBorder duim="nuagistSpicedNicol" bebang="topcoatGhostedHerbert" mira="708419745" maraged="26991">
        <hurlingKishkaOpacify>hieing</hurlingKishkaOpacify>
      </rissBorder>
      <stumourPamsNymss kran="3964" lablabSwanky="radient">
        <proteadBegotPareses>ernesFrugTideful</proteadBegotPareses>
      </stumourPamsNymss>
      <tollbarCiboney stobsSpeckedFlorid="fluxiveKudrunClub" unsworeUnputChimes="4421">
        <grobian>jezebelBileJibba</grobian>
      </tollbarCiboney>
      <macana uluhiSeptetScaife="sighersThurlsSukkoth">
        <cruxesCleavedDripple>locateFrisado</cruxesCleavedDripple>
      </macana>
      <tripes rimery="angloidChianNoters">
        <khanateAlbeQuat>kikoriTravest</khanateAlbeQuat>
      </tripes>
      <availer corralsInitiveBonity="grittedSavey" formuleTrooper="423779">
        <baffle>athortLovable</baffle>
      </availer>
      <stalerNappers pugdogUntunes="bowtelEnnuyee" plotter="pichiMartelMimeos" verd="bailedDicastsBougie" amanda="7984220">
        <miridae>turncapKininTopsoil7</miridae>
      </stalerNappers>
      <octaves sukuSatinetScrobis="lambingGnsYappers" sakkaraSheas="piacheRouelle" develin="41">
        <momLeng>tunlandBrahmin</momLeng>
      </octaves>
      <palmedCit questor="dishierPudentObtuse" aspect="8440022" diminUntread="488435" oicksCatbird="positumExtime">
        <fangerOeillet>shade239</fangerOeillet>
      </palmedCit>
      <aplitesMuset persea="marshal">
        <cieAmblers>51985</cieAmblers>
      </aplitesMuset>
      <wenchedTaxa mahala="68116">
        <cuculusToshesSubtler>tusky145</cuculusToshesSubtler>
      </wenchedTaxa>
      <hefts>
        <chymify>7</chymify>
      </hefts>
      <spoomHabiri nogs="unspeedLide" begoniaOlivil="drafteeRelatesJulus27" metalaw="794">
        <araseTempre>remetVespal</araseTempre>
      </spoomHabiri>
      <occurBaobab succussWinfredJoblots="aeryOutringSelene" varySorelsMesne="opcodeLoaflet" glaumPavanesEumenes="boylikeEgridStowing" quilate="rabannaMorassy">
        <sui>harpulaFacebowStedman</sui>
      </occurBaobab>
      <koolau babysatMattock="lamed128" maculas="hummingPowtersBattuto" shiiticLisbon="sagestTongs">
        <duendesHodmenCopain>palet</duendesHodmenCopain>
      </koolau>
      <libeleeLeysing>
        <rabatos>emp</rabatos>
      </libeleeLeysing>
    </aspect>
    <downtonPanowie>
      <yorkerPullen>274807995</yorkerPullen>
    </downtonPanowie>
    <glaiketPlotlib>
      <darn>vafrousIradeDutch</darn>
    </glaiketPlotlib>
    <unlunarWat>
      <belovePrisageOzs>34454375</belovePrisageOzs>
      <glarSuccise wrabillAscapeFards="unblent1665" nubaAreanUpsit="upstate">
        <pretoneCuriara>indabaBreckAstron</pretoneCuriara>
      </glarSuccise>
      <ovendryPoligarAnkara keisterFaxes="7" branny="hotiOriginSubilia3087">
        <wenchelKauriTrode>2</wenchelKauriTrode>
      </ovendryPoligarAnkara>
      <enaptBubo>
        <outcame>geogenyHoner</outcame>
      </enaptBubo>
      <echucaMotetus creamer="tanyoan5833" floretaNilotCowk="sanCozy" stylersSnyes="burbankAlophasBleats" poolyCurineBacon="chm">
        <oreide>pollamSorbusFlaying</oreide>
      </echucaMotetus>
      <jobe upraiseJokulSpuria="cutin" lowerPacableBailiff="581130575">
        <gloatedDecadal>kyriosEstoc</gloatedDecadal>
      </jobe>
      <husho payedRachBalate="frontis437" aspectsAmmiralBarboy="maegbot" anayIrpex="489005702">
        <bedaffRindle>pagan</bedaffRindle>
      </husho>
      <sambaFusulaVoids>
        <gapyPilulesAccuse>67</gapyPilulesAccuse>
      </sambaFusulaVoids>
      <dianil creanceRenown="jewhood51">
        <tarotsJefes>grievesFaceoff</tarotsJefes>
      </dianil>
      <eagerlyIncests garuda="80" chummedBrined="dipoles" sparpleDromoi="uswardsImaged">
        <ovensFugatos>belchesIlot</ovensFugatos>
      </eagerlyIncests>
      <ceriumsUnbloom bindleSpheric="irredAsserts" grimmer="nassa">
        <lede>394085</lede>
      </ceriumsUnbloom>
      <leopoldDecator turcoisGraphisMeithei="1978763" deworms="515927079" hygieneDogmeat="chofferGreeney">
        <macupaSinusalCicale>lasedAkhrot</macupaSinusalCicale>
      </leopoldDecator>
      <fifingDegum bowmen="benzineOrphan" siroc="narrasVestas" incask="oftenerHaleZested">
        <bandit>pagedOculli</bandit>
      </fifingDegum>
      <optimesApolarInarm shalwarPelican="merinoButling" recedes="navally2" awreak="logworkBottledTournel" flakageUnhairy="bulksAphoria">
        <bowsedQuinicAtretic>1</bowsedQuinicAtretic>
      </optimesApolarInarm>
      <prelaty retreeVersinTipply="gelantsHafter" drabbleClamps="worths" stethalMilkedCrumper="edenicThrangPutrefy" gara="longanInrubCreepie8">
        <halMoments>drawnet</halMoments>
      </prelaty>
      <boasterUppiled cueballKnits="pecker">
        <biddieJaggedGenua>durryLotuko715</biddieJaggedGenua>
      </boasterUppiled>
      <wassie>
        <bethelsGreys>forkedGoudy</bethelsGreys>
      </wassie>
    </unlunarWat>
    <spaviesStoney goddedKays="marcoSpuedSike" shearedRequin="yokesExposedPuled" zapus="24081019" reciterDoor="relaxTalkie">
      <burins>jangarOurebiAcarina</burins>
    </spaviesStoney>
    <lobbishMuskegsBeagles>
      <whifferRipes>mnestic</whifferRipes>
    </lobbishMuskegsBeagles>
    <inconnu>
      <alerionDabbler>frecked</alerionDabbler>
      <brindedAirdropRebeg upgird="jhuriaChing" envelopCoirs="iambistStipula" saronicKnuckle="doyst">
        <cubs>vellums</cubs>
      </brindedAirdropRebeg>
      <enlife diazins="outpaceAcquire">
        <duckingDhobies>7</duckingDhobies>
      </enlife>
      <lugsailCoccous wasegua="wigherJibb396">
        <stilb>shive</stilb>
      </lugsailCoccous>
      <haraceSolidum mariEnglynAsonant="helenGeneNonoic88" alarum="hasidim" harasWrit="theredResewn" roosing="460173">
        <apanagePourer>seedRodmanFacile</apanagePourer>
      </haraceSolidum>
      <footler dessusPronePsychic="kashan">
        <kalanAgelastGigman>unsadClench</kalanAgelastGigman>
      </footler>
      <oilersPfunde simball="6457" rout="bane" snuglySwigged="raddleOliver">
        <peelBoseAllele>3433988</peelBoseAllele>
      </oilersPfunde>
      <onshoreWoodineFarding duffsVibrantHumdrum="quotas">
        <juridicMarianCuttoe>amphionGnatho21</juridicMarianCuttoe>
      </onshoreWoodineFarding>
      <copepodCostlyFiggle>
        <coroner>chakari</coroner>
      </copepodCostlyFiggle>
      <sarawanDiploid mahTelegCondole="buruchaVaries">
        <psaloidSkyphosRadicle>vaughn</psaloidSkyphosRadicle>
      </sarawanDiploid>
      <biggity wlenchHotted="677098954" thoriumSurcoat="wavable1">
        <blessRived>unicitySubage</blessRived>
      </biggity>
      <desueteNovemUskok meltonCarromBahamas="warseLobipedWhaler">
        <encodesMerfolk>thor</encodesMerfolk>
      </desueteNovemUskok>
      <bilboesChechiaFcomp filoGeminis="gulSlovakBasongo">
        <jelly>arshineTogue</jelly>
      </bilboesChechiaFcomp>
      <swapper>
        <banteryShaul>gestant</banteryShaul>
      </swapper>
    </inconnu>
    <ashpan>
      <osseCuesta>biacidOmenta</osseCuesta>
    </ashpan>
    <tamus hamatesGasifyChords="stormedUpbolt" aroidGeorama="8" komeGruffly="thine" turfmenBroadenWuntee="dipterFlunks" addsJoram="bumfCavalryQuisby8" limuli="endaseh">
      <parsecsShrewGaps>besandAmp43</parsecsShrewGaps>
      <gladdedAtollsMor outwaleBulked="8737163" lbwJoyrodePrivily="vassar" vowelsOdeonChapin="doyley8">
        <daterSluesLutany>azteca</daterSluesLutany>
      </gladdedAtollsMor>
      <loiasisCarat epinineReffo="intinctDolerin7" remeetProker="skieppeFrischReplane93">
        <inexistSaiyidsVitraux>gillHuskerAndvari</inexistSaiyidsVitraux>
      </loiasisCarat>
      <spretShiva tembeta="2010" swishedBarfishEozoon="budmashSorehon" slacklyFirepotCumyl="vigasFreck">
        <manukaUshakUpsides>apii</manukaUshakUpsides>
      </spretShiva>
      <hantle abada="doradosAppalto" strifeStories="rathole34">
        <bualMilageBetail>dorps24</bualMilageBetail>
      </hantle>
    </tamus>
    <punaisePosadasHealder grammeUnwagedBlanco="pennate" nymphsWreck="hufflerJainistRignum">
      <britishQuieta>192</britishQuieta>
    </punaisePosadasHealder>
    <plugger>
      <notes>94281172</notes>
      <chevage oisin="tehueco" drawkLukan="150229" gifts="bebaitYuzlukLangite" flaunch="maroLeath">
        <recaseGabbart>exorateTropia</recaseGabbart>
      </chevage>
      <renin analogaHypnodyExogamy="cairnySarlac" athyriaHaf="prowler">
        <clown>usingJoltyShaup</clown>
      </renin>
      <plbrochOlder piasavaIrok="lavaboWithal" dreamerAntaivaLibras="landsatTallied" cundum="758079" midpitFilSuction="combineSinks">
        <each>amatito</each>
      </plbrochOlder>
      <moschi aphasicGenoasCal="conite" octaplaHestia="oldland">
        <floresSkirrs>quacksDinetic</floresSkirrs>
      </moschi>
    </plugger>
    <baioccoHabbeDaftest>
      <arterinTubful>rangingEtui</arterinTubful>
      <piedraKansaSchul cogitosRaining="utterShires" anightAphoniaWhizzle="babylonJostled678">
        <messrs>totesBrigand</messrs>
      </piedraKansaSchul>
      <diecase reliersChasteMucor="873" pitiesCedilla="toytownSaquaro" barnierLxx="79195">
        <savine>cummers667</savine>
      </diecase>
      <acutishTownUrinals>
        <scho>anemicArtels</scho>
      </acutishTownUrinals>
      <ramon pitta="fricaceYolkier3758" owed="zapsHeftilyBbl" impiety="2517577">
        <countyFiefTags>grudgedTanoaMenisci</countyFiefTags>
      </ramon>
      <magnetoSummed acaudalClavy="65545" mothersPanful="thonRenting" amebaGullage="5223999">
        <trigamy>weaning</trigamy>
      </magnetoSummed>
      <broddle>
        <sacryIngorgeElrage>xoana</sacryIngorgeElrage>
      </broddle>
    </baioccoHabbeDaftest>
    <meno>
      <thrutchBushido>soddies</thrutchBushido>
    </meno>
    <tosserOverfat>
      <schermSlackieHeros>espec</schermSlackieHeros>
    </tosserOverfat>
    <navEurasia salweyTurcism="7">
      <jouncesGorgio>beauingCasitasTuism</jouncesGorgio>
      <pye brieredDerailNogal="outhissCommuteClimax" hauflinAmbigu="sidemen">
        <thirledTeriannMergus>fideosEjam</thirledTeriannMergus>
      </pye>
      <begirtCabiria grovelsEustyleMeshed="nosherHardiesDibatag2" broilBeauts="766661176" blipVivoAbbasi="hunkersMetrosStyed" gaveErrandArrode="druffen">
        <emends>briardThreads467</emends>
      </begirtCabiria>
      <pretilNarenFatwood hartiteGudget="canaliSlipwayMetho" amoyese="5" gruels="endearDextrad">
        <bugweed>21</bugweed>
      </pretilNarenFatwood>
      <milwellBlower crookenWhiteysScoter="agrisePufftnAblow4496" septileFlaxy="glummy7912" ramageRocBayete="jeg" bibbersTumultsZaffer="bennel">
        <hopoffSating>87161198</hopoffSating>
      </milwellBlower>
      <dispLalaquiAfront asepticSicklyHami="757844144" bobotee="gavyutiRoofy92" struisBedare="oatseed" utickExamine="socages">
        <aceMisfitsOdal>labTermly</aceMisfitsOdal>
      </dispLalaquiAfront>
      <hinters>
        <repeat>reckQurshesStolons</repeat>
      </hinters>
      <jemmiedThebaic greeneyGoralogAbsorpt="trochalBishops8291" risbermDoatishJemmy="peepedRioters" splLairsBemourn="638916669">
        <brummy>gresVattingTerret759</brummy>
      </jemmiedThebaic>
      <manto noires="chais" inanest="kitabis">
        <isoporUptakesTuarn>wallise</isoporUptakesTuarn>
      </manto>
      <arriero lwo="nanigoPyin" praosMoneralProverb="14">
        <mynasAnanite>culmedLunelOrf</mynasAnanite>
      </arriero>
      <nurse nodally="chorisoCos1" mangledAffairYasht="dult">
        <alidadaMartyrs>filibegExpress20</alidadaMartyrs>
      </nurse>
      <colly frypansRidgilUnsued="begazeMirrorySyke">
        <belite>acetose</belite>
      </colly>
      <ferterGlyptal caducei="solutio" worsleWinfreeAgrope="sozzle" refloorBeglewPricey="citricSplenic">
        <nikkoMeltith>curtana4108</nikkoMeltith>
      </ferterGlyptal>
      <yowDirtiedSniddle bonityNanasChasses="renet2">
        <maidkinMadcaps>simples</maidkinMadcaps>
      </yowDirtiedSniddle>
      <shakosArmpad sialUnode="third" kokumJamesonHwa="394976473" pastoraMammeyShinkin="flakilyHitches">
        <rogerAffyDefiber>diaka</rogerAffyDefiber>
      </shakosArmpad>
      <outfishGundogLaying begray="pandyDispelsRereign" cabots="yes" zincidKetonic="solventChanges">
        <termer>premiaStobbedHobbed</termer>
      </outfishGundogLaying>
      <agynaryRayage upmountEleatic="choiakTannySabal">
        <sinward>offices3</sinward>
      </agynaryRayage>
      <gant aguaSitta="vesture" litch="266953" howdie="oversewUnkamed" fanion="ruminaLalled">
        <cuerpoGuisedCorf>78249</cuerpoGuisedCorf>
      </gant>
    </navEurasia>
    <approofRhapis khanateBiolith="diamidoBromalErizo3936" cronetPosture="ferthPaulinsPranged" zibetUphurlGymnite="sealant" smitterFaldfee="grunLealandDipygus37">
      <hogheadKalwar>adelphiSerment8730</hogheadKalwar>
      <estriol idaliaEuphemy="arriageAppairRaglans" cuspisSultan="wongshyWhorlyMarmota">
        <snodTyken>37134</snodTyken>
      </estriol>
      <meagreSidheDopas dipygi="meconin" lingam="898790" donates="shrag9732">
        <talitolUglisNocuity>wanrufeArcheus</talitolUglisNocuity>
      </meagreSidheDopas>
      <lemelFibularYolky wastry="scroggySlops" joshes="24">
        <domus>concernSyleneTreeify</domus>
      </lemelFibularYolky>
      <erogateJurants bouilliCored="panzer" roamers="5" clinged="chaffy">
        <gastralAdjusts>sundarFroeGigot</gastralAdjusts>
      </erogateJurants>
      <tertianCluedMonster flask="deanerLearoydPrecept" galeassBirsleZuffolo="manitouBernRated" outflux="refillsDimmerPythic" imshiGigged="diorite">
        <etonian>sirenyFloc</etonian>
      </tertianCluedMonster>
      <arach cybeleDragsLagena="4407">
        <jokeySposh>chymesPreduskAllodia</jokeySposh>
      </arach>
      <abyingBrahma weism="inkies" niyogaMobby="unworthBacinDolmens" kiromboArctoid="vend">
        <retyingBoasterRicrac>rozzers</retyingBoasterRicrac>
      </abyingBrahma>
      <cupeled offwardIntextKylix="novumElegizeThrown" gymnureLungan="468984352" gliffy="5079296" yuck="demotSprueOdiums">
        <garnettAffrontHoggism>burgau</garnettAffrontHoggism>
      </cupeled>
      <praecoxBomber>
        <scilMathaToadlet>benty</scilMathaToadlet>
      </praecoxBomber>
      <acetylsYadava catodon="clawingTeskereRaptest7" lugwormUnzipDauner="354" espinosBepillLycodes="winkedSwails">
        <protext>alcid</protext>
      </acetylsYadava>
      <haymow>
        <blatsPainchAdenoid>tolaneApnoealHydrone</blatsPainchAdenoid>
      </haymow>
      <isopods claxonsDensateChekan="reluceLikefulUzan" weringScolia="courbBatlingBeeve" cymarinAkerSavey="prosifyDazzle577">
        <reignerWifeism>beydomGoar</reignerWifeism>
      </isopods>
      <thongTrotletLibeled atribleSludgedAmorini="60867356" evadeAlidada="agonalNaunt" phaetBonny="rookAttarWakened">
        <meropic>calaburAdpaoAscents</meropic>
      </thongTrotletLibeled>
      <chukchiNaturelDames atomies="unionsBiotechSaffior" bayardOlneyaEplot="6369609" dibblesUnfeued="lupousTarwoodVersify">
        <frith>chefTurvyLongish</frith>
      </chukchiNaturelDames>
      <sericinAscendCasbah viewerBetaNocake="carotidDimly" hagueBaccarReice="furudFrogCapax">
        <appuiOveredNaif>esopgiSettledRethink</appuiOveredNaif>
      </sericinAscendCasbah>
      <backingAgada pooriTidedTubber="allergySirupy" flashyTal="iulusFanfareSewers6">
        <pinocleScouses>querken</pinocleScouses>
      </backingAgada>
    </approofRhapis>
  </figlessDfault>
</sikara>