<?xml version="1.0"?>
<slokeBeffroy>
  <lope differSecant="leashes" cangyBiotic="eartag" staphsAccusesAglow="tulip" gabbledDossils="6744827" />
  <assentsForheedLaft buda="moodirOutffed" jumbles="ironishBeer" baulWoald="655117289">
    <lydian kriton="takosisPollux" polygarQuinoa="loppardExodicSwerved">
      <enukkiPenseSenarii>84</enukkiPenseSenarii>
      <bosGibsonSerolin catdomGritted="65553">
        <draineAccessCops>birneFoplingHotrods</draineAccessCops>
      </bosGibsonSerolin>
      <andes zoilist="lethes">
        <aurigaRaffman>2797</aurigaRaffman>
      </andes>
      <yelping skewlPhilolCorrade="dogbane">
        <yanksEschel>3699965</yanksEschel>
      </yelping>
    </lydian>
    <duteous triodeComae="wreathsStadiaFrison">
      <layawayLapsana>pinardsKampong</layawayLapsana>
      <struts smutterHaglikeShag="mommyShishyaConsort" achymia="draveGetupUnungun12" dabihAvdp="difformRomain">
        <reflownPowterBequalm>ascribeTynd2</reflownPowterBequalm>
      </struts>
      <isotelyIsmyCadelle hoggetFogs="shrieksFiresStripe" coalySpumy="baize" outviedFrokinMezuzah="hersheyDemoded966">
        <brantsRomishGunz>mahjong</brantsRomishGunz>
      </isotelyIsmyCadelle>
      <curdingJawlineChams retakesBlamingBenzin="aortismMarler" soybean="irenic">
        <lozengy>scogganGaspers</lozengy>
      </curdingJawlineChams>
      <ustSempre>
        <unsillyPennies>alaloi</unsillyPennies>
      </ustSempre>
      <riga draught="inclusaGaymentMullens" eccrineChrobatOxims="apiumTheticsHeughs" concupy="coppinPoojah">
        <canalis>edgingsNoseWei</canalis>
      </riga>
      <datasetRonion recureAcepotsHoused="updartsKashi" yoop="tenorRayonne" yeanedCalifsYeara="pantle" blattedBrownieThalami="mice8">
        <kinaseCarvenReflux>upbotchRemenCrabby</kinaseCarvenReflux>
      </datasetRonion>
      <housesThurseBudged>
        <octdraXemaPantile>souariRoamed</octdraXemaPantile>
      </housesThurseBudged>
      <enringDurions bamsFas="autocar">
        <rutteeRabbetsOulap>fleapit</rutteeRabbetsOulap>
      </enringDurions>
      <irishFriscoGoral horsesPortray="incaseGores" galloonTwoness="9258239" pilapilAmir="celotexBourockComplin" tangedWishly="chgPiqueGleam7414">
        <hike>alerterRivageBiller66</hike>
      </irishFriscoGoral>
      <passayCoy furzy="supposJellsFoller" shrite="moaria" eelsEntitle="724285225" psaltry="ziarat">
        <outfitRefilmsUpgoing>smilyVoltCyanins</outfitRefilmsUpgoing>
      </passayCoy>
      <sunsmitAruiElectre>
        <thigger>chowsPocan</thigger>
      </sunsmitAruiElectre>
      <bertherHoofy chalkerChloredTupik="802252">
        <powsDwindleGossard>tercets</powsDwindleGossard>
      </bertherHoofy>
      <entrainPaduan thetine="conkedEtwees" pandourTowboatScenes="kotoGrote">
        <analSwattlePatine>648545</analSwattlePatine>
      </entrainPaduan>
      <heloe reglowsKabar="purpartVangs">
        <listel>enigma</listel>
      </heloe>
      <cakileSasteanShorted tarzanFumishUnlink="decokeUnwallPrerich">
        <mantlet>citatorDonningErmani</mantlet>
      </cakileSasteanShorted>
      <acroamaUrubu corylusCup="duffiesMembers" lazule="sundogsNargil" coemptSnifter="regearsAthymic">
        <punicLithify>28736</punicLithify>
      </acroamaUrubu>
    </duteous>
    <shilohIndole>
      <behav>562895</behav>
    </shilohIndole>
    <slicht>
      <turfierToxylonJoshing>chamarPedaloOutcut</turfierToxylonJoshing>
    </slicht>
    <casusOtocyon>
      <biophor>wizen4</biophor>
    </casusOtocyon>
    <vacRoseate>
      <whats>70</whats>
      <mistionNeumeSkenes>
        <overseeWantsMacon>weekChungaDiktat</overseeWantsMacon>
      </mistionNeumeSkenes>
      <abject sudsier="746748933" nectronErminedSaddish="cycasesRagees" kopeckExaun="congoMarkups" youzeSterad="eared">
        <twigletMoyener>scutter73</twigletMoyener>
      </abject>
      <vallisFlexorHisting breengeOctodon="lytheLoiter" trigoneBesa="unfussySlotted" wadiInglu="392231" wentRumpotGenion="deborah">
        <schilluNesiot>64107764</schilluNesiot>
      </vallisFlexorHisting>
      <outgazeDessaPuff titianBhistiAxite="ducking8976">
        <munitedUrinalSiruped>echingHagmanePeaker950</munitedUrinalSiruped>
      </outgazeDessaPuff>
      <gwagEssenic nodiakAthrive="celsian" stript="inanityLunetFetors" skerryTented="vulvate" lowboys="24221">
        <singledSprue>geesAddeemFeetage</singledSprue>
      </gwagEssenic>
      <aziolaBookitRoelike kella="greeksForehewWerent" crawley="wasn" arrasedRelevy="foragedKorhmn">
        <loopsCaptan>amautFidgingLumme</loopsCaptan>
      </aziolaBookitRoelike>
      <duefulFishily christ="torrensGayerYelped">
        <payersAckey>checked</payersAckey>
      </duefulFishily>
      <erectsBronzer>
        <preRaversTrowel>unfitBerime</preRaversTrowel>
      </erectsBronzer>
      <emotive testoon="56388668" aberiaIdyl="insert4" nomnemGonk="elastinSeeds7857">
        <metiersGroping>742593</metiersGroping>
      </emotive>
      <kinuraParonym witbooi="vends" tamanduPiseSkids="52" pottedPicuris="tigrone5390">
        <vivencyDinkly>mochila50</vivencyDinkly>
      </kinuraParonym>
      <sangerDisable thulium="acinose" viduineCrawtae="rumaged" glooms="jungly48">
        <skatolKegfulGeog>beliesLanolin</skatolKegfulGeog>
      </sangerDisable>
      <puntosDacoitySnibs bonfireAdduced="incisesAgility">
        <bushetMedickRageful>carduusZaptiah</bushetMedickRageful>
      </puntosDacoitySnibs>
    </vacRoseate>
    <updrawDislive>
      <euconicHoinMaliki>88269</euconicHoinMaliki>
    </updrawDislive>
    <freitDromoi leasow="samshu" coffers="macanPoinder" anodonSemiegg="917570" naledsPiasavaLakke="baculeDepartHelluva" necesse="32">
      <aliningAxlike>8544282</aliningAxlike>
      <duallyBocage olla="984644376" gowdnie="duenessSphalmaShastan" ossian="syntomySexiest" huddupSeminaCreedal="charkhaDerided">
        <slowlyVineae>79778004</slowlyVineae>
      </duallyBocage>
    </freitDromoi>
    <jibstay>
      <uncoilJhowAmoebas>carboys</uncoilJhowAmoebas>
      <suranceJudoka indian="bonjour" prosilyAnesisCompile="whatSymtab" volta="rattles" rewonMusingsUnwwove="20">
        <snogThripidHailers>immoved</snogThripidHailers>
      </suranceJudoka>
      <calvesDoncyHavened pathicArtemia="rotamen917">
        <acridSakel>musardAdonite</acridSakel>
      </calvesDoncyHavened>
      <balkerBhakti fursTrisha="holcusTufty">
        <ainus>blacklyRamistCsc</ainus>
      </balkerBhakti>
      <malgrRechurn aceshipKlans="773024" toi="scoldedSramana" erfDarshanLois="planchVeseIrrisor854" yojan="insumePinings">
        <dietedTaboredSlews>65</dietedTaboredSlews>
      </malgrRechurn>
      <itmoMock nataliaBlent="pongWeedowChalla">
        <stacteGlebes>frater8</stacteGlebes>
      </itmoMock>
      <cowkine alpholSelfful="affirms889">
        <fastusBowsingBegobs>96</fastusBowsingBegobs>
      </cowkine>
      <insenseProneur phonierDegage="madman">
        <stealSkulpCudweed>mamboedWoden</stealSkulpCudweed>
      </insenseProneur>
      <firingsCoca bptNoyous="unresty" bespout="78116158" alogism="trush">
        <tallateWhisky>greave</tallateWhisky>
      </firingsCoca>
      <angelic huave="truces">
        <testateDaryl>exciple</testateDaryl>
      </angelic>
      <jinxRacedPokeys abieTeckWitworm="bulderUnrigsStetch" theresFogydomSons="folliedNonoily" undirk="sumner">
        <betulaBessesCebian>labeler</betulaBessesCebian>
      </jinxRacedPokeys>
      <cheng>
        <pigfulSwopsFixage>serriedTattoo</pigfulSwopsFixage>
      </cheng>
      <yirthsSoga>
        <vinicOutpush>6806840</vinicOutpush>
      </yirthsSoga>
      <arsonsScapus>
        <ananTrompes>doruckConf465</ananTrompes>
      </arsonsScapus>
      <yamanai>
        <mulattoBathing>incense3</mulattoBathing>
      </yamanai>
      <parenCockishBobcats>
        <kidvidPersico>serosaeStuber112</kidvidPersico>
      </parenCockishBobcats>
      <jasiesTeethesFliting miaoued="panary" nilgausNerveRecedes="waggieBracery">
        <davyum>chockDorismSememe</davyum>
      </jasiesTeethesFliting>
      <carstenPerdue azimino="4">
        <coolestGery>kelpyFirmer</coolestGery>
      </carstenPerdue>
    </jibstay>
    <unmiredBoccaroDicht>
      <canamoQiviut>linolicMitierSuper</canamoQiviut>
      <policedTokyo fowlsHandarm="42554" resectDoffOrleans="galopinSottish476" unoaredAtabekOculli="yapster">
        <affinesGregoPivoter>hileThreadDais865</affinesGregoPivoter>
      </policedTokyo>
      <ketupaServingSeraphs virally="expertNaga" causer="strawedTydden894" obduceHanseNilghai="potrero">
        <baiocco>trullerLiv</baiocco>
      </ketupaServingSeraphs>
      <tumidlyWheelySelfdom teniaeRenewerGaunted="tenuryAldaminCystid" bansela="lustreClyCowy" awedlyAbord="seweryChapin">
        <tapuyoGre>chignonTinkled</tapuyoGre>
      </tumidlyWheelySelfdom>
      <cuspidCryptosApass garter="zeismEasternJumping" redrugSenileTrigona="cajoles" utsukEluding="sneath" mommy="acopUnnoisy">
        <chorialTuillesConsumo>rubin</chorialTuillesConsumo>
      </cuspidCryptosApass>
      <hadlandMyrtalBields board="latonUnfelt" siegeUnhold="geoSiganusPreside">
        <codensJerry>kindledIredUnitism</codensJerry>
      </hadlandMyrtalBields>
      <hurries coupeeUppushPrees="29751190" japish="cadmia854">
        <maskeryVarletsRatwa>bulldog</maskeryVarletsRatwa>
      </hurries>
      <dhava alohaTepe="squame1622" putsDobbieAdighe="7" yamilkeNenta="swardsAspired">
        <dir>backed</dir>
      </dhava>
      <refloor myelIcica="ainsDetailForseen" purveysRenduZygnema="katurai8703" braseroDharani="flane">
        <sestineTeton>dorserRubsHallow</sestineTeton>
      </refloor>
      <iridinAliunde unlentDaneRhonchi="carksSciuridDeprint" kingrowNoebcdHashery="crunodeRegaltyCorosif88" weevilyItems="6720610" plenist="1">
        <tordionReggae>duvetyn2651</tordionReggae>
      </iridinAliunde>
      <fugsMatzohsIntwine negligCedesJupon="samielsFillersBreaker45" maumetsOmental="hordeStoff45" cumaeanSanghoApophis="hover">
        <foment>trumped</foment>
      </fugsMatzohsIntwine>
      <salads maltsDabba="66265734" thankeeDraftsStays="gurries" pyrexLrecl="almsPlumeteSpryest">
        <bose>fryersLactifyCausans7</bose>
      </salads>
      <gye>
        <rammelHaploma>foot</rammelHaploma>
      </gye>
      <roenengDiacopeBeltane policesPrivy="waifing" cwrite="dayakFrypansLade" clarts="ductalDopiestDargue">
        <niftiesAyins>dizzyClamber9050</niftiesAyins>
      </roenengDiacopeBeltane>
      <delimEngirds fretter="shreddyUnwareNavig64" quickerTahltan="aweighTrigs" picamarUnalarm="pursuitBepaperDozens">
        <dataUnsane>ferules6</dataUnsane>
      </delimEngirds>
      <sildLiable campoutTonner="renillaOwldom">
        <cacumenBabying>sivaiteArlingGunning</cacumenBabying>
      </sildLiable>
      <syst cherubTorporKeeners="synuraDeaning" mastiff="belaborVellon">
        <sylvaOversea>recatchUpbreed</sylvaOversea>
      </syst>
      <sheanGemmateFlumps unscarbBeclogYelk="997" volencyComdg="3" fornent="112624684">
        <hymnIndinGladeye>757</hymnIndinGladeye>
      </sheanGemmateFlumps>
      <cowardsTchast>
        <requestDripper>urethanJuices</requestDripper>
      </cowardsTchast>
    </unmiredBoccaroDicht>
    <unroutGobbledParesis naperySilane="vireosTuber" tain="croppedVenomed" betaxed="7969653" vitular="65181" delies="unrealIrmaMcf" prosperChakram="codeinAmigos">
      <circutsBegowk>pallLieJay</circutsBegowk>
      <saversRussifyNiter>
        <yammer>62</yammer>
      </saversRussifyNiter>
      <oriformTephras>
        <towerWoofing>lawmenRivel</towerWoofing>
      </oriformTephras>
      <iambs sossleOverLyken="pittineEeryMylodon">
        <oinkBunkeryBezette>foamers</oinkBunkeryBezette>
      </iambs>
      <murrha taw="soapsud7035" meuni="5839287">
        <uragogaTallows>assi3</uragogaTallows>
      </murrha>
    </unroutGobbledParesis>
    <bbsBenthonDistil>
      <atwindTopiaryDrona>molasseShiveLogos</atwindTopiaryDrona>
    </bbsBenthonDistil>
    <jalkar gropple="823862" arabanSessedVanir="vinewHerodii193">
      <tenonerDetenuCloes>fenrirWryest</tenonerDetenuCloes>
    </jalkar>
    <notitiaSawarra bathmicBanyulsPorture="itylusKnifesSelenic" gleenMachosThecium="citrinFemoralWaves8390" elsa="posy" disladyPrimi="ardass3">
      <witchedMelagraDsects>scale</witchedMelagraDsects>
      <benjoin cloning="butanal">
        <eitherShrimpReside>smallyViperaMolter</eitherShrimpReside>
      </benjoin>
      <zanonia oranteDuppy="6">
        <vicomte>2</vicomte>
      </zanonia>
      <dualsAddio mugientDeutonKhaki="pattenUpsweep">
        <eft>teentsyPatacao</eft>
      </dualsAddio>
      <remoridMokoWarrok raxedScrollyMascled="usheenSpeedupTrice954" zygnema="borleyBebrush" micronMullahs="420969">
        <theftIdles>mobble</theftIdles>
      </remoridMokoWarrok>
      <vinoBedcase>
        <infosLungersMysore>waymark</infosLungersMysore>
      </vinoBedcase>
      <ensiledFlavid>
        <clunksPoniardBauno>griekoPaths</clunksPoniardBauno>
      </ensiledFlavid>
      <helper peshkar="9">
        <akeakeAncilleFoehn>936997</akeakeAncilleFoehn>
      </helper>
      <joanFetish tindalVitraTempled="yorkistKiowa" overfeeGuayabo="pollage" relapDaturas="llautuMidstsTebbad">
        <come>fards</come>
      </joanFetish>
      <dimaneCessed>
        <philtra>tesseraFronton</philtra>
      </dimaneCessed>
      <frust ramped="upplow">
        <quanti>cpi</quanti>
      </frust>
      <scoters>
        <mitellaAboutSimball>heydeysManasicKam</mitellaAboutSimball>
      </scoters>
      <travail seoritaWangun="342" rimousShazamEunomia="savatesVexfulAriole">
        <bavianPoesisUrna>muktearUnhidIssued5057</bavianPoesisUrna>
      </travail>
      <rollmanTertium sponginBreast="desray" henoticSnapGoburra="847" droukanTuilzie="epauletKadayan">
        <pluto>rodFermata55</pluto>
      </rollmanTertium>
    </notitiaSawarra>
    <setaLoreleiDoaty>
      <corriesAnisolAnend>avoyerPattens</corriesAnisolAnend>
      <psalmJuv kilijSimia="72227" flare="aegir6369" shading="6">
        <cappersEllingCunan>genitalAtaxic</cappersEllingCunan>
      </psalmJuv>
      <waapa bloomedPetrosaUredium="nonprosSheolsCaselty" acheneStorerNaysay="fallenCharryVeduis14" grintFritz="upcurl8417" erodeCabasMosgu="42">
        <peelersAussie>gaeDesired8079</peelersAussie>
      </waapa>
      <tawieOuphishGaz rewhelpEnurny="panisic" roofageCheetul="queues" boleros="495148">
        <papabotMoaria>lenoUnsappyNobber</papabotMoaria>
      </tawieOuphishGaz>
      <foundedSebilla mirlyJuvenalCyclase="leam" wolfmenGillEtwee="saraf">
        <rakeryImshiAbhor>skiteSaxishTawneys</rakeryImshiAbhor>
      </foundedSebilla>
      <kaphs ducdameSpited="7643101" unwired="snop738" raggy="atreusVirusesKimono">
        <searNiminyMudrock>fraudToolersNudes</searNiminyMudrock>
      </kaphs>
    </setaLoreleiDoaty>
    <kickupAkontae>
      <usedly>purrahOneillGrayed</usedly>
    </kickupAkontae>
    <takahesBersim vei="mayeyeCarpus">
      <tengereBonacisTwite>akeriteVirgin</tengereBonacisTwite>
      <fylfot>
        <hotteryUnfrillRebound>mailbagBewitCalla</hotteryUnfrillRebound>
      </fylfot>
      <sangrelHeptoicTrashes ronionJacuaru="filElsehow" jollies="293780981" almanacApojoveTopia="muletta">
        <echoize>azinesPellock</echoize>
      </sangrelHeptoicTrashes>
    </takahesBersim>
    <rosbif>
      <germens>tanierFanes530</germens>
      <poneridKinkhab>
        <fromPlatineRubbles>165</fromPlatineRubbles>
      </poneridKinkhab>
      <litotesCivet>
        <overfitChedar>340434030</overfitChedar>
      </litotesCivet>
      <oceans smuttedLavaretKolacky="slopely" lacksWhisted="brassedParitorGazes941" koalas="euchreStooge">
        <grimmeEvertedThyrsus>25912</grimmeEvertedThyrsus>
      </oceans>
      <lyncherShehitaKavika>
        <shout>groupsShitten</shout>
      </lyncherShehitaKavika>
      <pariliaMehtarUnlie chemickHosed="intailBethumpHalid" raggleTerpine="leanlyFurmintRetyped" aside="outfootWearish210">
        <leek>tarrieKavaic</leek>
      </pariliaMehtarUnlie>
      <sellerBroose azineCant="tuchisDeckel">
        <pecite>unhazedShaIsnad</pecite>
      </sellerBroose>
      <vinose surbaseRede="outbuy" jacoby="beleaps4">
        <chazySpermicSciot>coexistGuichet</chazySpermicSciot>
      </vinose>
      <enolsTotoaba coypuNoritesSangrel="oyletKobu" cookeysRheinicCowlike="reownBreathe">
        <enwrapsMonks>109086355</enwrapsMonks>
      </enolsTotoaba>
      <perusal varech="jndGuemulInvidia">
        <chumpyPubl>moutonsMydine</chumpyPubl>
      </perusal>
      <intrusoProjetsEutaxic polersUmm="tunicleEthnolSpaits">
        <groutedShooledPerfix>wildishPatarin1924</groutedShooledPerfix>
      </intrusoProjetsEutaxic>
      <bulgier velds="roiWestersDogbolt" chelaeZainAjee="osmolarMoier" riggot="bowlegsDynastsMcg569" chuet="527879300">
        <triaminSkal>temadauAntlidYaffing</triaminSkal>
      </bulgier>
      <titlarkStambha zebusAiwain="6" acetate="arrectNonfratCoveter4" wishmay="aryans">
        <snubbeePerkier>muledDerange</snubbeePerkier>
      </titlarkStambha>
      <hellos medicaApodNunning="humbuzz8614" roomful="mollandCoelder">
        <cyclism>streitSalacot867</cyclism>
      </hellos>
    </rosbif>
    <whatmanNitricEmpty>
      <mistifyBoning>torah</mistifyBoning>
    </whatmanNitricEmpty>
    <lobulusDefileBiland>
      <catnipCancels>frabbitIngramPrelacy</catnipCancels>
      <thereon havensLiquorLeisten="remeetsOgamApple9" lumps="contise" swealMacular="panioloCie9019">
        <sansaraDecants>ragulyUangNoll2</sansaraDecants>
      </thereon>
      <oxboyPacu>
        <fiercerBearletHaji>95212</fiercerBearletHaji>
      </oxboyPacu>
      <lentisk>
        <flakageTatian>rebesetSolandOthers</flakageTatian>
      </lentisk>
      <maire>
        <mnesticChallisExolete>agorot</mnesticChallisExolete>
      </maire>
      <pettiPilledSnitz roodlesPlatMuktear="asway" isiac="impeditRemiss" tombalQuedful="subletsFunisFoils3475" parsee="shnapsMaydaysTrow">
        <tamablyPinningAnusim>157717531</tamablyPinningAnusim>
      </pettiPilledSnitz>
      <olesOutringGritter tutted="kmoleJocote" recoinTyronic="cissoid" geerLinseed="679" asapCulledBanque="slaFornent">
        <forest>urgedBedight</forest>
      </olesOutringGritter>
      <guzzlerStd habutaeMatchet="5813" sandbagDreamsy="2" arisenConvent="flushesArusaWene" tahsil="6597982">
        <excuseDemotJoie>5593</excuseDemotJoie>
      </guzzlerStd>
      <kisraLooingCarline telicalEidolonClaver="1071">
        <fohn>trifaMaumetsFreaky</fohn>
      </kisraLooingCarline>
      <shuteApheses rereeveKinkleKinking="unmewsSematic9" outcastMoulted="49" adoniadEyrer="taliteJinket" metanymWounds="9605">
        <fishersSpreed>theseus</fishersSpreed>
      </shuteApheses>
      <deblockOecus crapwaCebathaBool="heizedCobber" ensteel="likable" scholarDestuff="569476393" eloinsSilure="chud">
        <tawsesArbutusDeener>djellabSkyportPolders6865</tawsesArbutusDeener>
      </deblockOecus>
      <died bluntedLobGoonch="209343" janapanAttilaFussily="tucktooShriver" fittage="48432" mararaCooth="loofahFlavin">
        <rfreeThraverKanyaw>aspics</rfreeThraverKanyaw>
      </died>
      <drawarmFrets>
        <thackerPeopled>nearishLienal</thackerPeopled>
      </drawarmFrets>
      <leerierSpiders thouing="712" tombEserineJass="jotunn">
        <jewelerConfuse>evirateRepolon7691</jewelerConfuse>
      </leerierSpiders>
      <fanweEnsured>
        <stinky>rulings</stinky>
      </fanweEnsured>
      <ranquel>
        <gromylLev>mendelSubpimp7664</gromylLev>
      </ranquel>
      <woakBurette troggerPridedInmates="nitherAlliumsFolsom" benumbsWaivers="79244158" ciscos="sctdAnimoseBitched">
        <faddismHottleMikado>deutonDuelliSpicy3</faddismHottleMikado>
      </woakBurette>
      <semilorBiotaxy metristKedgeChoya="snooks" washtub="yezzyZaptieh">
        <gunnarDeonticBedamns>97</gunnarDeonticBedamns>
      </semilorBiotaxy>
    </lobulusDefileBiland>
    <fizzles>
      <rapeye>gibson</rapeye>
    </fizzles>
    <variole bultenDorr="8494" rebulkReentry="podicesWalkCurving">
      <drugmanEnurny>haftingBlanks</drugmanEnurny>
    </variole>
    <lnr breveteAylet="unisoil" ampsVigorsBoing="ungulae">
      <manquee>befloutKlicket</manquee>
      <routed opiatic="2546639" bruce="guestsWantons" garble="4960983" plantPyrogenPip="bogartMooley220">
        <tillsNasally>titleneThatllRooky</tillsNasally>
      </routed>
      <folkwayBelliGoolah altifyMizrachWaviest="thlaspiYouve">
        <nahua>8121272</nahua>
      </folkwayBelliGoolah>
      <noodleLadies glide="135121735" batiste="quernsHiplike" sed="meantesNonactImit">
        <jagPrana>pummelsAgreing</jagPrana>
      </noodleLadies>
      <pipagesHomersStue>
        <deniers>940000</deniers>
      </pipagesHomersStue>
      <lunariaBootid>
        <mucin>brawlieMankindAmbury</mucin>
      </lunariaBootid>
      <axils>
        <eugenyKanchilRoughet>insoulBoulter</eugenyKanchilRoughet>
      </axils>
      <toda lorryGlovey="veering" eurousGrot="50136273" taosWoevineUmbrina="98265">
        <kikori>annaleHeftily</kikori>
      </toda>
      <regianOhioansApertly ageistsBullies="topsGuazumaMissish" lapelsMegilp="abutter" isatins="draweeIxiasLall" timorYokutsGymnite="trinolScaw9213">
        <spondilCameras>manavelSocotri</spondilCameras>
      </regianOhioansApertly>
    </lnr>
    <sneaksAlveoliHyaena mining="gibbousAmebanBarbut" bildarRawheadDebarks="670" gasts="donatio" gonial="prioriSialsDiamber" moodDoggers="10734846">
      <wordilyCuprous>rimeAortaChumpa</wordilyCuprous>
    </sneaksAlveoliHyaena>
    <solosComte opaion="peaseLagend" culchCalking="puggyDirhamsDiquat" purpura="hisisVermix203" inwork="umbraHoarMether" pegasidDiettedChicory="limn">
      <abidi>roosers</abidi>
    </solosComte>
    <sulfitoRamadaIndylic decedeHoppy="parisisAqueousBodier" prevued="exegete3" fumesBlurtQuippu="gunzian" plumierHexer="prating" prodded="46530362">
      <envier>7354</envier>
      <applesTownedThos canoedPuisnes="129">
        <jellySeptulaMelamin>retchesPendomBonally</jellySeptulaMelamin>
      </applesTownedThos>
      <unfurBritsTug peartlyCanarinOssuary="swatow" mashyKirns="fluytsAmniaChunk8" gentesGillersCrumlet="ugandanAtomies15" micraLocaterEntotic="brawlisMru">
        <brays>calceus</brays>
      </unfurBritsTug>
      <unchurn galerieAga="70" runrigAmarin="3840146" gypsyry="cupridePilosisForlive">
        <pelf>fanwortCaulineJyngine</pelf>
      </unchurn>
      <liardsUndernGluttei galen="8780" urazineHeveaFlorent="cackedVerglas" algorRondos="322308" luciana="lexicogItemDeeply">
        <quilaHust>agaroseWhat</quilaHust>
      </liardsUndernGluttei>
      <esterosPrimateSpyhole gummedVelourOrchis="seeker462" diddledSlaverAripple="oeninHelenVictrix" caukChaber="56727085">
        <coluresKecksy>methodsMicellePintos</coluresKecksy>
      </esterosPrimateSpyhole>
      <dismawGenetteAsia>
        <sashaysTining>967</sashaysTining>
      </dismawGenetteAsia>
      <bigfoot>
        <kookri>imvia</kookri>
      </bigfoot>
      <pieshopPhasisPise litiPlerome="dishful" troner="smokedInarmArboret8" ramaite="flukierWendish">
        <realityHunger>woodyKreisKirning</realityHunger>
      </pieshopPhasisPise>
    </sulfitoRamadaIndylic>
    <vidryDaywrit barrowGliosisRuddle="62" brunetsPightel="sylvite">
      <borneOdessaDiomate>atoningChidra</borneOdessaDiomate>
      <buchiteDyslogy ata="presumePima553">
        <ferulaeTruss>474</ferulaeTruss>
      </buchiteDyslogy>
      <cowmenAddleDuroy pounces="octofid27">
        <upstareLooper>4</upstareLooper>
      </cowmenAddleDuroy>
      <strombJunior javahaiDallop="sirian" sunckeDystome="bouncesJaniceMarches">
        <pigmentJulien>tweezedPurfleBrogues</pigmentJulien>
      </strombJunior>
      <lambChairCowlitz haircutHoeshinLecthi="aborter9" mowanaDossels="begaudyCorsacsWhilter" nawob="louie9966" nodule="480">
        <raftersTalinum>sikkimShayRiga</raftersTalinum>
      </lambChairCowlitz>
      <corpora artarPeloria="askariOpponeSubmode">
        <entier>46</entier>
      </corpora>
      <sparidsOpenedTrouvre carroms="copes" nonrun="950" mining="rafaelHookupFenchol">
        <oglesPhonemeHalimot>ployedPoetiseWhau</oglesPhonemeHalimot>
      </sparidsOpenedTrouvre>
      <dreamerQereCasabe>
        <colonsArises>franzyAgistedAbanic</colonsArises>
      </dreamerQereCasabe>
      <suasoryHeftersTepor gratiaAltheasTwains="quoitedAedine" surgeonNorm="regardsHymnedRemiped">
        <neigherDamierTulipy>vrowVenice</neigherDamierTulipy>
      </suasoryHeftersTepor>
      <floaty snaredPaschal="biggingFellasVacatur">
        <tallis>eofHammedCozen</tallis>
      </floaty>
      <torero biuneEsculin="91197997">
        <credit>1765</credit>
      </torero>
      <caxonDrawboy stadiePynungUster="9640699" dogmanWidgie="drossy3922" diswoodPlaiceTheclan="36" lawless="635509">
        <messireHermae>rithePipiriDeck</messireHermae>
      </caxonDrawboy>
      <bolledSalarAviador>
        <brakes>pusgut</brakes>
      </bolledSalarAviador>
      <souganYamato>
        <decken>lashins</decken>
      </souganYamato>
      <oarlessSomdelScumble eposesLauroyl="lacatanAphacic" miniousWhishedDizzied="629496779">
        <markman>jugloneChortiCloamen</markman>
      </oarlessSomdelScumble>
      <allenLocked willie="wheeKoniga">
        <talefulSetlineDvaita>enviedTapeOleous</talefulSetlineDvaita>
      </allenLocked>
      <lunksPiedMilacre>
        <xerafinAppallBoxbush>11</xerafinAppallBoxbush>
      </lunksPiedMilacre>
      <teens>
        <fabianJussive>ideist</fabianJussive>
      </teens>
      <cuesViridLiberty nibung="moonjah" loitersHyenoid="semicPoresSlabber">
        <scleraeLied>swishyThymes</scleraeLied>
      </cuesViridLiberty>
    </vidryDaywrit>
  </assentsForheedLaft>
  <emblazePrefillHoopoe feuage="tuckerJetties" emaniumCadmic="taenBullnut">
    <outmateDados kerfedHau="guardedCottoidBattu" muzz="5366439">
      <hutzpahWareggaFlong>hova</hutzpahWareggaFlong>
      <crimpJeel juster="apelike" rosalynAutumn="sackedSlicer" dantistJamber="harlemFellaDinged">
        <fellsCasate>thetics50</fellsCasate>
      </crimpJeel>
      <jeffStigmeFocal chauferMinetteLaniary="1726" staplerGauger="alurStaters">
        <cozUnb>failSexesVisnomy</cozUnb>
      </jeffStigmeFocal>
      <pecket>
        <xviii>bashingTenebra</xviii>
      </pecket>
      <melinisRectorsCrozing hocksWritter="raftage854" tortrixDistendTasker="pomposoWool" bunting="55124441" bethank="antra">
        <burkite>maulviGuayaboSubtack</burkite>
      </melinisRectorsCrozing>
      <golems entte="scoreRhd" gaffsTriariiVarment="hurstClad" bunyasAware="redeed" aghaDorask="aegisTuyer">
        <linseysGedackt>eightvoIvies</linseysGedackt>
      </golems>
      <minterSmackerRoundup threeps="hoardsBulbilCacajao" bororo="giggedTln" corbeauOutprayDungas="inshootLigroin" gorra="cormoid">
        <quelmeSabina>grinch6</quelmeSabina>
      </minterSmackerRoundup>
      <minksBoggleRagshag tanzebMatriceSclera="outhornAzumbreKrait8" cactusMullahsAnnona="909715" sphacelXctl="pupa">
        <anathem>pastingWafdist</anathem>
      </minksBoggleRagshag>
      <phosisCumylAvaunt pether="pusztaUpstay28" sputeCestuy="mummick" ilpirra="4855" amentyChadars="85918629">
        <coadore>person</coadore>
      </phosisCumylAvaunt>
      <scenistCapably exceed="5396819" irwinEyebalm="troupesMuzzily">
        <filtreChangosEmerize>upgirtMurmi</filtreChangosEmerize>
      </scenistCapably>
    </outmateDados>
    <winnockEls>
      <dodderyAleuronAvos>screekColleenOrthant9</dodderyAleuronAvos>
      <bated purelyKeelerFilcher="indulgeLayoffsCoitus" oystersMangier="epulisCorody">
        <divorceGluck>perfumy</divorceGluck>
      </bated>
      <bandaka riffTrainelRuling="bruzzIodates" wackyIonise="3" dimericMonthly="regnalHaglikeAteeter">
        <cathaFashionLasses>122179</cathaFashionLasses>
      </bandaka>
      <trifaIpseityOrgiac aburst="nerverYotPatchy" waiterShoolLitters="3677" ideals="psoaeFeists">
        <uvulaLinalyl>432964</uvulaLinalyl>
      </trifaIpseityOrgiac>
      <bumaloeMucors jotas="wisses" indicts="carpalLeggyBaccy" repeal="pianosaCibolsDawe" hogcote="preach">
        <falces>baculusUnguard350</falces>
      </bumaloeMucors>
      <quaRoots pedate="8" acres="bedlamsRitheNomos">
        <moduliAbime>semipedRummily</moduliAbime>
      </quaRoots>
      <rungMalady lisle="siftingWedders" crutchBug="zephyryVers" horsifyLure="28223">
        <battaOuthurlBaleare>mustard</battaOuthurlBaleare>
      </rungMalady>
      <woodboxCrined kubankaHellcat="28">
        <rejig>fotchRemital4</rejig>
      </woodboxCrined>
      <excaveErogateTarrily xxivStyrylSoutter="corbeil">
        <pokable>temanGlaces</pokable>
      </excaveErogateTarrily>
      <decidua choric="calzadaVoteen" aureliaOvereye="alienee" lucenceMobula="amyArisard">
        <brashly>649133</brashly>
      </decidua>
      <spissyGobHerbose chadJurane="64604946" pariansTachShies="9859" logworkOnstead="73" turtlerEdibileRemend="73666">
        <gervao>4314</gervao>
      </spissyGobHerbose>
      <bilic cipayeUnwrestPlacket="flavoWarstSparid" corona="auxetic">
        <heiringOutspyOvolos>dildosDeityUnown</heiringOutspyOvolos>
      </bilic>
      <loweViolasWailers medimno="bods10" vandalsMarriesBesped="87487" nudnik="lunkaKalwar">
        <touredUnloopKebyar>38</touredUnloopKebyar>
      </loweViolasWailers>
      <ribby>
        <teased>vedika417</teased>
      </ribby>
      <fordoesScrobeBennes flexity="sylphicHippest" craichyBalitao="cleanedStrawen">
        <outlineOwlhead>2907886</outlineOwlhead>
      </fordoesScrobeBennes>
      <ohingKincobFilmet aleckOceanicBaiter="poireMymar">
        <hemocryAndriteLips>dentesMuesli</hemocryAndriteLips>
      </ohingKincobFilmet>
    </winnockEls>
    <clave depotsAreawayAldamin="elenchStorge" lethals="worts" unangry="whistsAlpines" net="guaximaZeedEarthly" lotiumFlorin="homy" ptyxisTeachySlater="asperseFrontal">
      <pulvicAzotizeGalbula>9</pulvicAzotizeGalbula>
    </clave>
    <wardmanPulianFogbank garoSpiceryKnowing="dufteryWedana" aspyScye="eneas" attour="chronicSoogee">
      <astrion>codlinsSeawallPiki7</astrion>
    </wardmanPulianFogbank>
    <cyclers>
      <maim>rantDuliasAbacate</maim>
    </cyclers>
    <uncariaLacepodKelchyn upsringMinkish="80724" comfortBarkery="shiksasZarKofta" bluffsAlupagSinopie="blinger296">
      <kronurTitle>reboteParuria</kronurTitle>
      <caskLifeful peevesSummon="wharvesLenaea" adfrozeAdjNouche="hestTraduceMaza">
        <biriani>plinthSumacNumble4261</biriani>
      </caskLifeful>
      <orrhoid donnardExogyraMordieu="kyaniseFlouts">
        <lagenaeBottlesBasidia>trialWhiskin</lagenaeBottlesBasidia>
      </orrhoid>
      <korrelKitishSammer raptBewig="potmen" proof="diwaniHairsBugs" isnHearersReally="83">
        <afterOhms>sporterPlap</afterOhms>
      </korrelKitishSammer>
      <dereLycusLumme>
        <skeanYuppie>modiste3</skeanYuppie>
      </dereLycusLumme>
      <enigua jalouseMangweMitoses="4729" agropeZingelGael="132" airwise="bottierBezoar">
        <slitherDirtRode>inogliaAlludedInsaner2602</slitherDirtRode>
      </enigua>
      <yakut entwiteTossutNoctis="cowardyCavils32">
        <volsSimular>moileyNoexSigmoid</volsSimular>
      </yakut>
      <outlipRavagesAddu rhexesGanganBerede="chugger" doozyTukraFytte="salungRetama" prelatyMoonsifHeidi="lymphadRedreamSeadogs">
        <convexoNapeadAisling>smazes</convexoNapeadAisling>
      </outlipRavagesAddu>
      <jizyaAugmentTiffish motyka="tommed">
        <keekers>776799316</keekers>
      </jizyaAugmentTiffish>
      <vesbite vrows="agistorRacism39">
        <barr>dinger</barr>
      </vesbite>
      <theek labial="natuNotaeum" tensely="telephSialoid" miaousScarvesUnioid="maltine" dyingsNeistAriki="podia">
        <channerShiesCaryl>jennaStrubEyeroot</channerShiesCaryl>
      </theek>
      <wetter stuntsFerraraWarbird="1" mannerSeeksSpreeuw="pimped" duvetLashersOidia="mulkExopodPulajan" rigging="carboHemic">
        <baffler>traptFouler</baffler>
      </wetter>
      <suckageForcy>
        <willets>fusserOshacHeehaws</willets>
      </suckageForcy>
      <bumaloeTows drantLiedDeboise="33010">
        <uitPackmanBodger>keupBisagreRotls</uitPackmanBodger>
      </bumaloeTows>
      <eudaCoveted midribsDella="wasangoGainst" amaySholeKhutba="gersumRoyalmeProstoa">
        <longa>castra</longa>
      </eudaCoveted>
      <metaledMortierShellac salpoidPlacesFordy="verist" parsnipLierneXylems="lacisWeewaw" bunderBelugasLoro="422" chartaPilm="adulceShroud">
        <macanaEagres>kokraCookersHeeders</macanaEagres>
      </metaledMortierShellac>
    </uncariaLacepodKelchyn>
    <leerNoisingStend>
      <snubbyHaoma>iradeValois206</snubbyHaoma>
    </leerNoisingStend>
    <rhodesStagierDonnas>
      <dididaeMazumas>inducesLovablyExolete</dididaeMazumas>
    </rhodesStagierDonnas>
    <slantlyFathmur peskierBarbutViny="7266" melissaReviver="wauchleFostellCakebox" alemite="889974" abyCameliaUpburst="2" byrriFirry="aeons">
      <flossa>gimmor72</flossa>
    </slantlyFathmur>
    <worserBluster lashkarHaftersCahoots="vichiesWormish44" piscaryBoot="1787560" seedfulJuliane="bootboy67" eonisms="cornettHiera">
      <vealyTipsyBuriels>papishFullsEnfort</vealyTipsyBuriels>
    </worserBluster>
    <rerackDepeterPanicky taikihPrattlyObb="euphuesSiversCardin" pyrenesWhiter="decius" waivingDaitya="610135300" bermNutteryPaneler="pimpleStatus" gurlyStowUnaptly="agropeFaldaGtd">
      <unwoven>kursaalUmiaksKnifes</unwoven>
      <cochalMiladiLacmoid maccusPupaSnodly="marcato" brackyPapererNunhood="reliver298" cryonicStraked="68525273" ethal="sneeryMoplah">
        <ardencyManagesWhicker>carpid</ardencyManagesWhicker>
      </cochalMiladiLacmoid>
      <smiter>
        <betakes>cosenGlutoid</betakes>
      </smiter>
      <wakiup gadBiformOutbray="3" embogueAmarth="robsDorsula" wombsMarcan="inburst" bodegonIngoingShutoku="discoidEllRubber">
        <unearlyPecosUnless>philos</unearlyPecosUnless>
      </wakiup>
      <taigleOozyLove parian="6344998" smiddie="396428" byrlsSnuffed="cunas">
        <useable>refly</useable>
      </taigleOozyLove>
      <cremoneTawkin asperTimersAlmonry="talckyApexes" yolkyNonyl="teughlyBurrNosier" pyrgomAldayRuller="notesThugdom" pythiumHoralGanoid="450686892">
        <mycetes>cantateHeily</mycetes>
      </cremoneTawkin>
      <lobated shankedQuantic="6775">
        <sharger>lockboxInworkAnoxic</sharger>
      </lobated>
      <braataPalatua geez="sewarsKellet" swidden="sparersNonettoSallets5">
        <thieflyTiddly>beliefs</thieflyTiddly>
      </braataPalatua>
      <sides loimic="meijiEvulse" actingCrumb="8078002">
        <alkali>varvedPeh</alkali>
      </sides>
      <cocopan>
        <brander>swalerCroyl9627</brander>
      </cocopan>
      <quimperPeepyBedikah strathWuss="160743192">
        <lundaDoddle>momentsUsualsAshcake</lundaDoddle>
      </quimperPeepyBedikah>
      <votallyPaucal polygynSmutter="bch" egardsRibbleGirting="fuchsiaInkleHotel">
        <limeyUnhate>toyoGulasFissate</limeyUnhate>
      </votallyPaucal>
      <drawsKabakas levies="orvetTipisChasid">
        <lambsUrus>edilityWorths</lambsUrus>
      </drawsKabakas>
      <eisellDostThon>
        <bleu>ariosiGirjaRachis2377</bleu>
      </eisellDostThon>
      <agrahBaltisPuka goobersMerksSurrein="iricismHeralds" taxyingIsize="eneughHinters" lovepot="22" cheepSynchsPivoted="39">
        <solidumBuriesVara>acacinBallots</solidumBuriesVara>
      </agrahBaltisPuka>
      <patera busilyKetuBasher="doesOrisons" fazenda="codheadNumda" etyma="focoids114">
        <rwy>hassledUpmixMoxas</rwy>
      </patera>
    </rerackDepeterPanicky>
  </emblazePrefillHoopoe>
  <pokeFumify seers="52241" intakes="dairaCirrose" lipidesBalnealBrevity="epacmeQuantalJinchao" stromeCarty="readlPianosa" />
  <bambubaMiauwBocher pungentGerbeZigging="frackTarterOutsees" scorpiiLatinos="jugheadLondresHadrome" />
  <retag dulosis="websterCramps33">
    <sikaraTautit gaynessAdzeKadaga="saumurZoilus" whetsTophusPrs="deseamArmhoopAtom406" meshugaSatsop="elkdomFaitery" oxalanTrashed="salivas" easels="4840">
      <bracingAccinge>perten</bracingAccinge>
    </sikaraTautit>
    <culex>
      <homamMestinoOvoids>60997</homamMestinoOvoids>
    </culex>
    <caphs>
      <unparch>targumMaydukeCerilla3832</unparch>
      <loftedGlisten owenistFouthCelite="3370">
        <halloed>gametalTergalAuster91</halloed>
      </loftedGlisten>
      <creedsArzunAlight brochanJarbot="ywcaAnicut15">
        <slaving>upgazesBugongAke</slaving>
      </creedsArzunAlight>
      <fasolaGalaxes>
        <accueilGorgia>fragged</accueilGorgia>
      </fasolaGalaxes>
      <bywaysDiskeryBestuck amatol="tulesSlim">
        <kareeta>ribbonHypha</kareeta>
      </bywaysDiskeryBestuck>
      <besmutFrusla bombicZemni="spear" saddhu="inborn" knoweHalaPhalanx="7583676">
        <wyeShriteSturk>pussier</wyeShriteSturk>
      </besmutFrusla>
      <casherFlowoffPense syrupsIcebergWiliest="retireMimmest" diacidsAteknia="11">
        <planetaAsherah>papyriCutline</planetaAsherah>
      </casherFlowoffPense>
      <dupedArcheusPastora specter="rattrapCalvish">
        <rasslePiningsLaet>cachouIchniteMaggots</rasslePiningsLaet>
      </dupedArcheusPastora>
      <ohiasGlaurRumage pardeUndigMycelia="teughly58" cherna="demagogTakersUsehold">
        <asportCordel>listed</asportCordel>
      </ohiasGlaurRumage>
      <tunnerMeioSodding grayPeskier="3139818" cacasWanleFrument="chinky">
        <winkled>chederNebsLewder</winkled>
      </tunnerMeioSodding>
      <stroyRetdMismean>
        <aureneLeerilyInweed>birddom</aureneLeerilyInweed>
      </stroyRetdMismean>
      <goddedSimous>
        <aveneryVitrain>sudanDuumvir</aveneryVitrain>
      </goddedSimous>
      <ophian>
        <menadOrbellKagura>layboyUnplainReki</menadOrbellKagura>
      </ophian>
      <toles>
        <geic>7</geic>
      </toles>
      <nautchMolas loadenSqualiPresift="kalpas" bauxite="possum" cycasesPuddeeWonder="luff8955" purryObligee="piewifeHulloa">
        <munchesVijay>706736496</munchesVijay>
      </nautchMolas>
      <feaked manak="samara" dryfatEyesore="96450136">
        <modemsTentor>yarning6747</modemsTentor>
      </feaked>
      <sublidLocalesLimites eyrirJudiceDodoes="renable8558" succuss="valuate" schizoTacsoTabel="ndodermValved">
        <graisseTharms>63336</graisseTharms>
      </sublidLocalesLimites>
      <snorter smelter="meles" thrives="spinoseCongousHarts" adurePixyish="2" litvak="yippies">
        <sucklesYelperMiterer>87</sucklesYelperMiterer>
      </snorter>
    </caphs>
    <conidia>
      <chopdarGrubberKyrios>48</chopdarGrubberKyrios>
      <mirkerAnukitMing nunchAdinidaEphapse="645551606" screens="facySpices" crull="vowelAtherisColds">
        <glyoxal>13329149</glyoxal>
      </mirkerAnukitMing>
      <amah dotate="tweeAdpao">
        <maydaModesAtelier>carcerKeypad</maydaModesAtelier>
      </amah>
      <dieticsAidlessStonk nookierUnwoundBkt="warluckMadcapBleaunt" toted="swoose" childreCoroner="544007099" chirosRoaringSavor="unhatDipyre53">
        <axils>alidadsManjeriArdelio</axils>
      </dieticsAidlessStonk>
      <zorisCadencyHexerei becater="511199">
        <outgasDryad>16</outgasDryad>
      </zorisCadencyHexerei>
      <overtlyHubbobBourdon moldyOlivineCopious="bobtailCalceus">
        <galeeAlcove>taarFractus</galeeAlcove>
      </overtlyHubbobBourdon>
      <cribral souarisBojite="jodoRawerHaycock" cecity="thermicLatexes" grisledAlrunaSnicked="fuguing">
        <cite>71933</cite>
      </cribral>
      <fincaChadarsHillos nantzRuttyGabbai="matelowCondyleUprist307" snickedVisualsTaxman="dassyTarviaCeibas" enwind="sawderSprierDornick">
        <epauletPorgerZokor>leakingAnchoicSparse</epauletPorgerZokor>
      </fincaChadarsHillos>
      <eebreeHarn ambitalKoomkie="mantrapAlangin" lastreAcuerdoHolly="645834" workingUnslowJumbuck="84196460">
        <dolos>emboilCovent3399</dolos>
      </eebreeHarn>
      <upgirtChopine>
        <elevensDacryaProrate>labeled</elevensDacryaProrate>
      </upgirtChopine>
      <mohalimAllude session="20814988" rik="435594">
        <chalice>paulismBiffinsFlakes47</chalice>
      </mohalimAllude>
      <teffsNammaAgonied bebossHewedKerry="denary">
        <sinksExsectsForever>potorooBeman</sinksExsectsForever>
      </teffsNammaAgonied>
      <laudedBority gadoidsTremieQophs="apedomSinfulDonis">
        <roamsPase>opianeTraheen</roamsPase>
      </laudedBority>
      <beneathBejeled bylinerLayrock="zeist13" slittyLoriletCahoot="adjurerShottsFarrago" lawfulCakeboxYukon="gigabitThrob230">
        <algistEarshot>nibbledPaseTakao</algistEarshot>
      </beneathBejeled>
      <quill chimbleVucomPangaea="conics" athwart="4" cohered="97" emeroidRappistSaprobe="madonnaSolsShoofly">
        <brachiaPiltock>toriesSteanRumal</brachiaPiltock>
      </quill>
      <ceritesWindUnpins asepses="60491">
        <swans>becketsTravEgress</swans>
      </ceritesWindUnpins>
      <bagwash mawsieMucigen="toxodonBsf" talles="825" virginsChiveyPaltry="362692" stroamSpereDict="ojibwasWhankJurisp">
        <barry>7964</barry>
      </bagwash>
    </conidia>
    <derthTragion>
      <unlogicPuy>jinsingShooing</unlogicPuy>
    </derthTragion>
    <haltingRift>
      <tzardom>ahindLadinGlazes2</tzardom>
      <akela epilPikel="82" bractedRedyingPanner="runneth">
        <sweal>julian</sweal>
      </akela>
      <topoTrabeae tocomeGeorama="seedmenPlumageThawers">
        <mulleys>jollifyAgnusSigmas</mulleys>
      </topoTrabeae>
      <buckingSysselLatin fealMango="glowfly3199" muskone="begorry" geggeryGayestCunt="rebecsArmpits">
        <therevaWeestPohna>lucencyUnbears</therevaWeestPohna>
      </buckingSysselLatin>
      <linoxynEmceedRibble biberon="adoralProrsal6152" fliestBattelsMoguls="collopsZooliteBejan3912" pusztaSlushy="dinghyAking">
        <moschi>23315</moschi>
      </linoxynEmceedRibble>
    </haltingRift>
    <chob solvendSodaic="pedlars2558" fayal="engregeDancerQuegh" yuftGaspar="3602734">
      <heccoChazzen>yockelMildewyAinus</heccoChazzen>
      <pochote disownsClicked="planaruToastEwe">
        <hurroo>74680</hurroo>
      </pochote>
      <datedPile>
        <thousMopped>werefoxKnacker</thousMopped>
      </datedPile>
      <inanersSnuck arckingLambedBervie="feeds" coeno="5" ghast="4417">
        <karrenBums>festonTelford</karrenBums>
      </inanersSnuck>
      <noxialKnagged gewgawyFranc="foreignLispsLilial" spile="hongsPhoebe" ciboryOlympiaBeeherd="pitch">
        <spete>javan</spete>
      </noxialKnagged>
      <missalsRailway impededKokowaiMaill="delimLaibach">
        <becurst>nobbyYarkee</becurst>
      </missalsRailway>
      <plans>
        <quilletSla>papalRenvoisDoyst</quilletSla>
      </plans>
      <howked upwhirl="okasCercus" uncampGeckingGrog="87266022" entomolArarobaConjon="isotype">
        <wealCourageGouty>porteno</wealCourageGouty>
      </howked>
      <colugoHatticTriary betaskClamped="269414" cabber="romps">
        <nudaAnionicChrotta>smervy</nudaAnionicChrotta>
      </colugoHatticTriary>
      <acuerdoOliban gambitsKullani="thegnWauling" prolixPostwar="saffron" fains="gawkilyStrollYeth" adoredIsmsBriber="evidentSloughsMonster">
        <cymlinHoard>fillaHauntedNurry</cymlinHoard>
      </acuerdoOliban>
      <escheatFulmen babineTorveSpurned="murphPongid8" veddoidCraunchMeharis="attack" dewaxedColaneDasya="tubbers">
        <joustsRoguery>pleonSkillRootcap</joustsRoguery>
      </escheatFulmen>
      <puredTowght>
        <oddmanFlesherSwagers>salianWiggish</oddmanFlesherSwagers>
      </puredTowght>
      <mopeyPity>
        <pellockIvylike>dragonMruSapphic</pellockIvylike>
      </mopeyPity>
      <phocianShawanoSmokes siol="stachysDighted6699">
        <oratesStaumer>blendDukes5</oratesStaumer>
      </phocianShawanoSmokes>
      <unmodelHutchieCabmen ralsBlares="corita">
        <payongFarrier>gessNaturaCarat</payongFarrier>
      </unmodelHutchieCabmen>
      <stalkedDefuzesEmmett graceOwenian="erenowDecileOutmate">
        <flotsTelly>baboos</flotsTelly>
      </stalkedDefuzesEmmett>
    </chob>
    <saftly woful="5" acremanGweed="reamend" agnosiaCassanRaggedy="kyaungKellies" chantorMaia="strettoBarse">
      <threadTonsils>stoveCulettDiverb</threadTonsils>
      <piling clypeusBovoidEndere="airglow" eam="greyingUrduHazeled" anabataUngirds="palpate1" unwinkDamasse="jettingRailmenDamans">
        <tur>pupilarCharity6646</tur>
      </piling>
      <aeratorHalweSheer choraiDishelmRoweled="galeass">
        <tabulaeDufoilFlaunts>utteredVergeryStrake</tabulaeDufoilFlaunts>
      </aeratorHalweSheer>
      <swelledLindy nappeStooterAdjourn="boshesLeaverFilical" anilao="liaison">
        <bututs>macanAdytum</bututs>
      </swelledLindy>
      <screedUnmistXyphoid fol="mazdurPhillisDauting" ernes="barhops6" gidjeeToilful="talkierDickite7">
        <unprestDesk>agnailNapierInwall7</unprestDesk>
      </screedUnmistXyphoid>
      <boraxUnpin convene="beeUpburn">
        <cloversGemmyContise>montreTaxorBedrape</cloversGemmyContise>
      </boraxUnpin>
      <turbidWigeons igitur="spielerPaeansTittie">
        <kochCoisnsSchlump>resorbs</kochCoisnsSchlump>
      </turbidWigeons>
      <pygmoid bounHynderKindle="cartsChomperStonage" breenge="ahimsas" innlessDecuman="730379">
        <fortin>quernThrummyBantery</fortin>
      </pygmoid>
      <maoistsBayamo>
        <unshot>778707753</unshot>
      </maoistsBayamo>
      <pereionBlosmyTramel cadambaAzimuthCoyote="hrsLibate" pocosen="accedesMetin" cruive="bedrugCouxio">
        <baruriaRammedPledged>squeezyBawlerNeebor</baruriaRammedPledged>
      </pereionBlosmyTramel>
      <costeenLatite gout="fretOlivine" nabalusSlopShrimpy="anattosOwling">
        <mopane>721</mopane>
      </costeenLatite>
      <laicFamiliaFiscals sprayed="dcbname" barnmen="mostraMincers" beys="capuliNiggun" hacheUnlashViking="fuzeCygnusGoeduck6">
        <moonlit>polyoseGingalManini6264</moonlit>
      </laicFamiliaFiscals>
      <filings tokelau="combust83" alerce="totientNursleCereals" sammy="untent">
        <cristiScalaeBads>elatingSyed3</cristiScalaeBads>
      </filings>
      <papersVerdi>
        <briefed>trench</briefed>
      </papersVerdi>
      <apioleBaraminDryops mewThrallsSparse="thirsty" wed="veinedSestineAllover" nassauAerageIncony="154395">
        <becharmBidding>cryal</becharmBidding>
      </apioleBaraminDryops>
      <brum lind="sandkeyRancel" odontic="louisa" emoteBocasin="53647">
        <teraiWincingTahona>reshoes</teraiWincingTahona>
      </brum>
    </saftly>
    <lunt gamelin="progsDiptychKeel" tusked="eleazarTaipan" spleenAlbites="fabraea6183" wabbledEkhimiCuttoo="khirNeeGrasses798" rabannaHedgy="reevokePilusliAcrux" pattMogdad="orpines">
      <washeryGritsWayside>unraspyRandom</washeryGritsWayside>
    </lunt>
    <ventil cotyle="4" mesillaHangee="bagre38" mogsOlivilPhrygia="herbyChallas" boletes="revsPompoon10" corderySabbed="tipoffIceleaf" outecho="kat">
      <sautreeSho>steamMyophan</sautreeSho>
      <vialing faconneSoloistLamaite="thunorVomerDecolor" respot="inshellSafrole" tachiolMovable="kepping" esse="oscularHoonZambezi2196">
        <isoflorIdryl>nouKwelaAswough258</isoflorIdryl>
      </vialing>
      <calaburSquaws>
        <tlo>ian</tlo>
      </calaburSquaws>
      <tuluHaircutLieder gulixHafters="itselfWanganErrite">
        <hooveMakouaBlenny>amens</hooveMakouaBlenny>
      </tuluHaircutLieder>
      <garavaSteenPhos moor="matres">
        <stretto>lianesScogger</stretto>
      </garavaSteenPhos>
      <lathyPunatoo esteemOwhere="foeti">
        <sumo>gowdsKindlerAntiwit3224</sumo>
      </lathyPunatoo>
      <maskmv umauaJenkinBoundly="257" lopedBanakGizzen="snivels">
        <simarreCowled>2532</simarreCowled>
      </maskmv>
      <jaobShinFatuus sincereMastax="salolPfund" tackey="harpago" noddles="ciboneyTypiest32" sinnersCinchYezdi="fistAmimia">
        <grithsSwertia>42980</grithsSwertia>
      </jaobShinFatuus>
      <husting makhzenCampierPundits="61">
        <vaulter>matilda8</vaulter>
      </husting>
      <bafflesRandleZincite vilayetQuisby="eyry" calderaCaban="rompedGlowSent" gripmenBangy="alepole" jujubeSteep="flammed">
        <baluch>mazumaBaaing</baluch>
      </bafflesRandleZincite>
      <french>
        <seenSalus>vinalsBalmyRiband</seenSalus>
      </french>
      <pottlesOutpeepExogamy rumpDicecup="96325" worsen="toddlerGeneral" toroCaisseAgre="pashedWaulingEuphemy">
        <unakinChums>potgirlFugio</unakinChums>
      </pottlesOutpeepExogamy>
      <tentySizz departBesouthBagging="driving" bammedMebosShist="twirp" hewhallSamkhyaAmahs="37225">
        <omphaliSignLehrs>6772203</omphaliSignLehrs>
      </tentySizz>
      <belageGoranHership cyprisGamyKyathos="grexDeicticRelance" nasua="alliedMedicalCaban37" fogusPuckaCyanea="thackHyaliteAplace" hautain="cowbindYarely">
        <homilyExemplaCarcass>quinnet</homilyExemplaCarcass>
      </belageGoranHership>
      <shipponFlakedMemoria ritlingKenema="haplont" utilize="270822924" malaiseRoudasBeveil="pedlarsAcream" balawuTorsileRepaves="solvers">
        <upheal>unedgeHoselRegrind</upheal>
      </shipponFlakedMemoria>
      <rhymistRewarm rheumic="coach" fondishSomdiel="9">
        <sameksAnchat>58</sameksAnchat>
      </rhymistRewarm>
      <birler essede="adit106">
        <disodicProtyle>unlives</disodicProtyle>
      </birler>
      <macruraEupneaMythify>
        <reversi>renderOmagua</reversi>
      </macruraEupneaMythify>
      <warmNexal sonesFancily="illingBoxheadArguing">
        <samvat>31376</samvat>
      </warmNexal>
    </ventil>
    <jarveysUnpaid>
      <steaks>ensued</steaks>
      <laotian>
        <inworn>dulcoseStret</inworn>
      </laotian>
      <tinmen hospiceRublisPricky="349555" solidlyNodesFyces="83783903" hapuCrooner="payniMimusAiring" dblKappieZanana="kirmess">
        <shiite>56047</shiite>
      </tinmen>
      <gavot nifling="demisedCarnous">
        <manesKelpie>103</manesKelpie>
      </gavot>
      <tweetedOffcutBuzzle ghibli="sabutanUpflashHopeful" sunghaZoismTufters="gassedThymyBhut">
        <tarre>12048</tarre>
      </tweetedOffcutBuzzle>
      <ward shelvyLibraeHostess="2134907">
        <calaberRabiticDeaf>bedoltJujubesLayout</calaberRabiticDeaf>
      </ward>
      <vernonLierreAirdock higglerPhotal="repavedDors">
        <thuluth>socageChivesDavies</thuluth>
      </vernonLierreAirdock>
      <seracPycnite outbowlKalis="fabulaReplate">
        <crissalAffichReiced>unpileAdipoidMemphis</crissalAffichReiced>
      </seracPycnite>
      <durasChirkedShebar warnelPygmoidDungeon="voidly" gravyThymomaTibey="weenierNisiPoignet">
        <witan>seafareNaiflyEgotism5</witan>
      </durasChirkedShebar>
      <rasgadoBragget>
        <clow>hutletSyciteMillken</clow>
      </rasgadoBragget>
      <burbleElianicScincid cresol="carumGiglots3">
        <dauberyCompt>4</dauberyCompt>
      </burbleElianicScincid>
      <sniggerDicebox ladAnam="2365">
        <azoxUnjam>lutists3339</azoxUnjam>
      </sniggerDicebox>
    </jarveysUnpaid>
    <berettaIllitesCyder>
      <morphinQuodBellow>lavaticTbs</morphinQuodBellow>
      <yodlesPecuniaCrink catfallCearin="pigheadNybblesRivery">
        <overbigBedman>yankedAwol57</overbigBedman>
      </yodlesPecuniaCrink>
    </berettaIllitesCyder>
    <rales>
      <doppioUnwrungFesta>prosersAnnexes</doppioUnwrungFesta>
    </rales>
    <kal>
      <macanaMaffias>dimane</macanaMaffias>
    </kal>
    <drawarm>
      <swashedWanmolOunds>agonal</swashedWanmolOunds>
      <elegistStempelVisas lalo="roxAttacheGlib" grisly="croupon">
        <pattenRiddler>471963</pattenRiddler>
      </elegistStempelVisas>
    </drawarm>
    <ferineEttle>
      <invidiaNavarin>morgan</invidiaNavarin>
    </ferineEttle>
    <gradateEpural radios="funbreAmamauCared" readies="tekedyeDourine8" gripped="leashSailour" corozosIntrodHewer="32" educt="milan" fifed="9586" crunode="332">
      <almsfulAwfully>64704</almsfulAwfully>
      <halbert ringent="lysinesYarners" nisnas="vint" blsWispier="oilcanHumanlyAztec">
        <beclipCyesesArgine>militia</beclipCyesesArgine>
      </halbert>
      <analgenAlmoner>
        <entheos>stictaBehenic6</entheos>
      </analgenAlmoner>
      <retainBlaver indiumsMyariaNee="750880121" collegeFulham="haidaFinalesNerves">
        <bunyoroUnkirkAdjured>gusain</bunyoroUnkirkAdjured>
      </retainBlaver>
      <tar>
        <crumbsSigillDazzler>fulling2402</crumbsSigillDazzler>
      </tar>
      <thenar>
        <agnuses>9</agnuses>
      </thenar>
      <zebrasMedaledUnstar cypriotUddersRageous="20745745" whoppedBaguiosStrawen="snacksAricineAriidae" molokerHydnoraJargons="31621">
        <tuyers>bklr5968</tuyers>
      </zebrasMedaledUnstar>
      <whuffJiqui remenHexones="chmn" fishet="koas" soudansHoghoodHippen="97621" estudyVis="cutFanlikePaganly109">
        <dermFlam>54</dermFlam>
      </whuffJiqui>
      <cagnGobySoakman drapesScurfer="streel" murices="concion32" frypan="asweve" stenter="241477">
        <ayah>abolishSkeeg</ayah>
      </cagnGobySoakman>
      <firebug weeverArrives="2533" wiltonUnhose="hokerlyGemaraMilter" torvousRameshMohos="wrawlPodeonUnclip">
        <raiidaeClosenWappo>motlierLatomiaSnoek89</raiidaeClosenWappo>
      </firebug>
      <roachPhpht>
        <omicron>3752</omicron>
      </roachPhpht>
      <whitlow>
        <soueak>nounalSpangleTamias</soueak>
      </whitlow>
      <jennetsMesionSenator needles="kpcPosited8102" geripInceptsTautaug="reswept" quellioGardant="duntSungarSuzanne87" margesElbKaphs="6686">
        <affinedTowserMoved>framersBassi</affinedTowserMoved>
      </jennetsMesionSenator>
      <verdin priseOther="109706867" pricesPalliDolldom="pinta">
        <pungies>doatRetore</pungies>
      </verdin>
      <miderLahSirrah sludgerScrawlsWoops="37634784" bookit="undelveIchebu" scalt="recense3">
        <aterianFavuses>bonairPaydayClarets</aterianFavuses>
      </miderLahSirrah>
      <dawpate doddiesSlursWelders="9">
        <rosterTome>prisesDobraoPatagon45</rosterTome>
      </dawpate>
      <riskishOrians manfredStawnClasp="tackily" jersey="unmew57">
        <bobo>pawner</bobo>
      </riskishOrians>
      <trisomyTorsile wigglesParochUnicell="gildMehtarUnsnap" bonerWinery="prefix" pataque="882" contextHimaPara="untrustNaimOnliest">
        <tankful>dartersUpliftsNoctuid4</tankful>
      </trisomyTorsile>
      <autoistBatcher lungoorCotanWaved="gauping">
        <majorsRepaperRetards>frapleCheeful</majorsRepaperRetards>
      </autoistBatcher>
      <noun>
        <pattedBespete>elasticCarves</pattedBespete>
      </noun>
    </gradateEpural>
    <rhodium>
      <bolduCataloTps>wagenerExingTele</bolduCataloTps>
      <annaleRebuffMegabar khaddarFlavinHeathen="ovestSchmear" defoilUsuress="pulasanUbiPankin" delayedAvoyer="amenCouthyTyne7436">
        <refootDevall>boingNorkPosho</refootDevall>
      </annaleRebuffMegabar>
      <borneanAddling atoningOkiaPkwy="grunionBarnyVanadic" girlishLiplessLoquats="34756" tutmenPurine="vinterCrust">
        <retinalPleadsTrias>kismatPonierSodwork</retinalPleadsTrias>
      </borneanAddling>
      <quarles isazoxyPallet="higgledFerous">
        <chegoeMarchetPsalm>tholed</chegoeMarchetPsalm>
      </quarles>
      <winnieRyked>
        <arbitry>bribingCarpel297</arbitry>
      </winnieRyked>
      <yoop>
        <vacual>16095044</vacual>
      </yoop>
      <pacableElevons iracund="111853" shilly="stenosSycock" weekly="98002">
        <mordieuMoffNiggra>cattyCurvalFuguing42</mordieuMoffNiggra>
      </pacableElevons>
      <pilage apsidEngildsLocust="969937" huacaFrippet="unveilsFettlerReveled">
        <teathe>powitchZappingPondus</teathe>
      </pilage>
      <awreckRhabarb lassoer="lapachoPlant" stertorUpdraftSurvive="chaum74" sylvage="pesewaDiodesPrune" karmasSoe="lupaninMudeeTweeded">
        <adored>flingy</adored>
      </awreckRhabarb>
      <cibory>
        <app>dungeonTahsilsActor5</app>
      </cibory>
      <feederCooedJumana>
        <anselmUpdive>nuraghiWogiet</anselmUpdive>
      </feederCooedJumana>
      <matkaUnlead rhizineSlotter="girellaHaiverBasset" wrestsCoshers="papa" smiling="cocaineAzonal">
        <nacreRooklet>sharadaLutra4060</nacreRooklet>
      </matkaUnlead>
      <tendersHagbutsGirdles bijasal="814480" orris="bedusk" euskaraSmicketJuiced="60455">
        <flavins>kabPhilolGammons</flavins>
      </tendersHagbutsGirdles>
      <shiverCoffretGaging samhita="sirreeQuinoid" kwhr="2055">
        <visaged>imaged7773</visaged>
      </shiverCoffretGaging>
      <ionicsCalmier covineRebecca="laibach" palmerTartingPeartly="juggledBourout">
        <granage>persico</granage>
      </ionicsCalmier>
      <gurtsUnbend skiltyFalcadeOrganon="5425" druery="zeburro" stoolsRama="4930092" stringyAnabasPoured="115943">
        <samanCastedScoring>waxbushYawySlurbs</samanCastedScoring>
      </gurtsUnbend>
      <violetsUranic oreadsSchtick="954438667" uncages="17693">
        <finnan>values</finnan>
      </violetsUranic>
      <foothotPicots behnFeversPapish="reglue" laccaseFundsAntitax="139389399" axillasMusculi="wanrulyGratLumen" summate="52">
        <cader>681</cader>
      </foothotPicots>
      <loaded apparelJunt="clarkia" nyoro="8654" triplesSlope="dutchyScorserSnuffed">
        <svarajsAlbatas>perempt</svarajsAlbatas>
      </loaded>
    </rhodium>
  </retag>
  <piggingGanof entreBeaconsRecurl="938662">
    <unsoulAural>
      <velariaDidstRedeed>montureFlappyGoan</velariaDidstRedeed>
      <elanMeshing>
        <leonatoWiltsBenty>outworeKinkleLaity</leonatoWiltsBenty>
      </elanMeshing>
    </unsoulAural>
    <divia>
      <bluings>boozyCracoweMolls</bluings>
    </divia>
    <whealRippler>
      <oxygen>3570377</oxygen>
    </whealRippler>
    <lengthWebwork>
      <sexualeCrocheCresses>maskoidToeyGlob4</sexualeCrocheCresses>
    </lengthWebwork>
    <pickles>
      <deaflyTsktskBerakah>7336243</deaflyTsktskBerakah>
    </pickles>
    <shucksOrtmanAnglist bushedTaqlid="fluxerHetaeryMaddens" alonsoPoffleUmped="23449" crombec="8" oogone="bezzantLeerily" aveneryPreopenHomogen="18087" patchesOuting="darapti7136" sorrierPheeal="tripart">
      <faienceShooed>420</faienceShooed>
    </shucksOrtmanAnglist>
    <forlane>
      <dishyOverlyMinicab>astride</dishyOverlyMinicab>
      <giddier indaneSarawanAnisol="oscan9" corkishUreaSpeered="enableHoboingBlower6" arollaWattestOsmosis="ovulumDogdom">
        <bhunderOcyte>pugdogTowageSlavist</bhunderOcyte>
      </giddier>
      <thionylJeofailMachina cabiriaRoasts="sylvinEtrogs" kneeChyazicRetyped="exactlyArcateMisenus" discedeGunzBien="algenibNoting" fairerMetred="unplaceSertion">
        <kipchakNatl>geodic</kipchakNatl>
      </thionylJeofailMachina>
      <bower tantraDichPrerupt="529409342" rashtiDollingSketch="830700406" ira="auraminEneid">
        <upshotsMyxomaLanky>urbanerRushedVaguely16</upshotsMyxomaLanky>
      </bower>
      <danner hawkish="charOttavas5393" boppersCentare="theasum" ceboidAperiesSyncom="heighCompart" tabloidShtetlSubrent="62688647">
        <flavia>imbu</flavia>
      </danner>
      <notchesCanulasBannet laudistAeons="6" tidefulWorkfulIndwelt="heo">
        <boostedBeent>torcs287</boostedBeent>
      </notchesCanulasBannet>
      <succahFeetage coetusInstar="snirtleStourie">
        <fillies>bpsHaircutAlarum</fillies>
      </succahFeetage>
      <helluoBecchi>
        <fumerel>uvaniteGironsGere50</fumerel>
      </helluoBecchi>
      <nosema iboLiangs="compost" matingChurnerHallo="parols">
        <unharshStitch>mows</unharshStitch>
      </nosema>
      <psalter>
        <steeverSudds>5697978</steeverSudds>
      </psalter>
      <bait isogamPickoutMedias="gink" phoebus="5552297" hancesCoyerLumbago="pirn">
        <baratoInkra>lightySecular</baratoInkra>
      </bait>
      <spotterPacedDecem ephebeMaggie="drear1" cesiousDorymenTishiya="tuppedReister" harpier="gliosisRohobAddice" fotiveAgenesMoler="arikiTenues">
        <restackWoodingMonose>malicesGujrati770</restackWoodingMonose>
      </spotterPacedDecem>
      <abnakiSeg smudges="allaysBowess5" jock="realiveGrouchoMergh" yerkingScobs="geoffTaskedScanter">
        <anatox>typalElla3</anatox>
      </abnakiSeg>
      <coutureShimal noachic="2062551" moileTutelae="pawnVakeelsOppone" rheidaeSuction="951">
        <trans>marmiteIfreeFights4118</trans>
      </coutureShimal>
      <tibIdolumStupex talukas="cuculeGrots">
        <burritoBaufrey>5693</burritoBaufrey>
      </tibIdolumStupex>
      <inturnDribbedPicea>
        <colladaOgreish>bebatCancerOboval</colladaOgreish>
      </inturnDribbedPicea>
    </forlane>
    <benisonCouvade>
      <harosetEucone>124242</harosetEucone>
      <tamasicSabred lusiad="smudderXeniumFreak4" wingcutBallone="numeralSpottle">
        <cocoachUvitic>souseLuciteCroup49</cocoachUvitic>
      </tamasicSabred>
      <floes wackesVowelsBucrnia="8567989" sonsDustbinUplaid="catlapAregXerosis" moton="exarchs7583" intersOmasaAlarm="crocinObsArless">
        <woozleTsures>lappedAtwin</woozleTsures>
      </floes>
    </benisonCouvade>
    <bollockAmbery>
      <factful>nonlifeMeasle</factful>
    </bollockAmbery>
    <scarfsCeltisNitency>
      <aways>voetsek1</aways>
    </scarfsCeltisNitency>
    <arris unguisLamperAcrawl="trulyOxfordsMidst" mekong="scraber" saudiFilibegUnken="122" carrick="adenousPadfootPeumus" mantzuEnchase="bidsGretJerking">
      <menusCyrano>kerfedFitoutSnib332</menusCyrano>
    </arris>
    <moluccaPinnyTehueco>
      <meowedAdorns>smeltDamsonsSpooney</meowedAdorns>
    </moluccaPinnyTehueco>
    <shift crocChapin="beleaveGunnel" dragnetBurrel="broodedBoshas" rastersEider="tarboxYonside" outfootVeneficWeighty="enthealMisform" spaddleChequerStar="mixe" shantey="wantersTamlungBesand">
      <dagobasEwound>81</dagobasEwound>
      <betidedTophphiRamilie whampleMorvinArcsine="295819580" unbag="46003" topspinSoferBittern="caapebaSunsmitWekau" palazzo="edison48">
        <dosedEfflate>withinDoyensAuf</dosedEfflate>
      </betidedTophphiRamilie>
      <fewsome dossals="2" valanceSilphaGunning="9" roakDwinesMazdur="yurtsSimplexFeminin8">
        <slittyLaxatorAvale>unliveShammes95</slittyLaxatorAvale>
      </fewsome>
      <freightButine callingGypsy="salternClipper">
        <livensCrocky>cetus</livensCrocky>
      </freightButine>
      <isthmia cestida="cuffed">
        <pookaCodeiaAbatage>tancelCowedly</pookaCodeiaAbatage>
      </isthmia>
      <sabotedCacas coucheeWreathDoorba="25524">
        <bundBandelHerman>holm</bundBandelHerman>
      </sabotedCacas>
      <fruiterGuilderUnhewn rastledBhoyEntered="deavesAcharnePucksey8">
        <incestsAverilGambols>70244889</incestsAverilGambols>
      </fruiterGuilderUnhewn>
    </shift>
    <barytaFusureMils>
      <empeineShroff>daimyo</empeineShroff>
    </barytaFusureMils>
    <whipNeifTwitchy>
      <obiterAmahsSawbill>ecru</obiterAmahsSawbill>
    </whipNeifTwitchy>
    <gauchosEyesomeNutcake muid="pipedShaikhiGiraffe" sizeineOzoena="tabled" hatchedIsatidBoatman="achiestSwerver" boniestClavial="voucheeGlad19">
      <plumperScadPerdit>thewsSavacu</plumperScadPerdit>
    </gauchosEyesomeNutcake>
    <durnHamper>
      <velitesHameilLabara>967</velitesHameilLabara>
      <quakeryUrucuri mungePyxes="teresaEricasResuing" behang="voiceHairifDjinn" rongeurShrite="waratahReplaceThrawn" jackalsGermyCineols="opaloidEmulsicPhenyl">
        <lurry>181568</lurry>
      </quakeryUrucuri>
      <guilds gaggeryFullageOrtrud="callatSuppute" pausai="bendelTed">
        <poind>aloetic</poind>
      </guilds>
      <moperyTeaingAzyme outingsJoltier="pagnesGoulan" factsIrising="jaupedWrynessArrode" barouniLaurinUmpire="70080">
        <sawflom>mazeNicestWanky</sawflom>
      </moperyTeaingAzyme>
      <sultryZibeths loasaSat="60" nocktat="nappieDaswen" moonyModelsKnowe="98" qasidasJebusiIncivil="whackedChancesClunch">
        <baggedTerreneZythem>nestled</baggedTerreneZythem>
      </sultryZibeths>
      <dhobiesUsurersAmitate bhili="pierageWarlowChedar794" woofRelent="shaRuaYahweh" flied="unhelpJolted">
        <boostedCougars>angelTother</boostedCougars>
      </dhobiesUsurersAmitate>
      <ikhwan quartanCompoerPoddige="253" neogene="ulitis" frameProserGillie="1" maudlePedalerBioptic="pulwarCopemanOrlops">
        <dikingTinedWinoes>nicetyDuntle</dikingTinedWinoes>
      </ikhwan>
      <thunderComboyCistic>
        <dyvoursBilgy>jissomPeitrel7727</dyvoursBilgy>
      </thunderComboyCistic>
      <tawersFizzy reblotKorona="fouth" thrinaxVera="lask3370" arcanum="parillaCoodle">
        <auxinicDwellsSecalin>432</auxinicDwellsSecalin>
      </tawersFizzy>
      <luxatedYurtaJimbo>
        <leasers>willowy</leasers>
      </luxatedYurtaJimbo>
      <canters roseine="karpas" ellopsCostate="duenessSnacksCsw" joebush="naigue824">
        <adducedSenor>napooFavissaZulus</adducedSenor>
      </canters>
      <coyedLutea rynt="citralsPopie" pebblyCuveeCalpacs="grasset58">
        <geckoesPiquia>lingoesRankledLampic</geckoesPiquia>
      </coyedLutea>
      <eraseUnmired knelt="shemu" outglowKirveDetains="lidarEvolverBaetuli" yelmerJokier="unstyDikdiks" fodgeAcinus="pise">
        <ardea>imbowerTitanoPhasemy</ardea>
      </eraseUnmired>
      <inglutKorakan mucinsBoning="3166" scoonAzymeHyenic="63063641" soggedTronc="gantMayed" unteemStarkyPanace="gelongBestrew">
        <bugoutJukingManacle>mickeryFondly</bugoutJukingManacle>
      </inglutKorakan>
      <floatyCreeps offscumOlibene="doumaAmidate" michtPianola="781354350" reraiseMilordsComoid="subfiefBoozersHelenn">
        <gibbledBurkesZealous>harborsFrecket</gibbledBurkesZealous>
      </floatyCreeps>
      <sphegesAlbas aonach="giuntaStrafes" bribe="snivelyMakars" deplaneSememesCorpses="930331891" escrollTimesElector="mecateDoylyPegging">
        <waredPoignetIsrael>earnsAnitos884</waredPoignetIsrael>
      </sphegesAlbas>
    </durnHamper>
    <secessBabulSuccahs wheyey="9487397" belgaCauqui="bepawAllureGlucase" acetyl="pinwale" nectarSurgeonBaar="2">
      <vadim>lamming</vadim>
    </secessBabulSuccahs>
    <kurdUnvalueAlines>
      <divusIntagliSajou>101</divusIntagliSajou>
      <alepoleFargiteNapalm snidest="merman9625">
        <ginkgoWardedEnstar>barbulaFurredCauqui</ginkgoWardedEnstar>
      </alepoleFargiteNapalm>
      <curled latigosGraeaeLimax="folders" fenny="gibbier">
        <sticklyCorkishQuirl>gaggedAmidistPreview</sticklyCorkishQuirl>
      </curled>
      <lastingPeepyKame leaCrucheHoed="toolmenSomersAtwitch5" retoothTarybaInhumed="yechsBulder" mygalidMetedPinkeys="pipeful" teetery="toccataEuropa">
        <mashpee>caserneRosters</mashpee>
      </lastingPeepyKame>
      <fretten garretSitz="bandbox">
        <scenesCadet>volvoxFleckySkatist</scenesCadet>
      </fretten>
    </kurdUnvalueAlines>
    <assn limbedPopishQuiring="tozerSlovaks8361" mainpinBrowsed="nuchaJockosSomne" tokeUnderli="6230" cockles="barm4715" salterGravic="dormyGodsend9">
      <pakawaTruth>82</pakawaTruth>
    </assn>
    <gyps disgulfSeeableRebold="shakersRedefy" semang="menfraSienaUseably" tipply="redroveLiquidsFlocky" fracasVisitaThey="redcapsMaryStaumer" dufter="syllisActinic" gouter="antwiseSplents" sidionTuppingDecanes="ilkaLakeyFlops">
      <lobbyerEelshopSoxhlet>krillArgleWhorage</lobbyerEelshopSoxhlet>
    </gyps>
    <heehawJervinaSinkbox>
      <poplins>tatieMimir</poplins>
      <shweboApocyte musalesTureens="pacateRetalSaj">
        <muriateAurora>181681</muriateAurora>
      </shweboApocyte>
      <calcinePorrigoAillt>
        <auxotox>garbage</auxotox>
      </calcinePorrigoAillt>
      <vision>
        <prestoDrails>oorialCraving</prestoDrails>
      </vision>
      <chemick>
        <callot>moile</callot>
      </chemick>
      <pulicidFiller tuladi="girrPeersChoragi" expoundMissort="3394183" overhotBenwardAnality="33">
        <untiesHumaneRoasts>slipingRomble</untiesHumaneRoasts>
      </pulicidFiller>
      <poori rebopsGravid="tokenWinkelTarbox" shipwayEnrange="8762349">
        <poditti>6</poditti>
      </poori>
      <coptWorkersPeyotes moyenne="normalsLappingFeinted">
        <gaoler>titus</gaoler>
      </coptWorkersPeyotes>
      <pangasGreats theasumArcubosImbarge="encashTaelsApar6" rubican="doaterBaglike" enthuseImparkLsc="stemonaVolansKloofs">
        <muzzyUnspitMaux>turksSyncope374</muzzyUnspitMaux>
      </pangasGreats>
      <tobyBrankie thorpesChink="683" buckledTacit="marrier44" blitumCasava="tmesis" fezzedRoadingRasores="forkerBusman">
        <aretesBentonCrissa>bubalesCanters2</aretesBentonCrissa>
      </tobyBrankie>
      <didntUnlistyChowsed denay="useKlowetClinged" rectaTchai="cooeeVolans80" swisher="vibices" loupenBasogaNudges="flaunchKatikMocker">
        <croukeRubato>saxishRuffe</croukeRubato>
      </didntUnlistyChowsed>
      <embrica feselsBiglot="premit" starnNooking="18672076" jimmiedStrikedMimi="calibreTiepin7738" blowingGabbart="mather1">
        <megger>73</megger>
      </embrica>
      <scutumLucibleBuff vulgEchoicMatrice="7" bannetQuinteAggroup="gitim5" arshinBlowflyCalkers="dispellCurstScorchs" bodikinSwatherAnalgen="cutleryStipa">
        <roperJinxingAlicia>7</roperJinxingAlicia>
      </scutumLucibleBuff>
      <hyndUnsoberBubals feastlyCorkPatefy="sylvansFlueFurole">
        <stink>pussierPoutersLongee</stink>
      </hyndUnsoberBubals>
    </heehawJervinaSinkbox>
    <roomletRebegetFingram priaRomeine="871908" pacquet="851555299">
      <copyingVicaraEmusify>trouvreHillet</copyingVicaraEmusify>
      <develCanman atopy="8" foroldVision="mzeeChurrus" mosaismYappedPeriled="reforgeNonpaid" wailySpriestSloyd="encoach">
        <posit>stitheRebraceVinyon</posit>
      </develCanman>
      <ichthusOctroiDekare pacaneTecuma="cabbledScurf" holidayHeizing="eerPilea" timaeusAgbaFifty="eggcupCypria">
        <baraunaPodites>epicedeSlaking</baraunaPodites>
      </ichthusOctroiDekare>
      <meleSeracSchelly sublot="yeasted" pulsingWalk="acreakTody3913">
        <pilaff>locularArghoul</pilaff>
      </meleSeracSchelly>
      <prussinLutaoWarmths boyardsHaddestCindery="jampaniAxionStroyed" crooksEspouse="87667">
        <lochusBaizasUsques>captanSagum</lochusBaizasUsques>
      </prussinLutaoWarmths>
      <heptyneFraudGlochid berendScorce="draperyYare" piwutCuryRodders="ditchesUpdrag62" overfarLamanoWigeon="tonerCoheads">
        <mura>drameConium4</mura>
      </heptyneFraudGlochid>
      <degamiCreaserKine>
        <aludelsAukletsAlar>lavic</aludelsAukletsAlar>
      </degamiCreaserKine>
      <wallyUnwish santolCootieFimbles="baying" tombacResay="alegarPuckle">
        <redsCasbahs>mixersFlossa77</redsCasbahs>
      </wallyUnwish>
      <deeding adaptNaunt="sozlyPlatty" redneckCongousBureau="mysostBums" duala="16" staukZestfulPyralid="serpens">
        <fuckwitManualUngill>6594888</fuckwitManualUngill>
      </deeding>
      <ticunaCulbuteInvious>
        <dezincWindedWamfle>limpestMiskillSpawny</dezincWindedWamfle>
      </ticunaCulbuteInvious>
      <hoboedWorses cookey="506760084" dyspneaTwindleRapider="anatomyZymosanMynahs" torpexShooteeTingent="4">
        <exaudi>boogiesPugs</exaudi>
      </hoboedWorses>
      <chymaseKuttar heteSonraiDravite="mouflonPiculet" phtalic="absentsFeoffeeUnarted" sarcler="bronchoAtingaAcapnia">
        <atopBumpilyPheeal>feet</atopBumpilyPheeal>
      </chymaseKuttar>
    </roomletRebegetFingram>
    <sock>
      <detent>cansfulLekkerActine</detent>
      <unsMoedErotism>
        <galliumMooed>galopTowserUller</galliumMooed>
      </unsMoedErotism>
      <stoaiAcidizePlaud>
        <tumphyJacobCnemic>penalGeelbek</tumphyJacobCnemic>
      </stoaiAcidizePlaud>
      <bravedCaradocLavolta>
        <scuddleBridgePotgirl>abjectTolowaKellion7773</scuddleBridgePotgirl>
      </bravedCaradocLavolta>
      <ampassy mudfish="860381183">
        <evacueeRoustedGrudges>carbinKuruSinnen</evacueeRoustedGrudges>
      </ampassy>
      <huskersPaikedBey burbushCarlieKurta="highlowButyric603">
        <adieuxTherell>instep</adieuxTherell>
      </huskersPaikedBey>
      <urbsEyelike torsel="outsayFlioma">
        <hugelia>decanGlanis</hugelia>
      </urbsEyelike>
      <rowerFeedsLactim prepay="bankedCabiaiSnags" chartae="48">
        <amoveLooky>decoder</amoveLooky>
      </rowerFeedsLactim>
      <credentDerhamLagered hinder="cestrumStackedHazily" untyingIbanagAcres="16364750">
        <cussesWaftyHalkahs>curpinExcusesSanify</cussesWaftyHalkahs>
      </credentDerhamLagered>
      <saberMarts>
        <kiangan>bleed</kiangan>
      </saberMarts>
      <calcarNaeviRetiled milewayLaking="tuwiTextman" blowpitUnroped="roamage" hamateHoodful="sulliesLeerier" snoreDeemerRoss="75">
        <blanchErrs>petitor</blanchErrs>
      </calcarNaeviRetiled>
      <fitcherMulchGrueler>
        <diamat>beetles</diamat>
      </fitcherMulchGrueler>
      <lettersFishmenScab unstoreCabaan="crazyBetimesFiled" hutungRaggily="sun" succent="jimplyDriers">
        <pungleJetsam>opa962</pungleJetsam>
      </lettersFishmenScab>
      <finialAsaphid nymilAbieghMiles="782">
        <alexiasMargaKelowna>clocker</alexiasMargaKelowna>
      </finialAsaphid>
    </sock>
  </piggingGanof>
  <pigweed hormigo="1" />
  <margieYowlersFibrose>
    <whoRecheck>
      <cyanids>skieghJervinaTeel</cyanids>
      <doweledDiag revile="drieghUsuryRamanan" swabbieAzon="galei2260" gradBrisker="tithes" pallEringosPlump="90">
        <scunnerFana>smickly605</scunnerFana>
      </doweledDiag>
      <milsFleuret axmanHetaery="propago" agogicTannase="duchery591" bubs="scanty">
        <sabbatSen>71</sabbatSen>
      </milsFleuret>
      <ritlingHearing genesStictaTidbit="alexias" resedasStatic="625" bestainRecpt="unakinMitring">
        <oaredBatton>unknewDawtieBeliked</oaredBatton>
      </ritlingHearing>
      <chofferPreeUnbent>
        <uprendIodols>outfawnAgatha</uprendIodols>
      </chofferPreeUnbent>
      <viaductUppiles nakoAwake="docible93" manuaryReplume="tawsedCuspule" bechicRephase="succisaMiffs">
        <ralesTryoutDinger>79</ralesTryoutDinger>
      </viaductUppiles>
      <innerlyConnive>
        <chimesIconize>bulkily</chimesIconize>
      </innerlyConnive>
      <vistaedRhoticPits>
        <seismsCogitosSail>loud</seismsCogitosSail>
      </vistaedRhoticPits>
      <mintingUprears caraipaChapote="venosal507">
        <balabosNeedledMoosa>evectorAbampsAbomasa</balabosNeedledMoosa>
      </mintingUprears>
      <backlit meuniKalwar="fusoid" renew="baldly" wanyClocker="suddsSpaddleTantrik">
        <ascham>usuals</ascham>
      </backlit>
      <resunFleapit jundie="nipmucAbromaDroopt" dingles="jupatiTalcky" immunPeakedAkees="dietiesBetrunkMicron" behooveEctases="ooeciumAgravic8541">
        <jazzist>guzzledOutpass</jazzist>
      </resunFleapit>
      <founceMoseBeefier kevilsCladose="sds">
        <zoccoNotchel>gazet</zoccoNotchel>
      </founceMoseBeefier>
      <outenGeticLinley wykeDondineWhuff="raspish8" kneziZilpah="81738" thawy="dodsRajasicTwite">
        <cheepedLilacs>unblessHomesWhelky</cheepedLilacs>
      </outenGeticLinley>
    </whoRecheck>
    <globed beancod="vintemOftest" topiRhythmsToddle="pulahan" dachsAmelia="procneRecants" markmenSynaxis="18255240">
      <dales>6</dales>
      <sallet potheryGetic="midrashExclamOrbited780" skelpsCacciaSwati="guarana">
        <custodyAsariteApts>98</custodyAsariteApts>
      </sallet>
      <antresAmuyon spud="attendSunnas" restingGipsiesPushum="ekphoreZymogen" pretold="dioxaneOutpray">
        <reast>enlacesStep</reast>
      </antresAmuyon>
      <jabble linsang="595">
        <soapersMineral>sakiyehRangyTaetsia</soapersMineral>
      </jabble>
      <secrets outvoteCharityFoulest="gioEustacy" heinie="choux" enochicAlcaaba="triliumSingle" merfold="procbalAcuchiAlantol">
        <hides>autoecyAurine</hides>
      </secrets>
      <leafsLyartTumeric puranaHarmine="230300528" crewet="benesAurific" jubilee="rosehipPicoteSpryer" ulnaria="mudiriaSifters">
        <mummiaRispUneared>407001</mummiaRispUneared>
      </leafsLyartTumeric>
      <epactJobeRopers inks="bonierElixateWrive" carvolBlewIngent="5477">
        <signeur>quivers</signeur>
      </epactJobeRopers>
      <panBiteAptote hermitAldol="enstarFine">
        <zeugmasUvala>gorbalCatnapEmbrown</zeugmasUvala>
      </panBiteAptote>
      <fassAriels>
        <kyd>scowlerWaxen</kyd>
      </fassAriels>
      <dhaw>
        <tinilyDiscing>wreathDharmas</tinilyDiscing>
      </dhaw>
      <nerdsSilphaMaioli eschele="almiraAisledHalting" zookersFungite="piazine5">
        <papagay>rebaitSlagger</papagay>
      </nerdsSilphaMaioli>
      <datedUrnCymtia puneseSoon="746" propersErenow="acorns" nikko="stag" hubbedEgo="angildTshi">
        <taxless>mucicScuppit</taxless>
      </datedUrnCymtia>
      <kayasthChiaus>
        <frost>jatkiLintCanette</frost>
      </kayasthChiaus>
    </globed>
    <onlayUptears setpfxPolio="endleaf">
      <juntBran>zags</juntBran>
      <euterpeBrainUngiven acritolOriya="3" dawtedWentHooking="4125306" anywaysHedgedClept="otitisPinworm" uvid="6">
        <tramp>299472358</tramp>
      </euterpeBrainUngiven>
      <wawlSnufferSice shammedShowierAbortus="quinyieLiquorAnova9" harmineTunicle="looryFescues">
        <dhobee>mensalZymotic</dhobee>
      </wawlSnufferSice>
      <brazenWadmolsJangly accourtMiaulerIda="gwine7907" haddestLuckedWhyfor="belayedOrbit">
        <piggishSwarferForcing>suimate</piggishSwarferForcing>
      </brazenWadmolsJangly>
      <jibbersNicklesPhizog>
        <tauridMalella>pucheroPunter</tauridMalella>
      </jibbersNicklesPhizog>
      <cestoiFibry sherifaTegulaeFiorin="tenebraLeonine">
        <butchGarbledMopeds>matsBetis250</butchGarbledMopeds>
      </cestoiFibry>
      <juticOrmer souushEbbsTanist="gheg2762">
        <erinite>hitlerPadAscones</erinite>
      </juticOrmer>
      <whirled spaneLuzulaNomarch="embruesNubbledOakmoss" relodgeGaffedTrinket="alkenylHaulingYuck">
        <punkeyHundredYat>fellestLumeter</punkeyHundredYat>
      </whirled>
      <labrums lifoBosomsSaynay="desto" padre="8986" sunnyFilleul="ephyraMisgrewJuyas">
        <enigua>818</enigua>
      </labrums>
      <thebaid bollsTeiid="jackerAion" iraqian="137">
        <invalid>gurgledBeaneryBateman</invalid>
      </thebaid>
      <petri quartzOsmundsForthy="9610691">
        <walksDrabaDazed>dustily4808</walksDrabaDazed>
      </petri>
      <barely kor="hangmenOfttime">
        <fanalPyrolas>86</fanalPyrolas>
      </barely>
      <matzas diamond="16647" cuirAdsChinas="cheareAlsoon">
        <jimmied>zithersMuzzledStummer</jimmied>
      </matzas>
      <faviGrappaMinae louvarAphasiaLobular="103">
        <madafuMesh>nucleusStums</madafuMesh>
      </faviGrappaMinae>
      <townmanDiaster volsci="dhoora" nided="vainlyToterLinable" sahlite="hugh" snorkel="doodadsStevelBenzene">
        <khuaiDhoniSquetee>zincoid</khuaiDhoniSquetee>
      </townmanDiaster>
      <absvoltRemoreRadiate degustOutleap="431436253">
        <trombePosey>pintMujiksPlanks</trombePosey>
      </absvoltRemoreRadiate>
      <infuseFoamers sueding="epicyteTypesSparkle" malouah="slaveys" murksDertrum="tensonNutmeatPhlegm" shuntedBlemish="monkeysSmallyGurdy6848">
        <asb>filmedGlosses</asb>
      </infuseFoamers>
    </onlayUptears>
    <cowryBestabGigge woozierMbiraWeldor="aeriestTochers" holmicGenio="9733238" yukataSmartie="6280" cockish="sublate">
      <hornie>812632</hornie>
    </cowryBestabGigge>
  </margieYowlersFibrose>
  <tiddlerFixerGenoas podlikePaces="yeeuck" retareKnoit="pardo414" terrierPlatea="secreStyward" wolfmen="fairerSewnGnawn">
    <lacertVertuClifty>
      <tailyDeafishAnted>7651116</tailyDeafishAnted>
    </lacertVertuClifty>
    <tricorn>
      <hibachiUntrig>62141194</hibachiUntrig>
      <glickToxa cogwaysSogging="overcow30" ownCommove="49040864" israeli="brodeeUtai">
        <malthaEthan>6635</malthaEthan>
      </glickToxa>
      <ghana smotterTints="findonOpianicPooa" knopped="65">
        <yenderOvereatCreatin>reboiseMulletPainful</yenderOvereatCreatin>
      </ghana>
      <dhaks becheck="poteensIncivil" natickKremlin="ovicideFulhams">
        <twinkJetteauSperity>stummel</twinkJetteauSperity>
      </dhaks>
      <enclogHclGlogg individ="1504" mnemeMeatal="finity" bange="fogouSeminarBrims" anteriMolalHeehaws="potbank">
        <acquitsBatfowl>clombEarwigs</acquitsBatfowl>
      </enclogHclGlogg>
      <harems spoofsDisdubInfl="nudgersDigramRegift" jewless="soapbox" barmierVictual="zenanaJazzed">
        <flocciXylic>bonaireScot</flocciXylic>
      </harems>
      <frasier friscal="vall9343" monest="vastest" orrisesTalipedGoners="sorelsPropomaGelable" insult="9086748">
        <yahganOgaire>wobsterMeninx</yahganOgaire>
      </frasier>
      <achiote>
        <impar>1080808</impar>
      </achiote>
      <symbolsCleatMiddies deeps="daidlie">
        <leapedSheeterPalla>scrimy</leapedSheeterPalla>
      </symbolsCleatMiddies>
      <hippaBreams sputter="marko" unhope="4590" perdueHagbornArgalis="modder" outribBistresExdie="sparkGippersClootie">
        <pdlStratig>acridanArdoise</pdlStratig>
      </hippaBreams>
      <chafers atterr="twofoldYolkyKajawah" acknown="violinaByrrus" outasksDamp="kabar">
        <sissoneDorab>pirootGruineAbashes</sissoneDorab>
      </chafers>
      <pinkishKobusPipets quiltItalian="agistApiecesLifter" stupendHornistFeminin="90307369">
        <urnfuls>digitalEdh</urnfuls>
      </pinkishKobusPipets>
      <fusions haircut="73004" aggressShuGyri="childreMitch9">
        <best>isbaEverlySofane869</best>
      </fusions>
      <pantryConditeDenting tiptoesSotieTaluks="tipoffs" meikleAparejoMoating="8675329">
        <dejects>tomboloMicmac</dejects>
      </pantryConditeDenting>
      <anletCowling>
        <tweenyAffinesYairds>unsunny</tweenyAffinesYairds>
      </anletCowling>
      <bacalao rappageCastletPolje="762658" apidaeAmps="limiest" fantoms="jagged">
        <grume>foal</grume>
      </bacalao>
      <busierRangeCapped metron="palliumMirkilySwaying" geasterMustyBandeng="pupulo" grumps="insurgeGulfed">
        <carniedMarcosSumen>texaco</carniedMarcosSumen>
      </busierRangeCapped>
    </tricorn>
    <sixesBarretsUprise jaunted="unvainTeammanEnarme" leach="787327" vitisHarpyAas="7" bespedPremen="khvatFeronia" wilroun="compoChili" rubbed="dourasSkyfteBororo" pindersSpitzBaggers="barquesCurarasSvabite">
      <western>56977</western>
      <skiegh>
        <bestirStingUnyoked>134</bestirStingUnyoked>
      </skiegh>
      <trapansBengals natherAeolic="nips" thiuram="whereisLulabsCoenact">
        <cessio>sooke103</cessio>
      </trapansBengals>
      <habiru guatoanSpinelClacks="perit6" garyTerming="clo5026" kopVolenteGadslid="crenele" centaiUpstepsMuzzy="arcanalWittingGarner779">
        <hearseOutadd>8756257</hearseOutadd>
      </habiru>
      <dorisYawped adagio="uskokJamboyAnimous" dublin="serveConges">
        <ficklerOrdeneCurds>wienie4074</ficklerOrdeneCurds>
      </dorisYawped>
      <iricism>
        <lupanin>nimiousSwinged</lupanin>
      </iricism>
      <ulnasShab>
        <dotish>routhJambiya</dotish>
      </ulnasShab>
      <reoccurDeaving lunareAnne="dicecup" exhaustTeachUncrude="enounce954" pianetKelleg="lintsBumblesClop" filmerVoletEponym="deckleFormeeStolas">
        <ess>skewSabred</ess>
      </reoccurDeaving>
      <celadonShacks stakingPlacoidRhenium="sacroWarlordDogs" hoboSolvMean="fazePawnage" blow="ickySuitedSagely" tippersDoctorAuspice="doncyAstrolTransom">
        <bobotieSuitlyAloesol>2</bobotieSuitlyAloesol>
      </celadonShacks>
      <sneezedAddnPyrrols misgrew="dryad" malkinShottenSlaw="droudLooney" notablySteemLoach="berriesParsecs7" theaterChymify="sparrowDrapet4">
        <loadJoshesSunni>playoff9522</loadJoshesSunni>
      </sneezedAddnPyrrols>
      <gislaPanner shimmy="yahweh">
        <akoasm>thwartsBullsWells</akoasm>
      </gislaPanner>
      <besmutsSoiling aurureDiopterBaklava="moduli" gugletGambolDrove="maormor" winnaStonage="amigaGilded">
        <hohokamSociolWhereto>teloiChook</hohokamSociolWhereto>
      </besmutsSoiling>
      <facilyMoplahAmania>
        <betray>yantras</betray>
      </facilyMoplahAmania>
      <ligulasUnpowerJewbush>
        <geeRhombosDandie>sambursSabre</geeRhombosDandie>
      </ligulasUnpowerJewbush>
      <oceanog emptionWitwormFlaxes="gagger">
        <rhibiaCazibi>chervilFinallyTease</rhibiaCazibi>
      </oceanog>
      <hernsYipBoughy puffierUnclogsUzaron="eugeniaSolemnPrelect" acrityStocks="aphacia" tantricAgatize="calomboInvein">
        <idest>teasy</idest>
      </hernsYipBoughy>
      <sends pussleyRunt="227" feoffeeScarves="sulcus5" sourerEyewort="stuffer2761" thymicGoalie="butBuoyage">
        <merZoner>zibets</merZoner>
      </sends>
      <sospiroJackrodZarnec orl="operate5477" alfirk="casson" squenchTrestleUsher="clonusChester">
        <cormusDitherKidling>248</cormusDitherKidling>
      </sospiroJackrodZarnec>
    </sixesBarretsUprise>
    <habaeraEdestanCaulked marcel="490449" falsaryTuppenyRaises="weirdyArmiger" unsold="thicklyYangtao" pikleReveil="nonlive">
      <escarTriglotVulvas>vauCatlingSamal</escarTriglotVulvas>
      <hyke sizzlerErepsin="spickle" enfiefDampedConal="bagwigsPlumify" furlaneFleerer="oniony">
        <fraughtAnsateSowback>bully</fraughtAnsateSowback>
      </hyke>
    </habaeraEdestanCaulked>
    <punalua stompMonesiaFlipped="osc" impestArecheEbrious="2" lipinsGuckiSpelt="teasyLoculusBrucite" rullock="umped" carane="ululateRoub" crambeBarfly="kenoAmixia" keeperVenaticWhilock="ahumTimaeus1462">
      <hogmane>yaru</hogmane>
      <unquick grew="neusticTabberThugged256" bhutanFowlers="6001379" golfersBelordShaven="styli" gumsMistbow="6200">
        <vesperRhinalOttava>existCalecheEblis</vesperRhinalOttava>
      </unquick>
    </punalua>
    <codonsUnrowdy>
      <lakinSchrankFons>rumpade</lakinSchrankFons>
      <goiTwirler beauty="8067928">
        <ihi>novillo</ihi>
      </goiTwirler>
    </codonsUnrowdy>
    <cymeneSoftas>
      <unamoTampsReesle>pendomTroking</unamoTampsReesle>
    </cymeneSoftas>
    <arabicaGlettyKappas>
      <rugbyBrazierRoebuck>bulkier</rugbyBrazierRoebuck>
    </arabicaGlettyKappas>
    <heteros rebakeAlkyIrishy="6472" hayrakeTaoistRodinal="49" chait="15080" herdicGladesOverwon="cottaRandon">
      <neter>noeticsPalusAirways</neter>
    </heteros>
    <randonZigger tackles="kunbiBake" moults="riotry45" buckledMeacockCosy="683">
      <facebow>buswayAverilSadly</facebow>
    </randonZigger>
    <sagos>
      <argyll>pitpropMidvein</argyll>
    </sagos>
    <queliteRhetorsGritted mericeTead="bumpsOdonticWedger" jurymanMadling="soothsBobaMossier" aswirlForhale="8133808" falloutShipboy="thixleJoualsPyritic" tinctedHasslesGangion="stuporsAmidase">
      <candied>runnetCompos</candied>
      <napperDiamidoOvibos spradEspSpang="robinsMarlet" shazamKylin="ecitonDelbertMocoa">
        <egrettaChibrit>ephebosIngreve</egrettaChibrit>
      </napperDiamidoOvibos>
      <alliums treyDravite="quaitsoGladiiDrinn" solania="7996334">
        <iffPranks>acaridaConsistBlushet</iffPranks>
      </alliums>
      <dominoDoodlesStrop plauditSarans="81268681" aftergoBoraxesEpochs="42728074" balksTwerp="wearAscribeOsage4" kittlesHowder="75">
        <foussa>unionedSmokerySolves</foussa>
      </dominoDoodlesStrop>
      <respokeGoa rudishExcuses="meanishPlagaeGuested" gramashBamsPecan="leperoBatsmenOboli177" cay="accise">
        <bynamesTappetPianka>537095</bynamesTappetPianka>
      </respokeGoa>
      <waffledVistasUnrein sarongsCraalSenhor="chimp" gingal="lyopomaStrifesMeanies">
        <cadukeBarques>stenterDeceiveGlitter</cadukeBarques>
      </waffledVistasUnrein>
    </queliteRhetorsGritted>
    <realm>
      <secableFadges>tulisan</secableFadges>
    </realm>
  </tiddlerFixerGenoas>
</slokeBeffroy>