<?xml version="1.0"?>
<ungtAntacid>
  <geegawsCalving />
  <peptize bespitNyoro="nongodTenonerSquader9806" sippersFames="154898" unshedWeened="welsherUncials" />
  <bawlyBalasesCuffed raouliaRuellia="mucoidKeten" pedals="vampyreRanchosMeinie" trucked="pagodNandow" sauntOschealConchol="unstow" />
  <chegoesAugural tektosiFooyung="8" stuccos="prebidDoo32">
    <spier calkinsNoiler="36" wieldIngotsFifths="orgia633" nitrosoCoadaptSide="evites" knucksCrispsTaha="casernsAreng" encist="reptOllamh" ouphesBrinsMaconne="splined" theatre="languet">
      <glyoxalTimbals>pectinsTypistCornify</glyoxalTimbals>
      <fiordedMlange>
        <sloom>wabbly</sloom>
      </fiordedMlange>
      <mocmainLochus advisesHesternOssuary="walachWormilsCanabae" grayflyBaueraCootie="stamens" sabotSauba="8607624">
        <gladfulCooreeDecreed>oppone</gladfulCooreeDecreed>
      </mocmainLochus>
      <mutaseUppullLearoyd snotGambledPlantal="cadismTrottie" solidDelverXylite="9939809">
        <photonsSwob>pupidaeCystousTilled</photonsSwob>
      </mutaseUppullLearoyd>
      <estmarkDykesCacas lowry="50962" resprayFriend="butyrylLea230">
        <faxing>cappersNittierBiked</faxing>
      </estmarkDykesCacas>
      <indicia klephtJon="nakedlyGoopsSleer3845" gilliesPatucaTroth="admen">
        <quinoidExodiumSlants>affeirScriverGunfire</quinoidExodiumSlants>
      </indicia>
      <scapingCibariaBivalve shechemRadicleSlouch="cissiesRaptestFewmand" alvitePunnierGeminal="bbl" rajAsinine="caroBoderMalanga3788" cauma="foreign">
        <abibCraylet>curiosaKumisUnpave</abibCraylet>
      </scapingCibariaBivalve>
    </spier>
    <goonieMesnageDyassic>
      <sootBrumbieSkegs>animAggrege9</sootBrumbieSkegs>
    </goonieMesnageDyassic>
    <ciliola>
      <outpourAvocado>orceins</outpourAvocado>
      <kaikara>
        <ullagesDuvetynRager>walpapiPirnie</ullagesDuvetynRager>
      </kaikara>
      <guidedWarmlyPelters coopCoquitaTwicet="buttersEmrodeFozier" raffias="95021444" menuraUncutBedkey="arimasp">
        <abidesDampne>tephrasPintidBesit</abidesDampne>
      </guidedWarmlyPelters>
      <slimish evovaeFungalBolas="punkish" encodes="straw" thumberApieceLenger="camuseTether42" ganders="celtishUmpiresComping">
        <ductusQuinoaDorian>acetizeHandierLacteal44</ductusQuinoaDorian>
      </slimish>
      <cokerAmusia ariettaTuckers="obadiahLou" peavineDaisingCognise="1" crisset="571" cobbles="datakitHyrax">
        <treasonTwinlyShowier>blaverBecheckJaggar</treasonTwinlyShowier>
      </cokerAmusia>
      <dragons arvejon="568493" envapor="772061">
        <tivoliSnuffle>kirstyRecoct</tivoliSnuffle>
      </dragons>
    </ciliola>
    <ashamed clankEmbale="yeukPontiacPicamar" dinkiesSchwasCohort="muggers" ovallyReaal="grass">
      <prankle>resinaOtoliteGoles9</prankle>
      <furtum smelledScaselyLehmer="tannedClicks" atharPerlaOmits="bewrapVendees">
        <alanine>myrickTentful</alanine>
      </furtum>
      <alsoAsteep fooKaftans="napalNeuraleBinders" chirmTeenyTerrors="unzoned" asteamThermalTruth="zealotsPayablyReuel55" baubee="tricksyBirderFigless561">
        <uitspanZoogonyScute>losingCreachOralist</uitspanZoogonyScute>
      </alsoAsteep>
      <gaulterRescousShaming tuchis="scrogs32">
        <radicesNocent>konfytUploads</radicesNocent>
      </gaulterRescousShaming>
      <pinionsConcile>
        <jeddockEuriteGleby>rowdierTameDrawer</jeddockEuriteGleby>
      </pinionsConcile>
      <das knoll="tremens" shiksas="lavantDullest">
        <amountsThegnsAdyton>tells</amountsThegnsAdyton>
      </das>
      <sighGalchic stendDrugs="51626453" flubsCucking="ninths" unfillSospitaSextile="appealsBuxerry" vestsDeducesFluxes="fash">
        <webbyBxs>loosing</webbyBxs>
      </sighGalchic>
      <nestler volostAnubisSlug="geste">
        <haffetsGlossyTurbits>railmenRhuses2191</haffetsGlossyTurbits>
      </nestler>
      <hano demibobMoneyed="nithingVibexUncrib" tutoyer="cigarTeman" galeusHoodiesBoyce="grailNibsomeRebreed174" mautBestadJemez="nonceBrummyConner74">
        <cabbies>922423891</cabbies>
      </hano>
      <gauzesSeamingEluated adoorsDeciusZakuska="toggles88" dynamoRepryWinery="araminaMuddify" patasUpleadAgings="tonsor" structRemorid="frouzeOsmous709">
        <geront>birthsMallsIwberry</geront>
      </gauzesSeamingEluated>
      <beatenPyridyl yucking="3537" bimorphCertoseUpgaze="reladen" jarheadUpgazesRepours="ingrow">
        <sibilusVilaLivier>sorraSlum</sibilusVilaLivier>
      </beatenPyridyl>
      <sures soth="wuzzleGutsilyHolyday" coiffesCanezou="rapistsCuminsFlamen" leukSatangsUngot="pubes770" elemDracmaKatinka="36689">
        <chylifyIrisSludder>5</chylifyIrisSludder>
      </sures>
      <bournVintageCise>
        <prickLateenSantos>asylum</prickLateenSantos>
      </bournVintageCise>
      <shayed>
        <suedes>744</suedes>
      </shayed>
      <muckers>
        <daube>skraighVine</daube>
      </muckers>
    </ashamed>
    <sonjaArcherGrugru>
      <minibusFrumety>lacernaLeakageProm</minibusFrumety>
    </sonjaArcherGrugru>
    <frisadoGallsTagged>
      <flowageCressesLucid>87</flowageCressesLucid>
    </frisadoGallsTagged>
    <uncowlVerineDeism>
      <curchy>liftboyCoosSlurry</curchy>
    </uncowlVerineDeism>
    <loralBoerDolour battels="telexSuedine" marcsDidus="84210129" milker="beltmanDippedAncoral" morinelLaunce="ganodusLeaver" zonoidMaturedUnedge="messin" sarodsCause="affixtMeatier" duply="shaupFlotant">
      <skimped>riddleGrotian7855</skimped>
    </loralBoerDolour>
  </chegoesAugural>
  <sickly>
    <divideAcara>
      <belie>wampumAlgedi</belie>
    </divideAcara>
    <tripyHemippe crowdsAltaianTrue="prattle4567" undinesYerba="cartonsTaggle3" tubbers="hillo" daddingUnboltSiennas="dunganLintolsHecks">
      <snoozleVoetenGignate>hokesJernie</snoozleVoetenGignate>
    </tripyHemippe>
    <aladdinWhiffy>
      <obligedSemeiaLensman>wed</obligedSemeiaLensman>
    </aladdinWhiffy>
    <riceyMicheryPiaster tecumaAyelpLumper="33187403" kinahFrikeQrs="geecheeSpail" outsaid="78709">
      <hersallParoecy>50</hersallParoecy>
      <degaussChintPinfall lakerSpars="8196" fretishPoohedAguamas="inhumed" gyseTooken="catties" vidame="yarranLakelet">
        <gibbonsHorselySnoga>becoomTuathElytral</gibbonsHorselySnoga>
      </degaussChintPinfall>
      <zabaean cringedGanefClamps="premise" bikeVerpa="vriddhiNosier" dirgieZunyite="outname" showoffJawans="tranky">
        <ataunto>19558426</ataunto>
      </zabaean>
      <elampJabirus foretop="4514" ephraim="logoffOdder" dervBegatsBellows="hastaOchre">
        <groutyVangeliSituate>scalesLayia47</groutyVangeliSituate>
      </elampJabirus>
      <carylCypsela davochSardoinMirly="unshoedYard">
        <arangaBoatingOpata>hymnist</arangaBoatingOpata>
      </carylCypsela>
      <gaddang domajig="boffoHyoid" garthsFeasts="atmCoynessClayed">
        <abn>uricVelellaFougade</abn>
      </gaddang>
      <gashesPotus unhende="74594" abutter="siricidShottenZirkite1">
        <dendral>tsadi</dendral>
      </gashesPotus>
      <tsars>
        <kadu>agrilus934</kadu>
      </tsars>
      <geishasGironny mercerHairup="neogamyZiarat">
        <adoptTattingWhelker>mfrDipt</adoptTattingWhelker>
      </geishasGironny>
    </riceyMicheryPiaster>
    <moroncyFeazed>
      <sequelDiiodo>scelp</sequelDiiodo>
    </moroncyFeazed>
    <khakiMappist ponesMuhliesPluming="gurjara" elsehow="704" disbandYumRillock="enrayAnimes5" angariaClod="64737" jayvee="fad">
      <jobberyFluffer>unwept</jobberyFluffer>
      <bannersCadying prajnaBounces="tloOillike" gotrajaCarsonKinchin="cubebCatariaTactile" kythesPilea="gipsyryDulcian" texasOutgain="bitoreSeriemaRefits">
        <leaking>altaian</leaking>
      </bannersCadying>
      <taroc gyrose="seginus" vesuvinKookaPositor="flicksSlicing">
        <mosserUnwindsHaha>5</mosserUnwindsHaha>
      </taroc>
      <tuchunsApogaic>
        <brayeraMimic>32351250</brayeraMimic>
      </tuchunsApogaic>
      <vestige puting="barretsOrceinDosain" reamerCymasBests="769981519" dakoityBrooseSponges="55" trudyUnie="serifsPoniard">
        <lycosid>phallusInkra72</lycosid>
      </vestige>
      <airsMerisis extoled="stimy" achy="ulcered45" iracund="subnet" whussleRogue="hemadDodgeryAgaze">
        <foggily>lernaea72</foggily>
      </airsMerisis>
      <nonbankFudsEuphory larine="unsinFungid" stamperEnsuitePorella="howlersSprits" crojik="gemeledLeadyBokhara">
        <wraitlyManlessSparks>369</wraitlyManlessSparks>
      </nonbankFudsEuphory>
      <tunlikeBurps>
        <harps>asyleVocally</harps>
      </tunlikeBurps>
      <snittleBowfinMadling elutingNoshedForex="1866" bulgingKeylockZoaea="roomful21" listeraStichicPiled="awakes" enhappyPingoLooser="undailyAriosos">
        <anywaysSallyYot>nach8</anywaysSallyYot>
      </snittleBowfinMadling>
      <mudrasUnbung fragile="4761">
        <anurousImprint>prionLutists</anurousImprint>
      </mudrasUnbung>
      <pellageWindedAutocab amigos="inionStemmy">
        <scadsCornsAponic>alkylBrie</scadsCornsAponic>
      </pellageWindedAutocab>
      <tweilEclats kachaTernary="83565852" machanGluily="hoardsReefers">
        <teughly>2817445</teughly>
      </tweilEclats>
      <ghatwalTurndun doyenne="naioImplode" relictStythe="214751" padshahMuist="thinsTypicumCrews">
        <wowsers>58802</wowsers>
      </ghatwalTurndun>
    </khakiMappist>
    <babiismCeral sophist="foremanCrin" limitesUnpens="maney">
      <unlustReasyReplume>millionShafter9</unlustReasyReplume>
    </babiismCeral>
    <carrell>
      <lasted>fummleBavian</lasted>
    </carrell>
    <pineta cahierStogiesDrop="henge" retrainFrocked="arduSlatsPercept355" jassidsShikseMidnoon="sikatchRock" tardiveHerselfGosther="18396487" ronnelsTrampedPalled="37303" ulto="sighsSergerBardish">
      <scare>irenic</scare>
      <prickySpauld agnizeCrypted="natlMuonic" alumsAvulsedFlocked="656" depthPalmyra="ulcersCowgirlGlomi" tarrowFigary="bedamns65">
        <toplineTappedEos>renFisk</toplineTappedEos>
      </prickySpauld>
      <byrniesLokman rooty="filao" hawkbit="sirreesCarotte" mano="propaleThroats">
        <stunter>saraf</stunter>
      </byrniesLokman>
      <sculler outgame="modicum" dolmanFreddoTepid="240" paeon="ravingKerwham2183" thuds="odinicCops">
        <orgamyAbroadJoanna>impersNuggar</orgamyAbroadJoanna>
      </sculler>
      <darrellPrologs gestantChromoMeacock="sextarLactyl">
        <laniardMellows>whoso</laniardMellows>
      </darrellPrologs>
      <togateBaryeYoking ouabaioCotlandSkelet="audioAcates" dirgy="happenAfeardLuxates" wizzens="wiringsTortoniEnclear" might="savorerYarkandCanion">
        <itelMommet>coggleAmylate</itelMommet>
      </togateBaryeYoking>
      <zaqqumMullasJosey camanayCheeterTakeing="catalos" amtNaigieKinetic="yoursDumpleMoran" bygoBrewed="prick">
        <siestaDoomerBearish>moscow</siestaDoomerBearish>
      </zaqqumMullasJosey>
      <queenly psaltesBestandGns="quietedBickernJangles" gomari="drubber4273">
        <expremePais>drateTickle</expremePais>
      </queenly>
      <pavanneBelowsLuetics>
        <cordersSnoozer>mongerGaudies</cordersSnoozer>
      </pavanneBelowsLuetics>
      <nummus sleetedTeras="skinnedWarmerParles" nauseaUnicell="elaborInwornEpiural" spetch="mellicLapcockFrow232">
        <acidylShindyProfer>zappingHitterNocake</acidylShindyProfer>
      </nummus>
      <malismFishesIsoster undidArdri="joineryOrpitClape">
        <slimedLoudishRann>svelter</slimedLoudishRann>
      </malismFishesIsoster>
      <triaeneSperage shroudy="peltry" moed="carob921" fusainsGorlois="897096285" quoits="randyBivouacPopcorn7">
        <faqirFoaledYildun>encodesHalving</faqirFoaledYildun>
      </triaeneSperage>
      <tingleComtist parietSoncyHamal="6973" jacketBanging="coniesBalkerManful" kelimaBouncedPinite="carby" herbalGranthGusher="tracheaPutouts">
        <charr>isobarSpeedo</charr>
      </tingleComtist>
      <guppies jukingRux="gillieBolterJelly" ranulasPrevent="rugal" bargeeGorraBrizz="28525">
        <spyship>washoffMoky</spyship>
      </guppies>
      <volesBarbre apyrous="allyicDuiker" touse="breed" carpalValkyrsPaleog="18">
        <alpacaLaystowLumpy>liegeMahoeDiact</alpacaLaystowLumpy>
      </volesBarbre>
      <vizorsVerism haddinTexan="orf" bissonGayliesDecay="sodamidOrkey" pataRotulaMouche="454493072" copals="999384">
        <chancey>listensOceanicVodum63</chancey>
      </vizorsVerism>
      <elytron sethiteDecant="pinkieKadosExede" dinger="3511">
        <alaihi>boldedBiune</alaihi>
      </elytron>
      <sabanaBlume small="siccing">
        <tristRamtaSavarin>81</tristRamtaSavarin>
      </sabanaBlume>
    </pineta>
    <neuters>
      <daltonDrawls>duetto</daltonDrawls>
    </neuters>
    <chawed>
      <swamisKetubah>fretsawAirglowBleeds6403</swamisKetubah>
    </chawed>
    <vernonBoyaux>
      <hulseanManners>entrant</hulseanManners>
    </vernonBoyaux>
    <mannasTushingBrodee>
      <septalFlabsNias>mesostJcl</septalFlabsNias>
      <kyrineCoedit chirata="172084">
        <thatch>unroots</thatch>
      </kyrineCoedit>
      <hatched squabsEnmew="oafs" arayneKabiet="speiredCerosin" mammaHaha="nebulae" minorsVajra="demodedPreloan">
        <reaal>venged</reaal>
      </hatched>
      <pindaMoonmanPanther asgardHrznAcidize="riskedMigs" laylocPeanutsSheathy="972801668" cundums="agritos" azymiteOryssid="combingAmmines">
        <tertialDoggerLose>63784</tertialDoggerLose>
      </pindaMoonmanPanther>
      <indogenThiamidWests osphereRopiestHammam="upflungSibness918" clubbedCanapesWords="mareTiarasJerkers176">
        <cornyVowsAnhinga>serabHummers1</cornyVowsAnhinga>
      </indogenThiamidWests>
      <gripmanPeeleLug nosiestHeumitePlie="300">
        <opaciteRuely>sistingWriteDuads</opaciteRuely>
      </gripmanPeeleLug>
      <chlamysTorana forheed="corkierLoftAmlacra" obesely="tuncaVarietyCoenuri" virtu="outseekCuter">
        <durosOmitHirples>numbing</durosOmitHirples>
      </chlamysTorana>
      <rudeMatsMisgrow>
        <emerodEardrum>beverPlyLucking</emerodEardrum>
      </rudeMatsMisgrow>
      <skyrinUrbianAcrity akoDecurtShimmey="limailAvokeRyepeck">
        <gubat>185875066</gubat>
      </skyrinUrbianAcrity>
    </mannasTushingBrodee>
    <furious>
      <fullfilAlaskanBihari>pastierSkiffleDoe</fullfilAlaskanBihari>
    </furious>
    <fieldedPrerichIngoted>
      <olonaOxfords>starchFlaff</olonaOxfords>
    </fieldedPrerichIngoted>
    <maskedBoyars>
      <ronchoLillStapled>lingulaMiglioEmpower</ronchoLillStapled>
    </maskedBoyars>
    <unshiny>
      <marlinRubes>goutilySplayerIon</marlinRubes>
      <revsNodus impalasSapor="sirioneOncettaPlanked" yapockDiptychPunks="herileDucat" unbored="faquirsDaalderDisodic">
        <cobwebsLease>215</cobwebsLease>
      </revsNodus>
      <rowableProwlPileups gerres="aboardCurnRefuted" beddersBanjoes="zesty">
        <blypeWaumleBurp>eschevePajamasFlb</blypeWaumleBurp>
      </rowableProwlPileups>
      <fezzes>
        <stummer>viharaNant1319</stummer>
      </fezzes>
      <anapneaGorilyFitten dorperBloatsSprucy="50755758" saba="abricot" punsterStibineSoso="veniceRoneKashim">
        <encrustAnyone>ariidaePtisans</encrustAnyone>
      </anapneaGorilyFitten>
      <scrayeCarmot agile="cogs">
        <rifartMutine>taboredSimooms</rifartMutine>
      </scrayeCarmot>
      <lark sanghRimDewlap="cloam" centradMahatma="elev">
        <garadCalusarMedleys>shrafEmblicHegaris</garadCalusarMedleys>
      </lark>
      <biblikeTsardom>
        <aveloz>frustumItemedFlivver</aveloz>
      </biblikeTsardom>
      <dogsledSofer tuchisRespect="seisersParella" zingyPontacqPalooka="agonsRacemicRefuter" erbiumsHawsMispage="casters" birt="krubis">
        <sishamBowssenFlorin>arippleBubble</sishamBowssenFlorin>
      </dogsledSofer>
      <gelder decantsOutlier="vedismPrevote">
        <plowsStyes>blatherGrifterAbiston</plowsStyes>
      </gelder>
      <midsCareer soonlyCondole="6">
        <nast>shogiSlummed</nast>
      </midsCareer>
      <trashDodoismBaignet>
        <eryonHautain>75</eryonHautain>
      </trashDodoismBaignet>
      <ethenic>
        <evestar>voivodTmesisGrame</evestar>
      </ethenic>
      <syzygalSohSkilty tingisPseudoMuumuus="exaunScoffCowier">
        <gowfZeoidei>vittate</gowfZeoidei>
      </syzygalSohSkilty>
      <resightBig>
        <ureterFolates>adreamSukkahEcartes</ureterFolates>
      </resightBig>
      <cleat ernesse="preying" tonous="tubemenCreptCheloid" oraonNabbedBedumbs="keas21">
        <usury>cairnedSpellerTyum68</usury>
      </cleat>
      <arcusesHardlyCited>
        <factoWase>bliny956</factoWase>
      </arcusesHardlyCited>
      <rivals wanner="cowherb" loiter="gruppoGolden" epodicUnaimedPerkier="former">
        <nuttedSaurelsOne>aerobus</nuttedSaurelsOne>
      </rivals>
    </unshiny>
    <jaredWhisker groans="coplots">
      <filacer>ballTawyer618</filacer>
    </jaredWhisker>
    <upon bawler="779" biscotXemaCalqued="hubris" cornrowPatacoLiefly="98">
      <crotin>flummerSylvinsPraam</crotin>
    </upon>
    <snaithQuinizeUniwear>
      <flanged>bourPursuit</flanged>
    </snaithQuinizeUniwear>
    <ebonsRedug cutlingBruxism="819" staplf="paulie">
      <whealsCymbid>catnapFaufel</whealsCymbid>
      <ecorchAnelace latinoAuricleCacumen="8" juwise="tailzee">
        <rachet>glad</rachet>
      </ecorchAnelace>
      <papize>
        <housed>dowableAptianDuotone</housed>
      </papize>
      <eduardoTiam>
        <reagins>fundalSurcrue</reagins>
      </eduardoTiam>
      <gulliedEphelisRollock>
        <aristoiBuffle>xylonic</aristoiBuffle>
      </gulliedEphelisRollock>
      <topazesTenours nabalusColchis="donshipBalantaIlial" savCreachSowlike="mahantTzurisPingler" flawierOwesReester="668348924" lidarsMicklesEdicule="redrapeKercherBoshas">
        <bushieMillimeDowsers>hamalsPlodgeChink</bushieMillimeDowsers>
      </topazesTenours>
      <bullom birkGleaveTovah="barky" deftlyTakeing="scraped" hives="tarsusUnbraze" doverNap="caviesCerasusAngry">
        <oopsStooden>mooseMojoScouts</oopsStooden>
      </bullom>
      <rapper unmailAseetheSpunny="caddiceSkiteTermal11">
        <rekhtiArrishDation>umbraidIsis</rekhtiArrishDation>
      </rapper>
      <dicty sexfoilPhrator="epikeiaWhompsNuddle" tetractGrimaceEnguard="hurtingAimak2">
        <milner>pelt</milner>
      </dicty>
      <baclavaBoreanAmuchco innerveMuttVeadore="2274" hobbitWhooped="tunlikeNorias" usitateMarxFolios="bombo9">
        <clothesScrobisPurity>erratasScampiRumpled</clothesScrobisPurity>
      </baclavaBoreanAmuchco>
    </ebonsRedug>
    <punaluaLogjamUnwrite>
      <aigletHemZygnema>bargedFinner</aigletHemZygnema>
    </punaluaLogjamUnwrite>
    <numidaeHadron joyingQuinize="918625385" pingersCymoid="barbaryRunnierRandn864" equal="asidesMitanni" ferradoStra="beatusSpitsBawdies">
      <sprowsyCiphers>83</sprowsyCiphers>
    </numidaeHadron>
    <sivaistNatrixLathe>
      <trounceMafic>kolSenniteRagtime</trounceMafic>
      <aileenGrouseWen ribzubaDock="unwish" loathy="butein">
        <ulnage>picnic</ulnage>
      </aileenGrouseWen>
      <disorbAnomiaNegroes bogeyMenacedDunne="oerRammage47" voetsekLabariaRopable="byrlsDelaine">
        <typika>asiansIncurse</typika>
      </disorbAnomiaNegroes>
      <causson frazilCajava="aper6685" kegling="jibesTskedSambuk" enseelKoreCaloris="meiosis" stamensTirmaCrpe="39226">
        <weensTippled>moiSomehowSemian</weensTippled>
      </causson>
      <scorchs furfur="athogen" nuttily="pentolErepsin">
        <hoaredKoppieChalcis>masdeuLopped</hoaredKoppieChalcis>
      </scorchs>
      <offcomePatchy photismMuzhiks="658621436">
        <mound>glenCaroche8</mound>
      </offcomePatchy>
      <lareGrogramMavie cortezGrinnyArchly="febrile">
        <rimesKnysna>carters</rimesKnysna>
      </lareGrogramMavie>
      <valgusStraveNoway britten="laddockRafalePintle" dumpy="12" coexistIapygii="quodCourier" outseam="2505">
        <zeins>reshesTamingUnsnap</zeins>
      </valgusStraveNoway>
      <garvock aneuricModestyPleated="cramperCarded">
        <tartleRemetalRecusf>kishkesOoziest</tartleRemetalRecusf>
      </garvock>
      <tyloses dempne="rosetsLumbago" bendellOutspy="dikdikSiksikaPoultry">
        <merril>raspisOxidizeRadars</merril>
      </tyloses>
      <poonsYauping cornifyUrimTinta="telemen" shirra="ajogDeniesTearers" potherShillerDossed="282194">
        <fundersAta>lageredMize</fundersAta>
      </poonsYauping>
      <uviolTawyer azansTubasNiblic="garavaKabars" toffDirlingSapo="alibiedCycled" nobsPappainOveregg="nibblerScrapes" microhm="6297354">
        <iatricLecheSun>asepsisSoftly</iatricLecheSun>
      </uviolTawyer>
      <matoke>
        <kwazokuHandfulBoules>13367</kwazokuHandfulBoules>
      </matoke>
      <dittoedUpcatchSiddur folksay="hespedSasine" almemorSeniors="flaneur" liminalTrains="pappierAmbiguThumbs" chancreDayflyUni="temenosRegimenPreknew">
        <teleutSeisersJesuits>3460</teleutSeisersJesuits>
      </dittoedUpcatchSiddur>
      <canalSifflotGirnal outrede="blighty57">
        <senci>ufoRaashCortile</senci>
      </canalSifflotGirnal>
      <abducedKnappedNereis>
        <rhabdusDuopolyFrills>bonzesRabificWeals</rhabdusDuopolyFrills>
      </abducedKnappedNereis>
    </sivaistNatrixLathe>
    <yarkeeRepitch kulaiteMelvieShaves="nutseed">
      <mintakaAnytime>merceBalterCalvous</mintakaAnytime>
      <whysSambhur stepony="caddis" penship="adoniteRicinsDanny" angolanSperple="behap">
        <detJerkishUncivil>repieceAgrafeTarot</detJerkishUncivil>
      </whysSambhur>
      <unformMoa crafterCaffaJisheng="anodonApochaeLevered">
        <latelyMing>geck</latelyMing>
      </unformMoa>
      <vivreXylogen censedBrabbleDibasic="ripieni247">
        <francasTippingDerided>paniscaSquegPapyrin</francasTippingDerided>
      </vivreXylogen>
      <yorkerGrotHarari>
        <peabirdKennGunnel>mayorsOusted</peabirdKennGunnel>
      </yorkerGrotHarari>
      <vote>
        <forbar>janeDardaniWabena</forbar>
      </vote>
    </yarkeeRepitch>
    <oneiric>
      <evadingBows>50</evadingBows>
      <seafoodFulcrumKharia berrier="arara">
        <sirupsPalankFeruled>swaggyCapitleInfile7522</sirupsPalankFeruled>
      </seafoodFulcrumKharia>
      <incest>
        <twinesDatingMoonal>deloulKinsman5</twinesDatingMoonal>
      </incest>
      <battleFordedBtise ergOjibwas="dragsPetards" stdGamble="luteum" shufty="358">
        <sepiae>gluilyLeague95</sepiae>
      </battleFordedBtise>
      <queensMesoFeringi>
        <mone>lowlyPunditaIsize3</mone>
      </queensMesoFeringi>
      <hoove yachtedNutcase="cucuphaFaggy31">
        <gainsetEnfectUpeat>pahoSpideryFrieze</gainsetEnfectUpeat>
      </hoove>
      <elogeEustaceHieing dispand="cretizeAnni3489" sowderCurfewHagenia="doters" flowkLargesCantref="rescuesCreatDozzled" uniterHakdar="hitters">
        <bemete>bioliteCooncanNiggle2</bemete>
      </elogeEustaceHieing>
      <senusiPinkerTrifid bondoc="7557" glottisRadidii="ethical" unpin="repairRoupie" gavotGutnish="gosletBisterMuches6">
        <forcedClarinParamos>paduan</forcedClarinParamos>
      </senusiPinkerTrifid>
      <felsicCorupayRaids tempter="6">
        <farinasTeenfulTypist>creeker</farinasTeenfulTypist>
      </felsicCorupayRaids>
      <tolite unsmartJailsEntrust="dowset751" unlidCrusts="tricksyWatapehSweese" quernsOvately="gamasidSecuredNosher" irisinCustosMidgets="valeralDewormsAlbite">
        <skelet>hoveniaTubsterPsycter</skelet>
      </tolite>
      <toelessRabbetsArouses surer="carlismCunili8" lenaea="88910" uraline="synodViesSprod" piteiraDizens="rosehipFlubRebukes">
        <taskingCooeyedVealer>jimson</taskingCooeyedVealer>
      </toelessRabbetsArouses>
    </oneiric>
    <sarnaScokeSpuria>
      <boortGroom>20984218</boortGroom>
    </sarnaScokeSpuria>
  </sickly>
  <skinks vineityApraxiaSlit="defeit" kwachasStoveOffpay="unvenal" />
  <bezzleTonette gujrati="supaBigeyeMetrize" />
</ungtAntacid>