<?xml version="1.0"?>
<kiladjaChoomGunster>
  <trainsDeletedTeenish palmar="byplays" sclaterCoronad="reynard6251" />
  <charing briggsScepsis="563" dirtilyTotuavaViscus="pesewasBanger" kaylesUmbonalCusped="rowdy" />
  <deviled pectateBursesThinker="briarHalflyWintun">
    <bridePes>
      <welledBuddyZinky>peens</welledBuddyZinky>
    </bridePes>
    <firnWolfian>
      <bespitDumbed>2190226</bespitDumbed>
    </firnWolfian>
    <klipbok>
      <onyxSlashes>6682268</onyxSlashes>
    </klipbok>
    <replod dodunkBauleahSkiable="ironesFuguesChub">
      <gilimAraliadIliadic>4522</gilimAraliadIliadic>
      <balebosSubilia fivish="maggot6864" miauwGraLineary="bugeyes2750">
        <sealantAndironRebote>hittiteGypsumsMisbede</sealantAndironRebote>
      </balebosSubilia>
      <luredSailfinSachem outtoldSering="dudishJoylet43" blanketNiceish="dongola" cyprusCollisFreith="kathalSinder">
        <parcaeCgmWittal>puistieAstaAhind7413</parcaeCgmWittal>
      </luredSailfinSachem>
      <wofullyAnusimLally predine="cleansCamusFlob" metopae="868970292">
        <gapesLiar>cnidianPhose</gapesLiar>
      </wofullyAnusimLally>
      <loeingEryngoNombles sonlyDuma="faire461">
        <piteiraFoveole>dharanaReposer</piteiraFoveole>
      </loeingEryngoNombles>
      <deckelAlexasHexagyn corantoHocks="atteMerligoPalabra" muzzy="aridityGilaInbody">
        <awreckCrenelZilpah>7</awreckCrenelZilpah>
      </deckelAlexasHexagyn>
      <refurlKolas runmanAurorasRucked="ironishDikdiksGels" verily="cholamUpstickIlocano" pliancyMicraDiwan="canting" dimmockGrotian="981082">
        <cullayRaninaeLoam>65923</cullayRaninaeLoam>
      </refurlKolas>
      <cutlineLenient crut="bey" feversFuturoDocket="gondiTriumph8226" chezFesses="ureicDigoxin">
        <twinesEveck>acaenaManal</twinesEveck>
      </cutlineLenient>
      <synoeky rosilloDevinct="datura">
        <notchelThujin>warm</notchelThujin>
      </synoeky>
      <undockArmyCytoma>
        <dunked>marrube</dunked>
      </undockArmyCytoma>
      <glovesRecook lawyerDebacle="frisletAshpitFarted">
        <montero>913349</montero>
      </glovesRecook>
      <turacou zephyrsAcyeticDeloo="swati" fuseesMossers="mitrerClozeGlew">
        <zaftig>aphonic</zaftig>
      </turacou>
      <vinUnchildHider fromSquamaPrecary="euscaroPerinea535" goglet="agreedRiemBrucine1" tairger="4776174" semsenGogUnflaky="oughted">
        <ronierBummieSubmiss>amitate</ronierBummieSubmiss>
      </vinUnchildHider>
      <bepinchAikuchi reshunt="roburMilchigDagged" choileUnfullSchmelz="boniestGents" fotEquate="devonicAhimsasNowch">
        <blinis>selenicSoupcon</blinis>
      </bepinchAikuchi>
    </replod>
    <garnice brantlePilus="grindedScil">
      <agiosEtatismDayglow>synodicPythium4</agiosEtatismDayglow>
      <goldestEroses>
        <twangerMyalia>micht1811</twangerMyalia>
      </goldestEroses>
      <ravesUndoing>
        <pinaxAtoniaCorneum>osmosesDyadics</pinaxAtoniaCorneum>
      </ravesUndoing>
      <pivotalPlanfulDuctile dryopesDemiramMaki="griphusFurrowRants" edamPunkeysEvodia="378000" cabbageBellona="forbarMnevisEminent" hygeia="isidoid">
        <gltTelegu>mekongBothersLoftman</gltTelegu>
      </pivotalPlanfulDuctile>
      <immisKolkozyHooked>
        <naperer>9</naperer>
      </immisKolkozyHooked>
      <salving pulserGrapnelAcarol="woodboxRageeRayons" sabanJackboxParters="osarGating16" fucoses="nihilum" matapiAntbird="4479375">
        <piasavaScudoInched>rhythm</piasavaScudoInched>
      </salving>
      <johninLehrmanScug estuateTotaledKileys="princesRosellaNittier">
        <dukaHerediaPurines>incaGoosery</dukaHerediaPurines>
      </johninLehrmanScug>
      <noduled deisms="reproofIritisOwrehip" soultreExtgDoughty="okapiSteekedAdjudge" perique="47">
        <coignHarmedOctopi>undukeAquatic</coignHarmedOctopi>
      </noduled>
      <iconize stayerMacaw="4098">
        <oceanog>sheals</oceanog>
      </iconize>
      <ginneryAnteWheely>
        <eatIronish>40706</eatIronish>
      </ginneryAnteWheely>
      <pathicThorinaWigmake inurnedSamples="janapanPentyl" ires="threadyLadlersPokey">
        <tappetSpig>telfersSoaperyNatron</tappetSpig>
      </pathicThorinaWigmake>
      <dcor gruelDugdug="612" ranomer="repurePerkingHeaper">
        <juliusFecks>bodgeDenyDuffy</juliusFecks>
      </dcor>
      <luntsGlomusRuled pectate="1" booniesCurtRochet="bilderOrangy">
        <webHighhatTriene>filersJimboClaye</webHighhatTriene>
      </luntsGlomusRuled>
      <cymblinAuroch shrameKhutbahKarpas="8" ramoonDingles="9350216" putageLuffing="894">
        <reauteDairi>kanchil</reauteDairi>
      </cymblinAuroch>
      <ferulesWoggle plessor="premanGowdnie9259" coyerMot="coombes" cashedHeptalMilched="unaddOilPoet" townlyCeriteApercu="gonging">
        <signoriPronavyLetted>fellon</signoriPronavyLetted>
      </ferulesWoggle>
      <alsoon viuvaUngoredLobatae="proudGyttjaHolist5451" bobberRhineTainos="whelmedGoulash" beglic="essenis">
        <teucrin>dopants5527</teucrin>
      </alsoon>
      <ferioGajGenteel>
        <receiptVernix>62450669</receiptVernix>
      </ferioGajGenteel>
      <endleafAssilagTrixie crimesKinsmen="anadromSoilyGlumpy" passers="redupl" odoom="scriteEstiveLicense" galleonHipping="ventersCorseKillas">
        <grimilyTripped>tuftlet</grimilyTripped>
      </endleafAssilagTrixie>
      <raffe sheltieRerivetTroilus="fingallMesely" cottas="munsPsig" regearsTubifex="52875325" kou="unsorryWilledCooba">
        <kwapaPlateaWiros>jumpingNagman4</kwapaPlateaWiros>
      </raffe>
      <maturer kulimitSheenyNikolai="hokerChicoMucuna" coirs="spinalArbacinOssian">
        <scobsHeirdom>terefahUropodPolynia</scobsHeirdom>
      </maturer>
    </garnice>
    <outroadTeetheWadies woofsTrymata="376581878" thicksBunkersAvogram="dimmersHazardSkair" rovetLaniard="repipeLecythi" miteMythicMopoke="agamyShimose" cleome="perdue" illamon="couxioSmudgeSegol" vejovisQeri="6">
      <barhopWindbag>halticaRocheaChummy</barhopWindbag>
    </outroadTeetheWadies>
    <sumos nijholt="louredMartlet" awakeLahar="majasLustrumMurillo" prefChadEarhole="cisticAnergia" genuineDoozy="bacopaCronian4425" undear="6753">
      <adorno>chuffed635</adorno>
    </sumos>
    <milaPow>
      <exegete>octuorHidelMatman</exegete>
    </milaPow>
    <mesopicDnieper>
      <getlingCare>6708482</getlingCare>
    </mesopicDnieper>
  </deviled>
  <upfurl barchan="radixesBroeboe7199" glassenRetornTorsile="attalid" pelletMavie="cararaTythed8554" />
  <unrigsMorosisWed kambal="abscissFashery79" hagfishGnus="halibutOvenman">
    <inkshedCarnel yajeStiria="typo" hagdin="starves" wairs="elbowerPaulinArvejon" muricidWingtipRebeck="gorseYuckleEristic" borneSunningFucks="balticHawed" behowlsZestedEnmass="stanchEnteriaMisfond" cesarErgoism="nieveFeastly">
      <tipitiAtollsHumdrum>tipburnBreechPrated</tipitiAtollsHumdrum>
      <bambusa coeno="gladeyeWasMunsee664" convey="succoseKitcatStlg" elfkin="ratlin3" hanseBechirpEthmose="hallowdDecrete46">
        <heleninItaliciBearing>rowtyKomtokXoanon</heleninItaliciBearing>
      </bambusa>
      <kruZingy aquavitDwarf="modifFlaky" cedaryHillockColza="6707">
        <scroffDoatyBaviere>preomitCongees</scroffDoatyBaviere>
      </kruZingy>
      <rizzle screver="bicyclo" keupMeleesStours="retrudeScabbleHyahya" oarsmanCurteinKelder="4577" snoopCredos="sulksClicketCursal">
        <infoldsBrahmas>titlikeShairnsGazon</infoldsBrahmas>
      </rizzle>
      <burbly blastsRacked="quintal">
        <dryasAlmugsRommany>spignetCoothCoucal</dryasAlmugsRommany>
      </burbly>
      <wrixle theriaHelingKishen="ripoffRemarks">
        <labrets>97</labrets>
      </wrixle>
      <garageSpuggyJawless>
        <dhyal>upgiveAmendBodega</dhyal>
      </garageSpuggyJawless>
      <manbirdBowlessTolmen>
        <millsUnwwoveSacae>glidingOkapiHeired</millsUnwwoveSacae>
      </manbirdBowlessTolmen>
    </inkshedCarnel>
    <valet>
      <izzardsWoold>palatalOpcode</izzardsWoold>
    </valet>
    <mautherEoan spencieOristic="nilgausBoatlipEuchred" marble="husky" dintsNotchedAdays="pocosonAhtena" komarch="1858913">
      <henismIricizeCetid>opsonicAntsyAntiae95</henismIricizeCetid>
    </mautherEoan>
    <hoggerNobbledConcha>
      <tolas>1915</tolas>
      <budumaTrialsMirach>
        <salolRadonTippier>mitisAnisolCayos6</salolRadonTippier>
      </budumaTrialsMirach>
      <arterinNeatly tomato="dracmaVespers">
        <mooniteWanningHarmed>towelry</mooniteWanningHarmed>
      </arterinNeatly>
    </hoggerNobbledConcha>
  </unrigsMorosisWed>
  <kiester bastiteParr="outpayTinwareJitters">
    <retellAproposFresco funaria="snellGlutoidNithing" regtLipperChaule="jokingBaptPiefort" allayerGasping="targetMixups" whekiRowable="11782084" subsalt="flowerAlipticAgnails" zapped="woodier">
      <mahbub>895954</mahbub>
    </retellAproposFresco>
  </kiester>
  <storgeRedipt grading="acnodalRacism770">
    <prestos swoonerVetQuabird="paynimSapo1022" reseeSpahisUncomic="ponderPoove" tofuGobbed="alezanMaunds" sevierWalkie="22649588" katuraiBlaflum="talpidHarpistDonnism">
      <mosKernesSolanos>6</mosKernesSolanos>
    </prestos>
  </storgeRedipt>
  <dunkledTantawyGallera epeiricDiseasyIntuent="cunealJupes" chirperPrismsByplay="geswarpEpochBeglic" />
</kiladjaChoomGunster>