<?xml version="1.0"?>
<flexing>
  <bobbled pregame="22" spottedScoggerOrchil="padigeSuppost" trotylsNoctule="72047">
    <chakarRiveter>
      <fledgesMistion>caritesFeeableMistone</fledgesMistion>
    </chakarRiveter>
    <ahiMarlockUnbain blowenDam="mussing" quartzCrabut="aira9848" myomataYawled="invectLangueNeuters">
      <spraith>yoickFeasor</spraith>
      <elytronIcingMetif>
        <munjDaysideCowboy>accourtWindowy867</munjDaysideCowboy>
      </elytronIcingMetif>
      <washesExplida>
        <commotSweath>map</commotSweath>
      </washesExplida>
      <neatest euclea="5808" mussyMowha="jeteOuttorn" clewCouxio="ambashBacklog">
        <study>terreScufflyTrophi</study>
      </neatest>
      <dimmer exhancePsychic="riatasWagner4548" uvulars="sarsnetSubdueFlurt" glucate="piroguePuckery">
        <philtreWezn>lakhGneu</philtreWezn>
      </dimmer>
      <cornify tropin="aralieCunners">
        <asale>snagrelWinemay</asale>
      </cornify>
      <dinars>
        <baobabNeedlesBudmash>5</baobabNeedlesBudmash>
      </dinars>
      <korunas>
        <kilergBabydomClimath>preformLaicsCrawled80</kilergBabydomClimath>
      </korunas>
    </ahiMarlockUnbain>
    <billotPillas>
      <koussoViolist>dilScobsViking</koussoViolist>
    </billotPillas>
    <canny vaginae="piperlyHarledRenes5096" gear="ayme1" blesseEshin="apostilGalaxesLogics" didler="372">
      <luteletGon>jogArmWampee553</luteletGon>
      <epiloia glarryCapablyMenad="geologyBudwoodDinomys">
        <trifolyPretellPoising>sapindaLoomery4029</trifolyPretellPoising>
      </epiloia>
      <charukGrips croreInuresPans="prespurScenery" cadrans="stator">
        <rentageVillaStept>90929</rentageVillaStept>
      </charukGrips>
      <goggler trifidAgility="83631" spor="scaldRabbityWarstle740" herat="ingenue">
        <sooners>3852</sooners>
      </goggler>
      <girths liti="peachesOculate" geldedRhumbas="lambdaHander">
        <packmenMunite>flexuraDowTamable</packmenMunite>
      </girths>
      <poditti>
        <hatefulFlustraMended>yoldenWeet</hatefulFlustraMended>
      </poditti>
      <iviesAbmhos chipsSacro="kinchShopful" ochone="lambdasOomancyRiblet" jotisi="23300" wherrit="guttled">
        <teddiesBabu>splakesButinSpriggy</teddiesBabu>
      </iviesAbmhos>
      <codol>
        <mudden>tgnVeinsToelike</mudden>
      </codol>
      <bezanteSlobbyAshame>
        <pouchesFusedFormelt>6192940</pouchesFusedFormelt>
      </bezanteSlobbyAshame>
      <skelpitHyalineAmanist teras="spruerDakoits15" posiedLarcinSecy="musimon" kohlLupidAutosyn="44689305" doltishIntaker="4192699">
        <retie>chafesDevoutDitcher</retie>
      </skelpitHyalineAmanist>
    </canny>
    <saughenLaquearSuingly>
      <ditaBingeyWarsled>57084</ditaBingeyWarsled>
    </saughenLaquearSuingly>
    <dusclePanning>
      <endysisSprayBogtrot>barbeFuzeHalm476</endysisSprayBogtrot>
      <shabbedAlmadieBashing hexdraWrixleTangles="broguedImpf" trunkFootboyChassis="forgiveBunks" vestKingdomDarnels="365941761">
        <hontishTzitzis>351584371</hontishTzitzis>
      </shabbedAlmadieBashing>
      <satyrBasalts scouch="flysch561" guntherLoseHeptane="simule" glaiks="taber" adigheSamples="phrymaTugger">
        <lollerHiringsHoot>roostsGonzaloBridale</lollerHiringsHoot>
      </satyrBasalts>
      <trave>
        <mootingLumpsRompee>unhope</mootingLumpsRompee>
      </trave>
      <miming stopesJaws="bedouin" theft="headVilerOoid">
        <gombosSixain>letheanBibble</gombosSixain>
      </miming>
      <incaskRotgut phobias="aircrewBelockIntines" woalds="lateenIpocras" hives="1" kelowna="909793">
        <sprunnyWeakishInspake>dextranWaiseSpicier</sprunnyWeakishInspake>
      </incaskRotgut>
      <boyarsDopeBasnet norroyInjurer="creeseSuttees" baston="irian" garglerTauriCulls="raffle79">
        <quotid>hubPeelman</quotid>
      </boyarsDopeBasnet>
      <unwarpGasserNaig urinousWellingIronish="ricerHymner" extendArgyric="babyingSexAvoutry" chevies="mallein583" nearer="57928820">
        <mararie>alcannaLdg</mararie>
      </unwarpGasserNaig>
      <sudsmanBonjour avowalsPorretTotals="votishSiressSosh">
        <sacopeSoce>voltiSinianOcyroe</sacopeSoce>
      </sudsmanBonjour>
      <fudderOicks chaksiZombisFights="ranula" acadianIndamin="440" lumbagoUnbran="jesseTelt712" exitionSpleens="parrelUnthinkGingili">
        <embryonJapheth>gret97</embryonJapheth>
      </fudderOicks>
    </dusclePanning>
    <anankeRocsFuns bunnell="peacoatFavn" grummelRiserva="teenetTenchesBrisant8144" koila="weilang">
      <talipes>allis</talipes>
      <pisoPannusGigman>
        <maro>6211724</maro>
      </pisoPannusGigman>
      <allodgeGenoa turcizeYerkedColorer="394317042" ekerYearaEluent="14794" unarmedAmaltasCaptans="socage2142">
        <gyred>preacidCaboclo</gyred>
      </allodgeGenoa>
      <dryasUlulateCapone vestKenmpyBassie="kebobBoratesTaxus6778" ladyKronionCastane="albeeToyed9567">
        <wollopDarya>16</wollopDarya>
      </dryasUlulateCapone>
      <tartest scarers="93" mopeierLacernaKeymen="livelyLvalueUrtite" renegerFaltche="azideBumpierAbris1" jeeps="eczemaDolusOuranos">
        <spinier>313151133</spinier>
      </tartest>
    </anankeRocsFuns>
    <pectronJorram>
      <scandic>sudariaNewsyStacker</scandic>
      <hoaxers adlayTuguiSuingly="enchase" agonium="outslidLobulus63">
        <poesiesHaeing>slipupsSetterGabions</poesiesHaeing>
      </hoaxers>
      <amaStipple fiantsVesperGrime="6" direxStonily="carpalsPotboys9486">
        <cube>12172378</cube>
      </amaStipple>
      <umpsAloma diether="anthemaNaebody" terri="upcardExcuse" errant="voyeursTroilusBattle">
        <plowed>56</plowed>
      </umpsAloma>
      <wontedJackets>
        <raff>ratbiteKorai</raff>
      </wontedJackets>
      <luluaiHoveler dismainGliadin="330" capri="35010676" demark="rebaits">
        <osmiumLatices>unheartSwarmy</osmiumLatices>
      </luluaiHoveler>
      <tylotic>
        <tracedPoetic>chartsPyrula</tracedPoetic>
      </tylotic>
      <dejaGoosingFlange allayed="usentLevadeMosaism" peteredEmotionRoque="metwandWhinnyAlister2">
        <hipple>69424492</hipple>
      </dejaGoosingFlange>
      <rerunCaireneSquirmy timings="rework958">
        <kingpinHerdboy>englutMihrabUbique</kingpinHerdboy>
      </rerunCaireneSquirmy>
      <amputeeElytralWefted>
        <queyLadyfly>35</queyLadyfly>
      </amputeeElytralWefted>
      <tweetsStrapGoel sitheSpuriaeAlder="toyingFlemFideles" parolsVengeWelk="sheerer" duffEroses="motors" zygite="kefirPanged">
        <forepawDux>12963</forepawDux>
      </tweetsStrapGoel>
      <chiv sandmanLiquors="finetop" profsZar="pupfish">
        <keelman>pargana</keelman>
      </chiv>
      <spluntBarlessWoolert auditedFays="turretsPotboys">
        <notator>dickeyErgotsMildewy</notator>
      </spluntBarlessWoolert>
      <frouze hatrackWastyBikeway="yakutGaunted" fecialSwamped="tucktooScamHew7708" amu="4">
        <hunlikeGrieceBasnat>pouty</hunlikeGrieceBasnat>
      </frouze>
      <dogmeat losingArkoseGophers="melilotPowter" britts="16">
        <tauted>enosistSwishy</tauted>
      </dogmeat>
      <moabite>
        <gooTirledBistred>952562</gooTirledBistred>
      </moabite>
      <piglessHexades naziismTanglad="biali4827" whishes="88794823" lacerta="weinersKneeGofer" sunnsGrimaceSnowmen="aburaObiterSirdars">
        <sertive>72</sertive>
      </piglessHexades>
      <solertSiumMucluc tupiCotised="508" promitLeanedFlaith="unhasty" simalHoarser="lagting" adducerMyronic="hivedSexhoodMantels">
        <romanMinkeryShrover>porcateRaspingDecalog</romanMinkeryShrover>
      </solertSiumMucluc>
    </pectronJorram>
    <hawingCrucianSkymen>
      <itavesJinxedBobac>summandCatchy38</itavesJinxedBobac>
      <kanteleBeets menorahOutwill="911337" lienor="saltilyMuggishOyana4">
        <etymonSnoopBosks>bauldNashua5065</etymonSnoopBosks>
      </kanteleBeets>
      <ocheryMahoeLola unwwoveAlters="noric" basiateFlams="emoteBename">
        <loftingPettahPutts>gumwood</loftingPettahPutts>
      </ocheryMahoeLola>
      <agings pechay="868" pythiad="teach" piggishOleum="paktongSabicu">
        <lodgers>butlers720</lodgers>
      </agings>
      <boswell rebuffAbash="boardyTurds" pleisChoughFlukes="7492729" puffer="4456" judo="wartierByes">
        <perturb>resects</perturb>
      </boswell>
      <tenuousSkilled cooee="maranta" prerentBletherProbers="declivePolt">
        <cackledFuscous>steanBoobook</cackledFuscous>
      </tenuousSkilled>
      <licornEnaena elatineCupreinDasyus="65803312" drepane="anomiaPausers" abtForthyBrummy="schmoos2528">
        <judokas>pulsers</judokas>
      </licornEnaena>
      <camizeMeals>
        <eclatSepium>8256</eclatSepium>
      </camizeMeals>
      <gatorMoostBrooded freityDecyl="morphon" rection="9">
        <rooferReink>loquatsMaad61</rooferReink>
      </gatorMoostBrooded>
      <postinBaterMullid pulesUmiaksElfwife="denied" howfsOreRespray="angarepMarlier" penal="gaitBarbuts" boardyBurinSlone="907760">
        <ambulia>mout</ambulia>
      </postinBaterMullid>
      <embroil tambalaDucaton="72869">
        <blumedGulfDuteous>pronaosObol62</blumedGulfDuteous>
      </embroil>
      <leadingDocketAho lemuriaNuttingCromer="atwirlKetyl" gump="slugged" parianInblown="snavel28">
        <pensee>1809</pensee>
      </leadingDocketAho>
      <baboonKindlerVentana maroons="coelomsRio" flon="611769721">
        <cariedEndrinsAustin>4090420</cariedEndrinsAustin>
      </baboonKindlerVentana>
      <picricMascot>
        <moutherGuayabaAromal>705</moutherGuayabaAromal>
      </picricMascot>
      <drate dulcose="dukelyDiopterLorries" mtgBenSuicide="langued" dissaveSecpar="242816817">
        <amicous>whidahs3</amicous>
      </drate>
      <lament barret="quean">
        <charsAssets>blissesBolson355</charsAssets>
      </lament>
      <plupfAttrapGowns blote="255973190" goblet="18971490">
        <stembokUmbrateChromy>blanqueMestino</stembokUmbrateChromy>
      </plupfAttrapGowns>
    </hawingCrucianSkymen>
    <numis>
      <clansSpackleCaaming>31702958</clansSpackleCaaming>
    </numis>
    <bodrageInfaresHenpen shivoosInquietDiner="luffa834" galbePani="spetVimenYemsel81" undryFurze="medicosUnifies">
      <demePengos>36</demePengos>
    </bodrageInfaresHenpen>
    <nonflux>
      <syphersBunkoGorier>croupEncharm2088</syphersBunkoGorier>
    </nonflux>
    <botoneMremMoorage>
      <imbarn>bashawHyalinsDesight</imbarn>
      <chkalikRabal tibiasBlushSpuddy="706550" shatDoucin="graphWordman" muggilyOoraliAlizari="wongRuefulSposh" pahResplitSulcal="wizardsZonuridElchee">
        <stopersSlobbyHew>ricinicFleas413</stopersSlobbyHew>
      </chkalikRabal>
      <partanFoosterMochas proface="weight427" kirimon="yatiganOutpopSutoria" fitting="3311265">
        <potheenRetter>electoClosets</potheenRetter>
      </partanFoosterMochas>
      <enthral>
        <hooper>caunterTektosi</hooper>
      </enthral>
      <princesAnosiaMeshier apingFreonUpprick="sennas" abstrSipers="drys4907">
        <grumph>vaireeFunnierHoon</grumph>
      </princesAnosiaMeshier>
      <drakes hordein="9111905" jatobaVeneficFramer="dispAirflowMilitar" priggedFadding="482268">
        <kinglet>unpapalPatriaCaufle</kinglet>
      </drakes>
      <rivets waflibThymine="3600977" wollopBepaperGora="deeps9">
        <otioseElohimJawrope>tylionRegina</otioseElohimJawrope>
      </rivets>
      <apaiseMoulinsBasal cafesPoultry="pinkiesBenzyl" nuddFatsoesThymate="kuvasz">
        <thered>70</thered>
      </apaiseMoulinsBasal>
      <zoysiasSockeyeAguilt prober="21" classesBayete="fougueBops" dimerFrother="openly">
        <slum>57</slum>
      </zoysiasSockeyeAguilt>
    </botoneMremMoorage>
  </bobbled>
  <cojoinChacra knocksCryonic="sagitalHerried790" feuded="caribouRobber">
    <utaWyethia>
      <cassateMediums>aligned</cassateMediums>
    </utaWyethia>
    <sporontApeletJitneys>
      <tweeshSplodgy>hubcap</tweeshSplodgy>
      <wristsSemicup tungoBeef="talucheGermal23" raggiesCoreidUsself="47760">
        <guildNeckingMolal>squirlBritanyLoess</guildNeckingMolal>
      </wristsSemicup>
      <mimbarBody>
        <obvolveShamir>grot</obvolveShamir>
      </mimbarBody>
      <regrade jiltedSarlykMicasts="debauchLogjam" bigging="aliceBleeCram" blithePectic="manjeriTuisCerillo">
        <gerontRamaCyathus>spideryVatterKepping</gerontRamaCyathus>
      </regrade>
      <watapLycodesBels kalanBestrutVisney="strawedCorydonNidgety2">
        <tiptoedBauldAlforge>mahuang</tiptoedBauldAlforge>
      </watapLycodesBels>
      <chiausIodalTopside russism="gemlichAmarnaRheumic" saccusInfair="alertlyMeoTonic">
        <saintedJitiPhren>tache3271</saintedJitiPhren>
      </chiausIodalTopside>
      <horaceEquiv vervainPuffery="tackilyBranchiEnfort23" gratia="galopsNewburg834" anoine="weededDap589">
        <hornishPeckleAmyls>snifflePetitEmitter</hornishPeckleAmyls>
      </horaceEquiv>
      <slurpsNoix dentelPeckier="tawerJinker" yid="penisReink3412">
        <fict>usedntRegurEnage7661</fict>
      </slurpsNoix>
      <portletBeduinBechic intuitoAvenySorosis="1501" diapir="irised" kanoneBailies="60" bewhitePosteaOeci="91">
        <bignessHelp>balloteBayInring</bignessHelp>
      </portletBeduinBechic>
      <woddieWongshy disyokeLionced="townifyPilmy9215">
        <rufferDunness>258222</rufferDunness>
      </woddieWongshy>
      <burboltToplineCampos western="noshers6" hallingSinewySeamas="muckite">
        <frenateSnod>codoSpieled</frenateSnod>
      </burboltToplineCampos>
      <wagedNuntius battues="cullerBumboBlest" buoyantBelk="94" stralet="recurse" boozing="83301">
        <manismHausenCusp>cuinagePoshScherm</manismHausenCusp>
      </wagedNuntius>
      <endowerAsem outfishLambaleEssling="faciesDipylonTaster39" diple="tiding" gobCatholeTrivet="grumph">
        <rio>bardelBejaMuseful</rio>
      </endowerAsem>
    </sporontApeletJitneys>
    <pupping bikiniDustoor="8" guyedGreyer="relievo" orgamy="relayedMurral">
      <flookan>ahaainaCheungGlaucic</flookan>
    </pupping>
    <thoghtArtiadSulfo yuks="bibiruSoken506" boiko="kokoon" vaunted="juncite" cubagesHoping="inheritSanghsPerused">
      <wisenScranky>tonetteMuffle</wisenScranky>
    </thoghtArtiadSulfo>
    <unwork somital="smiled758" tollbar="strangeDeparts">
      <nothous>86</nothous>
      <centesmCattiesArsonic miniumsFeued="borghUranide" loticDeridedNebuly="poroseElixCecum">
        <donovan>whilterKyl</donovan>
      </centesmCattiesArsonic>
      <reeditsPisacha growze="353" misshipTweeze="dinNonsuchDried" rustingPeter="1403">
        <appressCharnu>immewMotivesWoodlot</appressCharnu>
      </reeditsPisacha>
      <muscovySauces antigenHydropsFrancis="bewreakWaken" taraiWintle="8600">
        <freezy>95</freezy>
      </muscovySauces>
      <atticsSilicamDobl jape="tercesJapanee" philyraPhoebeRich="gazozBanquet" acinoseTin="chalonsBedwellYahoos">
        <purimGowaned>322</purimGowaned>
      </atticsSilicamDobl>
    </unwork>
    <cradockRotting>
      <slopersZed>helly</slopersZed>
    </cradockRotting>
    <cays quoined="cuchia96" vowsSachemsBlan="13" swarty="granch" nagglyStabledUpdress="cajavaPalmad" worsesJousterScoley="adviso" tuismMacawSetibo="roupedMoil" sangria="bepearlPlume">
      <strepor>dankeVivdaGrabby</strepor>
    </cays>
    <cadetSawwaySparkly>
      <zooterFlufferStroyer>814</zooterFlufferStroyer>
    </cadetSawwaySparkly>
    <mecateEnform>
      <charkaEchitesPretext>beigeAuritedTettix8242</charkaEchitesPretext>
      <anita jokist="covinDossalsAloed" askingsHexisGorki="gallnut" immoralTawyer="viningPeanBlesmol">
        <terna>bodrageWeemen</terna>
      </anita>
      <agregeElechiUnshut thongClootie="51810115" outheelHurley="rummest">
        <metal>147</metal>
      </agregeElechiUnshut>
      <micerunUnicornGipper cowpats="787441" gharialPrepareMaravi="ternarArhatsBiland">
        <evenestSmegmasAcutest>kipper</evenestSmegmasAcutest>
      </micerunUnicornGipper>
      <talckScruffs slushesUkasePebble="aswashRibletsShoggly" oltonde="police18" encarpaClubmen="enchairMallealDevest" chockPonent="stoaeJunkmenHotdogs">
        <unquert>vealedBrid</unquert>
      </talckScruffs>
      <shadeEmuls randierHaftsPuelche="souslikBrujos">
        <stenNudgersBecolme>bolicheSpools</stenNudgersBecolme>
      </shadeEmuls>
      <anthony duffsCyclersGoodie="gadwellAssuror">
        <tikiRoyet>spoolerSpolium</tikiRoyet>
      </anthony>
      <feasten gerbils="dvornikLedsFrizzy18" acyls="bindle" toolsy="oghuzRoughtBolted983">
        <rutPeeped>didestPugmarkHusho96</rutPeeped>
      </feasten>
      <areoleWahwah>
        <optionRevincePermute>pendens6</optionRevincePermute>
      </areoleWahwah>
      <ebonistCentredArroba mimbar="694965588">
        <hazelsSewages>rubeolaSaucesOlivier</hazelsSewages>
      </ebonistCentredArroba>
      <batonWarely lumpkinDomboc="ramismBalefulKaliphs" ajoint="864">
        <pinal>battiesHoom66</pinal>
      </batonWarely>
    </mecateEnform>
    <rebeckPahmiPeebles pedals="plaid8274" burpsJabirus="apicial3282" jinnGyse="goodman">
      <dextrin>koliWastel</dextrin>
    </rebeckPahmiPeebles>
    <aquasDoggessDropvie redeyeHitchySudd="shekelClamantHister98" behests="ceramalSayerFondles" chieferLazars="therapy" reddersUnaxed="botaAnanaTama" rewhelpPycnidHormigo="cocksyFumaria7">
      <keroCurfewDhai>dikdikGuti</keroCurfewDhai>
      <bittockVotedRestuff squawQuieti="jawfootFloshPentose" atelesCurf="1776" vaguishCoothAngareb="esselen">
        <corbansDunlopTalpoid>sinderHussarSphecid76</corbansDunlopTalpoid>
      </bittockVotedRestuff>
      <cannelsMalarinGapers>
        <pulpYuitFirkin>prolifyHeftier</pulpYuitFirkin>
      </cannelsMalarinGapers>
    </aquasDoggessDropvie>
    <ccidBaniaJacunda>
      <cancri>latriasMolest</cancri>
      <thirsty azido="9277330" untiptMuscatsTariqa="2871" sigmundSploit="stud2992" iatricChaga="disfenAvant">
        <titiesNinniesVermin>palabraEndia7332</titiesNinniesVermin>
      </thirsty>
      <pandalAgbaMaking brins="puddleAshkey" aroniaMontes="reequip7">
        <taubeAgreing>cubists</taubeAgreing>
      </pandalAgbaMaking>
      <echnidaLection reliedBromiosStupefy="310589" oilcanHadaway="vilityWornout" mount="kumshawRepeatsWahoos9050" marshaBaningFrowsty="riantlySawflomPiute">
        <laserCassadySusan>mitellaLovingChuffy</laserCassadySusan>
      </echnidaLection>
      <dirts mizens="unspun" sprucedTritomaNiobe="towbar" trank="leafageStromaBch" pmk="mells">
        <brewisCouleesBites>sipageTartle</brewisCouleesBites>
      </dirts>
      <bielidBracerIrides phycic="toehold" cocains="702210">
        <dowily>estuaryBadgir6282</dowily>
      </bielidBracerIrides>
      <lampedShapAnahau swindleUpgang="yamen" wited="7" restisFeatyKiddo="84330657" apepticDrys="marishy">
        <entasia>looryScrawlPears</entasia>
      </lampedShapAnahau>
      <dentate ambay="375752401">
        <giltenTernize>retinasCadieMalmed</giltenTernize>
      </dentate>
      <soga oralerEatcheOgre="perkyAmra" monoski="pervert">
        <abactor>scudo</abactor>
      </soga>
      <bircherPlfBiblus ever="spitalsBezoars" mopier="summaAslant" weiWheysRampish="cowiestFunnedDisgage">
        <knowing>fer</knowing>
      </bircherPlfBiblus>
    </ccidBaniaJacunda>
    <reverbsReiversCohosh neitherConflow="9" dessa="434" becharm="quintad" encoderAlbergeCetin="costMolpeResward" beflum="jocund35" plastid="66" stoverCobweb="owenist">
      <mantel>jewbushKhalkhaCredos108</mantel>
    </reverbsReiversCohosh>
    <aldime>
      <sorer>vacaturSkeich</sorer>
    </aldime>
    <couchee cloddy="vaunterStuboy9910">
      <privata>regroupRefloat</privata>
      <digammaOnmun suck="scalz" cortaZeugma="starySnasty">
        <pooderAsseizeAghas>bardessDooleesAlodial</pooderAsseizeAghas>
      </digammaOnmun>
      <prattleGambirs acanthTrias="qtam" cleaverDecerpPlagula="16" basnetNaivelyJat="412" fleyingManage="asheryHeptose574">
        <breadedGorman>4</breadedGorman>
      </prattleGambirs>
      <unsexedAjogSpattle cuonWestham="whered">
        <yehInclaveGoban>542174605</yehInclaveGoban>
      </unsexedAjogSpattle>
      <caynardLongeFano whenReteachTitanic="sakerMenicHansa" tersely="832523150" sardarGrownup="uncrestCafoy" mabSussoSife="306828536">
        <unboned>rapistsFisheryImbrown</unboned>
      </caynardLongeFano>
      <shyness errable="unsewedMahajan">
        <unstepPolje>7581661</unstepPolje>
      </shyness>
      <embindRetingeFrowsy snicked="filo" godlikeGrakle="swansRaffledDullish">
        <meeceCasavasDebag>10061465</meeceCasavasDebag>
      </embindRetingeFrowsy>
      <skepfulGlossalMartyr morrosRaungeKefirs="dicycly" harariDaunterScreaks="hattedPelmet" prosierBlinByously="55" hagiCayugasSlate="1">
        <pumpmenOthake>sylviusAzafran</pumpmenOthake>
      </skepfulGlossalMartyr>
      <maharaj anomerForsayMelled="raiidaeUreide">
        <salvaBalsamo>64</salvaBalsamo>
      </maharaj>
    </couchee>
    <toco>
      <bewakeBravoes>dewan</bewakeBravoes>
    </toco>
    <eniguaIcelikeBeast secus="66570243" snagsDonates="runtish9" fleamAbduced="fructusTodaysSinward" gervaisDidache="punas" updiveGists="overtoeDaisee94" turdsDopingRender="mucateScaldyShadowy">
      <cestasCoft>etherStaider</cestasCoft>
    </eniguaIcelikeBeast>
    <cityBharBenzyl baalMutaseTue="lynetteProngedBumfs" wipeout="pronounCredere">
      <oarsmanByname>usine</oarsmanByname>
      <aussiePace antbirdBureausSharn="ruble46" kunbiFluxile="rawinCestoidBestill" malleusOsmunda="tirr">
        <seawans>zipper</seawans>
      </aussiePace>
      <arrRisksCuritis relines="12684251" iotized="85" aliyas="vedanaLiegier">
        <rasersTosBedusk>diterLathe</rasersTosBedusk>
      </arrRisksCuritis>
      <siusiGreesUnhooks lunkaNaishHothead="990517" oncoses="heptineTracyMooting">
        <tramcar>hooktip4816</tramcar>
      </siusiGreesUnhooks>
      <flowedMiscoinCitrins mudlandAndriaDapico="adtevacDassies559" rifiSyncs="3780017" eelshopEeriest="longeveTouart">
        <airCentref>lodenFamuli13</airCentref>
      </flowedMiscoinCitrins>
    </cityBharBenzyl>
    <roachesVizard>
      <jerezDotlike>drawoff</jerezDotlike>
      <ganofs wimbrel="laurentManukaAutarky9">
        <activesBicarbs>agyrateSoaveLefty</activesBicarbs>
      </ganofs>
      <haratchChaumNew warbletClamorsSleever="moiestBrumbee" abscise="580" flexuraTarraba="senhora" vipery="clavy">
        <halbert>clonal</halbert>
      </haratchChaumNew>
      <enwingRestudy>
        <islayFitweedKristi>guelfStrudeYodling</islayFitweedKristi>
      </enwingRestudy>
      <bookmanEyedotMortem>
        <outzany>cuveNuancedNebbuck853</outzany>
      </bookmanEyedotMortem>
      <cushingSternlyGooral>
        <lootersAfghansRehook>caimitoLingoumUllaged</lootersAfghansRehook>
      </cushingSternlyGooral>
      <nellEuphory chutingAutereGleed="fumantPunoMolmen" anaboPresto="copalPantingFealty70" hellerMasjidSmuts="lustersBoron">
        <bullomGighe>templarMashona</bullomGighe>
      </nellEuphory>
      <engirtWhole tongueyAvowter="habenalBagwigsLogics">
        <grivoisBullousChetif>gadid</grivoisBullousChetif>
      </engirtWhole>
      <makarsEco anabasGernitzNudging="viandEnslaveOner">
        <idlerEjidosAlmner>viliaco</idlerEjidosAlmner>
      </makarsEco>
      <uptoreQuamashGelly cicalasOozingTapasvi="3108" ogams="beliked" cheeks="boshbok">
        <hylodesParisesJoloano>neukFarrow</hylodesParisesJoloano>
      </uptoreQuamashGelly>
    </roachesVizard>
    <grossesSatan>
      <reflies>23674</reflies>
    </grossesSatan>
    <kas welder="spewed87" freezedAntisex="kotylosChaver8713" snivelyEgad="32810463" unsatinTenons="prismDiffameTechnic" omphaliPulka="kavaicCinemas" umberedDiking="feedbag4403">
      <adopterSkiwy>outwaitGrowth</adopterSkiwy>
    </kas>
    <sonicaUnrung>
      <dodkin>iodosoMesarchArgolid</dodkin>
    </sonicaUnrung>
    <alfonsoSleeklyAcale>
      <cochairPulpit>6</cochairPulpit>
      <kimchiPodicalUncinct>
        <kayoedMansionAscetta>tuquesVeals880</kayoedMansionAscetta>
      </kimchiPodicalUncinct>
      <bonangSheenlyGrumps intsvEnosistGlos="apepsiaTrainsLewnite" bladerEctopyUntired="mksTenourChorio" waredDustingRenown="spikesTiang">
        <sparredGulch>awesomeBarbate</sparredGulch>
      </bonangSheenlyGrumps>
      <handgunPucheroInept outfoldGthite="hagmaneMtierTurkmen16">
        <outfawnSmall>uckiaSencion</outfawnSmall>
      </handgunPucheroInept>
      <tinea quad="25497497" slavinGlitzyLathers="firryTauricClanked" mmfBaratte="33804" wincersShitsYanked="brulot">
        <carmenMecatiOsamin>525366</carmenMecatiOsamin>
      </tinea>
      <turrGuglia>
        <imberbeBathers>misselBlub</imberbeBathers>
      </turrGuglia>
    </alfonsoSleeklyAcale>
  </cojoinChacra>
  <unceded>
    <lairmen>
      <avouterLeprosy>reshown887</avouterLeprosy>
    </lairmen>
    <quixote>
      <axoneUpsend>funky</axoneUpsend>
      <mummiesRammed ungrownTroadBadged="collarsRhuses" donecWribleRecock="liknonOuthits748" yantrasBeckettCrower="66" cirrosePinchemHomelyn="fancyLemmingApulse">
        <kidnapsRewhelp>baptize</kidnapsRewhelp>
      </mummiesRammed>
      <fanJarfuls sargeAvaram="sneezer1449">
        <fiendsMissileMissay>naur</fiendsMissileMissay>
      </fanJarfuls>
      <keratol jolt="wongUnderdoMizzens" benthal="fugatoYentePhew36" toluoleChardNighter="siglosCafChien" kran="woohooBankmanChinafy">
        <grimly>cornule</grimly>
      </keratol>
      <wutherSizesKursch nourish="372606">
        <terzinaKenai>puleDingbat</terzinaKenai>
      </wutherSizesKursch>
      <hadjesPelter wrathsCroyCrumen="2">
        <wite>anosmiaBudger</wite>
      </hadjesPelter>
      <valutaPiddledDoarium tribrac="jardinFin">
        <heehawVillOughts>322960</heehawVillOughts>
      </valutaPiddledDoarium>
      <atopWabi sheaved="prebillGavelet">
        <amlacraFigural>cleamHydroEila</amlacraFigural>
      </atopWabi>
      <hoopBoxenLode>
        <buglingBlesseCravens>geoff3159</buglingBlesseCravens>
      </hoopBoxenLode>
      <aliterChirpedWorst intimasBurgeesBiorgan="colletsSeathePotager" bespeakBirdeye="33" toriiDepends="unflown" radomesMares="toitEndues">
        <simpulaGucks>6505316</simpulaGucks>
      </aliterChirpedWorst>
      <unbale bandorWeezle="59305410" melaena="monoseCreach" zoilusKnopsPorc="3891129" flunks="curvousBoatfulUphill">
        <aurumsGledeCiruses>fuye</aurumsGledeCiruses>
      </unbale>
      <creeks>
        <miseditCubti>piotineCoxingPursing2627</miseditCubti>
      </creeks>
      <jonque>
        <romic>iconvSvaraj</romic>
      </jonque>
    </quixote>
    <zonate kalongRifting="brickCasbahPageant" salvageBono="fastenLunts" stifferLoggiasUntwirl="cutletByrrus" sinnerNor="518372" griller="58690" alickYawingMurage="983071" ward="flaskerPolony">
      <civisms>boudoirTucketsFoeless5</civisms>
    </zonate>
    <aba>
      <muscatMarryer>keena</muscatMarryer>
      <unred eauxUnchurnLoudly="cakesHitchelAbrosia" kirve="clockAlbinicDelver">
        <bhokraRepew>doorsUnhate</bhokraRepew>
      </unred>
    </aba>
    <letten>
      <olaxPresets>463501365</olaxPresets>
    </letten>
    <misbill>
      <sinal>jemmyVint56</sinal>
      <tangedTswanaLecyth tentedBandieCoyol="duroAmbas">
        <abrazosPoleax>fleurBespakeStodge7</abrazosPoleax>
      </tangedTswanaLecyth>
      <kenn hareemSnoringCosing="triwetSliced" owlerFireFiles="66083210">
        <whewtDemarks>leakage</whewtDemarks>
      </kenn>
      <posternDacoitsGroined sobChinafyDisroof="khotan">
        <edgar>satrapsBuds</edgar>
      </posternDacoitsGroined>
      <bitable copt="fulaSidrach11" bordmanPussies="lakiest" lose="stoneVespid">
        <piolet>sextos3850</piolet>
      </bitable>
      <pachonsIgnites>
        <chromy>wiggledAdorns</chromy>
      </pachonsIgnites>
      <plebify tizeurQuayageLentoid="summary" scintilBarbutTetter="childreArras" scritch="invect">
        <hypnoidMoonackRotte>facieJaver</hypnoidMoonackRotte>
      </plebify>
      <pravous lwo="throveNesioteSorb" toyersJekyll="1968" mulmull="9">
        <oncerCajoler>19</oncerCajoler>
      </pravous>
    </misbill>
    <duant>
      <verditeFiord>silicam</verditeFiord>
    </duant>
    <patamarDynasty>
      <soleinBrides>psoaiEtna8269</soleinBrides>
    </patamarDynasty>
    <pongaEmergesMutch>
      <nigellaSionite>910416237</nigellaSionite>
    </pongaEmergesMutch>
    <sejunctForehewLinaloe polentaManchusNihal="878114" lobolos="dobsonsRurallyOrnes" koelsJinniOraon="turrionSenegalMarts">
      <fitchee>toluFluor</fitchee>
    </sejunctForehewLinaloe>
    <wreatMoatsTsade>
      <indabaOutrap>benegroGallein</indabaOutrap>
    </wreatMoatsTsade>
    <garroteKvasesLakism>
      <mousmeToilsMuskie>humatesDemistUpsilon5</mousmeToilsMuskie>
    </garroteKvasesLakism>
    <dimble demeritGibbonHegemon="72" kalwarBemat="clepingPlumbumDunkers" eggmentTiceHists="blinkedByroadRizzle657" carocheUlonata="heroes" tharenSalele="whuskie35">
      <bhutsConsign>24669</bhutsConsign>
      <atavic dynamicGif="bayano" devon="trimlySmelter" sericObeishCorpses="teatedPenial" arboreaInvade="uranideVerpa3681">
        <malonicPomacesInvalid>62563313</malonicPomacesInvalid>
      </atavic>
      <annexed hossRheumic="unwiserFudged" moueDairiesUntimid="dreidlRut" gravidEnclearForlain="tipuraMonierMeaw" flanAftosas="ketimidSnipingSergei">
        <trottieRaretyAridge>machosLets</trottieRaretyAridge>
      </annexed>
    </dimble>
    <snyes bilandSpicery="ranketSuavityKnobby">
      <magueysCentalsWlity>thaveNuzzled</magueysCentalsWlity>
      <widgets eel="82410736" alienlyPedante="gurshes" jared="tantleSpoorCoolant" earningRoaches="aquabibSmectis">
        <grisled>cupMimulusFlosses</grisled>
      </widgets>
      <firefly>
        <chamise>sintuScatter</chamise>
      </firefly>
      <micherDeters rathestJejunalCopse="80163631">
        <loasaFocusTonnish>corbedWigful535</loasaFocusTonnish>
      </micherDeters>
      <sewansRoker junkier="uplake5" rook="ignote" saicesAntedon="skyhoot130">
        <ravener>180</ravener>
      </sewansRoker>
      <colage jucunaJazzbowAnilau="wornoutPoseyPalank44" camaron="zoriLoamedInglesa1523" kidangSkully="1613" helicesRhachisMeseems="opifice">
        <ann>152539136</ann>
      </colage>
      <arcateLionsKiotomy tonletEmprizeGrossen="cannulaWhoneScrooch6">
        <sulphoHispano>kalasieIntradoCouldn</sulphoHispano>
      </arcateLionsKiotomy>
      <bering ascentMangoroReruns="follyCaxtonHovenia" unwanedTeap="9510588" maristTunicleAvys="kolosOboval6">
        <reefedFodientBioral>oopodal</reefedFodientBioral>
      </bering>
      <furzyDipodeAdvents dorsum="pomakCasher" brimse="rattus379" gooma="perking">
        <whaupBoolean>ausuboPiqueurAbaris</whaupBoolean>
      </furzyDipodeAdvents>
      <skelvyDeringa>
        <camberIonomerOrrises>barbary319</camberIonomerOrrises>
      </skelvyDeringa>
    </snyes>
    <gidgeaCroonWuzzled>
      <ratingApii>unhangs</ratingApii>
    </gidgeaCroonWuzzled>
    <icingAbaris>
      <neetupDeicing>nurlingSeawans</neetupDeicing>
    </icingAbaris>
  </unceded>
</flexing>