<?xml version="1.0"?>
<kalams>
  <dinahRunedGwantus>
    <asopSerging sheltaTrewsRaya="43035399" buskinPetrosaDresser="141">
      <lycheesPotent>lyaseBeldams</lycheesPotent>
      <afbEmong fthAllergyNiftier="belibelLurriesLiv" meccas="pillage">
        <illocal>wamp</illocal>
      </afbEmong>
      <shoddenSpencerImpale>
        <saphie>rookie</saphie>
      </shoddenSpencerImpale>
      <colugosBetag proneHemiola="477960921">
        <cuteyShemaal>438</cuteyShemaal>
      </colugosBetag>
      <outgiveBindKamas martiteEld="unpurseShinny">
        <sialic>overcupGaulsh30</sialic>
      </outgiveBindKamas>
      <darksumSurgedMethyls twonessCockersDhan="thieflyIncutBrags">
        <dustuckSulfatoQuayed>sternedAirtBlabber</dustuckSulfatoQuayed>
      </darksumSurgedMethyls>
      <bout passerVisited="forbearSoppierWhiba" brushedSoapboxAparai="andia">
        <faerieCallboyRatably>kernelDariusCoigned28</faerieCallboyRatably>
      </bout>
      <albainnDustin trochesShavie="ayousBidcockEvanid" variag="tascoTarcel" icacoParchyMetis="hougherSlicedDoblas4">
        <tertiusHoliday>catlikeKludgedKinase</tertiusHoliday>
      </albainnDustin>
      <city>
        <turusForlet>depaSenexBribee</turusForlet>
      </city>
    </asopSerging>
    <daggaBomboEagle ptp="haloingOreide" porretMarrerBroker="woolsawTotara" corridaOnanBoc="figment" zincous="columna" meature="1240" fills="1069238">
      <emydesSaddledOwse>rajasJornadaHaggle</emydesSaddledOwse>
      <filibegMangoes fackinsNorroy="zinkPlazaMurkily" estats="pumelo43">
        <impeach>petioli</impeach>
      </filibegMangoes>
      <eglingBaizasBingle alisp="vexedlyNeighedLocrine">
        <beldUrningWarch>ceringArgilsTecture8943</beldUrningWarch>
      </eglingBaizasBingle>
      <cowtailDecent wildedGutiEduced="amex" bangeMorosisUnpiled="butted">
        <sinicAloofeMottler>drolly</sinicAloofeMottler>
      </cowtailDecent>
      <peul>
        <cambletCustosAutobus>760</cambletCustosAutobus>
      </peul>
      <hunchet alascan="bedlams" setalPeskier="26288823">
        <testersAduana>407885</testersAduana>
      </hunchet>
      <eyeful turvyTemadauEmmew="lwpBanalApohyal" sunstar="damnumOuthit" rrhizaRoofy="dzungar">
        <brought>jadishJerm</brought>
      </eyeful>
      <rearingPlurisy pomonic="sumassLenaeum">
        <compos>cathopSenaahBianca</compos>
      </rearingPlurisy>
      <wowt>
        <ecodemeLuriMolvi>patrolsZymoid</ecodemeLuriMolvi>
      </wowt>
      <stunsPatte benda="sealch" enureHeralds="barBaroni" foliousSorbentBobble="hostile">
        <yeelins>hydatidScliff</yeelins>
      </stunsPatte>
      <camusStrep upknit="unorder" hostal="neftgilJazzing">
        <assewerFelwort>35520462</assewerFelwort>
      </camusStrep>
      <fichesSpurs stylistPhit="95129744" rosyFrails="spokesDomainsTsp7" knurlsFlopUndern="560" burrel="773321939">
        <boggyLirella>naurSoapier</boggyLirella>
      </fichesSpurs>
      <gaurianKippen invertsSaphie="quiapo" muckedMyrtlesPeptics="bozosGawkedWhyfor" bawdThymeleAerage="edges" elianicLobi="hemineeBrawliePreotic">
        <phytolParred>weldingBorrelCerumen</phytolParred>
      </gaurianKippen>
    </daggaBomboEagle>
    <newsyDeridedSorda chalk="49191380" cathyWaffies="coenactAdnouns">
      <cowhandEnsearFrump>jackieBrerd</cowhandEnsearFrump>
    </newsyDeridedSorda>
    <steem>
      <woad>lesser6</woad>
      <tarAbendSchanse seoraFeirieMascots="sawwortOutcut">
        <radomePulijan>currentKnurry</radomePulijan>
      </tarAbendSchanse>
      <axtree afraid="uhtsongFilical">
        <festuca>fisheryGentry</festuca>
      </axtree>
      <limemanPreed gelees="5" cubera="prolansSozolicJimper852">
        <mahdi>trainelAnswer</mahdi>
      </limemanPreed>
      <veloutKitchieTwinge milage="dulcitePosteen" yecchUnredLochi="wallets" peekingKvetchMotored="queller">
        <bilk>ascian</bilk>
      </veloutKitchieTwinge>
      <hanoverGairOlogy chewyAdoniadVerdet="doestSongo">
        <drivel>leafboyRampick</drivel>
      </hanoverGairOlogy>
      <birks>
        <rembleThymele>9821</rembleThymele>
      </birks>
      <bedevilTigerlyPhonghi peruleCerous="82124495" berendo="6">
        <optive>stomaUrtext</optive>
      </bedevilTigerlyPhonghi>
      <toughen>
        <tignonCaroledMetazoa>dieCherup</tignonCaroledMetazoa>
      </toughen>
      <raining latestOlpeBeni="certosaManxNovene" eviratoSibb="56344398" obley="41401" delimit="3773604">
        <nodesVioletBroses>breck98</nodesVioletBroses>
      </raining>
      <flywireBrasse pettlesPamperPodger="688308100" itavesBundlerRefr="flauchtReverb">
        <berun>matronsKatukaEctally</berun>
      </flywireBrasse>
      <servite bootees="choop" synonymRastikMirks="gooralChithe">
        <wanedOutway>ultime</wanedOutway>
      </servite>
    </steem>
    <critch>
      <tanselTommy>pilchFatihahVroomed</tanselTommy>
      <sensyne quimperTailpin="necktieSumming">
        <oorialSeadog>327900207</oorialSeadog>
      </sensyne>
      <plectraRiginalLusted puceMexicalBoloney="55221072" metrezaYakshaElation="tunderRedouteDamlike5470">
        <unsworeMamoRegret>bornaneRumb</unsworeMamoRegret>
      </plectraRiginalLusted>
      <corncobMoselSeize wineierKnaidel="93960993" externa="554285679" barnardPartimYouthy="loaders">
        <fistfulAppriseOverrun>mammoseSarmentTippets1640</fistfulAppriseOverrun>
      </corncobMoselSeize>
      <replan neapsSlumpy="palatal" sicklyMongeryInless="zizit6" illoyalAlfirkKino="acomiaFeuterSneck72" tweaksHideout="chaver">
        <trt>4980</trt>
      </replan>
      <assetTopoUnhumid padraicGlaucinCraze="5">
        <tsunHoundsKefs>355652256</tsunHoundsKefs>
      </assetTopoUnhumid>
      <nucinGothismSewable sundariCommarkAlbedos="poireAnletBerlins" ovidaeAnagep="yawweedSeraph">
        <unflownJudasItaves>eurobinFunnelWitjar9</unflownJudasItaves>
      </nucinGothismSewable>
      <snoekMishave toranFakofoPrick="marillaPishaug" unicist="ribozaDupersSoapi" grenat="honer" pistickInlandsTappet="centile">
        <apochaeMoineau>tungFomites</apochaeMoineau>
      </snoekMishave>
      <dosa duhrSondersOtiant="baubees16">
        <frithAgag>tendreAmtrack6</frithAgag>
      </dosa>
      <jampanPeptize finetopTomoloJulian="precyst" epeiric="rotundoAnteri98">
        <tuttyPleural>inhibit</tuttyPleural>
      </jampanPeptize>
      <scent mahmoudTenet="5378" palikarAsthmasIdite="pay53" tamises="739315915">
        <willawaOlivine>7</willawaOlivine>
      </scent>
      <stoff tresche="2414554" kransLensmen="490611" decidedOusted="545868337" realismMetif="rom">
        <carneol>waffingCatnapGeeing3055</carneol>
      </stoff>
    </critch>
    <lacesDualCoiner>
      <erinnicGirrock>shears756</erinnicGirrock>
      <pifine borages="phrase" vasculaLite="tonjonZoarite" gunkyRasters="186">
        <repart>94876</repart>
      </pifine>
      <chiralKearn spallerFertilThymey="bursaryLampate" invitalCurcumaCurser="414" phobias="colicky" tupaiaBowe="satis8013">
        <mown>36</mown>
      </chiralKearn>
      <monozoa fuelsPotling="tolingSobber" nyaya="ponticTumor" shoutKaphOrochon="802076">
        <termer>20</termer>
      </monozoa>
    </lacesDualCoiner>
    <assorts ficoKilp="fogouIodidesKedges" tarbushGazet="ouphsBeelbowFibroin" putterHexapod="liassicHeisted" capitolTaurin="52901" atwain="bumboEsne">
      <russudUlceredLunted>terpen172</russudUlceredLunted>
      <airestGreeks wattestGirted="cloacasTritiumReedify8" sradhaGodlilyOats="angry" enskyedViscid="girdingHairs326" unden="barbelWaufieLychnis">
        <medickArui>130054</medickArui>
      </airestGreeks>
      <santoFiordedSheenly adamsMongery="prudentKnishNosey" lizaryTamulic="262">
        <calorisQuinsHarris>mammons</calorisQuinsHarris>
      </santoFiordedSheenly>
    </assorts>
  </dinahRunedGwantus>
  <prorumpCliqued overgetStacket="titmalTurneraOribis9319">
    <beadletXanthinMalmy>
      <beriberEnwoodLibkin>sebilla</beriberEnwoodLibkin>
    </beadletXanthinMalmy>
    <rebeginBarmiePeopled>
      <cavalry>aeneas</cavalry>
      <oomiaksSpasm twizzle="iambiBalloenJennets" beepsUnlinedKiwach="julusBhumij" tomnoupEcbaticPolypod="681" upsweptClachanDeplace="infilmAlypin">
        <hectyliAmlet>fibre</hectyliAmlet>
      </oomiaksSpasm>
      <nepmenCitole maulBalutYarpha="remeltKuldip">
        <indexedRavener>pineyBugdom15</indexedRavener>
      </nepmenCitole>
      <capablyPuler bokosAvens="6899006" soogeedCyclideBhindi="ruelyBichyDingey">
        <fuehrer>muslimsRobots</fuehrer>
      </capablyPuler>
      <chabotEnamors airman="gogoBoguedEphyra94">
        <annatto>rodsmenGislaPouce</annatto>
      </chabotEnamors>
    </rebeginBarmiePeopled>
    <drooperRailageMahican smeethChabMazes="whalery">
      <glazilyCocher>magging</glazilyCocher>
    </drooperRailageMahican>
    <alcoholForeby>
      <leantMumpsAxites>attomyDatingCoiture</leantMumpsAxites>
      <matsueSentiGurle lunganSoyledAwing="801001">
        <wiseguyPlaqueBroll>usuDickite</wiseguyPlaqueBroll>
      </matsueSentiGurle>
      <hemad zingKellyRefiles="pigfacePudicalSunstar" skateSeelyAgapeti="chickeeCauda">
        <longing>palaced</longing>
      </hemad>
      <estivalBedpostJawline gazel="miaowsLamentsGhaffir1" bozosChwanaGaruda="unbox" flare="drummyCurry" jinniesBabery="prebbleGibesFalces">
        <melvie>92575</melvie>
      </estivalBedpostJawline>
      <kemp savoysClarinoBods="manumeaWolffiaSleided" merfolkMorphin="eponge" shalomFableCalool="strigaReblot" fecksAbscond="90">
        <grintArtha>545907755</grintArtha>
      </kemp>
    </alcoholForeby>
    <blanchFaciendPeriapt>
      <ridges>4242923</ridges>
    </blanchFaciendPeriapt>
    <unshipsTrowelsGulph weiTyne="4656012" teleia="natrium">
      <dauberRokNoology>bushlet</dauberRokNoology>
    </unshipsTrowelsGulph>
    <warble>
      <trainyHafizDesorbs>vulpesSquashDaun</trainyHafizDesorbs>
    </warble>
    <proreYperite>
      <juriesMonaxCaches>nounalCatboatSetout3524</juriesMonaxCaches>
    </proreYperite>
    <shibahsSunketBacks auristAmylomeMoff="angelic" ropily="31">
      <ovinia>clownAlgiebaCoenoby1</ovinia>
      <claviolPuffierQuinsy ivinRadios="routesMarramsHubcaps" valylMogoPiu="subsistApparelHalfer">
        <argoanWhits>iniomeConsul</argoanWhits>
      </claviolPuffierQuinsy>
      <fatimaVelarWeirdo cravesVerty="gyppedWatherWauchts">
        <beeware>796971</beeware>
      </fatimaVelarWeirdo>
      <skreel tunPomposoToma="boreGil7">
        <vitastiBetrothSnort>secyViveur</vitastiBetrothSnort>
      </skreel>
      <oompahHotchAmlet beamletHandfulUndose="unhold">
        <grit>prefab</grit>
      </oompahHotchAmlet>
      <mitomeFatting>
        <dunamisFauvistCuculus>onymityTarybaMopper</dunamisFauvistCuculus>
      </mitomeFatting>
      <jambeauUnpurePutrefy ohedFloeyConcede="awakenBawneen">
        <amebulaEmdaOlepy>raglanPointe</amebulaEmdaOlepy>
      </jambeauUnpurePutrefy>
      <moralChaine brickenChomped="81601" paisanoPygmean="farmingBobby" malcolmCloacasRets="entteDaiker1683" teazels="edam">
        <zingersVena>balaamBorazonErode</zingersVena>
      </moralChaine>
      <dejecta deading="5474753">
        <curtlaxJur>623</curtlaxJur>
      </dejecta>
      <poneraGneuImproof>
        <overpot>saner</overpot>
      </poneraGneuImproof>
      <unpuff bailoConterKarsha="reseesBrooded">
        <oculina>stroupRebredArmill676</oculina>
      </unpuff>
      <blaoner bessesRhibia="diedral" jetesCouters="jungledMowchPat" cordaxNurseryMater="2459282">
        <applesOutrace>tunasLoadage</applesOutrace>
      </blaoner>
      <geryonSublet>
        <predineLebhaft>gaddiNice</predineLebhaft>
      </geryonSublet>
      <sucre>
        <faffleForesSlums>bugbearSamir72</faffleForesSlums>
      </sucre>
      <mynheerOrles oundsIntarsaTmesis="bonzeryFaddier72" brassey="scornsWoady" jaywalkConnuAcorn="barkaryPhononImmesh926" urbanerUpgradeStet="tuisCabinet">
        <fiddleyRurbanGoony>priviesAcost282</fiddleyRurbanGoony>
      </mynheerOrles>
      <laulauTaishThrummy inertiaSutoAgrania="pandas" lech="steadyLugsailMody9078" chakrasFlywaysInept="445909">
        <sonants>totaraGlitch6857</sonants>
      </laulauTaishThrummy>
      <sesqui>
        <serveryUncosMantua>venged44</serveryUncosMantua>
      </sesqui>
      <linalolUnworldTrefoil provideBull="8823" ungoneGodsonBurgs="leipzigFogbank20" coteSacry="466892">
        <gimpUntacks>teeCasule627</gimpUntacks>
      </linalolUnworldTrefoil>
      <pehlevi>
        <ricerTrikirMbuba>soothlyMashlumMidleg118</ricerTrikirMbuba>
      </pehlevi>
    </shibahsSunketBacks>
    <onymizeGrassed cementRawest="baitsUnpanelLusory" dogtieAcquit="85907" chausseUncost="617" outfleeDestinIten="escrod" legatiDaffishSeems="chelem" elytrinAiawong="unclimb" avarsDairyCyclone="etonian223">
      <sabbekaBolled>marish76</sabbekaBolled>
    </onymizeGrassed>
    <slunge>
      <softas>doused</softas>
      <snaryTypp ansarQuaedamRaveler="ramlineBeseems" sicsArmida="serosaCelledOrgyia4352" untunedVaguishHeuch="cadetteRuinerLucet" upattic="gladys">
        <unkentIglesiaRepunch>astintIthacanMatted</unkentIglesiaRepunch>
      </snaryTypp>
      <santos mustyCucurb="civvy">
        <blander>siluridOncoticBedeman</blander>
      </santos>
      <grovetLuxes sunbow="unadept" undererColey="abience" raspiteReast="slackieGrasper">
        <enoplaBattery>primer</enoplaBattery>
      </grovetLuxes>
      <unfairChechiaSem>
        <mosksAlgosis>gabbais</mosksAlgosis>
      </unfairChechiaSem>
    </slunge>
    <docious>
      <gadeanLushaiDakoits>802213</gadeanLushaiDakoits>
      <roxieCussersBabbly jwaharSulfury="veilBegani" sussexSkull="59539">
        <coddleLaughedHulloas>digestFelterFanner</coddleLaughedHulloas>
      </roxieCussersBabbly>
      <cambers pursingBegaudyDurzi="puzzleTrigons" broddleBarbone="renishCholerBerakah">
        <godownBroch>altezaPintle2626</godownBroch>
      </cambers>
      <arrgtMatersUmbos trikirAmused="deliesImmeshVoetsak" maughNeeding="buccaro" prolegsFaits="hexoicDeorsumWabs" sempreJoss="hantles">
        <dutra>ragtag2</dutra>
      </arrgtMatersUmbos>
      <granesEstoqueAnnexal blackyPoori="gated" baittle="164360" ostrya="kipe" stogie="bindsWopsy4">
        <underfo>contgAdenoma80</underfo>
      </granesEstoqueAnnexal>
      <jacentNongRocta fungo="3868" cedricGoss="durrieIcarus" ovine="chawle2">
        <simconPhalera>haars8848</simconPhalera>
      </jacentNongRocta>
      <exploreReriseDimouts abrasedTutorSnugged="nooningWhilendShither341" casula="miaotseLeaped" slimilyOrmoluWierd="tomasUncited">
        <lepridRamentFraiser>6064119</lepridRamentFraiser>
      </exploreReriseDimouts>
      <haughtyGrubby surbateAllwork="procure" predawn="wincing" unbran="lampong2315" brummer="biersJarool">
        <speckEmydes>oidia</speckEmydes>
      </haughtyGrubby>
      <nested carrackClackKirundi="gameyMufflinHibbin" jampanSkete="squalidSmearHikuli" shivaGrype="579572" cupelsOozesImmi="inearthUrgenceMustard">
        <gaslitCromOphic>9198055</gaslitCromOphic>
      </nested>
      <wagglesToddler osmite="resiftBetalkMyeloic" incage="stg">
        <uncasesLeonardKludged>earnestBalkingRoelike</uncasesLeonardKludged>
      </wagglesToddler>
    </docious>
    <retwist>
      <needle>isthmus</needle>
      <peleliu napalmsPettySorning="tokayFerliedArguses" trahCodette="diabaseTorulusVulcan" unfarWheeze="zonersBeadmenBrei">
        <apodeme>piplessWatapehNymphos</apodeme>
      </peleliu>
      <siegeCynias hurdlerSkookum="feridji" recoast="31" trifles="turbots">
        <gloomOphicAcreak>4704094</gloomOphicAcreak>
      </siegeCynias>
      <untaped>
        <whinsSnobdomShoya>averia</whinsSnobdomShoya>
      </untaped>
    </retwist>
    <cuteysCompearPangamy corporaReclimbErugos="precook" hoboes="opacate" unweelHydTeucri="fdubs" lineupsTivoli="adarme" swonkImagenOrbic="25436" babble="butchOldie">
      <deductsUnpowerShriner>riotingPermsPugaree</deductsUnpowerShriner>
    </cuteysCompearPangamy>
    <potboy squooshPoppledRessort="orthalCepes">
      <fleshenAmices>baghdad</fleshenAmices>
    </potboy>
  </prorumpCliqued>
</kalams>