<?xml version="1.0"?>
<thefts>
  <enjoys dobbiesCaser="wham" barbeKimnelInga="3" lice="kwintraKupharShrews" nonbankPotongDarghin="toggles1">
    <tute>
      <egre>aves</egre>
    </tute>
    <stokeUnagedKalo briosManwayDismail="chilina">
      <pareses>624352435</pareses>
      <subtextVaisya mocoa="278542" werenSuturedRom="9482656">
        <maileVenose>stallonTezkereBovoid</maileVenose>
      </subtextVaisya>
      <dupping rine="burgauGrigs" claraDoyly="notoire" gesteSleetedPinchem="quippuMakhzen871" rachePottleSandpit="unwagedBilgy">
        <rococos>oatZelator</rococos>
      </dupping>
      <avenged>
        <grassedBlocsVies>456568397</grassedBlocsVies>
      </avenged>
      <rissoidHakeaAxones simitarPlankerLinolic="phononHelms" cleanlyAdsorbs="hade" auxotoxCalade="swalloFrigidOlden">
        <pickaxKompeniRefix>13027</pickaxKompeniRefix>
      </rissoidHakeaAxones>
      <kefiric>
        <bothy>thacks</bothy>
      </kefiric>
      <cyathHadlandUngiant tedderLegati="seaterBitis" sajou="35861">
        <ulemasCrissumCookish>wolfish</ulemasCrissumCookish>
      </cyathHadlandUngiant>
      <himati lamer="7850764">
        <koreish>intortThunnus</koreish>
      </himati>
      <sinewyUnfixTankman>
        <relyRoyal>9231599</relyRoyal>
      </sinewyUnfixTankman>
      <stingosAtmidAcrite lamHeronryDaiva="solaryShicker" enjoysDorlachBaste="tine991">
        <fummel>lease</fummel>
      </stingosAtmidAcrite>
      <burelePenaea collaSeizinsRays="gulleryPolsterPongid" bladyYenisei="sinzerRepaper">
        <mitt>aspernBabesiaVexer786</mitt>
      </burelePenaea>
      <resawerToucan kodagu="goboesPyrolaBoxer675" ranjitEverettWowwows="gauzesSadrParter">
        <solute>22</solute>
      </resawerToucan>
      <pectusGooks judicesRooseAgust="reveOutworkAlfaje" riot="6151808">
        <lumGallons>tapet</lumGallons>
      </pectusGooks>
      <quitu mitsvah="daimioHolismDroich" searingTacePete="70807934">
        <scullog>41218858</scullog>
      </quitu>
      <mirledKeats sigilBolita="citrons" dirges="kyathoi">
        <samburuBrummyRatan>sikaraChitak</samburuBrummyRatan>
      </mirledKeats>
      <defames gurjaraTombacsTaintor="bisesMoulinsHoom" tidifeInducedNattier="slithyBombsKuttar">
        <talusSnigNiellos>ailment</talusSnigNiellos>
      </defames>
      <pantile grizard="fluorylFirthsMoineau8" coloveMamboesArtels="sordiniToaderyPouffes">
        <faustAwakeMondain>acrook</faustAwakeMondain>
      </pantile>
      <amia retzianYeard="neiperSagaFirebed" buscarl="verd">
        <anapneaSimitarSlogger>aches</anapneaSimitarSlogger>
      </amia>
    </stokeUnagedKalo>
    <dharmaDrepaneCanfuls>
      <slabbedBowingDaidled>514</slabbedBowingDaidled>
      <pule>
        <mabbleViertelLovier>8413287</mabbleViertelLovier>
      </pule>
      <zioniteFuscousSienese panzerCeorlTexas="prepaysFards" leasStuller="iqs" chuted="8" onduleMornsNucule="tammock">
        <spinoidValvingEndopod>esslingWedded</spinoidValvingEndopod>
      </zioniteFuscousSienese>
      <afzeliaOuakari>
        <wassiePogies>assoilsKola</wassiePogies>
      </afzeliaOuakari>
      <aswayUnbladeTunist>
        <spumed>yetisAntedonImplex241</spumed>
      </aswayUnbladeTunist>
      <sambhurBrushy>
        <chainsShoyuOvine>focusShel</chainsShoyuOvine>
      </sambhurBrushy>
      <shines apepsiaSteppe="alines">
        <reis>commCupidsWebby</reis>
      </shines>
      <whiteysSnawsAprocta dernerSawmill="fogasNarcist78" intarsaJumbuckAlants="appendRelicPeuhl" wilsome="caviarsAuthors">
        <oliverWheaten>ladyishExter</oliverWheaten>
      </whiteysSnawsAprocta>
    </dharmaDrepaneCanfuls>
    <tablierBrandon aviaticAcrity="gloversLinageCondo1178" pomaneCissing="czechsShank11">
      <masjid>2</masjid>
      <hostile arcaneCherupDhoti="barbut" crusesBeguess="vacuitEstangGlacify" deeply="timetrpGlumose24">
        <fickleBraze>makesRaffHenter</fickleBraze>
      </hostile>
      <adevismCedric cerated="skilderBulbel" euploidTexacoWhiled="lullayZombiTrammer">
        <wrothUtrumSaiyids>5868359</wrothUtrumSaiyids>
      </adevismCedric>
      <aubrey muskatAlencon="obtunds">
        <pinta>batcherEngildsPlotter</pinta>
      </aubrey>
      <shell>
        <agalmaRansomEuphues>assagaiSemeia</agalmaRansomEuphues>
      </shell>
      <resexLimbierObeli norard="lisper" komarchBeerishFinmark="cuddlesSalaam">
        <suppSeelful>hossApt</suppSeelful>
      </resexLimbierObeli>
    </tablierBrandon>
    <ballistHureDiehard>
      <hynde>110526544</hynde>
      <protei yenite="brailedPengPoring" unebbedCarbon="2" uncrazy="dupers4">
        <pixelOpossumThewier>bely77</pixelOpossumThewier>
      </protei>
      <groverUndightBosomy>
        <middestWrannyAsseize>agau</middestWrannyAsseize>
      </groverUndightBosomy>
      <sextaryCyclop salpsIckier="96" ethnic="scaldraGreed" flocciSkellum="copsingSoldi" cofoundGourd="hedera">
        <gyratorPrincoxLadinos>lomentaBelaudsMorrice</gyratorPrincoxLadinos>
      </sextaryCyclop>
      <mali>
        <inhaledNestorsFlocky>rahulGushySocks</inhaledNestorsFlocky>
      </mali>
    </ballistHureDiehard>
    <moeckBeadrow replum="190733" banalPya="adrianBaffleStuping6" armseye="kantar">
      <tyrrWhemmel>hencoteVerek</tyrrWhemmel>
      <slowrie wenchowPolearm="hobiler3" pirogiSaccosRebop="pieingGagaParus374" sewnOilmen="ninonsPrau">
        <fastingVicomteMeanish>monaulPalas</fastingVicomteMeanish>
      </slowrie>
      <adcraftCantlesYork putzCassie="alecizeEnglyn">
        <resetCisingPlans>milageRaftedJiggler</resetCisingPlans>
      </adcraftCantlesYork>
      <hazellyNizyHoofed sip="568115" ogiveStiveRetail="dryadic">
        <gaumishPlaters>quashed269</gaumishPlaters>
      </hazellyNizyHoofed>
      <bakalArneeGalera dreggy="sleeks" rawishBrakerBeclout="lummyZulindeOctopod">
        <roupetPontoon>hayloftQueazenBufonid</roupetPontoon>
      </bakalArneeGalera>
      <serenoaStchiMoschus nitrous="leet6338" dipygiCynipidTwankle="gusher30">
        <tamalDhanushGrad>eyeyTerebra</tamalDhanushGrad>
      </serenoaStchiMoschus>
      <donalBasilarAutoman>
        <patnessPatballSylvan>egosGaulinElitism</patnessPatballSylvan>
      </donalBasilarAutoman>
      <cireCreeshyEldin>
        <bayetaCornerInns>bainDentelSpencer</bayetaCornerInns>
      </cireCreeshyEldin>
      <copehanArretLief tpkPuled="erosRhapisAshame" vannerNymphlyTubber="pryler" lavishUptableScalper="bee">
        <piositySnockGibing>812</piositySnockGibing>
      </copehanArretLief>
      <parral>
        <soldadoCwriteTalk>ordainPeplusApieces</soldadoCwriteTalk>
      </parral>
      <wasango kimbangCorin="taiEggar">
        <siccityHampers>rosine</siccityHampers>
      </wasango>
      <limBove prevoidLifeday="sappilyAviePosse7" quipoIlex="cannilyBuibui" hunkers="timbernNaiskos" nepidaeVakeels="fiddlerDottore">
        <sowensSjomil>folium</sowensSjomil>
      </limBove>
      <vidua>
        <smutsWheezyJellies>dislockPublicAriled</smutsWheezyJellies>
      </vidua>
      <shrapeNeyanda smerk="9873" fondles="titfer" lungeesMuladiWalkist="pyosesAutomanTorrent">
        <skycap>battel</skycap>
      </shrapeNeyanda>
    </moeckBeadrow>
    <thewed>
      <busting>genera</busting>
      <radeauSwiwetBriner spitter="aslope" rheic="chieldsWiganStilty91" chaftedLiquidBolster="95231384">
        <yoldia>postmenWishing</yoldia>
      </radeauSwiwetBriner>
      <convive>
        <antrinTutulusOctoid>thienyl662</antrinTutulusOctoid>
      </convive>
      <talithaOsmosedTrikaya cheepy="meropic">
        <cajonesFunderMisteuk>48220500</cajonesFunderMisteuk>
      </talithaOsmosedTrikaya>
      <jujusDoyleysMissa hornletAsshole="mistionPotteryArctium">
        <tigroid>oxbaneBifara423</tigroid>
      </jujusDoyleysMissa>
      <lesleya smazesMermnadSautree="tweagEldersPajamas" unmesh="109003240" higgled="25110229">
        <shapesLukemiaFesta>asteerBuntine</shapesLukemiaFesta>
      </lesleya>
      <coenuriAitionYowling toxinesBlocks="varlets" anthrolOsset="41">
        <vallumIlleism>spaed</vallumIlleism>
      </coenuriAitionYowling>
      <carline bluntRiftsReclad="6444939" raughtyLeavingHopbush="833747">
        <larget>26938805</larget>
      </carline>
      <mopesStounds unspiltWahimaTaheen="tenpinIntisy" shindyNewly="cosher">
        <taversUluhi>mekbuda</taversUluhi>
      </mopesStounds>
      <panfryQuidderBockey aphesisPeleliu="trigamy6751" unwall="mismean" miranda="55859">
        <abrimUsedLewdest>hwyHandsew</abrimUsedLewdest>
      </panfryQuidderBockey>
      <alosaBasallySnagged>
        <vituperCurdle>1669</vituperCurdle>
      </alosaBasallySnagged>
      <bosomedAirman clinePencils="dredgeBeseek" repaid="clasps">
        <wangala>fondlesVisaing5173</wangala>
      </bosomedAirman>
      <dallanHagride beent="pareticEnable5951" upstemMirkSwarfs="pedrailHouseFodgel2" howls="melismaMoated748" cyrilBarbutsProses="tram35">
        <pagadorExdieBumming>somaMajesta</pagadorExdieBumming>
      </dallanHagride>
      <behen geitjieFootierRubbly="turfyVaxNarky">
        <tropoyl>rampickCentraIxiama</tropoyl>
      </behen>
      <chesounWedeTodus>
        <terzetShamba>sabins</terzetShamba>
      </chesounWedeTodus>
      <peesOvules finedFemme="urinous72" europeMurrionScaroid="telembiBoheaUta3175" bushwasCineneScuts="dissourBatiste">
        <kowbirdCordy>kneads1044</kowbirdCordy>
      </peesOvules>
      <braggyStateraEvited visard="288800802">
        <myriadScorkle>swanpanTaniaNiasese</myriadScorkle>
      </braggyStateraEvited>
      <edmundBlout icefallMidiRehire="342460695">
        <uppersLated>goxes</uppersLated>
      </edmundBlout>
      <shah echosSarkful="acrodusLacerta" bakeryBattuesSinolog="miljeeCourge">
        <etuveProreScroggy>upfly716</etuveProreScroggy>
      </shah>
      <orrhoidEmoting lengerWaka="rainilyPongoPsyched" vividly="kareetaMidbody4808" kemelinUnpapal="cunHinderCoopt">
        <germen>caitiffPersesElute6</germen>
      </orrhoidEmoting>
    </thewed>
    <rewindsNpeel>
      <denariiIlium>sheuchs</denariiIlium>
      <checksDopMurks unsneckPanzerEurus="sidrachCambers8" falter="teamman777" keacornIndols="sauchsWryest" lookupsBimanal="uproseFlackerPronota">
        <bogetCutieSchedar>389172713</bogetCutieSchedar>
      </checksDopMurks>
      <kokuMousse acetite="regaloBabbie62">
        <amritasMegafogBaste>cusserHutzpaZagged</amritasMegafogBaste>
      </kokuMousse>
      <riping cladoseHairifStourly="freddyAlrune">
        <sharryCocoyam>219428</sharryCocoyam>
      </riping>
      <sangarsAnodyne>
        <cleadedYowling>tortulaChaufer</cleadedYowling>
      </sangarsAnodyne>
      <idaliaPoodlesSubcity jitneysDowpShoyu="septetWhaleryMetumps" insooth="emigreMinumDidact">
        <bannat>milOldnessSlipup</bannat>
      </idaliaPoodlesSubcity>
      <daukTugging>
        <vicus>lewisiaPoseur5014</vicus>
      </daukTugging>
    </rewindsNpeel>
    <sonraiScreen>
      <chin>4316801</chin>
    </sonraiScreen>
    <durangoDevoirsReimpel>
      <ensealProo>dailyAltica</ensealProo>
      <devoursJordansFated>
        <cagerBacksey>coon</cagerBacksey>
      </devoursJordansFated>
      <ninthSileni kevelsPhasor="calvusBelat" ruddied="hebeNithing" havaikiUgli="snowie">
        <gouraLoyalerProgne>929</gouraLoyalerProgne>
      </ninthSileni>
      <resinyScalopsFollily bardish="patrick" endueGaleate="indishAlbergeGuayule7">
        <gobberEcht>aukletsKanes4943</gobberEcht>
      </resinyScalopsFollily>
      <cassan sparesAidedLoofahs="badgingSharraAdsmith" nearingTestee="lucaniaNeurine" tumion="49847934" nanosecLushPrayers="loutishEmploys">
        <dmodGodwit>larkyDataset</dmodGodwit>
      </cassan>
      <ahabSkink awrongMeatGuyer="2178" tannage="mowhayAloofly67">
        <soutenuRegurBacao>26</soutenuRegurBacao>
      </ahabSkink>
      <unpinForward doryMawgerAphra="litterGravesBigfoot">
        <newportCasel>saltingHamiteKines</newportCasel>
      </unpinForward>
      <hadarim retreadGalea="60783250">
        <favour>salitedLabara</favour>
      </hadarim>
    </durangoDevoirsReimpel>
    <unleadMasselWaling>
      <trattlePudency>cymbalRefavorDisedge</trattlePudency>
      <lantana iracund="optimalLazedAlary" bastingMotey="130341387">
        <chwanaAlveus>77161127</chwanaAlveus>
      </lantana>
      <yaupSpurns gipsy="autocar" apnoeaTablierCaneva="110">
        <mushierPippin>501031</mushierPippin>
      </yaupSpurns>
      <cumaruPoinder pedsMetalaw="endowsHogging" flacon="kokosAgios">
        <edictsGangsa>487273314</edictsGangsa>
      </cumaruPoinder>
      <cowpenShrills scamped="murkerTituleWych87">
        <primate>snoot6</primate>
      </cowpenShrills>
      <usuryKustiHeptyl>
        <cheung>65</cheung>
      </usuryKustiHeptyl>
      <dilli bustlerShorl="atrocha" packedTonnage="8" algums="houstyUmbelap" fylker="ordinesUrinalsPolab">
        <rocklayCubiOenolic>lophuraSullied</rocklayCubiOenolic>
      </dilli>
    </unleadMasselWaling>
    <wauveWheep alidadCunyieSerins="geneuraFiller">
      <graeaeTrypetaLutes>caduacHightBonnnes139</graeaeTrypetaLutes>
    </wauveWheep>
    <tailOuches elapidEked="pretzelBonny">
      <scamsPiaroanObole>unfloor</scamsPiaroanObole>
    </tailOuches>
  </enjoys>
  <outblew />
  <kernels murderUvicCatsos="641" wattisWhim="jardonEffacesIcelike" intake="libateWanlyBura" earlessHaggler="salonPlussesGluside521" />
  <deemLinseyJovial gossStratumVarech="loungy2" lens="829938" chetah="sunroseUsurer" />
  <plancheVillagy wormilUlminScamp="locking" checkNeigh="4886158" bhandarSmellieEggnogs="thready" braUranous="dayboy" />
  <vowelScuts hatred="turndun">
    <chuetaGlyoxalMudpack hexaTwelfth="unflown" icing="leche" inceptChewink="cabanaPimpedSchav4253" embryoZagging="furorSkopets">
      <indowsDrily>rebribeBurrhelDulcose</indowsDrily>
    </chuetaGlyoxalMudpack>
    <biforinFrtReseat>
      <touseZophori>4991</touseZophori>
    </biforinFrtReseat>
    <pisote>
      <faadeVivandiAmoraim>deucesPallonePaso</faadeVivandiAmoraim>
      <jimmiesLeopold upmast="wallowsMurraro" swottedArea="spandy" illect="benameSugi33" rigidLogsCrouth="bunyip">
        <deboutModesConure>minimalPegh</deboutModesConure>
      </jimmiesLeopold>
      <joltToronja taratah="magnateWaxer69" myricylRetempt="unorderCrcheHolard" ramiesKidskinGorgio="kartelSwoln" intillThymolsLuluai="8788">
        <bitt>82706435</bitt>
      </joltToronja>
      <bedtime frere="376500" wheysAortalMargie="dunkersDehorn" arianaEtching="hods" gullishOctuor="skatolsKoiIonizes">
        <delistLiras>67216018</delistLiras>
      </bedtime>
      <bushpig asepses="cygnusValval" traneenBacklet="biogeny" licks="skeighCoulie" veneryZohak="pct">
        <melaenaPlebifyGlucke>darkingTendryAnzac</melaenaPlebifyGlucke>
      </bushpig>
      <transeSettima ticunaPinnerGaed="branchy" viperaPlateau="pavingsBillageMuskat">
        <comteAraneinSalsola>280171327</comteAraneinSalsola>
      </transeSettima>
      <dooley unhoardDichtZinebs="9210203" anglicGoanese="maomaoBosomerJain" wedgesQuirksMimmest="mourneTaghlik">
        <pilarAmbreinIsogamy>favored</pilarAmbreinIsogamy>
      </dooley>
      <prenoteNasitisPopdock mantCoydogZoocyst="kainyn234" arapahoDiseuseBardism="sepForbidsAmorado7205" sher="detach" tippet="quitelyUppullEnflame">
        <joukEquiaxe>tsars</joukEquiaxe>
      </prenoteNasitisPopdock>
      <rodent longlyKyotoPouched="chuckleAzimechChasmed" uprootsWemPicea="capped">
        <schmeerStope>harmala</schmeerStope>
      </rodent>
      <leporisDepasCramped avidlyLemmingRethink="786489834" ospermStylets="furtumNestle" butoxylBuoyage="hallothImpofo" musimonCreepiePannag="coucheeUnstripRincon68">
        <brynzaMithras>pettishGallopLarker</brynzaMithras>
      </leporisDepasCramped>
      <inanga dulbertCamaca="stookSightsHydride9120" alupag="helices">
        <masoraOpenest>vakeels</masoraOpenest>
      </inanga>
      <crisperBawsunt unlax="calanidNankingAcerola">
        <kwammeTubEncloud>hogmaceLackingDampne2980</kwammeTubEncloud>
      </crisperBawsunt>
      <upswayPortato trepansReared="2244488" ratifiaEgrettaGyrons="devilBillete59" uncrookBego="bakes" dysuryDoeg="unline">
        <likesAmula>2728</likesAmula>
      </upswayPortato>
      <heftily vamosesSwillsAdibasi="crustalMounded" pontacLepaClasps="plumplySaltpan" curStokes="creakyReveres" inditch="faceman868">
        <ricinusPulpit>duiAnnottoOvers</ricinusPulpit>
      </heftily>
    </pisote>
    <fldxt coakumBifoliaModal="kalHormigo" evzoneCarnifyKroo="radiodeActlessIsomere" graphsSpilledEponymy="aquerneCalinKarmic" unmoldsEpipany="63451" fibdom="beworkRameEnable" eparchy="oblShrills">
      <navalArround>diploesTunnit653</navalArround>
      <waleSansei derride="iridialLeafcupRefuses">
        <taconicMinutiaSpawns>311340</taconicMinutiaSpawns>
      </waleSansei>
      <jillingShris loamingCueingBriner="flabWayao" matesSalamoScincus="789" dunes="cuiejo" serve="gundeckVogueEnrol">
        <kalpakUnfullyQuintin>mangourLegati</kalpakUnfullyQuintin>
      </jillingShris>
      <exodoi weenierIsotelyReomit="pimentJulole">
        <bikeRollout>pasangMugho</bikeRollout>
      </exodoi>
      <unhinge>
        <vole>dittoesConquerNogal</vole>
      </unhinge>
      <hissingPelvesKaroo labeledEmirAlone="604" recoupeFrowlNoncoms="hovels">
        <comboMasse>gabbing</comboMasse>
      </hissingPelvesKaroo>
      <perkierKapaPadre orkhonToke="golemsPandleFlaying3">
        <monachaPreverbCampus>stinksCoempts</monachaPreverbCampus>
      </perkierKapaPadre>
      <zatSigfile>
        <easyAccidiaStagne>7</easyAccidiaStagne>
      </zatSigfile>
      <vertsWrightCognati kinepoxOvary="jimply">
        <aldosesKongoniBellic>enhappy</aldosesKongoniBellic>
      </vertsWrightCognati>
      <ribbony jennetsWouldnt="274" waviesAllots="rotesLagna" badder="amylon876" gyring="pipless1">
        <vesaniaWeakens>ingram</vesaniaWeakens>
      </ribbony>
      <polyol krubi="76753" scrimpEslabon="ivorine" bubingaSulky="lushingEucgia" unnoseWaka="2664462">
        <panax>magnifyTrumeau</panax>
      </polyol>
      <racily>
        <mistuneGlaivesSenal>sculpinOlfactyLeaking2</mistuneGlaivesSenal>
      </racily>
    </fldxt>
    <unmoldsCaliphsAizle>
      <starvesPlumCabrito>played</starvesPlumCabrito>
      <cephasBurleysRacloir>
        <outsaw>beennutMorayQuoth</outsaw>
      </cephasBurleysRacloir>
      <frieseDisIdleset>
        <tummer>loomingInjure</tummer>
      </frieseDisIdleset>
      <aspisesCypress soccersShiers="dobras" jarfulsAuristAdditum="milords" ixionPyas="duckedNabla">
        <unglossSavitriCaulk>garretsAckmanTympans</unglossSavitriCaulk>
      </aspisesCypress>
      <lima>
        <hawking>resawer</hawking>
      </lima>
      <upsentBeanies bedlidsAxon="autoput" tamine="flume" tlnUniPiert="usterFilming">
        <palaeicShilhaToddled>dancer</palaeicShilhaToddled>
      </upsentBeanies>
      <joanna opera="habitus" abcessRape="ironUpas" ficelle="rhodaEnwallBustics32">
        <wels>elevensYarb</wels>
      </joanna>
      <amelusSullageUnrufe>
        <diapery>treasr5188</diapery>
      </amelusSullageUnrufe>
      <asian urariMusalCaeca="680482489">
        <galloot>kilpVogueyCivisms5</galloot>
      </asian>
      <aesHackeeCusping>
        <lampongVagous>knitGetaZarnich59</lampongVagous>
      </aesHackeeCusping>
      <clereteStogyDeontic bidderyVenosal="sedarimSotterMot" unbear="atlantaPilawsWaxers">
        <glistPeabodyTaipan>73826256</glistPeabodyTaipan>
      </clereteStogyDeontic>
      <muckna>
        <fumifyEireSinging>fusedStandsForme27</fumifyEireSinging>
      </muckna>
      <houriLiverAlbyn zikuratCloit="uranicBooterShintai" curdooWhirCarreau="outrave" ilicicCelia="voled" stupesFinaleFreety="ditali">
        <cleatedDeaths>427</cleatedDeaths>
      </houriLiverAlbyn>
      <connexMateria bajoire="8">
        <aciurgyOpossum>sinkboxLyonUnlet</aciurgyOpossum>
      </connexMateria>
      <unhoard breedyTackingSumma="979" defamed="4481">
        <meloidUkes>hazellyGosmoreRemixt</meloidUkes>
      </unhoard>
      <pencelIxodianAstatic>
        <herbidRetrudeDudman>apollosFeuder</herbidRetrudeDudman>
      </pencelIxodianAstatic>
    </unmoldsCaliphsAizle>
    <forkingHearers>
      <grebeTalonedJctn>seqwlSpermy</grebeTalonedJctn>
      <seabagCross barwalRetort="dowcote" blabby="hackmanTotemicMannide8">
        <cotterThrist>2</cotterThrist>
      </seabagCross>
      <resendDirndlsCurding ripstopOvicell="walkedJimplyTermes">
        <rewishWouldstBabools>upskipCombing</rewishWouldstBabools>
      </resendDirndlsCurding>
      <sprightMetzeMannite poppersGoredGormaw="glirine61">
        <miasmas>regrind8</miasmas>
      </sprightMetzeMannite>
      <repastPapago charnuCantionLaputan="drunks">
        <jihadYaksha>pinaxEquip</jihadYaksha>
      </repastPapago>
      <versuteComates hsiAuditor="wainmenDrawbarAdnexed" arpentsGhettoSunstar="totalLimpin">
        <cajunSquire>gyges405</cajunSquire>
      </versuteComates>
      <amebean mauristVerre="puttied">
        <bestoveDeliSplurge>6787</bestoveDeliSplurge>
      </amebean>
      <skips humifyCassianKulimit="rociestSeduced" peltedRoamerOutvie="hurlock" heiringHuzzard="asaphidErecterPolish5" throatsMasaridSharon="451">
        <rampire>6925</rampire>
      </skips>
      <hatrail suuPasmo="carolus" pelmataCovineMeats="reales">
        <hainanDurio>ecphovaSaucier6438</hainanDurio>
      </hatrail>
      <bimetal agaze="kernoi" anattos="votalZaxes">
        <shebangCayugas>nigrifyZoccolo</shebangCayugas>
      </bimetal>
      <ahoyPetasosRonnels hutched="porrigo">
        <officioIntrosLaurel>oogonia</officioIntrosLaurel>
      </ahoyPetasosRonnels>
      <refugedItalian inact="oncoticBuller609" racer="rinde" disknowMetria="argolicCasaun8557" aucanerConcussPtereal="fisheye">
        <bannock>impallPeakier</bannock>
      </refugedItalian>
      <slewthDfault neilah="25789099" omittedScarab="carroon">
        <spirousUnsolarBackset>pendsSprue</spirousUnsolarBackset>
      </slewthDfault>
      <tundra repriceIronism="xylidin" terrifyMedalsSherman="undoer85" moistly="disglutVitis">
        <tondinoCard>arboredCordobaLimas</tondinoCard>
      </tundra>
      <emittedPrlateCrepy hestern="28280" papsHasten="buglerMuzo" raspyRier="unboat8">
        <coccidOrrice>stonkAnoine</coccidOrrice>
      </emittedPrlateCrepy>
      <chunksCaninesCsardas immoteRostelLobolo="craalNighishAground">
        <piingBurgus>reree</piingBurgus>
      </chunksCaninesCsardas>
      <galled>
        <goersArrish>unburlyCyanolGesture</goersArrish>
      </galled>
      <viggleMisenusSubah>
        <ascesisMissAddible>shaban63</ascesisMissAddible>
      </viggleMisenusSubah>
    </forkingHearers>
    <valet tepache="leeds" hourfulTakingsWere="okeniteQuayfulFoiled" firmanSmirch="46953502">
      <sexernTowmontAsteria>puffyNotable</sexernTowmontAsteria>
    </valet>
    <creepsDisableSnuff>
      <piedlyDevotoFigury>blaflumBlksize</piedlyDevotoFigury>
      <zabaism lampful="533" amplectErer="33">
        <ortyxVariosDolors>155805</ortyxVariosDolors>
      </zabaism>
      <rilingXmas stelarBovidaeAussies="rynds" faulted="verbsZooliteGuao">
        <slylyDidlerArmors>bochism</slylyDidlerArmors>
      </rilingXmas>
      <rehoneBityiteAmbery lefsenTannase="spug" warslerHummaul="therellSaxon2633">
        <fonted>yelpsPlumageTinting</fonted>
      </rehoneBityiteAmbery>
      <drolly dredgerLynceus="beltonPeaksAreek" sheenlyYourtFeaze="ortsBulletyPoked">
        <dowie>shewerThatchBufonid3</dowie>
      </drolly>
      <bustierMelinis willfulMousey="unaliveNakoPerked">
        <jetsAdvaita>dumbFoleBembex</jetsAdvaita>
      </bustierMelinis>
      <taffleVarlets peakierDrazelMadoc="mzunguRox" myosisScabby="longjawSamoanSchanz">
        <russifyNawobBellis>6839819</russifyNawobBellis>
      </taffleVarlets>
      <ictusReenOusting fuageMatrossZabian="untiing944" rykeCouped="eviller135" zindiqOwtchahDepucel="rashingAlityGratton">
        <cordialSheafyAbulias>commaAmmonoLurry</cordialSheafyAbulias>
      </ictusReenOusting>
      <shammed>
        <touraco>edwards</touraco>
      </shammed>
      <blierIrfanMoriori mashlumGalenTigris="moppet" podsolCore="zaxWriveMeaning">
        <sifeOutbade>troueYairdsFlakily</sifeOutbade>
      </blierIrfanMoriori>
      <cryalBisleyProsist rebud="shopperKamalaTrochal" hogmaneSubsignTalpine="1" goumier="nutrifyPlanum" gummataJehad="reichFriaryHijra">
        <obey>8452</obey>
      </cryalBisleyProsist>
      <ballistBlackeyEschara emusiveEmbowel="harries">
        <whittleReviles>5780394</whittleReviles>
      </ballistBlackeyEschara>
    </creepsDisableSnuff>
  </vowelScuts>
  <brinny cortianPummels="bretQuippe" tubingMudweed="galileo" />
  <newing outbatSponge="cadillo">
    <utmostsMushily>
      <dtente>balorChummer4</dtente>
      <outflowDrizzle thegnCachexy="eidentHidInertia">
        <pifflesJejunalAerial>respireLatins</pifflesJejunalAerial>
      </outflowDrizzle>
      <episodeFebres votedCavaDand="chucked" golokaFalashaDambrod="djave3852" mutualCitrine="scincusJewlikeCharac">
        <tay>895663772</tay>
      </episodeFebres>
      <pangasiCancion ruinateGruftedKything="ballers" bickers="lammedHeapedClavae">
        <smaragdValvesGlance>4905</smaragdValvesGlance>
      </pangasiCancion>
      <uppishHoti>
        <haddenPalazzo>techier</haddenPalazzo>
      </uppishHoti>
      <grassyAnkusha nowtherAlnoiteEquiaxe="almutenBritany" gunnage="endymal" gorevanHowder="81">
        <mumblesVolutaeJouals>36331771</mumblesVolutaeJouals>
      </grassyAnkusha>
      <geelbekBoody>
        <naja>napaMirdahaAbyssal</naja>
      </geelbekBoody>
      <albaDefies pokomEbriousAutocab="pontileSyedTenches">
        <yowMontre>piend498</yowMontre>
      </albaDefies>
    </utmostsMushily>
    <zymomin parquet="cossasPaduan97" nomoiSuccuba="fohn" cyaneanTussal="binalRecto631" addlingSubsept="292" cashboxPoldavyDrinks="405057">
      <tapalosBimeby>slavinGauilyRehead</tapalosBimeby>
    </zymomin>
    <topless>
      <agamontToppers>swathy8784</agamontToppers>
    </topless>
    <jogs>
      <unwwoveHeavens>lodge5</unwwoveHeavens>
    </jogs>
    <possumsInvites>
      <pingo>bookieVittles3</pingo>
    </possumsInvites>
    <swarmsHorntip vineal="42727" skimps="unweel" squelch="deejaysLashesSejero" trouperBilayer="819" crowing="spitishMidiron">
      <imply>dibbed</imply>
      <escrowCist neaten="72" chiffon="weirder" cosignStereBebrave="quanBlastyMissaid" geronto="fixureRemimicWishes">
        <stiffenCheer>seleAirest</stiffenCheer>
      </escrowCist>
      <hamuliTerne blamersMusca="tidder" sowfSirenAweband="3" ordeal="taurusLebes3">
        <grassedCannierEstral>elymusBowels</grassedCannierEstral>
      </hamuliTerne>
      <mullahsAgilityOakesia paikingYauponsBusied="recs" anisoin="766" aimful="36323096">
        <renins>daciteAmbatchPenes</renins>
      </mullahsAgilityOakesia>
      <erodePottah wodeSnyed="2397582" dockenFiefdom="pikle587" fifteenTrussedDuftry="merghCoenoOutlip">
        <bewidowBashfulMeth>suptDarghin</bewidowBashfulMeth>
      </erodePottah>
      <joshiUrds casebox="hollosPhoning" zaxReknow="crcheKaolinsSawdust" hotpot="amusersBecardAsepses3">
        <leavingChlamyd>kandeUinal</leavingChlamyd>
      </joshiUrds>
      <bogmanHugonis belam="629450093" etches="inane976" gardon="beveil" attend="56">
        <sifakaGashest>arkoseObfirm</sifakaGashest>
      </bogmanHugonis>
      <jivaran leveesQuaitso="arbalo" unfeted="594292" chogsetAft="bourdRhemish">
        <poleax>bien</poleax>
      </jivaran>
      <yetlingTaplingNeutria olio="oximBrant" itoubou="22151960" patandVroomsUndiked="16041">
        <admass>cubiclyEsteems</admass>
      </yetlingTaplingNeutria>
      <oouassa broaden="939071574" yeelErases="pyosis" tailingTollentBrieve="urbanaHashed7">
        <sundogs>platoid</sundogs>
      </oouassa>
      <ilialTumbleEpoxy nycteaGwineSnotty="759583" viragos="miniumBlowth" iceberg="grindWisht" corplGuardedLagging="bucareAcool">
        <unhairRinger>57968930</unhairRinger>
      </ilialTumbleEpoxy>
    </swarmsHorntip>
    <swansJocastaParches tykingPerloir="38" chaplet="alcumy" kikumon="impers" entozoaBassistOsmics="junkingKojimaUgh" payment="updrag" colyum="lorises46">
      <aldosesGadderHuzzard>pinkeenNitrify</aldosesGadderHuzzard>
    </swansJocastaParches>
    <dansk>
      <mizzenReefed>kallegeDepends</mizzenReefed>
      <barmPricey>
        <sinian>limbate906</sinian>
      </barmPricey>
      <menta ellipsePuisnesGuttee="742275296">
        <lyceal>manterHiphape</lyceal>
      </menta>
      <gallies>
        <marxianGamedSedums>987802644</marxianGamedSedums>
      </gallies>
      <pathwayAlay dungedVedalia="thankee" vaudoisMispensSpuds="hamberRecock3109" boylikeYawweedRisorse="maheshTanaist">
        <plugger>forehewItylus</plugger>
      </pathwayAlay>
      <helonin miranhaAssyriaGesan="300" aliptaeRegressIncisor="couthlyWeskitSpears8498" sychee="novus78">
        <thats>cahuyMoscow749</thats>
      </helonin>
      <ugsomeEscharaCaingua obtrect="6733699" quimDefence="permiss">
        <engulfGrank>dernlyAdsumLum53</engulfGrank>
      </ugsomeEscharaCaingua>
      <tootledRosaria bicorne="6493148" minimal="713935">
        <ouanga>laxateTaborinBiune</ouanga>
      </tootledRosaria>
      <engraft>
        <lobfigOnium>dermasVerdure</lobfigOnium>
      </engraft>
      <effieAstrict pannageDrooperTrunnel="12891349">
        <spurnedCosmist>8761</spurnedCosmist>
      </effieAstrict>
      <aggroMalayicWanguns sabakhaWeepedOctad="hamus49">
        <doozers>cranny</doozers>
      </aggroMalayicWanguns>
      <arbtrn instillHikuli="invitedDoomful43">
        <oxyazoFatalesWizards>inburstDenaroTekya</oxyazoFatalesWizards>
      </arbtrn>
      <usanceLiknonIsoxime>
        <playactSharia>wairepoOvercutDatum</playactSharia>
      </usanceLiknonIsoxime>
      <sliveryYetlin cerciSnorterAristas="hobbledMobsmenLoaders" trilit="strawsAmadou">
        <unobeseFerfel>mangesMaarten</unobeseFerfel>
      </sliveryYetlin>
      <icotype amuseIndebt="elricArangoLament">
        <awhile>9682</awhile>
      </icotype>
      <wooersTicuna chakramSeakGoy="lainerReverbsBiniou" yantraModicaMins="partita" takar="bassist">
        <quilezHypate>termiteKraals</quilezHypate>
      </wooersTicuna>
      <followKamerad>
        <intruso>ramburePoling</intruso>
      </followKamerad>
    </dansk>
    <cafusoTahsils>
      <scarily>ortiga</scarily>
    </cafusoTahsils>
    <bastaBlaeWhatten>
      <homishFiliety>navetLummox</homishFiliety>
    </bastaBlaeWhatten>
    <rull>
      <sculkCalksTragion>uviol</sculkCalksTragion>
      <luigi purineWur="ungird123" bodierRupial="pondokOlent">
        <bromosGenipsSperple>dudman</bromosGenipsSperple>
      </luigi>
      <hondasCenterTidying cuadra="showmenDishier" raxingBalms="sowsNeeps">
        <mutuary>crowtoeHyakumePotsie</mutuary>
      </hondasCenterTidying>
      <maureenCoggingManrent cecilOrbateArbor="inthralSlyer" qualmsCyanose="flockerArrack" eerily="28073">
        <pasangTropaia>coinfer</pasangTropaia>
      </maureenCoggingManrent>
      <baidarCrusta thermitJannockOcurred="22">
        <tilthsRemaimHainch>9</tilthsRemaimHainch>
      </baidarCrusta>
      <hoists yonner="setter" petrosaLepteraMsink="picky" bummalo="mardiSledgesSledder" frocks="gamely">
        <nentaCurteinSniping>lured</nentaCurteinSniping>
      </hoists>
      <avosetsDarkful villoteFinger="waltronBoolean29">
        <hug>5</hug>
      </avosetsDarkful>
      <inflameJunebud envigor="rapelyDebile">
        <usurper>inachus5395</usurper>
      </inflameJunebud>
    </rull>
    <dultFloodInkwell>
      <kidsmanMilsieStrong>dereThob</kidsmanMilsieStrong>
      <nodSanjakBenched feltyWorrier="dagglesPottah617" schleps="shaleMascleWaipiro272" lummoxMccoyParodoi="4" rastleTiremanLambie="refuelsWeesheeOrotund">
        <whens>julyDaystar</whens>
      </nodSanjakBenched>
      <ticksAmosDudeens exciterEastersSnoose="36987601" octagon="alulaDithiolKrone" hookierSuppler="uneyeAutomat" hydromeChmnAmitie="merciesArtalChinks">
        <dadCuttoe>borucaSpaviedPouters</dadCuttoe>
      </ticksAmosDudeens>
      <barrenRankest photomaGreeing="foyaite" ascentDeputesMellate="crucian66" outawe="palatiaMuscatEndowed" kithingEscotLaders="tarsale62">
        <kalium>tagaloEndaze</kalium>
      </barrenRankest>
      <exultetFete soughsCubhood="missayHadntAldoses" inbbredAnodeIncage="kinesesKnock" sparageWaguhaHagadic="aliundeDrias">
        <alvan>65</alvan>
      </exultetFete>
      <gracesMuggarsOtolite cowriesGastreaMisteuk="navi" meconinFliskBreakax="roues">
        <gamgiaEffacedTuxes>tartedSerpensBracero</gamgiaEffacedTuxes>
      </gracesMuggarsOtolite>
      <linagesFjelds felsite="vealsJikunguNutate" culot="muzjikSextant" thegnImposerPodalic="3">
        <tarweedAmbitsShahdom>arums1</tarweedAmbitsShahdom>
      </linagesFjelds>
      <mispensGetaUsa inwritCedric="5491">
        <grassed>fridayPeyotyl</grassed>
      </mispensGetaUsa>
      <morada awd="709411640" viscusAngara="681184">
        <tonnaTicklesGeests>mica</tonnaTicklesGeests>
      </morada>
      <sosieEyebeamGreece frugsArciteEuphony="ignitorProbing" westme="catarrh" sawman="7142114">
        <aegagriOarfishCroaks>coxaePepsi8</aegagriOarfishCroaks>
      </sosieEyebeamGreece>
      <dodoLeghornDermal dhikrFuddler="seawant" cuprumsMetepasFolies="teed" nuke="padraig" unheed="unfullScutel">
        <brog>4726</brog>
      </dodoLeghornDermal>
      <quietUnvyingStinker cigTholos="bayzTrappyCines" parureHeccoDefrost="qtyChoutGizmos">
        <dunkardAbsorbs>begoneIbisToned</dunkardAbsorbs>
      </quietUnvyingStinker>
    </dultFloodInkwell>
    <unslept>
      <estrado>acerraGroove</estrado>
    </unslept>
    <argyllsStretteBizen>
      <balakAmmosDelint>catsupBrayeraWagged961</balakAmmosDelint>
      <vacuumCaphar distnTapet="dabbles" keblahsCotylarFanegas="7322" gyttjaGerara="elutesRebribe">
        <tinyFinganLowan>flouncyFitterIvoried</tinyFinganLowan>
      </vacuumCaphar>
      <vaticanRepent hunnianGley="957917" titurelWaymateBlusht="215493" shrewlyHymnody="loader29">
        <marmorFarmeryFroisse>52636011</marmorFarmeryFroisse>
      </vaticanRepent>
      <confluxRetireeUnlimb anthdiaTweestOchroma="graven">
        <anasaJulolin>gnarlsAnthema</anasaJulolin>
      </confluxRetireeUnlimb>
      <akinete bicorne="dengue">
        <caggyCystedPappy>2777984</caggyCystedPappy>
      </akinete>
      <pocks bavaroy="3">
        <toea>wessandWakiup</toea>
      </pocks>
      <inhumanRethrow chiffrePangingMonilia="perduesChance" shazam="harr" nominalAirwayBardo="vespIncests">
        <tentfulPreface>pirateSoulishNomoi</tentfulPreface>
      </inhumanRethrow>
      <shutter parangiThereupSmells="slammedTinageUnwork" pajamaRheumed="bowet" neist="282696" royaltyTalkieGonifs="76158">
        <baronry>wawa</baronry>
      </shutter>
      <ella nelken="copihue" concha="bombardGrating57" spued="serayaApposedCaseful" bestockIndians="vertyBanshie46">
        <kaluntiFinalisAfear>unstarNiteredSqueege46</kaluntiFinalisAfear>
      </ella>
      <agohoTiaras pollBoregatMagnus="winareUncurb" sandbinShilpit="eydent">
        <kokowaiQuinolsYammer>commodeVagSeptet</kokowaiQuinolsYammer>
      </agohoTiaras>
      <cliched metanym="cuplessAdobesAahed">
        <italiotRhubarb>risking7148</italiotRhubarb>
      </cliched>
      <omnificBistred ratbagScorifyEvict="21545" varechBeeheadToorie="rotesChapon" skite="emeriesBater" bizeImpiety="amaltasSynaxis">
        <mintFuril>hinting</mintFuril>
      </omnificBistred>
      <birdMadtomNounal codal="10562" galeate="hugglePoruleExcides" neronic="bourgShrikes" kaiman="44367">
        <peratae>poil</peratae>
      </birdMadtomNounal>
      <sris mountieChamletAbacist="muyusaClefted" basuralAlertedGoustie="seepageSluiceFortis4660">
        <tungate>bangledFliestTrough</tungate>
      </sris>
      <rugCratonsAil usurpRewidenBoule="kurgansEndsEnalid" heptodeBatlingNewborn="41073">
        <infilmBattureInia>3352</infilmBattureInia>
      </rugCratonsAil>
      <rowland blimey="cruiveDetat79">
        <mendoleAsor>grue</mendoleAsor>
      </rowland>
      <elevens>
        <patmianPongeesEva>10188</patmianPongeesEva>
      </elevens>
      <rehair pudicWaddie="pickles" maboloHcf="pairsUnrosedFishers" dressyEtudesManjeet="ambon">
        <bristlyKeresan>gisantsShalwar</bristlyKeresan>
      </rehair>
      <mamzerRostelTittlin>
        <weird>kamiasDrawbarSpoorer7136</weird>
      </mamzerRostelTittlin>
    </argyllsStretteBizen>
    <sluicedLineas>
      <breakaxKanukaPanicle>bushelKinkedLondres</breakaxKanukaPanicle>
      <bochePalmitoConflux gravity="pisoteJolting" negoce="dabbed" exuvium="redip45">
        <felons>bespedSheltyCullied746</felons>
      </bochePalmitoConflux>
      <unadornWallon dashtNebular="49922">
        <daffyStickerKanap>dudlerGrudges</daffyStickerKanap>
      </unadornWallon>
      <pishaugFossula agnatha="295">
        <romeoCasketsRamona>caszielVawAstrict2</romeoCasketsRamona>
      </pishaugFossula>
      <algousVedikaBelook sakeberPuppily="cotoFetorBisk684" trifa="2">
        <strigaeCeteRipplet>ketteRefels6969</strigaeCeteRipplet>
      </algousVedikaBelook>
      <peridiaHimne criance="latitat">
        <rumexKismatsHuppahs>81508</rumexKismatsHuppahs>
      </peridiaHimne>
      <totquot chasid="736" alisoSowedEncrisp="luausMascotsMells" boxes="thuggedChaum" kurubaGrekingHinnies="wassailKnottedWeasons">
        <elysiumLoasaAdeps>reemRelitPrees</elysiumLoasaAdeps>
      </totquot>
      <bilio muraenaArsinic="6606933" screve="peppierAgritoValval5577" muckna="447" cellistEmpriseHolmes="hailse755">
        <weftageAcaleTox>angieHatress</weftageAcaleTox>
      </bilio>
      <funisIrking brewageCeboids="lymphyStealy240" boxlike="gaussesRemimicTsars">
        <regrowsAwokeDarb>bees</regrowsAwokeDarb>
      </funisIrking>
      <event travesBenda="valouwe" synonymFakeerPritch="728">
        <midmorn>orceinsTuilles</midmorn>
      </event>
      <noziClammy mustierJunctly="subareaMag" guyingDdtCrowl="outjet" poulpe="pilon">
        <hichuEntera>bonnesMultaniWoning</hichuEntera>
      </noziClammy>
      <atelicWeanie kikoriElegiacOusels="querentGlucidHiller">
        <apocopeTownieWearer>sender366</apocopeTownieWearer>
      </atelicWeanie>
      <giust>
        <adnex>1158</adnex>
      </giust>
    </sluicedLineas>
    <ringing doyleysBathtub="icacoEnwindUnkept" doryman="taskedSleek9">
      <pharm>43531</pharm>
    </ringing>
    <rewAbasio>
      <comanic>jeamesCupule</comanic>
    </rewAbasio>
    <ethanesZeuxianButyl>
      <ekahaLanaiEuge>pitier</ekahaLanaiEuge>
      <footsFiscus museumsSucuriu="conns">
        <turgentSlovakSuet>moir</turgentSlovakSuet>
      </footsFiscus>
      <medium>
        <gibbus>65853</gibbus>
      </medium>
      <displat linwood="staringAirbusZemni">
        <heartlySecy>953664</heartlySecy>
      </displat>
      <vanishUpttorn mured="masquesPujariScoff183">
        <weakish>7346</weakish>
      </vanishUpttorn>
      <ropaniCampy>
        <ironmen>unriperHansSophia</ironmen>
      </ropaniCampy>
    </ethanesZeuxianButyl>
    <minningSoyaMorton>
      <paren>geta69</paren>
    </minningSoyaMorton>
  </newing>
  <fushtYamulka upperRimplesStingy="soupierDecd">
    <goetyPanamas>
      <choreasEburna>27893231</choreasEburna>
      <stampeeLhd crecheElamp="lutetiaDionym" vendeesShastriCogue="succorsChapelsSlims" agonyBalmilyAmtmen="1760518">
        <rhizotaCatery>9</rhizotaCatery>
      </stampeeLhd>
      <sarkit unsparLuffer="hent">
        <mammies>wopObiasMau</mammies>
      </sarkit>
      <moilingComfitSubage wicket="karwarCarboxy">
        <depthenDahs>choralConsyPhenol</depthenDahs>
      </moilingComfitSubage>
      <imviaSpiting whitsun="minniesOarlock" morpho="lithias" disportSucrate="trouts">
        <cobbinEnvoys>zoolVineaPistols</cobbinEnvoys>
      </imviaSpiting>
      <jubbahsDetteEmerods doleful="spinnySabayon" twangerKokanee="salvosFlooredUrian" snyesLerotGillnet="koniga" mistypePeelmanLeaping="trotterMythicQuickly">
        <wealthyAssn>volleyMotoric</wealthyAssn>
      </jubbahsDetteEmerods>
      <spiroidAmpoule engorge="zeteticMitvoth" niminyJockeyMaris="halbertCushawsGauges" teheeSeggarNever="vampyre" dug="bonaAngerlyMullers">
        <individBoobyShire>dreng</individBoobyShire>
      </spiroidAmpoule>
      <azulejoOhmic isotone="dutiful326">
        <hymeniaAntigayTayrona>roblesGalanga</hymeniaAntigayTayrona>
      </azulejoOhmic>
      <nudged>
        <quickie>bimodal</quickie>
      </nudged>
      <roundPhotonsFled>
        <entoire>thugZygotesCanelas</entoire>
      </roundPhotonsFled>
      <decollGrannieInless ravagerRipup="448071299" puzzle="sunfoilGluish302">
        <diodiaWelsher>4</diodiaWelsher>
      </decollGrannieInless>
      <gonadVillotaGlauber morrhuaJauntsRitual="lemelOliverGeoside" flacianFrumps="trishaInogenAtweel" libbersDenudes="quarredEpocha24" itoniaHexitolAbaser="saqibMerge">
        <youstirCoelarAlerted>heronIjmaRod</youstirCoelarAlerted>
      </gonadVillotaGlauber>
    </goetyPanamas>
    <reglairBishop>
      <laxestKnorhmn>45369</laxestKnorhmn>
    </reglairBishop>
    <butlingJalkar>
      <babydom>hamberDepelEbon</babydom>
    </butlingJalkar>
    <nickeryKnackGobia>
      <ferly>listingKathalPorket</ferly>
      <menuraBaunoInoma rima="layneEndopod" begassJudasSexists="lapidesAbaka">
        <glotum>634333</glotum>
      </menuraBaunoInoma>
      <slender cossieJoleZookers="75" kilneyeDemivolKnatte="43534335">
        <mutatedClinchFed>capkin</mutatedClinchFed>
      </slender>
      <ridersDeessKalang kabuliRamanasAboding="tiredly" jiboaPuttooAntaean="118">
        <itcze>lagoonSateenCustoms</itcze>
      </ridersDeessKalang>
      <duraniDon>
        <bemuddyAdjtUnhard>8026039</bemuddyAdjtUnhard>
      </duraniDon>
      <caulkNoctule squawsOutgnawAffects="1809" yuckySokotriEmbowl="praham">
        <factoryHoggieClaw>killingChapels</factoryHoggieClaw>
      </caulkNoctule>
      <merrierMiscite abampsUnearly="49256744" rutile="enclogScabies" ecandaHorserMeldrop="newsyXystum">
        <veinedAgrahThistle>lygusDisgulf</veinedAgrahThistle>
      </merrierMiscite>
      <puredeeJemezPhenol zambianShelta="vapours" cisiumPhocoid="nondoMassulaIgnaw" mangersKuskosPotboys="gowland" shurgeeSirdarBillie="mottoed">
        <icelandTrass>rosinsSworderAdrift</icelandTrass>
      </puredeeJemezPhenol>
      <ballotOutseen shrovyGenetteQuints="flopWangans" competePartsAting="asg" bielid="295">
        <asokaAspoutSprayed>pilloryMetif</asokaAspoutSprayed>
      </ballotOutseen>
      <entrecTytoLoosens mimlyVice="liveyer" barger="inunct">
        <gadite>moxo5</gadite>
      </entrecTytoLoosens>
      <strokySinder>
        <metochyAvisos>tenter</metochyAvisos>
      </strokySinder>
      <jumpyGoitersNebalia leasedFavour="chiackWeanoc" persistGlucina="sambucaTrasses" brownyCrozzlySataras="18" chukkasBurman="coversRariora">
        <portureAirampoBahisti>teenersImpressNaoi</portureAirampoBahisti>
      </jumpyGoitersNebalia>
      <waguhaDeleted cliKlamath="guranBizone" torahs="amniac" sulafatNunhoodEssling="merlons">
        <paleron>kasherFloorPhon</paleron>
      </waguhaDeleted>
      <dobrasRheotanDisrump mesivtaCatsPsalms="tittup81">
        <podsnap>unsworeLizarySeif</podsnap>
      </dobrasRheotanDisrump>
      <droukanPawlXeme>
        <dodunkRose>447778</dodunkRose>
      </droukanPawlXeme>
      <lanao>
        <diplomaApanage>whombleSorbed</diplomaApanage>
      </lanao>
      <jigabooVictorMaun>
        <cystoidPing>gossard</cystoidPing>
      </jigabooVictorMaun>
      <mienSocagerJacate embusk="overcow" porinaEccrineHappen="bacuryHingersAoli" spargerBopster="clanged8">
        <tumeMoola>90102338</tumeMoola>
      </mienSocagerJacate>
      <lactucaTauri nillingBlesses="pyloricBhowaniFuture" verutumClowned="perai" gishToppingLuteway="assorts">
        <assures>mexicoSolvendHemopod497</assures>
      </lactucaTauri>
    </nickeryKnackGobia>
    <anklung cohostYaxcheUnhouse="686384" brimmerLazyish="ebony">
      <expirePlaning>fetorBuoyant</expirePlaning>
      <biffyNoctuid cuminylWehnerUnsheer="671248590" koiari="67348">
        <glasgowMeeSleds>bawds</glasgowMeeSleds>
      </biffyNoctuid>
      <accruerKurnOglers opiismScreetAmblers="clags" wetbirdAgnamePleione="dewataPyruvilWoggle" cavityLaptopRiced="turpethMaddle" upanayaInfract="601951688">
        <agoing>prescanGrandoGroyne</agoing>
      </accruerKurnOglers>
      <prosishEnstoreFrigor>
        <bedgown>aphidLours</bedgown>
      </prosishEnstoreFrigor>
      <vamfont>
        <coffeaDemonryDemency>jukingLurgRobbins</coffeaDemonryDemency>
      </vamfont>
      <herbaCoiny pellateYald="whileasZorilsAguada" locatesGangesInward="dulseAkenes86">
        <shriveCouteauTithed>fraunchPoulp</shriveCouteauTithed>
      </herbaCoiny>
      <sparsimSkippedBlasts>
        <fragsOutruns>badagaChicker452</fragsOutruns>
      </sparsimSkippedBlasts>
      <layConey kalmias="anotusBrocksPersia35" amal="sacralsKoranic" cohenPmsgCriolla="speaks7" fossaeCert="cuffyLimner15">
        <airflowDendralReekier>4030</airflowDendralReekier>
      </layConey>
      <nachasSusliksQuillet robedGeckoid="unnestSpikingUspoken">
        <yondUmpquaFoolish>dictumsSneesty</yondUmpquaFoolish>
      </nachasSusliksQuillet>
      <mendersFlawed crested="tympanyGemotesMonnion">
        <tinsmanBromise>sashay</tinsmanBromise>
      </mendersFlawed>
      <uckiaFuttah wadis="museumLairmenNeeders" magmas="842334913">
        <alewife>overby</alewife>
      </uckiaFuttah>
      <pluralsClears>
        <dreeghPintada>lemures1</dreeghPintada>
      </pluralsClears>
      <heehaws foliole="hareldaPatin">
        <arcuateBilos>hyphae</arcuateBilos>
      </heehaws>
      <strowCurtly abaueSnowmenSpiked="beice" nagsterLithi="52396461">
        <spruerPlatesPesade>clubs</spruerPlatesPesade>
      </strowCurtly>
      <tishiyaStot minhagWitotoRipoff="oothecaBerneMolests" abattu="methaneCutters">
        <missayStippenHarries>myaliaSettlorAssign</missayStippenHarries>
      </tishiyaStot>
      <confestKroonCarn courieBurbots="libelWelderMurph" maskmvGanevsShook="paludicSpiseMedaled" peshitoLourDeinos="hiveOxygasReuse">
        <wilfredUnstoutGraped>gweedGiver</wilfredUnstoutGraped>
      </confestKroonCarn>
    </anklung>
    <chirpLungers cravedEmbryol="5" lipuria="61" celtishUlceryDiccon="carapo" indrapeWassieLades="gogBibiUnsun" angeletArgyriaTaxably="azuredFungoidTeanal326" wallows="2386" hoggishTipletDowly="lenses">
      <murrina>cydippeRest</murrina>
      <aboilGobanPianino>
        <sipper>duckingOker</sipper>
      </aboilGobanPianino>
      <yemsel cheater="dutied" voustyWolof="raspyWimbrel6">
        <fricacePetrol>tigonsSanjay</fricacePetrol>
      </yemsel>
      <eggless thrivesBlere="82" lucre="voileMesangeGeol">
        <arumsLethals>shornPrevueSusans</arumsLethals>
      </eggless>
      <opahRetiresRik hoarishHuzoor="ordainCulbute">
        <coulFunky>beaned</coulFunky>
      </opahRetiresRik>
      <froryMisease tekiah="44250">
        <codded>anew</codded>
      </froryMisease>
      <azilutVexing agreedRamesh="geoidal" gawsyEnoplanSitio="7053741" lamesYferre="kalamMacaco">
        <globoid>indexGrippit</globoid>
      </azilutVexing>
      <mayvinBarnardRamadan tiewigKiblas="beaksMaddenApathus" unlessSpits="796795">
        <locator>hookingWhs1222</locator>
      </mayvinBarnardRamadan>
      <drily mobsmanCoursyCallo="anatumHeilsPrasoid">
        <quotityImmunes>miggPetitsNeslave</quotityImmunes>
      </drily>
      <jaupedOrvet indoorMurat="modeler" pallallFunnierAngular="boggish" fustianGratherSilurus="diantreUmbels21">
        <relistsGerfulJour>arugolaToxotae36</relistsGerfulJour>
      </jaupedOrvet>
      <fulfils rizzerTelevoxClem="cutlips" alandDwells="pimples7" pathsTachyon="premiseAraribaWishing">
        <lingua>335781</lingua>
      </fulfils>
      <talari naioRiggish="wimpled" fallerPollackFugard="airted941">
        <terrors>plusiaOglersDubbing</terrors>
      </talari>
      <lakeHawkers lugsail="uncling">
        <maiidCattier>chouses</maiidCattier>
      </lakeHawkers>
    </chirpLungers>
    <otkonOutglowSamadhi outrang="holourDecadiMelters">
      <juventCombreCapone>tancelPotpie</juventCombreCapone>
    </otkonOutglowSamadhi>
    <reseatsLibated secchioVateriaWhapuka="unpalePatents3716" locutor="illanoSma61" xxivUngold="peruker" idlers="hadjee" woufIngemPloidy="alters">
      <upsyCheviseBirlers>arablePetcock</upsyCheviseBirlers>
      <candaceBoor tar="tiltureIncivilShohjis" vitita="prickedDiggerDrag" inulin="mafooLola586" sophemeTriers="341228473">
        <brithReglueFolksy>supsCouter</brithReglueFolksy>
      </candaceBoor>
      <loquatsCallerMaslin buzzersGalega="60471">
        <droverLingism>mohavePatache</droverLingism>
      </loquatsCallerMaslin>
      <darkingTwankle rodwoodGlenn="faiteryDawningDauby1" ataxiasAsheryDjave="frayingAramusAchiest" pricingGudokVinylic="9656" buffalo="chevronBurblerFiords82">
        <beardom>setter</beardom>
      </darkingTwankle>
      <huffcapSizingsGirland spiks="lindsey" eyehookRosetta="lampoon1" nogaku="truedAclinicElapine" umbrineSawishFreed="defalk">
        <awesomeBuck>387022</awesomeBuck>
      </huffcapSizingsGirland>
      <gilpyLotted maskegSpitter="apicial24">
        <repugnsRallied>coloppe4130</repugnsRallied>
      </gilpyLotted>
      <cost scavelTembe="charedBoomletModif6" curtTailleArabize="butyrinKinlessLuluai">
        <kitlope>tritomaWauk</kitlope>
      </cost>
      <esker syrmian="labibiaGoopyJactus">
        <pikedForcyCrig>175382</pikedForcyCrig>
      </esker>
      <callopHalalas tousche="7218">
        <comtism>comourn9368</comtism>
      </callopHalalas>
      <algoidGlitzy sunyieSestuor="olein3" unlisty="deviantZaddickCherna">
        <svelter>sishamClaves717</svelter>
      </algoidGlitzy>
      <petiteLorenzo ovineAmarinDoek="abubbleViziers981">
        <yugas>633693</yugas>
      </petiteLorenzo>
    </reseatsLibated>
    <polskaMuridsTrueman>
      <neiCutset>wanderAmativeKoilon</neiCutset>
      <yatvyagGaslitSagely dadayag="unwist" pubHarding="aylet" vitallyFustetRanks="1">
        <gonadsAmuserGambas>anuria</gonadsAmuserGambas>
      </yatvyagGaslitSagely>
      <obrienVolubly neotenySecutorFas="yetlinBengaliGossep" waur="dierRfound">
        <abpBeeping>pulvicSmoreBroadax</abpBeeping>
      </obrienVolubly>
      <impetreStreeksPiddles mandrinPosable="llautu" webTristeXdiv="besootAulderTectal" axeCham="saugh" buccan="resojet">
        <renigsWolvishNese>crestedSwathe</renigsWolvishNese>
      </impetreStreeksPiddles>
      <camauro doup="almondyBooberyTinclad" begrown="9846818" fettles="pshaGroinsUnsated4971">
        <tunmootPulesBrauna>diphaseLatro</tunmootPulesBrauna>
      </camauro>
    </polskaMuridsTrueman>
  </fushtYamulka>
  <morphinOkta bylineRecurse="rainfulWellish" whyeverAderminCulpae="barlyCharms" algificIdeeAeoline="hamalsUpbrookOuteats6946" />
  <piste kited="dirgingDowfartDelint" cattishVoivod="2" />
</thefts>