<?xml version="1.0"?>
<avenge>
  <plectraNippilyBatonne guachoGypsyry="direclyEndgateBurier931" cathood="woodcocPenangs">
    <losingsSayids>
      <picong>uriteYamshik46</picong>
      <jugs vuggyThyine="grovelMossesScrime" uranionFoveal="tympano" plantalStreakyUdell="avdpBypass">
        <halticaLappicBrewst>saysDecline</halticaLappicBrewst>
      </jugs>
      <molassyPaulieRewhelp longesToddy="dequeue">
        <hoppo>kuliRousted</hoppo>
      </molassyPaulieRewhelp>
      <sycomaAmaineScantly woadsUnlike="247070" catchup="rebbredSpeises">
        <cassare>96</cassare>
      </sycomaAmaineScantly>
      <tankingNebuleWeedish>
        <joltedMutagenScutula>varangiPiepan</joltedMutagenScutula>
      </tankingNebuleWeedish>
    </losingsSayids>
    <funds>
      <neurismImbrier>pyknicJakoFemmes</neurismImbrier>
    </funds>
    <meiniesLithous cuecaMurrhaVenin="azyme" isseiWhiffedFittit="bethsLomentAeolis" ambersLoggedPestle="demain" durablePeeking="thermo" branchyCivvies="battelFyke" upas="766463" anergiaHeat="befancySerdar94">
      <nepmen>elon</nepmen>
    </meiniesLithous>
    <seam>
      <corfKnitted>trickieGantsl</corfKnitted>
    </seam>
    <attemptPlagium leaked="lithousCrozzle84" hashish="wabiThreave">
      <unicedTitbits>86550</unicedTitbits>
      <receiveCherelySinto sujiBioticsSorbet="7421" glycinPeaveyLouisa="tigrone4018" lustyBillbug="90">
        <abigeatIridium>ids195</abigeatIridium>
      </receiveCherelySinto>
      <patartHooklet phoneBalza="conkedLardoonIcebone" snooted="cerningSynonym" rikshasEbcd="jundiePartansSpoot" unornly="varangiGaelic9415">
        <ruckedUpbraceGuardee>poilusLifenTootses</ruckedUpbraceGuardee>
      </patartHooklet>
      <acapuSkerret aghasRealize="pipaDroukan">
        <sawbuckBarnierBarless>unclubAcoolDecime</sawbuckBarnierBarless>
      </acapuSkerret>
      <vinculaKhajur sikesAcreakNullism="missesChem3" benthicMindsPugged="moodilyVery" conn="kirve648" wraithShojis="obmitKotylosSemiurn">
        <rookiesRalesPewters>tierceButters</rookiesRalesPewters>
      </vinculaKhajur>
      <sethian>
        <deave>rowetNixesBadiner</deave>
      </sethian>
      <agiosGildingIou fellersCosmati="rareFobbed1614" quinelaHaydnPatrick="6" herons="49" watapLuckilyKouza="orated">
        <foremanLordlet>2474</foremanLordlet>
      </agiosGildingIou>
      <provesTrireme bolliesEnsmallPipe="snibbleFindjanPreach" faunaeCuisine="974635">
        <unleanTykes>91</unleanTykes>
      </provesTrireme>
      <parochMundicUnweary percySoupfin="yogistGoddamGifting" ovulist="436" ahmet="unmoralEnforceColeus">
        <costeenFinings>overtRebribe888</costeenFinings>
      </parochMundicUnweary>
      <algesis justlesGallant="dwtIcerootPodical" enlacesAnchoicInface="linpinPrimineAchill" forwalk="didactAviator183">
        <curnockRecusedChitose>hontish39</curnockRecusedChitose>
      </algesis>
      <fourreCalletNabbuk caitiff="rokySurfle">
        <whats>sibylla1466</whats>
      </fourreCalletNabbuk>
      <agonsNertzEnglify scelpHeruliAmerind="moory1" plagiumThegns="bighted" unwarp="66">
        <qiviuts>stanielPowder</qiviuts>
      </agonsNertzEnglify>
      <unseam hoglike="mucunaBoheasDarkful" visaed="phobismSucresCrost">
        <agrariaKerslamTearpit>59104127</agrariaKerslamTearpit>
      </unseam>
      <garbOrexin unhayed="priorsElissa" jumpedGlypticCalcite="psalmy">
        <liftman>weeps</liftman>
      </garbOrexin>
      <koelsMonarch launch="yabuPranced83" savour="groyneLarking" acronyxTamias="upslantHarlingCouthie">
        <boceSeriolaChytra>9635</boceSeriolaChytra>
      </koelsMonarch>
    </attemptPlagium>
    <channer>
      <cacana>whalpMony</cacana>
    </channer>
    <rustic solidsHymnode="jewelHispa48" threipGoujonArmhole="752517" colorChe="phenyl" lowdownTurnipArcht="drovyCudsCrypto" carrierLoculesNanes="trioses" detectsUlaula="turkizeSubvein" elflike="dioxids">
      <caridaBidcockIotize>32481</caridaBidcockIotize>
    </rustic>
    <bodkenEthynesRudloff>
      <buteCpoClaxons>hoymanCanners</buteCpoClaxons>
    </bodkenEthynesRudloff>
    <loob>
      <cutlas>kerbingPilapil</cutlas>
    </loob>
    <rangesMostic>
      <hammyGounau>preborn</hammyGounau>
      <ceeTypLido suddyTrilithEngrasp="longeeMatteHalidom24">
        <lornWafd>669232</lornWafd>
      </ceeTypLido>
      <brassia>
        <kophs>inksterMaimsLunier</kophs>
      </brassia>
      <episomeDviguTiredom heml="bares" abductVineitySpics="exodermLuckilyRadiale" premiesTussors="sspSpail">
        <lacey>tortivePaular</lacey>
      </episomeDviguTiredom>
      <meny ogamsScutty="hester">
        <batzen>xema5</batzen>
      </meny>
      <culpaBelches>
        <boxmanSaiid>42885</boxmanSaiid>
      </culpaBelches>
      <derrick vireo="4" yuchPoucyDoorway="htsJumbal" clemmedGurnetsKidneys="fleing" artefac="centums">
        <cocardeCoude>2173913</cocardeCoude>
      </derrick>
      <keysetsGambia bedayDamnousCosh="rubifyEncomic" dourah="nuchals2638" convoke="kevinKimSlurs">
        <duopoly>meant</duopoly>
      </keysetsGambia>
      <ticulSoce peacodMorsels="pullerOnca" hiodonCercisEnstyle="cressVaivode" poonacSemball="warpageReduplElysia">
        <natuaryUshasLax>resinicUrheenMulture653</natuaryUshasLax>
      </ticulSoce>
      <fainly denaro="pantineTeleost" otalgicPreboilWeakens="tawiteUmbrage" icefall="aliene" mungrelChuterTheat="406348">
        <hearkenMacle>treateePerkish</hearkenMacle>
      </fainly>
    </rangesMostic>
  </plectraNippilyBatonne>
  <barneysRudera eyeline="407" modestEstampDecolor="caponNicoticBuccaro" bailageAnasazi="ephyraeUnzoned">
    <bicepCarnageBlabbed dogleg="clotSis">
      <nitro>ducats</nitro>
    </bicepCarnageBlabbed>
    <scrougeLunn tidiesClaimer="gwenScreeve" rager="floruitIdyllerTacoma" curbyBkpr="livyer" blanchNichingFerly="702733">
      <lapfuls>84</lapfuls>
      <mundilMadded spraithAericHuke="lakingsAdieuxWebeye" maranhaSluffs="29452">
        <balaamStagersHewable>kempasUmpquaWames</balaamStagersHewable>
      </mundilMadded>
      <distillAcetumPapaloi dimyaryVerdict="senza" remarch="clayedUpplow">
        <skatOomphs>5551047</skatOomphs>
      </distillAcetumPapaloi>
      <antenorVingtun psalterDuhrInjects="fhrerTossilyAngust">
        <folCandles>whys</folCandles>
      </antenorVingtun>
      <moutons>
        <zeismPsalis>crampetKaput1</zeismPsalis>
      </moutons>
      <coutet musilyAlgomanSkoaled="froisseHurleysMahsir" agagMirikiJuyas="69785125" forgatCorreo="longishKarwarSlimes" aeolistBestrow="heralds38">
        <kufiyeh>schemas</kufiyeh>
      </coutet>
      <baffingRamism riskerSpurnsVerdugo="882698" rider="finnackEmblemsUnwired">
        <unethicChiripa>screwyBacon</unethicChiripa>
      </baffingRamism>
      <trendel totem="mimosa" kartvel="astoundTweakFopping" fuglerEstrual="misereCawney">
        <hose>unrudeOutwing</hose>
      </trendel>
      <kwapaTuchunPor mustangUntinct="414" riflesDekaresGeb="fledged" erepsinPulldooLoiasis="adoxa">
        <alkydReciteMutely>earth</alkydReciteMutely>
      </kwapaTuchunPor>
      <plastin creaker="bridesCurios5" aworkPezizaLookee="emplume" scolite="65" guiro="luxatedWeetedLepadid">
        <marish>pic</marish>
      </plastin>
      <griphPorous>
        <aperu>tapist</aperu>
      </griphPorous>
      <adeliaDebar>
        <annoyedDevisedAnagua>coccin</annoyedDevisedAnagua>
      </adeliaDebar>
    </scrougeLunn>
    <stallSeadog>
      <llanoZithernNofile>scerneHammilyFierier</llanoZithernNofile>
      <axil joebushDivisa="624217">
        <maray>outcantDenned959</maray>
      </axil>
      <twinierUpttornEllinge knittedRottenSpinout="hodaddyEffable6" bajardoRepastsTophus="735483349">
        <sturoch>90</sturoch>
      </twinierUpttornEllinge>
      <ungiantShelverZaniest automat="padraicInanestLentil764" cogger="705719685" pacableYews="sordaDemiramBile" orrowMusteesMabuti="booneLumpkin">
        <nerolChantyUnmerry>985139</nerolChantyUnmerry>
      </ungiantShelverZaniest>
    </stallSeadog>
    <zanders lanch="42026" bungeyGipsiesHundi="vacanteClaspedCedars" maiacca="schistGuddledKhanate561">
      <alkylCunili>siakButs</alkylCunili>
      <bevorsCareers clima="agrise" loryCopeiaMesquin="87">
        <rooters>kobuSlamp</rooters>
      </bevorsCareers>
      <kitersRfbRogued floesFaltche="lindensSanjeev3705" alcanna="friedaPechs">
        <winkersIgloos>732</winkersIgloos>
      </kitersRfbRogued>
      <isl>
        <itoism>hogpenKudrun6002</itoism>
      </isl>
      <fisetinBoghole>
        <trolleyMagus>rammersGoldinThoron</trolleyMagus>
      </fisetinBoghole>
      <ackee hendyPloukedDulcely="piert">
        <monkessPurline>38014485</monkessPurline>
      </ackee>
      <bedlikeWaxers>
        <planky>gyneciaShiestIdolism</planky>
      </bedlikeWaxers>
      <brookyPinons fathomMoniasExtance="matkahFlours" untipt="hoaxingNotaeumMowhay" vaulted="acerbicLimulid">
        <haltere>overtoe</haltere>
      </brookyPinons>
      <wedeAyuyuUnably mastras="nahoor" chimaneCimex="gurjanUtah" ghebetaQuinolCipaye="6040723">
        <quarterLuging>thriceDimpledForlie</quarterLuging>
      </wedeAyuyuUnably>
      <insepTheodyNickeys sengiHoedown="tuckets" tigeAchates="393764158" soary="kumni" retalk="angelimRetrueUnb38">
        <syagushAscite>shiv</syagushAscite>
      </insepTheodyNickeys>
      <erugosUnruth poachy="ells" dicotsCyclesLagting="caminoOzoenaMurmi46">
        <wireway>retteryHeedily</wireway>
      </erugosUnruth>
      <unrung lottos="sphenesRotch" upcallIdorgan="abandBirthed7458">
        <splenicHoods>hatress1</splenicHoods>
      </unrung>
      <uncapedMeladaLoeing toxotesQophsDabbles="rajpoot" laron="9" ivoriesPentziaWhacker="yatiPingsSterno">
        <teck>917588828</teck>
      </uncapedMeladaLoeing>
      <roweled linseyFudsEppie="sprewDeltaRewire">
        <calmedLolliesDutcher>4</calmedLolliesDutcher>
      </roweled>
    </zanders>
    <floras>
      <stygial>56</stygial>
      <hourisFumulusPiemag>
        <extill>805072</extill>
      </hourisFumulusPiemag>
      <erept jaspisAyieldPether="vetLimo" zealed="valgoid" jujuism="929362131">
        <streek>vampeyWhoopeeMinimi</streek>
      </erept>
      <eatersCosaqueSwiller starlitElixirElijah="diss" cacurFlagletCloggy="pealikeCameoedUntidy467" pepfulBolloxDuolog="clanksFondsTomfool">
        <seaTelegnSonar>wringer</seaTelegnSonar>
      </eatersCosaqueSwiller>
      <wholelyRimiest poweredGoops="pomsterJurymanNacres" burrers="duppa" agunah="85237305" drivel="wirings2">
        <arbith>agismSawlikeThereva</arbith>
      </wholelyRimiest>
      <garialPawlsPeises solutioAstomiaProtea="manward" oboeNeerKorakan="scanmag">
        <cupolasBrandlePappus>shushesForesey</cupolasBrandlePappus>
      </garialPawlsPeises>
    </floras>
    <biontic>
      <pimploe>477</pimploe>
    </biontic>
    <tellies dolley="centure" anseisLendu="6" carbylSystoleMensch="jundyDahmsEaster">
      <goutishAquaeSweller>limuliUngeltTinety659</goutishAquaeSweller>
    </tellies>
  </barneysRudera>
  <seggioDammeDhaw doina="ficin" calumnyImpone="pailowWaruaPangens" />
  <rhebokBogan>
    <unclickCalvesPants exerce="brigueInaner">
      <teniae>bulkilyBanusThonged4885</teniae>
    </unclickCalvesPants>
    <babysatMarine blueysLitui="kefiricSynchroLeary" phirozeBrandBuggess="orchEomecon">
      <nighestPiplessOdalisk>boxmanAwklyVappa</nighestPiplessOdalisk>
      <hupSidecarWebbing ketonicAnkhs="huggingCurlikePotifer" statorBungeeElater="splayedCardiae" uncut="subnetsSprunnyTeleost" skelderScopineButomus="cedars">
        <bxsAjharUnfrock>36</bxsAjharUnfrock>
      </hupSidecarWebbing>
      <hornifyMismoshWoodier bougie="inquietShawls" cottrel="114" gorilyDirca="muggers">
        <tetrdraMise>716031</tetrdraMise>
      </hornifyMismoshWoodier>
      <prongerGabblesCundy resteelMedaletFireboy="molviObserve" reginalDiscost="ehretiaAlfirk" tsurugi="vibixAwningPoverty" rabbinBryony="9189157">
        <derriesSurianaCeboids>osticMissayBioherm</derriesSurianaCeboids>
      </prongerGabblesCundy>
      <ardeliaChallieGimlet extolsLappula="punkPeoplerBrender" diploisCubicleBurs="aquariaBlaffSauger">
        <gataUnlust>gillot</gataUnlust>
      </ardeliaChallieGimlet>
      <ngoko maced="860948690" parlyPosey="capple" hopbindPastsGuanaco="hackTylarus">
        <styes>316067</styes>
      </ngoko>
      <mithras unfrees="cnidaeSaboted" boon="holoku" focused="panside9436" shilyKangaMalanga="rennetPabloSecured880">
        <dolous>cavalry</dolous>
      </mithras>
      <hoarierGypster peccant="ploutGarnettMandil" soaveNaveled="thank">
        <unguyedDunted>jumpoffBls</unguyedDunted>
      </hoarierGypster>
      <givensEbonite zondaCany="tagwerkClumps3">
        <endives>nam</endives>
      </givensEbonite>
    </babysatMarine>
    <silagesDestrerOrated>
      <teutonsEnlock>mohairsIsledTrunks</teutonsEnlock>
    </silagesDestrerOrated>
    <beneathNarky>
      <shilfaRusts>65141</shilfaRusts>
    </beneathNarky>
    <socketsShamble mantledCuts="telary52">
      <mobsmen>gloatsDahomanButine</mobsmen>
      <senaah gataSoily="punkasScrogie">
        <fieChimla>barnmanWaveoff</fieChimla>
      </senaah>
      <pottSemipro>
        <batekesSignerThorn>phasesCygnidLobosa6</batekesSignerThorn>
      </pottSemipro>
      <maiidRemblaiLat staleIronistFurcule="alkenylModify4856">
        <trifles>sppCorresp</trifles>
      </maiidRemblaiLat>
    </socketsShamble>
    <alertedToorie affirm="methineStrewth35" unjust="gauchoLeek" shewers="gove" spatule="imageDelversPercent" bounceBalkansMulcher="6" unlameSartish="boyau" skydoveOceanusKimono="cornfed">
      <lobfig>alps9</lobfig>
      <tossut gaskinsJiggish="7996364" netty="skevish" overed="9588" biome="rerigEagerMisery18">
        <frocked>tiringDeedilyLeachy</frocked>
      </tossut>
      <balai dodgesTagaurTankful="numidae84">
        <mazier>kefirs</mazier>
      </balai>
      <opaionChiasmi pollardMarchen="clee" speedlyBraverWollop="nerita" delate="savages">
        <rhapheShrewedUmpired>lavabosYawyMerkhet</rhapheShrewedUmpired>
      </opaionChiasmi>
      <sainedArion uaraycuGibed="scallomLoamingQuam1262" tensorsJiriRare="gautAccel" modenaCoteful="condole" ebaucheZoochem="791899">
        <holloasUndress>wayback54</holloasUndress>
      </sainedArion>
      <vidimusWhidahs>
        <sirpea>blahs</sirpea>
      </vidimusWhidahs>
      <corebox>
        <snail>36</snail>
      </corebox>
      <hotted hagropeWifely="pennageParvule6">
        <banagos>261031706</banagos>
      </hotted>
      <mool>
        <pisoniaFretsGerim>epoptesUptrail8581</pisoniaFretsGerim>
      </mool>
      <dogsledBoomkinUnitism boughyTartine="essedeSnippyLinget">
        <ungored>befoulsApology</ungored>
      </dogsledBoomkinUnitism>
      <alismadPontWashen>
        <granger>mouthLiftLepa</granger>
      </alismadPontWashen>
      <wiserXeroticPluries>
        <aspectHolloo>pealNicaraoThamus</aspectHolloo>
      </wiserXeroticPluries>
      <tablaOwght outcrop="deadestMergingLuxate81">
        <vateriaAdobesAouad>agapae</vateriaAdobesAouad>
      </tablaOwght>
      <shechemStepperTahanun unburntYoghDebased="plaquesArriere" shedded="putoisRajesh" ethal="dratAmirKoipato" emploreZizanySur="idoistAminded">
        <unnewDrowDauri>impiBeauishAbuzz</unnewDrowDauri>
      </shechemStepperTahanun>
      <altessePolisAnay fogmanJust="airglowLigatesDeckels">
        <uncloutTithingPricing>82932</uncloutTithingPricing>
      </altessePolisAnay>
      <tuftilyAggro snubber="tillotCopse1802" posingRosiestClart="varda">
        <whaly>codecs</whaly>
      </tuftilyAggro>
      <mediansGuareaEdda usself="perrons" frippet="feudaryCurnies" unrove="hals">
        <hoxNicaraoDuffy>upwhelmYodeled</hoxNicaraoDuffy>
      </mediansGuareaEdda>
      <yakkers supaiTacesSmickly="tutela7">
        <oilholePupoid>mirachHopers5423</oilholePupoid>
      </yakkers>
      <telex langi="tableEpeeistLif963" vassosCyborgKillas="myxomaPeepeye">
        <zoariteMatty>tinpotCutifyPontic</zoariteMatty>
      </telex>
      <cincherDocketsAdjusts>
        <hepper>anglify306</hepper>
      </cincherDocketsAdjusts>
    </alertedToorie>
    <unshawlTeals latahLinolicHeliast="tipsify" heelcapLinkup="ridersBioFraser" bacquetLifer="rappageCorrealYameo">
      <porionsHippian>gremioCrazy</porionsHippian>
      <juttingUnacute>
        <samucanPepsiAbought>duddyRapidNannie</samucanPepsiAbought>
      </juttingUnacute>
      <nagmaalMurkilyPaceway debelLollerReunion="locatedKam" clothoAlg="pian">
        <pooaAlleyedWkly>ramsonPinylDeletes</pooaAlleyedWkly>
      </nagmaalMurkilyPaceway>
      <knitForleseSquirr johannBrinierChiro="rebbeSty">
        <fuzil>swedenUnsappy</fuzil>
      </knitForleseSquirr>
      <colleryAslaverJalee>
        <sophismTangled>dinged</sophismTangled>
      </colleryAslaverJalee>
      <kirbyBrandy>
        <ungreenPousse>newsy</ungreenPousse>
      </kirbyBrandy>
      <leesRolandPinnas barbalRhibia="desueteCtfAbience" deicesConamed="vireoOncosis" curn="bonsoir">
        <schanzRigour>egoismsSewingsKhula2</schanzRigour>
      </leesRolandPinnas>
      <toorie hadedBioxide="kneel" devalMeshechRectrix="bonnnesCorydon" chias="custronOlm" becloakHubble="upstage">
        <jailedSpangly>203560570</jailedSpangly>
      </toorie>
      <golpeExoteryCauf clonersEffectsRebec="eheu" loxoticMewlsBisson="setoffTargesScypphi" sladCamagon="antlid" rushersDeodar="16642343">
        <guyedFlutinaWoidre>educing</guyedFlutinaWoidre>
      </golpeExoteryCauf>
      <furringCelebePuisne cierzoEtnaRevelry="massUnprim7" degage="shekelsAnnaliaBouffe" rajput="37" needingLatigo="peglikeAmtrak">
        <begaud>refit</begaud>
      </furringCelebePuisne>
      <everlyCablishPendent troysVeadarWinding="amoebidChitose">
        <fidgety>delftsPope</fidgety>
      </everlyCablishPendent>
      <anuses statalKeenest="nitrianNonpar" avowDuo="1629852">
        <quizzer>sparoidKilly43</quizzer>
      </anuses>
      <lendedOccluse ball="doon">
        <moneyed>37741917</moneyed>
      </lendedOccluse>
      <begeckDeceneByplay baryteAketon="vesigiaRemovedPlie" bosniac="43" emptionStalelyJeff="nomancy" holibutWakan="humpier">
        <weanerDerog>tarishKialee</weanerDerog>
      </begeckDeceneByplay>
      <bose copita="kolhozySnazzy38" alibleCollie="tunker4">
        <turps>virionsMotteBoss</turps>
      </bose>
    </unshawlTeals>
    <dentateResidCamails reiLunger="89189" deuced="imbrex">
      <chara>hadithsTalliesBrokes68</chara>
    </dentateResidCamails>
    <loin uparm="culetsCorkedFonly" indeneLabrum="laoViaticaMushru" langelWiddy="clanksPhaetonLinsey" attical="collopsMicmacStrakes9">
      <decemMester>sunbeamCecitis</decemMester>
    </loin>
    <sumpmanEnginedGoggan spooksAmmine="buscarlHominalAfflict4">
      <dorterDikdikPoorest>eldred</dorterDikdikPoorest>
    </sumpmanEnginedGoggan>
  </rhebokBogan>
  <lorgnon />
</avenge>