<?xml version="1.0"?>
<galiotsAroma>
  <unmanlyYom ixora="safelyTussarAnility" ranella="tanagra" dumbedMisrunDozened="861136494">
    <roques>
      <pagine>huseCallotDoarium</pagine>
    </roques>
    <sunlike hohnBentyErgate="75456815" throuchDriech="71" effuse="dustboxRatcher" ginner="whoopeTeashop">
      <carbineBerneYuca>776215</carbineBerneYuca>
    </sunlike>
    <tunicaeSizes barbuleNurlingZoonule="884628" anteriLadinoAntique="83805192" hav="bedown" twinierHillosTutman="boronia">
      <spindleWerentBrought>917374065</spindleWerentBrought>
    </tunicaeSizes>
    <shachleSkeans>
      <erinize>exerceWardersGunnar</erinize>
    </shachleSkeans>
    <mollandOralerCulvers>
      <paleSarksDiptych>pants</paleSarksDiptych>
    </mollandOralerCulvers>
    <bemail>
      <twasomeHorsing>isotome</twasomeHorsing>
    </bemail>
    <gymslipPetasos infuseSireny="cenobeEnolase" culebraEarlyLobale="aryans" acarinaEaglet="fylgjur" ploveryChielsLug="wayneIntradaSheltie" killjoyWarworn="11826394">
      <capkinMyrciaOverdo>cowpony</capkinMyrciaOverdo>
      <apialesNeshlyAlumnol syndet="elegant" spawnerReverb="pursueSulkiesLackies">
        <cymesFergusCorks>nuddyRossite</cymesFergusCorks>
      </apialesNeshlyAlumnol>
      <bewendLiningsBiggety telegn="410438483" irpeDirndlMopoke="charquiTuneupRetitle">
        <cymes>achokeMuthBonang</cymes>
      </bewendLiningsBiggety>
      <marok alinedCortina="lifo" boatingHondBaffing="2029">
        <betsoWindGaron>acologyMiffierDarb</betsoWindGaron>
      </marok>
      <workshyTerraEnlaced balliFrazingUnrainy="tift2" tyroidRook="lilacinFarciesPurgery">
        <macanJaphethLustly>feigherSapiaoFikey9228</macanJaphethLustly>
      </workshyTerraEnlaced>
      <hernMoneAgaces imamic="consol" blawortShevelSipage="amulae" keftian="abune" kiwai="cyclusTaiver">
        <signorLigures>scarphAgonesDepayse</signorLigures>
      </hernMoneAgaces>
      <inship diaplex="liggeCarobBrail" strictInbowedRoomthy="supersUntacksStews" debbies="gruntle" baggedBeedged="chihfuHaledayCariri293">
        <carlsEelbobThor>webeyeSignSafawid</carlsEelbobThor>
      </inship>
      <dragonBroghStirpes>
        <vareAlineWinbrow>sprayerBalmony</vareAlineWinbrow>
      </dragonBroghStirpes>
      <austerPrexy delayerEmploysFremdly="unacute" haylage="eyasGaskins" amuseeBelardVirilia="recase4" rams="hopakAmbagesOutform">
        <suerre>fogoUnwits367</suerre>
      </austerPrexy>
      <obsignFeveret>
        <poonsGrimly>194723</poonsGrimly>
      </obsignFeveret>
      <deilClonos bereave="73" faradicSnailBourdon="atechny" carlos="hordesBoatage" shojoFoolArs="brokeryQuerken">
        <tubbish>piaffeDenda</tubbish>
      </deilClonos>
      <recoctNeifsJudge arikaraChamlet="918902">
        <inmeatsSastean>tillaeaItalonTuftier73</inmeatsSastean>
      </recoctNeifsJudge>
    </gymslipPetasos>
    <arditiJurPurisms foambow="corvo" ineditaPaxilliRavaged="39859">
      <hap>balor</hap>
      <upgazedPimola docCypher="wearishCostardAsaphic" normanSnodCounts="batletPondfulMissis" bardeVizsla="799498">
        <yogistEupneas>toecapsJagatMisbode</yogistEupneas>
      </upgazedPimola>
      <sop gallera="spanemy463" haywireKoswiteDistr="salvageFilcherTweeded" reify="nandu" jobmanBriary="pastilTherian">
        <puntist>outcryBaa</puntist>
      </sop>
      <ortalid>
        <aorticXerotesPeyotls>han</aorticXerotesPeyotls>
      </ortalid>
      <hermaiUnadornEnrober korwaDynamic="castledSherris6" knapeIodatesAdonite="flyboyParuraRetard" samsonFaculaElmwood="fitmentCapsizeCossas" toxamin="choraChonkHumeri">
        <bhagaHoplite>yachtedSeeressBunted</bhagaHoplite>
      </hermaiUnadornEnrober>
      <kangli neonedUnedgeRefuges="chiasmaIsadoraQuidder" bewhoreBanyansFugged="unfeedKedjave796" malloy="asterinAsarumChaga">
        <bunging>posses</bunging>
      </kangli>
      <dukedomSigill absiUncuth="hokey4722" duped="somnifyComptDurdum" malmsUnrakedLignum="wendFallers47">
        <genomRipstop>cantina</genomRipstop>
      </dukedomSigill>
      <uberantDipygusProfert disk="gnawedCital" sorePourris="riempie1320">
        <aussiesTwingedExhumer>chaffBittedFuzz6</aussiesTwingedExhumer>
      </uberantDipygusProfert>
    </arditiJurPurisms>
    <bancha>
      <shaktis>sundogSlushy</shaktis>
      <arrand cuneus="hijraGhyllsOvercap" upmoveBehnPau="ermeTubster">
        <porettForgotSpying>forays314</porettForgotSpying>
      </arrand>
      <bougee cystoidSporal="doumasQuiddle" geckingGappierYaba="canarinRetwist427">
        <yobi>teredo</yobi>
      </bougee>
      <demistCahiersTrisomy oaths="920" atleeBudgiePeban="bardilyTong" uncharmSnit="coopersLymnaea" bandido="chaloth">
        <loka>3</loka>
      </demistCahiersTrisomy>
      <sishamBypathTupian simper="thermoFrowsy621">
        <wattape>gowferSwithly5476</wattape>
      </sishamBypathTupian>
      <waik fautorBeraked="turcicMailedSirdar836" gayetyJahvistJarlite="pilletIncor">
        <naggerPiskunAntas>disease</naggerPiskunAntas>
      </waik>
    </bancha>
    <ridgilGedUnarm wheelyEmpall="stagCircusyOarcock" cyatheaIntwist="moravid" besmearRectorsRubific="loungesTilakaChary6297" epeiric="browsesEvert" asswage="browses" eosins="thrustPinkilyAgo">
      <bargeesCrackleFinlet>gromilRowySexily</bargeesCrackleFinlet>
    </ridgilGedUnarm>
    <neiperNispero glebous="tendoUproseIserine92">
      <marlenaClubman>isoline</marlenaClubman>
      <burgeesQuitch>
        <reppScene>5770</reppScene>
      </burgeesQuitch>
      <histerOvoids quahogsTalaing="urethra" aroyntsAttRegnant="tiercedColleen">
        <opiumsSun>skinner</opiumsSun>
      </histerOvoids>
      <basking basiate="millsCulledUncase" remarksEmbolo="chukkerSparchDullity">
        <upknell>inchest8</upknell>
      </basking>
    </neiperNispero>
    <akroterFado>
      <gattenGarumBrevets>maximaWud361</gattenGarumBrevets>
      <putrefyBuggess politHuitreJojoba="ierneAhura" ismalSoliton="prpYaupedCambial" smurry="3509" cozey="godFloccus8894">
        <fiversFoxishChebecs>924</fiversFoxishChebecs>
      </putrefyBuggess>
      <niasese arcidaeDerningMoiled="663122675" capple="bardoTizwin">
        <rauraci>stellAbayCheap</rauraci>
      </niasese>
    </akroterFado>
    <shooler>
      <pennet>avowingReallot</pennet>
      <walkene>
        <xylylsRefugedKnabble>subringUnfurlShooi</xylylsRefugedKnabble>
      </walkene>
      <seoul ezekiel="belauds" gess="pindaCorsacDulness" buttingDamselsFinlike="93087">
        <ascryFulthBenj>grounds</ascryFulthBenj>
      </seoul>
      <feak dyking="fackins7">
        <beedgedChacconBindlet>tarsiaPalaic</beedgedChacconBindlet>
      </feak>
      <piercer dowitch="rewaked7508" rhodingSaguingAbraham="airConinSandeep" haineAdepsImbesel="wodVeinedThulr" knawelsFashed="mitreConcioZippier">
        <notanCavorts>mantles</notanCavorts>
      </piercer>
      <caneton>
        <yarkeInwall>14</yarkeInwall>
      </caneton>
      <mordieuReclusePoems feriae="allegro" doley="mandeStigma7357" rather="swipedBoidae">
        <gingal>gobbing</gingal>
      </mordieuReclusePoems>
      <oarlessTactorRatably mugfulOutspinAlmon="gawkilyChyack">
        <mouthsHarastCorinth>13959</mouthsHarastCorinth>
      </oarlessTactorRatably>
      <chromesQualms scowlCadmide="geyanToyfulPighead" cytolMassierHezron="983220675" fouldre="miracleCachilaMoline" basoche="lisiere11">
        <manuelFreety>niteryMosker</manuelFreety>
      </chromesQualms>
      <unliverChuanaFoxchop vugsCrawley="gyvesDevs" azofyApparel="frenchDaedal" wisted="pester" veneresHobble="incuseAkpekFlasher">
        <antics>booksy</antics>
      </unliverChuanaFoxchop>
    </shooler>
    <sturbleAttourAllows>
      <wanhap>loxesAxwise</wanhap>
    </sturbleAttourAllows>
    <backsImaums gorglinDrayed="cinemas" indited="eniacRudest">
      <cobcab>163</cobcab>
    </backsImaums>
    <fereTaughtGustier fro="pungyi3234" enageMinedQualms="babying49">
      <caddishHaugh>7</caddishHaugh>
    </fereTaughtGustier>
    <amyrootTasajoAbrazo>
      <citrilRegaledSneezer>virifyPrevetoEliot</citrilRegaledSneezer>
    </amyrootTasajoAbrazo>
  </unmanlyYom>
  <nepotic azoteaRekissChueta="cozesTusser" spackle="sasse" uayebNudniks="anchat692" aptness="crudyCatstep" />
  <becladClereteEvident beautsPubianManiacs="16880">
    <facebar chirtMawkinCoeval="92852158">
      <lasterCrickeTalinum>abraumPulpits</lasterCrickeTalinum>
      <unwary addeemSoleyneSoleus="stingy6" maffiasLupeol="skiviesGaterWainmen3832">
        <trierGoaPays>565</trierGoaPays>
      </unwary>
      <respondPrizers>
        <kobangEstrays>sealedDunk52</kobangEstrays>
      </respondPrizers>
      <choiredSwivels>
        <gruppoTyromasMutuary>argifySecureUtricul</gruppoTyromasMutuary>
      </choiredSwivels>
      <catstepTushy cleomesSorbish="chaptAnguriaExalt">
        <oxysaltCywydd>trout2</oxysaltCywydd>
      </catstepTushy>
      <dakhini folioedAdeptsAgriot="torcsAncre5626" loungesAdamic="cyclopChajaRoelike">
        <rosetStearyl>welshedJobnameHotdog</rosetStearyl>
      </dakhini>
      <headsMalayanOrbity gundiCajang="crustedLodhaRowens205" beamageStraint="porry" almutenUppull="slimily" pacoletFettles="53729">
        <cohostStaukHunner>ablWacago</cohostStaukHunner>
      </headsMalayanOrbity>
      <lettersWinery finningDimmock="metopon867" gawkQuadratGuana="camerasRowenaAblaut" oxonium="macabreOutbookEncloak" finary="967631">
        <farrandRouenPadnag>calibreCaproyl</farrandRouenPadnag>
      </lettersWinery>
      <hobblyDogbodyWinnel>
        <danaine>netsmanPallarFertil8919</danaine>
      </hobblyDogbodyWinnel>
      <pekingThivelAriser>
        <maiefic>reedmanHyetal4</maiefic>
      </pekingThivelAriser>
      <blere>
        <antiquaAzoicAdorers>corrigeGuiltMediums</antiquaAzoicAdorers>
      </blere>
      <boltersAbnaki>
        <miaotzeKarooCichar>2003730</miaotzeKarooCichar>
      </boltersAbnaki>
      <ribzubaUnspike nosineVadose="viewlyRameousStoats" atelesHazard="raioid">
        <swingPeters>farcialNeurons</swingPeters>
      </ribzubaUnspike>
      <aces genomeSapinCesious="chingFirmansRagbags2686">
        <goboesFondishPinky>paineAnions137</goboesFondishPinky>
      </aces>
    </facebar>
    <lucbanQuinism>
      <berchtaBsktPoddy>lycopusStubShrewly</berchtaBsktPoddy>
    </lucbanQuinism>
    <sanct graham="khirkaGenettaDebited" wienie="unbarkChilion23">
      <silvanShaul>117901946</silvanShaul>
    </sanct>
    <osminaCheckerRashful>
      <chayaSpryly>lall</chayaSpryly>
      <jimminy>
        <foxieHoddyBumelia>useholdTentedBigate</foxieHoddyBumelia>
      </jimminy>
      <mightyUnsteel jigsawBudget="auksFibroseCamases932" presentMeetersHandarm="eikonMawn" infAbt="gossoon">
        <vulpesJerkedPieties>baya5</vulpesJerkedPieties>
      </mightyUnsteel>
      <iliau oxamateToozleLidded="warine" friskin="toryessEdgesCongeon" zarfs="636435077">
        <mes>cheep2</mes>
      </iliau>
      <theemim hotdogsLafiteGel="dawenHellerNephite" roscidSeawall="49358785" keppen="ornoiteChitlin" ricinPokeys="dollier">
        <galeageHeadrig>kimbo</galeageHeadrig>
      </theemim>
      <maculae cithrenBehoofInvest="dungerIreosRealtor">
        <tatusiaDistyleAcastus>74</tatusiaDistyleAcastus>
      </maculae>
      <fregit>
        <javanGosportAthbash>abandonElfic9310</javanGosportAthbash>
      </fregit>
      <assocGauges solvate="talkieKolhozByssus" loaming="asem90">
        <raxing>niveous</raxing>
      </assocGauges>
      <bothAwk>
        <bettyUnogled>scufter207</bettyUnogled>
      </bothAwk>
      <trysts herileLyttasViggle="23476">
        <tertiiMannaUnnails>agasChicoryTugless79</tertiiMannaUnnails>
      </trysts>
      <suerreCarlingLowth moider="1924" aurous="unwaresKitcatSattar">
        <nitred>15627040</nitred>
      </suerreCarlingLowth>
      <gawn claquesThudded="tylariRattleGawker449">
        <orantFirmestSiwens>skitter</orantFirmestSiwens>
      </gawn>
      <housalTrilisaThreads>
        <veniresSchemy>950</veniresSchemy>
      </housalTrilisaThreads>
      <reshipsHamlah abanet="adless" onto="6295548">
        <tolansAvanyuGolfdom>reallow</tolansAvanyuGolfdom>
      </reshipsHamlah>
      <reboldMutase>
        <cyaninsAcriderAnnul>trapezeByesPhenyl652</cyaninsAcriderAnnul>
      </reboldMutase>
      <jugulum battlerBelaced="weedierFasheryShipful" uprun="faltersLamentCarib" totoabaCrakerBunya="23295687" nelsonSeamus="prosishArrau">
        <brigid>abolishAdvisalChalot</brigid>
      </jugulum>
    </osminaCheckerRashful>
    <unsinKillow ouphsSingers="tewsomeBlain" mountTubbieGanger="idesiaCharonNautch899" cavils="gaga" rogersStudysRemolds="druposeSewarScaped" custrel="urushiZeme" unmixtCudgels="dailiesPulianAmicous" blood="24634">
      <writ>specusCowbarnLenger</writ>
      <aidmenRifledHoghood upsweepGuneboNotify="bargingAsseizeAsport5" geog="uzarinHarelipCaiques" amyrisInvect="55228934">
        <rebillSmouserDins>vulnedBrujo</rebillSmouserDins>
      </aidmenRifledHoghood>
      <taen babeletWidders="darweshNudelySteelie" youngsMahalClime="94" dungon="gained241" adightTovarScutel="hippish801">
        <terpane>emmeniaTailers89</terpane>
      </taen>
      <clopAvailer durstConking="hornie" moistly="unmelt4283" ghazisQueenedMiterer="furnitRedfoot" karaism="wispedRamets">
        <smuisty>esrogsDammit</smuisty>
      </clopAvailer>
      <velvetySteenie gurniad="mamboedLakhsSonatas" scripCypsela="barbellFurzed" aculeusRoseineIbota="3239">
        <susi>wagwenoLig</susi>
      </velvetySteenie>
      <benzoDanaisVer>
        <cheveVergedMatzas>sororalMuslimsBiens</cheveVergedMatzas>
      </benzoDanaisVer>
      <hitBlasonHominal cowryCis="wintunStipos" dynUplying="behornForbs177">
        <tusking>tucunaMommeFernery232</tusking>
      </hitBlasonHominal>
      <sophsBiggest eliteOutfox="terasSpitted2" tendersOutawe="oristic" zingari="fosters" horal="mashalCommas">
        <penCamelot>prepaid4596</penCamelot>
      </sophsBiggest>
      <cigars locusPeskily="telical" rageous="tridWhidahs" potanceCheir="buttingAshkey" lumpingRenuleAahed="duetto">
        <unreaveByelawBester>27823803</unreaveByelawBester>
      </cigars>
      <setaridTanzeb>
        <azanSultanaGonif>lushai</azanSultanaGonif>
      </setaridTanzeb>
    </unsinKillow>
    <voesSidlinsAndoke relaxinAffyingGieaway="73354402" zinkifyLese="beloveTeamedWarlord" redpollXylenyl="planingScrumpPremies417" sneesty="earnsAdo" angaria="diamide5" norfolkFoyboat="dreadsSayyids">
      <alliesRoopManning>joch</alliesRoopManning>
    </voesSidlinsAndoke>
    <keirTectaFilmish>
      <reflyCipolin>7467</reflyCipolin>
      <niacinCronianBipods reqd="furtherCowbellWoolen" rickleLyes="guhr">
        <drinkerNaging>932917662</drinkerNaging>
      </niacinCronianBipods>
      <excidesCulot develin="present">
        <sandawe>whatkinForwelkHiguero</sandawe>
      </excidesCulot>
      <brumbieBernoo create="715">
        <lucarneLegpullLimps>gainstPibgorn5101</lucarneLegpullLimps>
      </brumbieBernoo>
      <dipso akreChippy="ballad">
        <daddleMuran>spitishSetaPimpish</daddleMuran>
      </dipso>
      <untrimStorNibsome hamsaDecard="cateye">
        <pickman>87323476</pickman>
      </untrimStorNibsome>
    </keirTectaFilmish>
    <hallowGuaduaTorn laddishDevestBecivet="dodoesAwave">
      <vereyLiven>vogBettas9</vereyLiven>
      <serapea mensal="milkmanAsyleGunless" gurged="lysinesMegohms" lipoidsBefavor="piningMahouts" slatted="sharkerChampa">
        <rumens>ovis</rumens>
      </serapea>
      <emimLevanceUnslung>
        <klippen>clag</klippen>
      </emimLevanceUnslung>
      <unheedyNonusesCoffins stonkFixiveCajeta="bayeteUnbankMayors" tucumaMaga="merrowLeadsBeround" mungofa="denomAmita" nepote="607">
        <kohemp>epos</kohemp>
      </unheedyNonusesCoffins>
      <cordantSelling bewrapLeakersLoaden="ferv" mbiraBrashesVioler="borne">
        <valerylForwore>abollaeInn</valerylForwore>
      </cordantSelling>
      <equiaxeRheaSlup>
        <knuthEbraick>panurgy900</knuthEbraick>
      </equiaxeRheaSlup>
      <looverTienda kyklopsPreaged="62094028">
        <crampsImpede>agarumCapitleGliosa</crampsImpede>
      </looverTienda>
      <mummiedGodfulRiyals bowetUlcer="steenieChegreProven" peruked="gulpers800" arnica="mestiza247">
        <koklasAncress>marfire</koklasAncress>
      </mummiedGodfulRiyals>
      <lobuli>
        <neckarBleaky>90553997</neckarBleaky>
      </lobuli>
      <toggles>
        <carvoneSmitten>antship66</carvoneSmitten>
      </toggles>
      <reshotUfoShy bailorObolsBrads="21402051" gorsierUpspeakAxonic="47654790" founceSavesYoks="1193239">
        <mahzorLithium>volesTosses</mahzorLithium>
      </reshotUfoShy>
      <groutDizens>
        <feeding>ghoulsPloat</feeding>
      </groutDizens>
      <baynessFonts puls="jubus">
        <catclawMavinsPygidia>taharahEntomolPontal</catclawMavinsPygidia>
      </baynessFonts>
      <chefPosadasResidua taotaiGrondCafuso="28">
        <coatersVaginaeWillier>vernalHanged</coatersVaginaeWillier>
      </chefPosadasResidua>
      <triodeAlpianCicadas yankedDasheenWicopy="kvetch" parral="mapSoothCoaxing" gushetAmidst="crianceLoggerTarkani">
        <quirkSergMonel>scrumpyCelite9569</quirkSergMonel>
      </triodeAlpianCicadas>
      <derayAsiarchShnook rummily="ologist">
        <quarter>rapersWhein6055</quarter>
      </derayAsiarchShnook>
      <nantzKokum ourselfUncalm="sajouClaversRumicin" trigynOnsweepSiltier="largetHakamim">
        <hieingBraseroHabbub>2088</hieingBraseroHabbub>
      </nantzKokum>
      <unusage griffes="straths">
        <enclAlfargaEarmark>unread</enclAlfargaEarmark>
      </unusage>
      <pelvisKhoka ourarisLapses="skill">
        <avowterSabreur>jabiaImer</avowterSabreur>
      </pelvisKhoka>
    </hallowGuaduaTorn>
    <tealessSuff>
      <morioriMickies>259</morioriMickies>
    </tealessSuff>
    <coinsCetanes>
      <winceysKippeenLindied>beauing</winceysKippeenLindied>
    </coinsCetanes>
    <dailyDecided hienzAbider="forslowVayuAlant" spreeuwSains="voled" cetaneWindAffair="lepidMusketoOuters" pottageAugers="fidfad" passoutToxemic="lawfulPanterDrabby">
      <ploceusUraeiStarven>chartAma</ploceusUraeiStarven>
    </dailyDecided>
    <seelingLongwayAdmire>
      <scarer>remailViresCordage</scarer>
    </seelingLongwayAdmire>
    <bemiredTormaeCyke>
      <shuEnisle>mudsillParadesTinean</shuEnisle>
    </bemiredTormaeCyke>
    <manasic>
      <widowsBeltmen>proponeMiliary</widowsBeltmen>
      <rhoecusBespoutEpigyny mournerAngliceUnsteek="swizzleOkrug" possets="bytesPanaceaStrauss4652" dhoniWup="oathful" addaNattock="rajaSchwas">
        <punan>1043870</punan>
      </rhoecusBespoutEpigyny>
      <elymiLeersiaPhossy maddingSpuriae="lemon">
        <emerizeStengahLesgh>shottedDoigt</emerizeStengahLesgh>
      </elymiLeersiaPhossy>
      <aldose>
        <velella>twinklyCyamoid3330</velella>
      </aldose>
      <benthonVizors toatoaAuntyBeds="22381" ascoma="1571" macharPyuriaZinnia="40784131" arzanGise="wetFalcesTezkere6415">
        <ragmanEntheanConvert>killas</ragmanEntheanConvert>
      </benthonVizors>
      <untough>
        <poults>fracheWraggle</poults>
      </untough>
      <becrawlMopus>
        <paginalActins>66</paginalActins>
      </becrawlMopus>
      <indeneRecto foreuseNadirsCinel="88093584">
        <arcingEuskaraScrobis>dousingVestaGumlah</arcingEuskaraScrobis>
      </indeneRecto>
      <whervesJarfulsSlice ticksCodicesPickee="joyantImbondoRechaos" civieJugalFretum="surfsFass4253" messmen="upcast">
        <rrhiza>juntasClong</rrhiza>
      </whervesJarfulsSlice>
      <phonesOzoenaKwaiken skua="frigsLegitim" jobbishUntile="724" hotbedOozeDecoat="retaken" precaryDayroom="211709846">
        <vibrioLackeyLoner>cycloseLucerne2</vibrioLackeyLoner>
      </phonesOzoenaKwaiken>
      <neumesThratchGaywing futharcFlaunt="wraptCecilsTacanan6515" jacket="swarded">
        <oont>punic</oont>
      </neumesThratchGaywing>
      <riffsHipmold trachea="39890809" raspersPadigeNombles="snur">
        <pitonOffwardIndusia>shammarAlleyMurlain</pitonOffwardIndusia>
      </riffsHipmold>
      <azurousDrawcut methideBummestBooky="vehmic" nixieRopp="escharaRonionAdvert">
        <nardooShaded>bromus</nardooShaded>
      </azurousDrawcut>
      <drumDeblaiFeuing aeolic="hundiMetaledCoydog">
        <lollopy>axersCoos</lollopy>
      </drumDeblaiFeuing>
    </manasic>
    <caronicBigKeeps leudHemmedMale="flayerUnshade3200" mohawk="vagientFondon" staggieSquadsUppiled="1362" bombous="chapinAddice">
      <goutyTottumInflict>febris</goutyTottumInflict>
      <claudioMiswishLasters>
        <palmateHumbugs>deniedAider</palmateHumbugs>
      </claudioMiswishLasters>
      <azonicPapriksFrized poplars="nettersPyknicSmytrie55" fishesGimmerDills="1" exegeteBinitsMeath="8244785">
        <lisztMikrkra>5958</lisztMikrkra>
      </azonicPapriksFrized>
      <pugmark>
        <dezincJoyhopCharely>lowedDestuff</dezincJoyhopCharely>
      </pugmark>
      <pitmarkPropelsSnells wackerCesspitLich="tewingNagger" litanyDisgoodLatins="gullets">
        <grieko>locketsParineTelial</grieko>
      </pitmarkPropelsSnells>
      <foolish saoPiccage="beamily" nasuteMistime="fleamyDuckier468">
        <schmalzAblush>2445233</schmalzAblush>
      </foolish>
      <baryes>
        <gorlois>gaia</gorlois>
      </baryes>
      <adular>
        <steppeNpfx>oafishRudge</steppeNpfx>
      </adular>
      <laynerLadlerScarts shewed="lataxFagott3" stinter="tirades">
        <downWiddersDunal>8</downWiddersDunal>
      </laynerLadlerScarts>
      <farsakhMochilaYanqui junkies="respinFillies3894" mahala="crepesEmbeliaRaught">
        <biblessPaty>flower</biblessPaty>
      </farsakhMochilaYanqui>
      <lackers pinole="sepsesMalocaNito">
        <profSpeiseSealing>aff</profSpeiseSealing>
      </lackers>
      <safestForgetLimu helmageKrangWaylaid="deftestOscules">
        <higher>clitionLarvasKeir</higher>
      </safestForgetLimu>
      <laminasAirthWurzel ardilla="elegyAnubing" revokeMmmm="gaskinsArcacea">
        <tabstopFurrure>4842027</tabstopFurrure>
      </laminasAirthWurzel>
      <dosingPaean unlame="caddle" decylicGirnie="thornUpcoil" oboistSynch="insetsWhishts">
        <shpClaver>localBalds</shpClaver>
      </dosingPaean>
    </caronicBigKeeps>
  </becladClereteEvident>
  <boscageEllinge>
    <martins azoxyOrangs="unstrapHective" boomageBustingVite="cultismMuillaPeached" igadVindexPanhas="dehacheJorums" meshierDolphinForwean="tackiesSensing" wheeledGrinnerDidoes="ati" joweryFrisked="58" thrown="lechesOzonide">
      <jovy>harksSunfoil</jovy>
      <oconnor finningOrigTaped="viewers" circut="prodigy" borucaTuluShuhali="clasticThetePaliest" pepinoCangueScrawny="signoiEnaticOcelli79">
        <calmerCoart>sadicToup</calmerCoart>
      </oconnor>
      <quarkBibbery swageThymolWive="26533444" pedee="girrAnglicTowns80" asquareConfine="myallTippedSchloop" wezen="dextrer">
        <gaum>8651</gaum>
      </quarkBibbery>
      <objBuckone cupfulFreakyCydippe="squalidSapiaoObelion" paroch="unwindKauryDongola" gloutedWaxer="humulus">
        <khitanUnready>barwing</khitanUnready>
      </objBuckone>
      <globes irenicsAbb="269" decileHushoTetch="enclaspLimpkin">
        <bunnellSnailsTeeting>lupidChrotta</bunnellSnailsTeeting>
      </globes>
    </martins>
    <minimisTussahs mousoniTaco="carinasDollia" abel="protomaVilleGripey" kaha="38" aleyard="flayedSpaughtSelle" hamitalComsatGaufer="riversPandyCogboat21" castoryWhelkCogweel="kyd" riatas="3480257">
      <voc>kennelsFolacin</voc>
      <sergesCanula higdon="donnismLugnas">
        <prangedApplier>tellySneaksThwarts2106</prangedApplier>
      </sergesCanula>
      <moorishRelayClerid commise="naevusPyknicsMobble" woodrowBonnesObtent="uniola" agroan="choresToweledLeepit">
        <locoedTonneau>6195</locoedTonneau>
      </moorishRelayClerid>
      <juanMuscoseSunni blagueKoine="heartlyCardiasUnbusy" leakilyPapaloi="midyearJesuateTaipan" dataQuisler="tripoli2">
        <hemBygones>antsy</hemBygones>
      </juanMuscoseSunni>
      <seekerChined soot="vivers" yawl="beckieAmidoxy" rizarHrs="695034" abutaSexifidSeah="dehullDelead">
        <stippleHavererOverlet>demotedDairyThem</stippleHavererOverlet>
      </seekerChined>
      <dipodidDispose soapyMiastorAllegro="faunulaUnpaint558" highhat="sethicCoxa" flatletObtentNapalms="hadromeLark" stumble="85163859">
        <duelloYarnsChopas>reproofManominTurio3094</duelloYarnsChopas>
      </dipodidDispose>
    </minimisTussahs>
    <reforgeCongeal>
      <sludgerMartius>439</sludgerMartius>
    </reforgeCongeal>
    <inroTunfulGlia silica="38762" heelcapKibbled="parcook">
      <pecker>crinalWastelyOlomao</pecker>
    </inroTunfulGlia>
    <diptycaTafiasNaperer>
      <annet>lisereReagreeCowpox</annet>
      <whidahsVexillaBenin winzeMopper="nuddyBatched" goisAppalls="squiss">
        <vinsPontifyPlenish>glout</vinsPontifyPlenish>
      </whidahsVexillaBenin>
      <earhole>
        <titling>76</titling>
      </earhole>
      <dapping tigroneTomeCatfall="bugi7">
        <pontal>rentedAbilaoProcne</pontal>
      </dapping>
      <ziczacAvidityDines unclot="henwareHunched2" cozedCoprasAlgins="buckeyeSertuleGenomes">
        <froVial>dyeweedManikin246</froVial>
      </ziczacAvidityDines>
      <sonics noondayUnornSpanish="craalJatosDilo">
        <albumen>replayCharmTruffes</albumen>
      </sonics>
    </diptycaTafiasNaperer>
    <fiestasVodka>
      <goodby>goldyBrioche</goodby>
      <wombleApresAthymic prigmanComicryEnjoys="mzee" epinine="bather" strewedDecayedFemales="opossum" frumple="hedgierEyewort">
        <trudgesAlezan>9</trudgesAlezan>
      </wombleApresAthymic>
      <cafeJarg glochidColtish="cactoid" charterPhonesLong="pellarChewed9" stashed="riot" canulaIglesia="niggraCashewBefile">
        <conin>74</conin>
      </cafeJarg>
      <tenrecs rubbisyDemasts="edda" blocLobbiedAvile="folder" kareetaPlumply="502316676">
        <feared>goetaePastilsDaybill</feared>
      </tenrecs>
      <aggur emelineUsneasBluetit="blitesRepine" tankageMagpiesRapist="tunicleMonodon" milchy="clevisRelight" beshine="8306159">
        <eweriesShant>nataliaSkewersBravi547</eweriesShant>
      </aggur>
      <frowyNormalPediad stamperJeerer="28445846" jackoBids="bothieAlbany">
        <dvandvaToffy>dyester</dvandvaToffy>
      </frowyNormalPediad>
      <disdarSlimmer jazzily="teatYobboQuake" pikemenPoncho="protypeBettine" aplomb="loto20">
        <fiverGarbell>9</fiverGarbell>
      </disdarSlimmer>
      <yagersTaur linet="modena50" xerusesFokkerSqueam="pupaeHeaderMorgay" suppledLightedFissile="649" jondlaPurin="bonedSpence">
        <dulledAvoweNocten>obstetTrf</dulledAvoweNocten>
      </yagersTaur>
      <blubbed geodBazooka="63808" caucus="fineishSensoryVialed" vawsFussockColosso="eyecupTouraco" riblets="zoonuleSobbers">
        <adightHelleltCeders>knees</adightHelleltCeders>
      </blubbed>
      <llanero unwittyStun="296819" spokanePreboilVirid="54" julidPgntt="appulseDobuleSchizzo" wes="dowdilyElymusScummy">
        <crook>obtundsEllingNina</crook>
      </llanero>
      <goferBaff iglesiaBoxcarsUnflaky="deulKoalaGrayed">
        <catkinsSaperdaStraint>dispand</catkinsSaperdaStraint>
      </goferBaff>
      <medineDiaxon>
        <psoaiGeminisOrals>awhapeSonicsAready</psoaiGeminisOrals>
      </medineDiaxon>
      <unglib outgrewCalfKetol="klezmer">
        <vistasMurther>pawers</vistasMurther>
      </unglib>
      <wickets acerbMotif="thinsBowyang" koreciPoetry="wedgesTsineEndew" culletsAweeCujam="frisesTemples" lealtyWainage="theresaCavallyTraik">
        <nachasHostingBacury>briggs277</nachasHostingBacury>
      </wickets>
      <sacOrganer catnipGaulinDiffer="affretDyedGyrated">
        <bec>oomiacCouma</bec>
      </sacOrganer>
      <earshotGyrocar boldKernoiLeprosy="bugbiteColomb" outlash="796" fondacoGruss="flavine907" wab="hylic">
        <niggardPoetdomHont>nobis64</niggardPoetdomHont>
      </earshotGyrocar>
      <arointsBootmanLiti entour="duxGinneryDouches" shadingForcepsQuarmen="peonyAurousRavi">
        <beetsMaltosePowers>omniumSmokersAnatto</beetsMaltosePowers>
      </arointsBootmanLiti>
      <satinTactus>
        <hardenTowboatStylion>stikine</hardenTowboatStylion>
      </satinTactus>
      <probangSaccliBulk arrayedStumour="phlomisCzechsHurlpit" divergeMartyr="347941968" ossea="silkQuesterJerald">
        <kulakSleteDrayman>715112</kulakSleteDrayman>
      </probangSaccliBulk>
      <strifesTotemicAlbuca unplumb="costlyPraams" maidy="nakoRousers">
        <tzetzesPeptizeFixt>880346</tzetzesPeptizeFixt>
      </strifesTotemicAlbuca>
    </fiestasVodka>
  </boscageEllinge>
  <strutVinum unsnap="bobotee" trichyBeliingPaiked="13004" wardensUngual="7612645">
    <convokeDoatedAsilus hoodful="unzipDesiltSiouan" habuka="anthemyHolards" gervase="jizyaOrlopUpaya" elatha="34" wellLuges="thujyl794" badgersRigbane="brained">
      <mick>percherDuelli</mick>
      <homier censorsVetoed="llbMorosisKinkhab17">
        <unhosedStinty>963</unhosedStinty>
      </homier>
      <crimeMallei hatched="ruborOrignalFiretop">
        <nester>scoticSwayers</nester>
      </crimeMallei>
      <mahalyPileupsCarrots meecherOfer="veiledHeavingBow" fidley="furoate" cloysBiasses="astrHelicalBeths8">
        <woibeSarape>chilliAskip588</woibeSarape>
      </mahalyPileupsCarrots>
      <slilyCpuElijah gyassa="dolmen">
        <footsieUrsidAmba>gliblyStrowSewered</footsieUrsidAmba>
      </slilyCpuElijah>
      <debride pombeHydrase="lawbook" ondatraPharaohRub="bylinesPsycho" salsoda="madafu">
        <toxemic>felonsRitlingSkirred</toxemic>
      </debride>
      <layneAliasesDalton updrawMaydaysBrasser="audaceEyebeam3">
        <enwindsRockabyTrienes>uncials</enwindsRockabyTrienes>
      </layneAliasesDalton>
      <barfsSchuleMastery truer="cheePottur90" landageSoireeMaduros="sablyVibrionCrewcut">
        <kenyansCripEarldom>doricalDefsMonton</kenyansCripEarldom>
      </barfsSchuleMastery>
      <canthiFodient anahauKogai="bluetRepoursMult">
        <perkHittiteAccord>calombo</perkHittiteAccord>
      </canthiFodient>
      <sabecaDagoBurion>
        <mileKilligLug>27679557</mileKilligLug>
      </sabecaDagoBurion>
      <nunatakLeef murkierAworry="beworryBieldMalambo" partons="benjDoura">
        <kuan>natron</kuan>
      </nunatakLeef>
      <carinas sedges="outlipLashers">
        <musquawLysol>cevian</musquawLysol>
      </carinas>
      <bowImpalesLearnt wanglesManfishCesura="72" sawlikeIsohel="wyson">
        <skatYogisBoreus>versorWhapsEnjoin</skatYogisBoreus>
      </bowImpalesLearnt>
      <harmostSangilSonlike sleighsVervine="1233" laconicEructs="ervumRadons">
        <kumrahCerfoil>sauncyThane</kumrahCerfoil>
      </harmostSangilSonlike>
      <alcidsLepantoBibbers upjerkAlexine="woofell" billed="funisSyphonRefence" curucuiZunyite="870249">
        <coagel>tantrasSalchow</coagel>
      </alcidsLepantoBibbers>
      <tries iglesia="libyans4758" nizamsKnowParonym="432">
        <bammedRampireChekhov>vines</bammedRampireChekhov>
      </tries>
      <jiltishUpflash>
        <cmd>bushedBalorAphthae</cmd>
      </jiltishUpflash>
      <vivaxBaining clubdom="honchosErminee" raun="badly" diecase="20593" hasinaiSnuglyBoughy="tangiOleoylRenting">
        <whoopsCurariLoran>attaAttuned</whoopsCurariLoran>
      </vivaxBaining>
      <bossed taiversMalangaCertose="tipoffSplaysRegmata">
        <tusserEskerMusales>dassent</tusserEskerMusales>
      </bossed>
      <unavianBarffUnmews tulesAzygos="52" holeman="fraiseCoelataBemba" melling="foemanSplents">
        <sundik>splCircaeaSoling</sundik>
      </unavianBarffUnmews>
    </convokeDoatedAsilus>
    <chalder goulanOsteoid="tataryMandrinJap" waxyArtemonAstrier="2" phtalicShimmey="jutkaQuayShawano" gaffkya="bewieldDrewite" prigman="8316671" pawmark="665" physidMaimSkivers="79377786">
      <ciliumScolion>830063</ciliumScolion>
    </chalder>
    <hatpinPauliadAppet foxieLousyParode="estrusOctave" failed="24511" exudedOrage="urucumMayhemShote">
      <aselli>spanned</aselli>
      <lanyardEpimereLardry nofile="alongst" cruiser="368" uppiledSpirals="8489" heired="mortsCombsKayward">
        <sawfishKophs>almudeReguardDaytime</sawfishKophs>
      </lanyardEpimereLardry>
      <bambooWapataPeptize nimboseLolly="860170">
        <scowlsMuckierBanjuke>51445</scowlsMuckierBanjuke>
      </bambooWapataPeptize>
      <ahet opiated="remercyQuayed847" skellerGamontBurrier="9" yodles="buistAnthrolLevet">
        <pasul>wawls</pasul>
      </ahet>
      <toaderyPorcatePartite phecdaBastedFulls="osminaBrike" stipelOutroopPhylar="groper" casterCommeStopped="gaulicNecktieMayance9578" corban="pyreninHeyghFreshes">
        <pursyKegs>rezonesBeguin</pursyKegs>
      </toaderyPorcatePartite>
      <sipped porkeryCardin="39668">
        <gobiesImmeritStounds>whindleChowsed</gobiesImmeritStounds>
      </sipped>
    </hatpinPauliadAppet>
    <rodlikeToxotesSneers>
      <screet>69343834</screet>
      <nedBruited perfinsAccolle="hindgutBankersLassoes83" pinguid="carajasPinang" int="96" vixenlyLitchiFeirie="98">
        <pulsion>mongBach</pulsion>
      </nedBruited>
      <sorghumHalvahs holt="eliza" stowsWhishesSilicon="desuvre9" nativeExodic="cannulaTuckner" topoiBedripYote="10520968">
        <yaray>oodlins</yaray>
      </sorghumHalvahs>
      <runmanAziola khanda="bumfeg886" riotiseLangursResweat="alalite" toppySpoolFelloe="polemicCrowdsMinaean">
        <iris>hardier</iris>
      </runmanAziola>
      <tobiahWirily>
        <bassaAchaetaSmeech>petreBombyxRego32</bassaAchaetaSmeech>
      </tobiahWirily>
      <gripers>
        <leges>mogsSilleryCess12</leges>
      </gripers>
      <medlied turnpinCluing="pinkiesNearDemerit" mudir="getable">
        <rebush>40270759</rebush>
      </medlied>
      <orarian crombec="immovedOlivileDidos" koumis="bosquePrivateGainers" coolTitbitsWilling="stacy" arches="soigneTrumpetCottas4">
        <padraicMyalgia>pinitesDecian</padraicMyalgia>
      </orarian>
      <gaslit buglers="oots" amenuse="ridleysTemChopas">
        <wunnerSandalAhs>jackboy</wunnerSandalAhs>
      </gaslit>
      <tsurugiMenadsTobymen>
        <meant>yawnfulDirtiesPhallic</meant>
      </tsurugiMenadsTobymen>
      <ochavoGrackleBdft shafts="cigua" misfateFirkingProlog="693736358" kickup="66">
        <apilaryHanderChalmer>5383</apilaryHanderChalmer>
      </ochavoGrackleBdft>
      <snawDanderPosied mouchCurat="vigils" puckaNettler="sirex" dopplerNataka="scewingProtea">
        <duffing>locoes</duffing>
      </snawDanderPosied>
      <sarraf anigh="bazaarSpondee" donable="39493">
        <waled>trammelDarioleShags331</waled>
      </sarraf>
      <rickets cymaise="atocia240" caudal="regaloHatchet32">
        <dernierDoeglic>cactusGpdMuezzin</dernierDoeglic>
      </rickets>
      <tannylGerusiaLexemic rgen="aggraceAwols" sovertyUmbrelScanmag="hyd" clonk="pumicesAkekiZirkite">
        <mecumsMannedBoskage>dowsetsUsineLaying</mecumsMannedBoskage>
      </tannylGerusiaLexemic>
      <luoCracks hunchedGadariaPoseur="5698" gritsZagStrave="ductionPlotlib" gunless="managee" voyeuse="retryGoonySubsalt">
        <awokeGuarri>nile</awokeGuarri>
      </luoCracks>
      <retinol>
        <robertMormaer>2570</robertMormaer>
      </retinol>
      <popess flaxesVerbose="picry" parrotyErodes="beretSlae">
        <creenDippersGradual>lingtowSurgersBivvy3</creenDippersGradual>
      </popess>
      <thymsMombin sipapuBurbotBarani="allowerHoovesBackbar" pervertSea="amintorBundlesCuprous">
        <comital>porettLawsonBaalish</comital>
      </thymsMombin>
      <mocoanBorneanNutters unrowed="836856323" wreathSclaffsSwa="39733" godfreyScriver="seesawCluing99">
        <mosey>veneresArmine</mosey>
      </mocoanBorneanNutters>
    </rodlikeToxotesSneers>
    <virbiusChisledProvend>
      <isocrat>sibilusSpuriesIodous</isocrat>
      <chiviesAldaminFoughty taxless="ilpirraPanctia" shiny="216406171" geckoidGammonsMolland="4">
        <railedUntiing>4835876</railedUntiing>
      </chiviesAldaminFoughty>
      <outsungPinkestUpdo paren="cesuras" mundifySnow="wittolsNetting">
        <dronesAretDowfart>ixia</dronesAretDowfart>
      </outsungPinkestUpdo>
      <chiltePunless sabirs="relodge" ratitaeWendy="osteoid" talcoid="annuleOpimian" formyls="diarchyRaggleBlet">
        <turning>bhavan</turning>
      </chiltePunless>
      <keefsNielsen wined="acnidaOleary75" trt="fretum" withbegSatyrs="scurfsAmigosResides">
        <agurothBerth>hacklerTagishUncured</agurothBerth>
      </keefsNielsen>
      <zunyiteTrochalLawlike humpingSld="unbendLiveth" factionMiltosAcerli="trigamy" lowsCyclas="unshutLiquefy444" sowbackGorra="ocher">
        <dictionReefierAshraf>35079263</dictionReefierAshraf>
      </zunyiteTrochalLawlike>
      <auetoStaidly>
        <atrochaSomberBicolor>686343329</atrochaSomberBicolor>
      </auetoStaidly>
      <gnarredFriskerRidered hotspurHexitolOvinae="lungyiBeclart" katogle="kend">
        <gentiinTind>cretaIsobareGodlily</gentiinTind>
      </gnarredFriskerRidered>
    </virbiusChisledProvend>
    <seabedsSmallerAlula>
      <nepotePato>soriteIodines</nepotePato>
      <belliesDwyka inbeFancies="649" supari="14" untruePietaAuric="ingenitLysate">
        <amosColugoTrilli>biasingOssianPoem</amosColugoTrilli>
      </belliesDwyka>
      <miseSetoff>
        <jaupEchards>pimpishBockingPairer867</jaupEchards>
      </miseSetoff>
      <noduleMoebleBoxtops>
        <subfiefBlewFeste>ceasing</subfiefBlewFeste>
      </noduleMoebleBoxtops>
      <jotterCarryed schorlyDove="yuchiRomic" puccoon="938048" foolingWatapeChummy="swerver8" starterUnbed="38333308">
        <shellyShelyak>lessors71</shellyShelyak>
      </jotterCarryed>
    </seabedsSmallerAlula>
    <lyticWernerLemel>
      <majestaScanicLimbal>clitTerce</majestaScanicLimbal>
    </lyticWernerLemel>
    <alasas>
      <uphroesNonepicGemmier>mycelesVelar740</uphroesNonepicGemmier>
      <rappelsMungoosBesmut liaiseNeeze="plumpTraves9" dowsetCarvels="gravely301">
        <recrate>rossiteOwlet</recrate>
      </rappelsMungoosBesmut>
      <abassi cystic="oscellaHourIstoke" deponeCitrin="adelphiDarter55" seabootEgos="rangerDecuss" whished="derivExamineGalerie">
        <oilmenNatureTursio>geogCutted</oilmenNatureTursio>
      </abassi>
      <apaiseOakesia twatsLabrid="haugh774" pomphusSibylic="moneyLefsen">
        <copoutsCocoonsRackety>afrit</copoutsCocoonsRackety>
      </apaiseOakesia>
      <ziphiusWhushPicra prefaceCausae="mantletDecker" ascence="beshameHagglesSinaean">
        <subbingOrpitCervine>dumbedEucalyn</subbingOrpitCervine>
      </ziphiusWhushPicra>
      <dunlap amishgoHypoingImago="arzava" burbark="rasour" nibsCulmedFag="hoopman" pilaffs="8">
        <oronoko>dhoolyPierian</oronoko>
      </dunlap>
      <iwound snobEncaveGarland="flytimeSedges" jabotSramanaGobonee="beardJoyleaf">
        <waapaSiltVarna>snitchy</waapaSiltVarna>
      </iwound>
      <pluteiFubsierBejel aliyothThymoma="podsnapBaalathForeuse9542" herlCleft="655898767" unnoisy="3284551" longesBitiRankled="lowmostJudaistMutate">
        <forrel>vernileAmbassy7</forrel>
      </pluteiFubsierBejel>
      <groutedPhloeumThusly colan="buccateCaxiriKueh48" pyrosisGlaikStulty="vulgarsManiac" tiltBenthal="545337" carromsSpunks="exurbiaWeedilyBlet4443">
        <deborah>30398555</deborah>
      </groutedPhloeumThusly>
      <keltie captiveSurmit="gambetFawning1913" preboilButtal="gulfyAti">
        <muzarabYipping>8325057</muzarabYipping>
      </keltie>
      <diskosMerisisBagwigs proetidStifflyBonce="mdse">
        <otomacoWafterTeleph>differs</otomacoWafterTeleph>
      </diskosMerisisBagwigs>
      <camblet cutout="bottleBobadil" spittenFelony="robotic310" sards="skere" resteepWhistsNeddies="bismuthAgeistsSalviol">
        <ruglike>76</ruglike>
      </camblet>
      <abscindLosers photoPoustieMouthy="lashed">
        <baalize>wineier82</baalize>
      </abscindLosers>
    </alasas>
    <ensoberGulpierBitsy>
      <syngamy>blusterDcbname4</syngamy>
    </ensoberGulpierBitsy>
    <knifed>
      <plungeGerard>23671</plungeGerard>
    </knifed>
    <lobeletIpidaeKiliare>
      <umpquaJudex>bilbiePloughs</umpquaJudex>
      <clusia>
        <trigaTarquinMahmoud>94</trigaTarquinMahmoud>
      </clusia>
      <lymphBailers domettUnpins="ravishShutingKokako476" heaumerNeatly="robertsStavesTetrose" portass="caviar" ouabe="luckingExotery">
        <govtFaculaRanids>calgonParry</govtFaculaRanids>
      </lymphBailers>
      <furcaePipersBrowser gudgetFantail="turnup" butaneAmagaFrass="68" goatishOtolithLug="showmanHairifCheung">
        <freathMegbote>woolensBurhel</freathMegbote>
      </furcaePipersBrowser>
      <jossesEndZunis mitra="coacts" lipse="birlerSafi455" loupenGloggs="2" uveas="beshake4101">
        <hermaUrd>insulinPuszta</hermaUrd>
      </jossesEndZunis>
      <mattes>
        <wealdenSuety>granthaShrieks</wealdenSuety>
      </mattes>
      <variantFlocked irateZills="79093">
        <kangriWrayful>panamic</kangriWrayful>
      </variantFlocked>
      <sethiteVaranidVota toting="seeder">
        <omenBeknave>detenusEnlacedBudworm</omenBeknave>
      </sethiteVaranidVota>
      <surgy couthly="3095" mugginsScawd="hummusAmpyxDoucine">
        <buxomlyBunyaGooder>aguaji</buxomlyBunyaGooder>
      </surgy>
      <theftsStubbedGreeing enchantInkleRaver="lyreDings" rodsterAxillaeCrapwa="enologyKetupa" nitosTentigoMarlpit="durdumPoltinaImmound">
        <gally>winceyOutwore</gally>
      </theftsStubbedGreeing>
      <canosPlinkMalvin dirked="3293">
        <silenusUndyHypnic>anonol</silenusUndyHypnic>
      </canosPlinkMalvin>
      <dangler reavesLakinBeeware="mezzo2482">
        <imponesAdipous>5787359</imponesAdipous>
      </dangler>
      <cypressWolversDerive jackPinangsFlaunts="ferityArabitGadbee" sudoralFranked="chunnerUpshotFarmost">
        <kittlerBegraceReesty>947721589</kittlerBegraceReesty>
      </cypressWolversDerive>
      <shipful gallops="5173711" plodsFrisbeeTaharah="sayerAlastor" venite="henbillRogan" coaptsTiglonLoir="hallsWaiguliBraver4340">
        <fullamBealing>lire</fullamBealing>
      </shipful>
    </lobeletIpidaeKiliare>
    <decaniFinch>
      <cursesRipcord>618641446</cursesRipcord>
      <nogaku chukkerBices="bagwashStemmas" awe="97950273">
        <comviaUncorkRushy>jeepers</comviaUncorkRushy>
      </nogaku>
      <folialCrink rougy="wieniesCogmen">
        <prussicUrbicAzurine>prov1396</prussicUrbicAzurine>
      </folialCrink>
      <leonisRendu chadars="malthaVolvate" manbotRuddierFaverel="emicant" fassChochosGesnera="peshwa">
        <distich>steeks</distich>
      </leonisRendu>
      <whaseKneads thumbCercal="rosella9" destinyPilies="puanPalatalZebec" plangiDec="grakleDoctorsVadim">
        <doeth>couplerVisage</doeth>
      </whaseKneads>
      <crockFibsDawdled barth="billety" vermianShahdomGifts="ascitbRankedGayest" lutewayRapeJabia="maltoSabeingLashed">
        <inducesDeanery>27095321</inducesDeanery>
      </crockFibsDawdled>
      <baltGrouchyBagnes olfactAgast="dichord4799" amidstBusway="simular" crysticAregFulah="deicesEmerse">
        <awheft>46</awheft>
      </baltGrouchyBagnes>
      <photsAugererHazily cunealMiskin="tasted" crawlsBelacedWhussle="goat" silurusDarkerDobbers="sheaveGinger3381">
        <setiboLacy>begsterKingEntry</setiboLacy>
      </photsAugererHazily>
      <litargeSouredPase dumLesleya="5" apple="swallowSliced" burkes="346" fulup="halvaSynopsySect">
        <gillyCtgeHungar>30397267</gillyCtgeHungar>
      </litargeSouredPase>
      <footleMantidEmda cledgyInduced="elias" haul="muon" harryFugleFondus="softens">
        <orant>475411</orant>
      </footleMantidEmda>
      <mammatePilcherEarning>
        <recurlOutrede>tyloma285</recurlOutrede>
      </mammatePilcherEarning>
      <ralphApprendAthing mileageRengue="5813" granterSecretsProas="metopes" dewless="147">
        <viceroyShanteyRunes>spiliteOiled</viceroyShanteyRunes>
      </ralphApprendAthing>
      <melodicEvokingLerp>
        <quantsBereBenzal>spunnyChytrid</quantsBereBenzal>
      </melodicEvokingLerp>
      <pontileHaboob scudlerAcrodus="staffRoinish" syeniteCloyerUnities="holts" abbrevStocky="cack">
        <respot>refletsBrickenPluck</respot>
      </pontileHaboob>
      <amotion fermail="9" provendUnalComers="cloddyBiderSchone">
        <snippet>brochtLignousTax817</snippet>
      </amotion>
      <denizeMasqueGlucina sixElishaCurship="ditaOxalateStunts" torulus="7213290" gradateEmbacle="joltSoaking7910">
        <erasesCumuletMacks>mashlumRecrew</erasesCumuletMacks>
      </denizeMasqueGlucina>
      <furling mahout="duskilyMergersArrondi22" biverbRamesesIodite="luteinsEnvapor" pincersCleome="forweepMizzlerKept86" filmdom="betrothDorask">
        <scrumsSematic>julid</scrumsSematic>
      </furling>
      <blooieEsse iwearth="eenJawab" galliot="mourner" salientProfile="knifingWhilockSmoochs54">
        <cursing>laichsBerrier</cursing>
      </blooieEsse>
      <malmagGardant>
        <holismsEthiopCaldera>aroonVolageFelling</holismsEthiopCaldera>
      </malmagGardant>
    </decaniFinch>
    <prattlyMucosas>
      <unwovenPiloriTeiidae>deliesZippingProblem</unwovenPiloriTeiidae>
    </prattlyMucosas>
    <grievedCornify quinseJomonBallard="plock">
      <abollaeDreedMarbled>hackedInfidel477</abollaeDreedMarbled>
    </grievedCornify>
    <hosiery>
      <statera>pedalHoyles</statera>
      <testingSlumber linemen="454728" antreKenspacScuzzy="cathectMetis" debbiesLlano="314614954" jumadaGrading="savedAnapestReest">
        <sottishHuffilyTerror>caulomeObjetTabid</sottishHuffilyTerror>
      </testingSlumber>
      <perksHills>
        <kpcCeduous>sampleNotch</kpcCeduous>
      </perksHills>
      <zoccoSatiety unsays="ripesAchioteSebat" sparthDasypus="66246810" naboth="landsatCartesJots" trypsin="foxchopIsatineJuvia81">
        <peipingDaggerBrent>proberGoidelLids</peipingDaggerBrent>
      </zoccoSatiety>
      <kinkerWolfing>
        <hearty>testonsQuatch</hearty>
      </kinkerWolfing>
      <exoticsWaggonsPeopler asperFishesSkatole="pigfaceBegaryReitbok41" blahsBayheadPich="poutfulStonied" outjetChoreasShored="wishersTapen" dolphinEmydesUntight="928483">
        <biosomeGibbons>twinVaudouxDatum</biosomeGibbons>
      </exoticsWaggonsPeopler>
      <picusSastra fringeUxorial="550" yeoMixy="rentierYesty">
        <dargo>panacheReyield</dargo>
      </picusSastra>
      <showier>
        <syph>firemen</syph>
      </showier>
      <whetileMunting gunaWingmenKetogen="huts84" malaxJerker="flumeSeduceeNapa">
        <twinklyCongousIndult>fistleEgallyLiards</twinklyCongousIndult>
      </whetileMunting>
      <wabiStoury faxLepraSattvic="nosterBubukleHebetic" fireBulkage="westerTicul" rimFleeterOctene="upchokeHonour" rwyDepayseSaned="bemireLockfulFrison">
        <gorrafBilith>rearmedSibling97</gorrafBilith>
      </wabiStoury>
      <rodeoTatouUmset neat="cuneal" liberaVivificRever="artemia">
        <ticunaInosicMaha>panduraMonkess</ticunaInosicMaha>
      </rodeoTatouUmset>
      <degradeDowserPipy tekiahAccused="733" yolks="yacksMosel" thigged="70">
        <unrosedSeiner>9424</unrosedSeiner>
      </degradeDowserPipy>
      <ducdameHemapod alogyEndurer="1372277" pedantsSayerChurrip="13403" soriMinkishChoree="aquadagOlympus50" veriest="845">
        <lepteraWhuz>8548366</lepteraWhuz>
      </ducdameHemapod>
      <julesMurreyPunchy obeliasWawled="porkpie" lauansVoidingVamps="bayongAcross" tightsSalicyl="upboilOddish" gogglerTetract="snarers">
        <nascan>revetePsycterTuny</nascan>
      </julesMurreyPunchy>
      <dioptryHazara restirGlouted="9">
        <plumateKokumin>nouses</plumateKokumin>
      </dioptryHazara>
      <morselSalmis scarpsInveilMannose="loricAbadejoUnaflow324" caecalDunk="3736089" jauntieBarleys="regalioMiskillPencels">
        <orarianVarioleBulkier>donutsCymlingTapist</orarianVarioleBulkier>
      </morselSalmis>
    </hosiery>
    <grovet nayword="guidedUnescoYonnie" roilsPillowGuck="impaste237" donalJeu="neatly894" weeble="washerPatrolMarlier" sagene="850268">
      <vareCozingOnza>harlOutride8747</vareCozingOnza>
      <unshrewBuranBarcone antisSolanBurnup="fluted" velvetyEmir="undrestSaughy" delphDevonicResids="41670" deddyDetruck="1204326">
        <flexion>mehariAffront</flexion>
      </unshrewBuranBarcone>
      <crestedGawLum puccoonRouped="vinedBhajanAegir" dadasBraggleRclame="eupioneShut" heed="duliaInstateKentia46" gundaMammas="gaumingButtal">
        <mainorVassalBlueish>goosy</mainorVassalBlueish>
      </crestedGawLum>
      <hypnumAngered>
        <marchetTallith>aglets</marchetTallith>
      </hypnumAngered>
      <scotiaManatee>
        <mastmenIsatide>70332926</mastmenIsatide>
      </scotiaManatee>
      <codgersHols dewdampCeleryCruddy="surges" hadesHennes="hinger">
        <storeenAscettaCausa>kaiWeanyerPitwork</storeenAscettaCausa>
      </codgersHols>
      <caracoVolutin wullieLarvalTextile="9456">
        <postboyCantonRibbon>kosher</postboyCantonRibbon>
      </caracoVolutin>
      <spikyDimedon berlinaHeiferAmandus="billetsDukhnPapion" kittockPatmianDrats="64868" bryndzaGnocchiVeriest="lucarneSneezesFgrid">
        <darr>soh71</darr>
      </spikyDimedon>
      <traipseCleanup>
        <boozily>tautly2</boozily>
      </traipseCleanup>
      <gorbet urlingBosomGrumous="1201276" scrapeTilledAcrab="chubbWorts917" ipmTalukAmateur="83668745">
        <keloidNoyfulPersico>menusSyllogeTepe</keloidNoyfulPersico>
      </gorbet>
      <phasesPinheadRumpade unhilly="fates42" natheCannedEskers="cynthiaBramBuggess" salvoGlories="auresca">
        <porpitaLevelsCavu>leggerUmbel</porpitaLevelsCavu>
      </phasesPinheadRumpade>
    </grovet>
    <tumorLaggen>
      <exactus>9419291</exactus>
      <burgulRaptors dishragUntimeBlazes="draftsAdrian" twirlerWabumaCotery="patellaSwigged" habuCouters="unfeed6082">
        <cuttailFaultyPintid>latania</cuttailFaultyPintid>
      </burgulRaptors>
      <stiltonCasitaPleater sownArere="esoxBursar" seasDiable="camoodiItal" luger="disparAlapDondine59">
        <mopaneLowderLaydown>theow</mopaneLowderLaydown>
      </stiltonCasitaPleater>
      <gangerVersalMonotic jmsHorlaSeizors="unplug">
        <aqueousLandmenTextus>jodelPurine</aqueousLandmenTextus>
      </gangerVersalMonotic>
      <thiasi>
        <niata>alexicTomrig</niata>
      </thiasi>
      <ouzelsYardsCarpet cranklyBrolgaTengu="5391415" dallackAware="56518155" airtimePostelNrarucu="1843" euodic="wiglets">
        <caingin>winingZooter</caingin>
      </ouzelsYardsCarpet>
      <discantMusjidNewel croche="ignSizzle226">
        <comedos>rebirthDianoia</comedos>
      </discantMusjidNewel>
      <shofars salps="615552" icingSpacedOrdered="lensmen" boterolTechedOpimian="fugioSirione1987">
        <tungaWoadedPlayock>trubVicaDiiodid</tungaWoadedPlayock>
      </shofars>
      <nuculidMiaows lususReliqueYacks="lirotHaglikeLittles" subnodeVainful="evenestCatlin" boastMeminnaOperas="badhanTantivyCise">
        <flirtyHexacidPekoes>tawery</flirtyHexacidPekoes>
      </nuculidMiaows>
    </tumorLaggen>
    <nowsPlyingTalayot dobbins="capotes" rakersPoe="inlacesManbaCurares" geogenyDeicers="hurriedSequaFlake" unsheetRuck="methol">
      <lobelia>arbutin</lobelia>
      <celtisKirschAccuses adaptorDonasFluted="263" suinaSetnetWaney="tettery403">
        <rushersRestockMoonlet>fishgigBroggleOhm284</rushersRestockMoonlet>
      </celtisKirschAccuses>
      <syriansCubesGigots>
        <wurlyFibrinsNeeding>572482829</wurlyFibrinsNeeding>
      </syriansCubesGigots>
      <letternStoviesMangeao duroc="talipat" chitRetiaAlpha="907387" quicksAcetol="keelieTineola">
        <hyppish>svabitePanickyTiewig</hyppish>
      </letternStoviesMangeao>
      <betoya>
        <ceroonRabiousCaecity>6</ceroonRabiousCaecity>
      </betoya>
      <bindleUndaredSterid hygricMedishAromal="triduum460">
        <mytilid>fright</mytilid>
      </bindleUndaredSterid>
      <okruzi cratonsChakobu="gregaleRoubouhBacket" toms="51585103" dillueCopingVowels="sieniteAlbedosCycliae" inlyingUnwhite="newsman">
        <wankerWinesap>outsaw</wankerWinesap>
      </okruzi>
      <feedlotPrigmanCansos martletFlavous="quibusSyllDerbend">
        <hardestYciePriam>realmDezincs</hardestYciePriam>
      </feedlotPrigmanCansos>
      <bravureAjowansGerming singeyYelper="octoicDumaistFinally">
        <std>arikiMasty341</std>
      </bravureAjowansGerming>
      <innardsKhankahPeddlar pleuraeTeases="surrept" tetrazo="1052">
        <curted>wentleQuiapo89</curted>
      </innardsKhankahPeddlar>
      <whillMorkinHadnt rethrowNrarucu="miloHomerid" walled="snyeTenures">
        <hoitApachesPsia>krivuOctects</hoitApachesPsia>
      </whillMorkinHadnt>
    </nowsPlyingTalayot>
    <acopPoundalDrury piacleRebuildBraizes="utters" parotisPanjabi="jacalesTepary" farthCasaba="belandaDirgeSivan32">
      <bell>1</bell>
      <unsnare unsoldUpon="91156837" hagdenWyss="9023" ruse="cahowsJaponicRipieno">
        <limnicSpondilMessman>kabongaThegns</limnicSpondilMessman>
      </unsnare>
      <rearerZayat>
        <artemia>powdrySnarlerSaqib</artemia>
      </rearerZayat>
      <brigued hocksUnshut="levyne" vases="bedressSpicateBuckra">
        <carmelaTeopans>sniggedFontful</carmelaTeopans>
      </brigued>
      <jocksZymogenVel cyprisJugularSturoch="ambachAggroupMazatec991" disladyAfric="958956634" acylalEricoidOctet="murtherLauders">
        <bepileMexico>shweboProgWaves</bepileMexico>
      </jocksZymogenVel>
    </acopPoundalDrury>
    <hikuliRaiment unshadeWastrieFlecky="hooDunyJageer" allyl="9778" luteinUnfeltSixes="alumnolMymar">
      <boma>maror</boma>
    </hikuliRaiment>
    <nibbana ratheRowens="thriceEsseraTrijet" monacidCograil="sarigueEnsile" claroHoickSyconia="evoke" canes="metonymWhilereToffee" ivaClayerCapsa="leafboy">
      <libardSomaliaOracula>scelpLoweite3424</libardSomaliaOracula>
      <diambLamback preen="mithersPli">
        <tauntsSourd>compsoa</tauntsSourd>
      </diambLamback>
      <alikeGlisYiddish skenai="wawah" palalaSuturalPhane="71">
        <aziolaInsunkGingery>gentesShillet5813</aziolaInsunkGingery>
      </alikeGlisYiddish>
      <poltina>
        <lyrawayMesityl>ismal</lyrawayMesityl>
      </poltina>
      <fennigStalker mauveInocula="itacist" skymenHopsackFagins="rorid8">
        <dudgenHavaiki>bloditeComanicBelight</dudgenHavaiki>
      </fennigStalker>
      <grams eugonic="palace" forfar="relish">
        <enhelmJalet>zenith498</enhelmJalet>
      </grams>
      <unsmartLeafcup baggedAluminaSubicle="355">
        <orbed>unsaked</orbed>
      </unsmartLeafcup>
      <unboltsLeumaOutput pomonicPumasXylia="partley">
        <abuseeBandedKinemas>ungyve</abuseeBandedKinemas>
      </unboltsLeumaOutput>
    </nibbana>
    <sigmundWoomDorlot awfullyWiping="lipidAcron">
      <nitrylUreasesLoaned>furzeryBoatfulUnaging</nitrylUreasesLoaned>
    </sigmundWoomDorlot>
  </strutVinum>
  <pituiteOxalic saletGlumalAcyls="murlinDidosHocco">
    <arabinRangpur>
      <lacepod>hemline</lacepod>
      <moghan reidWrith="lucumia" rudolf="amnestyRugbies" strawenBryndzaSemimat="auspexImpaleClangs" basonTenonedLiftman="duret">
        <zeidae>4244</zeidae>
      </moghan>
    </arabinRangpur>
    <foesAlatedAppall foolMulcher="cloneErrsynIntil" acaridKustiGras="4119529" lynx="784720" oudTeenetChads="semeHolidamAgrote" mohaShouter="popperXyster">
      <minsterKauri>wrigley</minsterKauri>
    </foesAlatedAppall>
    <poppedFreresColyba kwannonBollitoHocky="cipangoGuttiVaguios" byardDriesSearer="6174459">
      <crownetDorsalViduage>scout</crownetDorsalViduage>
      <inomaTur culpaNurlyHalas="946357" toadierPalterAnviled="50" aeolid="gaposisPaddyPoort" detractCirsium="cactoid">
        <nepotic>motionsNiesSweden</nepotic>
      </inomaTur>
      <inurnsVedika seizinSharpieBeflag="awaitsInleakOutrove" foxfishGwineAppetit="jasyBroma">
        <livresDowitch>mygalidCraisey</livresDowitch>
      </inurnsVedika>
      <momusSextulaPiastre>
        <cravatsTapul>39</cravatsTapul>
      </momusSextulaPiastre>
      <incleJokers>
        <keloid>dilleskRhumbs</keloid>
      </incleJokers>
      <shacker finedFrauds="aikidosPatina">
        <whelps>twaitCindie</whelps>
      </shacker>
      <sixgun sirkeer="vawards">
        <pandleCherup>rewanMasonic</pandleCherup>
      </sixgun>
      <rgen bobacSblood="infuserFaire6296" weltsSelden="colossoMumjuma" cruisedPerlite="13" daedalChooses="5239">
        <haplite>palealNonstopMealman</haplite>
      </rgen>
      <clernlyBrichen whorishVillagyAyin="tissual" peonageGetableOleose="midnDoigteJetware6568">
        <annat>vitraNurhagStarver</annat>
      </clernlyBrichen>
      <global jerkinInpushDoozer="jazzing" bonzeryUproarRosalyn="tiradesElutes" poor="sloshedRegreet2251">
        <bollito>decadGorcrow</bollito>
      </global>
      <miaousWistlyWareman lenthAbiotic="redipGawsie8" goysSomeItai="rampoleLinum" horlaLuri="juntas">
        <swooperGunyahOpacify>girnalUnright</swooperGunyahOpacify>
      </miaousWistlyWareman>
      <abductsTropism alogia="dumWoeworn5" padronaHostryKainah="hasardForvayExpiry6374" innardsXed="1071518">
        <unguledTinierLucrify>civitanPoached</unguledTinierLucrify>
      </abductsTropism>
      <ticunan yardman="suckedHighs" bailliNagmaal="geodValyl" hairletPanela="cruetyCursa646">
        <lawrieStewyMegrel>heater</lawrieStewyMegrel>
      </ticunan>
    </poppedFreresColyba>
    <tarascCuffle>
      <hippieAumrieMinbu>5978</hippieAumrieMinbu>
    </tarascCuffle>
    <kennedAfgodArsine>
      <kiki>madrone</kiki>
      <pastimeSengiWhom magics="gestenSonsy" dutchKreuzer="louseKunwari" amebaeAethusa="akraPoons">
        <toaderTabet>piwut</toaderTabet>
      </pastimeSengiWhom>
      <hairenFounder enragesRebeck="7" whartZoea="lureEuchresFinal">
        <overcoyMargotBrere>capsidCapiviSudani</overcoyMargotBrere>
      </hairenFounder>
      <muticCoaxAltesse>
        <mellah>friborgBaroni</mellah>
      </muticCoaxAltesse>
      <indBelage crashesTarrily="amoebidWestlin" duckersFloatDowered="yapsHaltePlodder">
        <beatuti>unangry</beatuti>
      </indBelage>
      <friskin fluxes="daphnadManilaTonical" regaler="tingler" beakfulSifaka="718097" orangs="chandulLourd96">
        <ladifyTipfulWorses>whiggedThroneIrish787</ladifyTipfulWorses>
      </friskin>
      <jingal coverupHoey="pedageHoopoeOusia">
        <yukkel>toastyAtrialMalism</yukkel>
      </jingal>
      <giggleMuskit brins="seethes" atingleKwannonUnbark="shogs6754">
        <inctriGingely>scorchSyrmian</inctriGingely>
      </giggleMuskit>
    </kennedAfgodArsine>
    <fluoric tusker="doeth" typifyHockled="carvage" waxbirdCulliedVisory="smote">
      <yarryBriary>soulySouariGraffer576</yarryBriary>
      <balledLiftboyDemibob tetchedWhipped="242014" bandora="sapped" salamoEmpasmaSleek="blateServite">
        <partialTirrlieFatless>833534927</partialTirrlieFatless>
      </balledLiftboyDemibob>
      <reaksNormaPioned cutouts="recoals" paiwariOgamicRodsman="avionsUnwhite6">
        <imamahPlandok>broomClovery</imamahPlandok>
      </reaksNormaPioned>
      <smilersTolsel bekah="enfelon">
        <itonia>vitricsSilken</itonia>
      </smilersTolsel>
      <luc kouroi="acaridEmbassy" venomed="9">
        <careneAlmoign>gadlingLoglogRaided</careneAlmoign>
      </luc>
      <creepsCeibas baroto="headyJilling">
        <redwoodRetempt>12855</redwoodRetempt>
      </creepsCeibas>
      <pard putchenWatt="pocillUnnoblyProtone" excideTitansSavines="mulletPieTigons">
        <rhombicMdntStiffed>365508272</rhombicMdntStiffed>
      </pard>
      <promSmacker oftensHoult="scraily">
        <airthed>tappetCaman</airthed>
      </promSmacker>
      <gummierSalma byrlawSkepKutenai="keblahsSliverAbaised">
        <breamedGhaistAblings>viduityHexodeDrainer</breamedGhaistAblings>
      </gummierSalma>
      <phloxesDrunks siccar="llano6512" plattenTawpi="813909414" duskilyTwilit="grifted">
        <foaly>brustleChazyMatters</foaly>
      </phloxesDrunks>
      <piscinaGinnersDeprest menhirUnround="tekken904">
        <likelyHaets>cannon</likelyHaets>
      </piscinaGinnersDeprest>
    </fluoric>
    <costaPaludic>
      <anathemRedaub>pilotedOrtsAvoutry</anathemRedaub>
      <antihumRentree>
        <gunless>96973</gunless>
      </antihumRentree>
      <guttusGotchedAsepses sunPiercesPigsney="8437772" ovonicsArgonsUnsolve="3" deglaze="580" asherDoughty="burgeesPrincodRewoven">
        <upsent>madiTeskereAlkali</upsent>
      </guttusGotchedAsepses>
      <divvers langiTidalEstevin="pupiled">
        <birdeCrojiks>dahliasCepHabub</birdeCrojiks>
      </divvers>
      <entomic bekickUnowned="knoitRouterAging" nurls="bateau">
        <afreetsWeltAmbigu>fobbedSchlepsNeskhi</afreetsWeltAmbigu>
      </entomic>
      <cists greedsWhulterDonzel="63916766" savingsPise="13757">
        <yairds>44241</yairds>
      </cists>
    </costaPaludic>
    <gouged>
      <subpostWha>hackeemJesses</subpostWha>
      <gambang poutfulArray="8651">
        <kermisSquiret>sales8277</kermisSquiret>
      </gambang>
      <mardiParelLoser archeusRamaDecolor="630" ungloomSyn="isseisJugGype8" triterAccoil="rutter">
        <tirrlie>synapse</tirrlie>
      </mardiParelLoser>
      <rouelle stogeyAeq="noyRimming" upstoodVeery="54" solfegeEject="fatuusAdaw">
        <patgiaBesaiel>texan</patgiaBesaiel>
      </rouelle>
      <promissCormacCuscus costardMueddinIsolog="capplePleonalJambe">
        <sphene>prosserIdoNoisome</sphene>
      </promissCormacCuscus>
      <leftistHutiaLin tillsPotailElectro="scasely" barytaSnitzPecht="6" orphizeNiasCarle="ductuleCotes">
        <dofunny>shalom1139</dofunny>
      </leftistHutiaLin>
      <amangTanga wandooForchesLoafers="pangsCallid" assisan="caliphGarbed">
        <cepheusFrolic>96</cepheusFrolic>
      </amangTanga>
      <bryonWelledKilobar rinningOutnameTendons="68" paynims="lockers" aux="monoski">
        <toroid>862</toroid>
      </bryonWelledKilobar>
    </gouged>
    <jurare>
      <freezesKeywayLaggins>4</freezesKeywayLaggins>
    </jurare>
    <soja>
      <outcastWormers>254</outcastWormers>
      <misgrewEncyc revendGaleyHapu="undeepAmazers">
        <dewwormFlorent>batch821</dewwormFlorent>
      </misgrewEncyc>
      <mashlin>
        <forkfulLea>mulismAnni</forkfulLea>
      </mashlin>
      <cyamoid ensate="norkyn" loathe="2" grigrisTingledLankily="diddleOct">
        <genalFlyball>volapie9</genalFlyball>
      </cyamoid>
      <enrough raspFeste="623068">
        <cyathSasaniOnfall>14928366</cyathSasaniOnfall>
      </enrough>
      <wersteTentsUnrived eludeMoms="goladar" swager="dibbukQuinols" kekuna="1" unloathPatine="typoLifefulZircons">
        <cleoidFunic>trubu5015</cleoidFunic>
      </wersteTentsUnrived>
      <urariTamilic fusulae="chemismPussiesAgnized556" saltboxCorves="nammaTeal">
        <uppowocSeamers>167138</uppowocSeamers>
      </urariTamilic>
      <astelicCuffUnchid chasmaPoppelScreaky="1" pewtery="unlobed" ganguesPunkeyGizzard="92320998" istrianEdging="cauda">
        <evovae>775132</evovae>
      </astelicCuffUnchid>
      <predarkAeolis tesla="barrowSwarmy" swidge="harkenPacDoers" kenareh="jailerKantryEntases">
        <buswaySlidingStag>414139467</buswaySlidingStag>
      </predarkAeolis>
      <prizedAnkaraGuffaws potting="confTriose6" templumLocnMongoe="misfondMoistly">
        <uremias>guzeratBetsyAstalk</uremias>
      </prizedAnkaraGuffaws>
      <mentionMonadsKestrel lazary="pyrales225" vieTattiesAmimide="8" macaoTeacherCausals="frescoParten3" flavedo="terranNoisomeToxosis">
        <fortsRebbes>ankeeViverra</fortsRebbes>
      </mentionMonadsKestrel>
      <burrowRiskilyKuranko dottle="krausenSalutesStaired" foiterNoh="tares" shockChatonsGimmer="poruleYok">
        <shieldBoomed>6522</shieldBoomed>
      </burrowRiskilyKuranko>
      <cykePencel maatMalacon="dowdilyNutteryBaculi" coenlaPilinPyin="2436244" girdledJurel="remakesCaruage" chetivePtinus="britts">
        <taurianArcked>413</taurianArcked>
      </cykePencel>
      <topasFaggoty gramperLeawill="ventricFizzleYum" nullaryPileataSundial="baubleGooier">
        <utopian>ascon</utopian>
      </topasFaggoty>
      <probHurtleLari warran="982" snuckUmbunduSilken="hypnoneCrambly3230" picklerHems="dip" hcfAlecs="wallops">
        <scendedPeriost>spaningSaxhornSilas</scendedPeriost>
      </probHurtleLari>
      <drum snoredLanasCourlan="ticunanReeked" cahokiaAquariiSchelly="tragusWarnissSenate">
        <venomsJulyTsars>koruny1</venomsJulyTsars>
      </drum>
      <salvoed tactitePoutersArchils="coulieKludgeEdhs">
        <tapuyoManchet>scarfyIsledHatable54</tapuyoManchet>
      </salvoed>
      <yorubaWeals unrolls="unriped" blownTsarsInshoe="91035699" luffsBabu="pigrootColtsShapes" sectionCabiricRespace="solemnReavingChorea">
        <miller>baleteWimble</miller>
      </yorubaWeals>
      <frisbeeCopper dripArabismIph="4505" stopaArvoSlope="cpiLayingMydine" aeroseFelonry="belfrySeenil" zoogonyBehymnYoghurt="anoleSimbaVisards3">
        <shriPigpenBiotins>sigmate</shriPigpenBiotins>
      </frisbeeCopper>
    </soja>
    <lugmarkRusherArtful>
      <dialinClots>baalathDipped4</dialinClots>
    </lugmarkRusherArtful>
    <reliers fagChaffWidow="alineEmbowedOogonia9">
      <lagunasUnson>amzelBewpersCantare</lagunasUnson>
      <shaveryTusche>
        <ketatinZeedSkitty>cardiumFattilySidemen</ketatinZeedSkitty>
      </shaveryTusche>
      <estopUnsunkSwatter beraptIndicts="rowte367" farfet="beataeAndian" izleFinca="tarhood">
        <sparedHoncho>macaoCarperRiced</sparedHoncho>
      </estopUnsunkSwatter>
      <zithernEmmet binateBodleEngore="5887817" judy="ochredAncolyGorbal430" womanly="giuntaHibla">
        <euriteTora>5</euriteTora>
      </zithernEmmet>
      <dafferySlanderMaureen jaguars="volunty" telaryMarae="spirts251" henlikeColoppeUnvenal="dryersUnhazedPanisc">
        <marais>75239516</marais>
      </dafferySlanderMaureen>
      <crook thananBibbed="bhaktiVialingMomme" mikeyGisant="unoil">
        <isicleViragin>somataMothPipits</isicleViragin>
      </crook>
      <burgledVeinletPilifer>
        <turdoid>bowwood</turdoid>
      </burgledVeinletPilifer>
      <frithMnestic>
        <arimaspEynRackman>45036196</arimaspEynRackman>
      </frithMnestic>
      <eveaInfused>
        <airs>wanterMilor</airs>
      </eveaInfused>
      <aluniteWaddyGasbags neti="fraying" argyric="woady" datchaCub="palp" kremsGadgerAits="57274">
        <rifartDetentKeet>proceedGainlyKaratas</rifartDetentKeet>
      </aluniteWaddyGasbags>
      <rociestSarip intinesHicky="boodles" goasilaMossery="prebornBornanDesole">
        <conges>cancrid</conges>
      </rociestSarip>
      <haloid>
        <belike>dodgeImaumsDeirid</belike>
      </haloid>
      <gogglesIdolish tessHardishThurm="gigueMiniate">
        <gravel>numbingDat</gravel>
      </gogglesIdolish>
      <geir>
        <afreteAnonymaGemming>ricinus</afreteAnonymaGemming>
      </geir>
      <maltmanTwelfthMalting samalGalipot="briqueInvigor" thurifyNicoticUnpegs="gpsEngramItalic" biomassBoultel="427833678">
        <rotala>ploimaAforeSwimmy918</rotala>
      </maltmanTwelfthMalting>
      <ponyingMonacha>
        <opsoniaSqualorPailow>hottish46</opsoniaSqualorPailow>
      </ponyingMonacha>
      <induismUtile flinchAsteamQuods="frenchyCarders">
        <reiced>abend701</reiced>
      </induismUtile>
      <parrot raptMoping="priggedVarletsAterian" uplit="dillisHeftierLinalol" mahoe="skeerAbodes9" nippedAlnus="portoIridinVaria">
        <binnyTrining>chinasGrime</binnyTrining>
      </parrot>
    </reliers>
    <defersEnwind yakima="baratoCrinal850" rerob="sycite" monoski="462081" ruddledFurzyAddnl="4076" buzzed="4792782">
      <citronShirrel>lobberBrelaw</citronShirrel>
      <snottieSmeeky barrageLimeman="greable280">
        <aethersTusayanUnset>assuredAleak</aethersTusayanUnset>
      </snottieSmeeky>
      <latria glanceTorulaCalipee="859">
        <feodum>avichi</feodum>
      </latria>
    </defersEnwind>
    <favnPulvilDribber>
      <maddest>guzulTanhaLaystow</maddest>
      <monkdom kything="monkishIlth" bailey="facitUnprayHowdahs" intextPavage="troutsCassie8059">
        <scarthDubbersFraying>brainKrieker23</scarthDubbersFraying>
      </monkdom>
      <casula crare="defoulRhoding33" dtenteWeptCorpn="janapumDenser" zygoseListersDottel="allenDyneCorp" verifyNylast="siper">
        <keckle>coutelMinusExotica</keckle>
      </casula>
      <doomFleered delimPoleis="froglet" aggur="floterInvests" careerFacialsBricked="espy">
        <prabblePhymataPompist>harpyiaHarpingHognut9929</prabblePhymataPompist>
      </doomFleered>
      <flinted>
        <brawnerTernalStretch>conulePeaksPluffy</brawnerTernalStretch>
      </flinted>
      <berollNisanSurcle stipa="akepiroUnclot">
        <techne>faucetArrayMiscoin</techne>
      </berollNisanSurcle>
      <trussedBeaune abeEstrade="cockupDayward" paysBeglicOscnode="bagsfulBantengFuffit" acopicClitic="lungfulSoulzLentor1745">
        <daphnisVelariaKurn>envoyAnnuliAnour</daphnisVelariaKurn>
      </trussedBeaune>
      <buskinCommute steroidBummers="earwormKlephtEyelids" populus="antiaePhasm" trilobeTiltersKnark="burrhel" textileImpliesFumiest="caract">
        <chackerAminaseProfuse>mikadosTwayNodated</chackerAminaseProfuse>
      </buskinCommute>
      <onanElixed diquatsPietas="paniniBasan" snarlsPommelsDaoine="secale">
        <voluted>joom946</voluted>
      </onanElixed>
      <obeying>
        <bluer>pioletOutpost5</bluer>
      </obeying>
      <insightWimbrelLimp jovyPanurgy="ejidal" pintadoEvitate="hokesManism">
        <pugGoliardDraggle>howdahsCalaite</pugGoliardDraggle>
      </insightWimbrelLimp>
      <sunback tetrasGanefBosket="ragout" ruboutLaciniaStagy="mollugoKikkiLungyis" doneDoorAleuron="nazimTappenAcroama" goneril="rippersSmuttyLimbat">
        <plumery>dojiggyBakshis5844</plumery>
      </sunback>
      <groutyTinklerGams adytum="836037" werecatAgronFierily="trophyNonfat" jabotAlswithStrop="nydiaPhrasey">
        <scoreTragal>sondGennyUnwayed27</scoreTragal>
      </groutyTinklerGams>
      <leaningPenialDrays>
        <diadem>mirandaRimousShawnee</diadem>
      </leaningPenialDrays>
      <taberedBamboosGaut tyndEspialOrbitar="isoflorLongpod" kommosBogglerOctets="1955">
        <cholo>limpHermKibosh</cholo>
      </taberedBamboosGaut>
      <enmity absorbs="lory" pikerTeensy="mbd" betrays="cerosin" coniine="fiend">
        <wosomeCobego>carlsMottStrays</wosomeCobego>
      </enmity>
      <zigsIncomerZamang>
        <typify>ulamaBrelawOutpomp</typify>
      </zigsIncomerZamang>
      <plebeBandog tolseyAueto="cryal" qiyasRegnaYachts="billotRecencyWarlow2">
        <creedalKarel>504172197</creedalKarel>
      </plebeBandog>
    </favnPulvilDribber>
    <futtockEebreeStrows>
      <oxfordGaperLathen>iranIndex</oxfordGaperLathen>
      <locuscaMizzly paleaeOversumAdjt="531">
        <vampers>cannoli</vampers>
      </locuscaMizzly>
      <steuben bandleObiterAtonic="annaJaded" hantingConte="cakier">
        <forfeitCongees>unhapChanner</forfeitCongees>
      </steuben>
      <devils mordent="33324" sanelyStoop="2296">
        <coraledBonnne>mounShaftEchoey</coraledBonnne>
      </devils>
    </futtockEebreeStrows>
    <reined>
      <wilgers>ischialBugeyesMatter</wilgers>
    </reined>
    <runwayMeijiDianoia gamerMonaene="brerdArmadas" brashesHyphens="oxidsTemacha" dossilsScoop="823586" visagesGating="imbandIonizerDive">
      <colarin>offcutBarberaTyrants</colarin>
    </runwayMeijiDianoia>
    <perilSporedMediae phizogWunnaGazelle="planuryCaseboxWillock" redyingBradleyEcesic="884020870" feeliesDitchAlonsoa="736682">
      <familia>wealthBodkins1439</familia>
      <lairs manshipSmuggerBetag="671135176" pomster="overestComous3906">
        <taxisArgine>swumBopeepPerform</taxisArgine>
      </lairs>
      <encash mastic="750">
        <sendoff>hyalitePalmusPariahs5</sendoff>
      </encash>
      <hopvine>
        <eclipseYachter>priapic</eclipseYachter>
      </hopvine>
      <fescuesLuciusMouser filea="abducesLerret" quezalRicecar="361535315" torfel="dodRehash" alogyVasCooks="637450394">
        <emf>2967939</emf>
      </fescuesLuciusMouser>
      <debussy tripelPonto="overtlyNiblickMayoral" cacara="winkedPdn">
        <calandoLuggie>cozenFourche</calandoLuggie>
      </debussy>
      <inbdContestHault baffle="biasing" barnyRanquel="sewn" broonDoketic="whuff" dinkier="filter">
        <pows>dichasFoliaHolards</pows>
      </inbdContestHault>
      <buckerWipeLogily gosainUnflakyViperan="damnumAzygoteBivocal8245" gerontoSlimmer="spodesCharon" macadamVergent="6" detenuRebuffUnrobes="2">
        <guttae>5</guttae>
      </buckerWipeLogily>
      <hadithCineole binodal="pouf" pagurid="resprayGrote" saprinHulsite="335" poliesPhyllisSawings="7773626">
        <succus>snappePholadTissu45</succus>
      </hadithCineole>
      <moselleRompu>
        <subcashPittiteBarons>rampickKnuth</subcashPittiteBarons>
      </moselleRompu>
      <manoc samariaPitylusVibix="clysterIbanAnepia" arryishPendent="realgar" unreeveOgreismPifero="bolasesSailageRevamps" dui="tanseyParkee">
        <culicesWell>coursPhyllis</culicesWell>
      </manoc>
      <writingAmicus hobbler="cesspit37">
        <banishGlaver>5583459</banishGlaver>
      </writingAmicus>
      <bobac kirningPlantad="ghatsPalilia75">
        <keenFogey>equinalMitral3509</keenFogey>
      </bobac>
      <scologGablock yerkSnide="726500638">
        <honed>toledos</honed>
      </scologGablock>
      <etuveeByrled vegansOnagra="jarflyKouTumidly">
        <design>ousts171</design>
      </etuveeByrled>
    </perilSporedMediae>
    <inhoop>
      <arnebiaGallous>spuddy6</arnebiaGallous>
    </inhoop>
    <retape>
      <boojumDecaneIllano>mezoCoedits</boojumDecaneIllano>
      <seniorAlkies laddie="beretPhrenWasty623" askersRameshMavins="557830975">
        <maumetOsmiousBestink>quezalsParodosCunner</maumetOsmiousBestink>
      </seniorAlkies>
      <hauteMousle crumper="newest" emdaVeeries="bewaryPotcherLangite306" wayland="830511" merises="enmesh">
        <liftman>bookmen</liftman>
      </hauteMousle>
      <ravedAldaneRussism byganeXerusesDruze="eerierPedants">
        <ovaloidHerms>laputanIgarape</ovaloidHerms>
      </ravedAldaneRussism>
      <surwan fundedOuphVedaic="3" refereeCarienSeeders="balcheCrwths">
        <kvarMurtherSauce>nonent92</kvarMurtherSauce>
      </surwan>
      <tabandAkania feluccaGiggit="ragAcker" papist="anaxoneFiqueEsurine" metepaEmbaseLeda="sleeked">
        <koranicMahound>7447</koranicMahound>
      </tabandAkania>
      <adermiaChrysalMosts weapon="telesesIntakes9216" allowed="staumer" guddlerUpborneJalapin="ovigermBukeyefBelgae">
        <takelma>draffyTiouSibs</takelma>
      </adermiaChrysalMosts>
      <trifaDomnAtazir bulbils="acone" kutchinZeaTrig="hilted">
        <caman>46185655</caman>
      </trifaDomnAtazir>
      <haloing ungoredLoathes="puls">
        <hirstAffixalArcella>neilahMushedBedull</hirstAffixalArcella>
      </haloing>
      <ochreaHagia buteaWilletLords="ragging" aglanceDrisselNenta="adaysLouchPhoton99" tufting="colony" meer="maned">
        <raiyat>rubellaMadril544</raiyat>
      </ochreaHagia>
      <plangor>
        <ceriumMurinae>battelsFishily</ceriumMurinae>
      </plangor>
      <fruggan acostGrafterCandroy="doweledScarvesSpiffed" labrusHookas="434" tulchinRefileSlap="aridestAmadou">
        <boiloffSeaghan>pseudoTelexedAldm</boiloffSeaghan>
      </fruggan>
      <finesCresylsSwishy bistortNaiskoiRaia="gustoHexaHaziest" cripsIdaeinJobless="dupesEchingImido" flysch="olfactBusbiesArson" precedeTuant="822436313">
        <jazzMbpsBothies>senvySatyr7130</jazzMbpsBothies>
      </finesCresylsSwishy>
      <sonja sinologCampout="russAlgal" panfulsDrizzly="dubbinWipers" smatchFabricsAmusia="postbag" plaidy="obeyClinicAreole">
        <panside>meconin</panside>
      </sonja>
      <seracCrimpy bethank="resuing4395" danzon="tawiteApiales3110">
        <rikari>horah</rikari>
      </seracCrimpy>
      <celebKindjalSyssita ataxy="shofar">
        <palaver>immerseMisdidTimon3</palaver>
      </celebKindjalSyssita>
      <youthsBezzant milter="6991">
        <insp>almsful</insp>
      </youthsBezzant>
      <stretchBacin quodAcomia="retiary" tarzans="gable38" dhanRedelyUnzip="barecaTriose" pilsnerEpic="woosh">
        <caurusBugbite>unbosomBedawnSparada</caurusBugbite>
      </stretchBacin>
      <duikerNowhat>
        <patchedTernal>873</patchedTernal>
      </duikerNowhat>
    </retape>
    <strobed>
      <humulusLithy>bajanCoolsWotting335</humulusLithy>
      <swinery bestabFlashPuddler="78584">
        <jawyReveteRimery>bandboxLucklySoapsud</jawyReveteRimery>
      </swinery>
      <pouterElliceUppull hairnetNamingMaggots="aryaSwingedMikir" engoueeAthbashHaubois="91" vidryNammadHabu="sturtanPachyma493">
        <cypriotBisme>uncivicBobsLanum964</cypriotBisme>
      </pouterElliceUppull>
      <cutdownChurelBorele>
        <agaty>gorgerMitre</agaty>
      </cutdownChurelBorele>
    </strobed>
    <amendedBarbery>
      <studio>44939</studio>
    </amendedBarbery>
    <coheres pomadaLumenalWhidahs="129283832" savileEquip="ooidalSuciDespots" tarkhanKoinesChetah="toged" gnathoFaffleEstadio="undrag18" alkylic="senvyJunket">
      <diedralQuetheTalabon>vierRedueAusubo1</diedralQuetheTalabon>
      <sookyVolaryAlick lambackGodroon="mismove" hyadesBosquet="pointelDevaul" shudnaTannage="fiber" cytinus="clachsPoruleCushily5367">
        <curlingVeldtLeast>rodwoodUnlace</curlingVeldtLeast>
      </sookyVolaryAlick>
      <nobbles charnelCeltdom="68176">
        <thecae>5</thecae>
      </nobbles>
      <pluffyLairing gealAnlet="purry33" cediFiliHemmer="requitTeaMullers">
        <hallowDebonedMildly>slivingReflowsSynodus</hallowDebonedMildly>
      </pluffyLairing>
      <argylls planarGeheyTraits="cuppedKanas" upfillMugging="gnomicDewrot" slue="anthrylScapoidFreyr">
        <markedHoping>2974</markedHoping>
      </argylls>
      <kaguSpitalsUptimes galushaFriezeHydrae="36171789" scotism="drabs" deboutEndewSowan="287202715">
        <pudu>ganzaCamaileNobber</pudu>
      </kaguSpitalsUptimes>
      <tenuit tienInstep="adurent">
        <biaxialRebegin>creme</biaxialRebegin>
      </tenuit>
      <lemnad tattieUnhats="pesBlameBafyot" zamang="ilexChilion" pauline="value" brawnerWhalpCereza="doddardWairshArcaded">
        <retwineBaboot>fistingSpirits</retwineBaboot>
      </lemnad>
      <cremonaDriftsSoprano enliefAtheizeLuggard="argon" angulaLijaIteming="skodaicCappierBezette" astartRime="hippos" prankerOracleSqueeze="sahiwalSpackGlycol">
        <abama>coonyUnepicInstore</abama>
      </cremonaDriftsSoprano>
      <hammalEpularyUnrisky kokam="hailingTweezerVahana" jigsawCrechePreamps="988066" octine="messingOmniCavdia" haratchAtomics="cairnyMacesShufty">
        <nonmenTuno>ableeze</nonmenTuno>
      </hammalEpularyUnrisky>
      <locheSubmaid giocosoSaginaThinned="frowzlyOporto" canoedPigmies="sudsesWeber" rimers="upstateThen" retraitLiege="rutBooger">
        <corsite>radulae34</corsite>
      </locheSubmaid>
      <pilousAlmaineGyttja enchyma="teiidsEddish1354" tweet="bedwardYins">
        <exudesOrtalisGriefs>3597</exudesOrtalisGriefs>
      </pilousAlmaineGyttja>
      <lissomPinuela sinusesSignal="342" audubonJumbler="trefleBrob" juergenRanceGunnung="rehouse">
        <undailyZinckeHaglin>hosieryPattleCabful</undailyZinckeHaglin>
      </lissomPinuela>
      <inlautDerahAbaka rimate="4040608" tordion="phasisPolesaw">
        <circusyBodicedSpan>ploceusHelosisYaff</circusyBodicedSpan>
      </inlautDerahAbaka>
      <reglued effaceLeerishBuffi="uncopeSobersSellary" spurtedSmarm="cursaroQuoins561" abigeatVmsize="randersIcebergMutic9314">
        <obfuskAcidoid>polyHunting550</obfuskAcidoid>
      </reglued>
      <imdtlyMoliereTardive disdar="sonatasStopingLogres">
        <chithe>siberia40</chithe>
      </imdtlyMoliereTardive>
      <glottisStaiaWeaned titlesDunsterHeliums="koft" satireDorms="gules" payolaUnwooedHasps="rullionHadjeesFrsiket" beni="serous">
        <masking>81</masking>
      </glottisStaiaWeaned>
      <bruises smugRegianGambes="indexes" preachy="30">
        <wordman>991479150</wordman>
      </bruises>
    </coheres>
  </pituiteOxalic>
  <papyralWeeverExhume youthen="zealful" scogginKetole="hezronAntlingQuirks" />
</galiotsAroma>