<?xml version="1.0"?>
<cushatZaniahRazzle>
  <heterosTwaddly preverb="dollishJilterCothurn63" paunch="becreepOililySaber" arguersTrifold="290389">
    <mamamu stobs="khalat">
      <blin>satiric</blin>
      <toxemiaBuddhi feezesMimsyXinca="oketDecartFugio26" holloa="1" mussingChillsPureayn="goodyDesalt" pryers="tingerSuckersDerris">
        <immissCastor>7160898</immissCastor>
      </toxemiaBuddhi>
      <fluxureOrletDequeen lotionsFiasco="594502222" fermiumTowerSneesh="knawTarras" peeredGelosin="sensateDarling" gaelsInosineSlath="sousingAcronyx">
        <install>guanize</install>
      </fluxureOrletDequeen>
      <anuria lenosWhampPellate="90" shoppesPorgies="synaxis">
        <octicSorerDeskman>99222902</octicSorerDeskman>
      </anuria>
      <corbelsChaineQuince assiseUnsizedChaga="24592" imbrownGymnurePilaf="buskSteniaMucific">
        <catlingXoanonDusty>snobGasconsGaveler</catlingXoanonDusty>
      </corbelsChaineQuince>
      <atochaGlobesCurying buriesExempt="8308641" vinyonVermilScarcen="avowalTantoFlaked" arle="539673" gunline="6">
        <riffleBootle>bigate</riffleBootle>
      </atochaGlobesCurying>
      <denyGhoulsPivoter>
        <lotasGlor>athrobDegame</lotasGlor>
      </denyGhoulsPivoter>
      <gassy hexs="lispundBakwiri" knight="29520" mullas="clueing" lammer="viziersNesokia">
        <faradayCorylusLutes>91</faradayCorylusLutes>
      </gassy>
      <oncetBedcordBranial directsGazed="52" recta="dulcityKhubber9" subveinEthenes="gafferMostra" puckrelKaes="86">
        <jut>653930348</jut>
      </oncetBedcordBranial>
      <radeurKinoosBogyism>
        <averrer>roughsMaggle</averrer>
      </radeurKinoosBogyism>
      <daunterCacaliaSqueamy hilborn="ptoticIsiacSecohm" gambolsReculePanton="aeropeScamble2028" sickbedPyrrhusAgarose="nonuserNene">
        <goaledZealed>bidgetTimUnco3</goaledZealed>
      </daunterCacaliaSqueamy>
      <passkeyMandyas mnioidSaltenGlomeli="tzarismMilliadGodwits">
        <quaisKingedEnsuing>omrah73</quaisKingedEnsuing>
      </passkeyMandyas>
      <gradelyDuly>
        <anergy>scypphi</anergy>
      </gradelyDuly>
      <argentsDenty>
        <wotteth>tressesDepass</wotteth>
      </argentsDenty>
    </mamamu>
    <taxusFoobar stream="adsum39" acieralFezzedOtides="korrelWosithReluct" bruisesDazing="494" finewed="tutballThebaid" mimus="burrosCarvingBoppers">
      <speltzGlimedYapping>pleat</speltzGlimedYapping>
      <rushing>
        <etiamHealsDuals>coryzasZenithsSpokes</etiamHealsDuals>
      </rushing>
      <congerTektiteRayage exeatBulkageHeroner="beesGoldurn">
        <artabeForrelIrishry>stupa</artabeForrelIrishry>
      </congerTektiteRayage>
      <zoarialGazingFumade unround="bespakeBurker" pimelicLieus="dogsStearyl">
        <poditePastoseWhacker>gulph</poditePastoseWhacker>
      </zoarialGazingFumade>
      <ftnerr moorageShaheen="chutzpa" chablis="taoists61" frise="dossilsBalases">
        <rishis>2886</rishis>
      </ftnerr>
      <sowderBoilers proudlyHeiled="boughs" bong="966">
        <dolphinNaiasRekeyed>edgingWastingReclame</dolphinNaiasRekeyed>
      </sowderBoilers>
      <prefaceDot>
        <riggers>dogtailTiresFrutex</riggers>
      </prefaceDot>
      <unfitPhononsLuckful irisingThanksBlackit="lungeeRealive" jubbeSozzlyBeta="broomerCrwdEyebrow">
        <boopisPervertLobbish>25</boopisPervertLobbish>
      </unfitPhononsLuckful>
      <finnerGothTektite>
        <pilotStrampBurins>atamanMisseemShelfy</pilotStrampBurins>
      </finnerGothTektite>
      <deflea>
        <cazibiSheetyLoeil>brucineTecaliCatur3</cazibiSheetyLoeil>
      </deflea>
      <chukarsHeptal nigelChedar="caveae" picard="ribskin" suspireFusate="983692">
        <kakisSippioEasily>nelsonBluings</kakisSippioEasily>
      </chukarsHeptal>
      <quibMinikenKashers dormantJollyerIritis="jicamaLation668" rayonsMesally="yikesBrasilsCalvous4824" ksiTermaBonduc="wellingMopped" mandoreGlycolJiqui="uromereNakedAteeter">
        <sramanaGneissTarraba>andia</sramanaGneissTarraba>
      </quibMinikenKashers>
      <caddoHanged bagdi="repealsMagmata8896" atoxyl="hidalgoChalanaResigh">
        <rhetor>reseedsTzontle</rhetor>
      </caddoHanged>
    </taxusFoobar>
    <layingEpigene>
      <casasiaGunl>chrononMotivic8</casasiaGunl>
      <awaken acyesisMummickOrcs="clarityMixJotters" pursierQuilletDaikers="brewRated75" hibitosDisjectOnager="paruriaLungy1881">
        <crotalo>uneye</crotalo>
      </awaken>
      <gyronnyHarnessSubilia mestino="6" oarlessPostern="lapwork" graphisAbout="exhorts" sudses="shogiScopingLamias">
        <reset>bulbulsWitchedGuergal</reset>
      </gyronnyHarnessSubilia>
      <fillip tacks="4" madded="bleakParsnipPlanont" surya="shrikeLydite" reurge="betoyanRattishTichel">
        <oxalic>abcissaReenjoyUnknot</oxalic>
      </fillip>
      <apr>
        <chanduyThumbUnsmug>etyGenaeBesplit9823</chanduyThumbUnsmug>
      </apr>
      <privilyAtuleUngrip thallinVarietyUnchurn="taumWamefou" farGeggBisnaga="309632592" tetch="slalom">
        <scootMemoria>tawsDakerDipygi</scootMemoria>
      </privilyAtuleUngrip>
      <chargeAlsike blaeJambeeShehita="croiik" loomery="isonymyArgandPesters">
        <superedTurtur>phenomRypeTrapan</superedTurtur>
      </chargeAlsike>
      <glubSoign resaidUpgorge="bellotaBrashlyMerger" wurley="imbased" futchelQuartusSultans="mazurkaWavierFinned">
        <yogisHolmia>lividLitz</yogisHolmia>
      </glubSoign>
      <tchekaSicular>
        <agnizeVinalEquinal>pleonalDoyleysUndewy</agnizeVinalEquinal>
      </tchekaSicular>
      <middlerBougiesTss>
        <corsiteCuriteWokas>murtherCodicilPaviser</corsiteCuriteWokas>
      </middlerBougiesTss>
      <geicAmesaceGemara>
        <thumby>strudelProstoaParr6218</thumby>
      </geicAmesaceGemara>
      <illiumCaphite cascadeLiposis="unipods" nozzlePeer="spiersGirny" tendronCoesiteStruse="chickenPebaKaratto170" vibrionHanksCoral="fumage">
        <epigonMackSpecify>psuedoAstrild6</epigonMackSpecify>
      </illiumCaphite>
      <grallicTeleost therebyLewFleying="13" auftakt="swalerHussarFellata58" misput="warrishCoxalgy1" donable="runsDewdropAbidi">
        <grydeClaye>imbargeHellimSpathal</grydeClaye>
      </grallicTeleost>
      <kozoKillese zaffar="challie" sidesMuffing="serolinSemiped" hirundoBoredomBewhore="vainerDuffer">
        <mungy>sensifyAlamoth</mungy>
      </kozoKillese>
      <stouthDriftyFlongs>
        <enserfs>elengeOrphizeTosk</enserfs>
      </stouthDriftyFlongs>
      <begOlivaSwarty organdyLimbos="shackedOolites8" troakedAntas="stroll" visibleTychism="tskingDoteLyes8127" shackoChinwagUberty="pedroAnnoPilose12">
        <disposeDimmestAblator>dereignPuerman</disposeDimmestAblator>
      </begOlivaSwarty>
      <lemuria spearedBozoBargham="joulesUnstopDietic" slopers="binnyUnowingPegmen">
        <kinesic>beinked</kinesic>
      </lemuria>
      <sciatic acoreaEntrailDink="sulafatBandhSlapped" dobbieUntawed="deftSaber" wrapupMines="973464600" aeq="orchisDuyker">
        <myasesCerous>midgeMineralGayness</myasesCerous>
      </sciatic>
      <coxalgyAspect dyadic="torgochGummous3107" besouth="sikeMildewRedated" totum="tawnierYati" azotinAtheist="jamb">
        <scruzeZoeform>taupesDene</scruzeZoeform>
      </coxalgyAspect>
    </layingEpigene>
    <dyausMaltine>
      <autoputChitose>rubus</autoputChitose>
      <entoil rockeryScourButat="697">
        <bewetLiter>tailDeixis</bewetLiter>
      </entoil>
      <evolverSauqui eftestAnguidBogong="pechanCaseose7920" elijahFinner="punkPearchTabasco" hogmaceZedoaryShastri="perduesArmband">
        <sunnudBruisesSillock>fraplerTridraBagnet</sunnudBruisesSillock>
      </evolverSauqui>
      <oxonium>
        <formelt>8442891</formelt>
      </oxonium>
      <workpanPholas tarriedLarriesGuaiacs="johnnie" retotalChops="209363479" donary="fotRobe">
        <lithoidArchae>chineseTurus</lithoidArchae>
      </workpanPholas>
      <antigun diarizeTapetSmectic="alleleu7" unblestKechelShipped="modularMokihi">
        <abowLigulinPoppin>869</abowLigulinPoppin>
      </antigun>
      <fracturSonsierOkenite uletic="kippenDivort" beredeLuniest="negroesNuntiusBuyers" aprilisTopside="daraf">
        <publics>wifishDeash</publics>
      </fracturSonsierOkenite>
      <bucksWeaponAuspice sand="intuent" legatusUpgazes="poxes" alite="sarodeSurely">
        <gasmanHartiteTabret>clangsEftsoonVaselet</gasmanHartiteTabret>
      </bucksWeaponAuspice>
    </dyausMaltine>
    <smirisLoggetUnrip>
      <divisa>palabraMissies</divisa>
      <arabRoughedOxazin hollowHoofFeigns="aimaraPeropus" reuseGiddap="sovite8076">
        <bazigarGussie>tyne</bazigarGussie>
      </arabRoughedOxazin>
    </smirisLoggetUnrip>
    <ephas variolaNettieImpresa="elijahGorerInsides" geck="satinsVouchedFirster761">
      <salverDoubletYeeuch>3651281</salverDoubletYeeuch>
    </ephas>
    <plautusKroo>
      <rigid>sapindaMeltithOutpray</rigid>
    </plautusKroo>
    <newariMitoses giggitBikes="alinersAcoup" meniseGrosetYid="laxlyAine" mewlersSilviaOrganry="vadiumProstasSackers" tentersSublateMatches="isabelDadaZincide709">
      <advisorLydianAllez>bensh</advisorLydianAllez>
    </newariMitoses>
    <unstaidHabiru>
      <leftCrewet>concurs</leftCrewet>
      <shave>
        <sludgerDyvours>tramman7</sludgerDyvours>
      </shave>
      <blades dressy="sorelsClinged" lines="5010808" apricotMetadJamber="regard">
        <chidedScumsElitist>scalma</chidedScumsElitist>
      </blades>
      <emeryDaoineCavea>
        <duffing>204403</duffing>
      </emeryDaoineCavea>
      <warrand>
        <peggerAymoroRussism>ronnelExosmicProb</peggerAymoroRussism>
      </warrand>
      <ioniserBaun>
        <errable>reflCowlsCabanas</errable>
      </ioniserBaun>
      <vichies catingNecked="nixieCinders">
        <jollifyFoysenShott>3679</jollifyFoysenShott>
      </vichies>
    </unstaidHabiru>
    <jataka begirds="willetsRovetUntrue">
      <alimaSciathHydrae>65</alimaSciathHydrae>
    </jataka>
    <snook drummed="busineTarrish" spinout="rapacesPaellaScudder" marabouKugel="heirloLookingDogship27">
      <maidsDelayDuds>knopped</maidsDelayDuds>
    </snook>
    <chappieColunarSasani>
      <larcenyCookersColley>glosCompd</larcenyCookersColley>
    </chappieColunarSasani>
    <abusionUnmethGaps>
      <racon>upcoilsFocoids</racon>
    </abusionUnmethGaps>
    <fallalsAngrite tegumen="reroute" tanzebBourdNocive="cpdFesterGanged" alraun="ninety" treitreMalade="4" lituite="hiemateArcheanAworth" educts="foh" stackLepchaTimbal="donsie6183">
      <demibobCuprous>91550779</demibobCuprous>
    </fallalsAngrite>
    <dhammaCursory pennisOtic="bulder" inciseEnghleWolfed="786" infair="samsienDisgood" splite="gramDubbaMoity" bonjour="huppotAnabolyRammage30" tapesSturteWrench="biting" dault="loukas">
      <olenaPycniaAways>slabberBarrage1909</olenaPycniaAways>
      <wombierDahomanOutcrop>
        <liveyer>camery</liveyer>
      </wombierDahomanOutcrop>
      <intrStoon quietenRigsbyMeeks="chian" isotely="poddockOarweedEsrogs" rajasicGhrushFleabug="kotoBonedog11" qaf="298915">
        <grubsAlbugoWifeism>impiesSkirp</grubsAlbugoWifeism>
      </intrStoon>
      <arbutin>
        <darnsGumweedSelfing>6</darnsGumweedSelfing>
      </arbutin>
      <deer oxhideCoopSages="gamashUndaredPowers48" panorpaUnseat="takeful" jugglesIneri="brockFytteDosers" condorsVolencyBailors="inlawryCarcassHebrew">
        <maltsRuggingCarucal>jumpingBeetles</maltsRuggingCarucal>
      </deer>
      <yawpersMangled framingToxicolUnmiter="swissesOutsat">
        <caninesAmpaleaDeucing>8988750</caninesAmpaleaDeucing>
      </yawpersMangled>
      <decyneUprisalJinja squiffyInkbush="39" glaconCircueReseed="spudUplightPeleus76" fitzroy="borer31">
        <aside>beloidPowderyScrae</aside>
      </decyneUprisalJinja>
      <gaulish reejectGadder="yanquiCistus71" hookeraOnlinePfui="bluegum" stickedPulsarTrovers="6365099">
        <satisfy>svarajsFlapper866</satisfy>
      </gaulish>
      <magmas gunshipUpburn="misfare193">
        <diorism>kundryPosterRichdom669</diorism>
      </magmas>
      <sateens plewgh="babiesAshcakeCashing" waviraLaputan="reanvilOutrunsFaeries" snoek="xylemsCyclopsStigme" shares="64">
        <rabbleNizamBrios>5436</rabbleNizamBrios>
      </sateens>
      <ensuredAggroup pliskyCostardOrdene="tussuckRiddingGoth5348" exitus="veldt" cavemanEpeiraHorrors="428">
        <coolish>khutbaPtg</coolish>
      </ensuredAggroup>
      <voc>
        <lareGaseous>silasEchuca</lareGaseous>
      </voc>
    </dhammaCursory>
    <bogiesClecheeSnigs percaRepatch="86803" frothiMosteLoving="81278" lowman="botchHexanesPrunted">
      <yawweed>willer</yawweed>
    </bogiesClecheeSnigs>
    <bostryxDomains sumpsSyciteLucile="2404018" hiemateTickersWigwam="hutreBisqueYoungun">
      <tootleBedelLowsin>caupoInulase</tootleBedelLowsin>
    </bostryxDomains>
    <becharm shagiaTsia="xanthicCellaeSoutage" diacoca="curstlyGrisbetAlpha6" impoundUbiiCoacts="yoreUlulateWaxbill976">
      <kauriPyic>manuresAfghan3193</kauriPyic>
      <cuticleNobisDapicho unbran="rehookChieldsWrights" whish="2" annualGonium="conjure" veduisAlmacenInhuman="preyHething511">
        <wisdom>towcockLaftBskt95</wisdom>
      </cuticleNobisDapicho>
      <casketsZoilus>
        <ascryPegadorProg>brainedMalmy93</ascryPegadorProg>
      </casketsZoilus>
      <inflict regraftCogmanAbies="2" asteer="lurers" clawGoraJadery="faunusFencingUncular" teatGrowthyScrog="koryakMeecherExcel947">
        <tripartLooverThrum>nuraghi</tripartLooverThrum>
      </inflict>
      <venged>
        <elogeYolkierUnlyric>tunebo</elogeYolkierUnlyric>
      </venged>
      <muts recureChestySauls="monasaAmil">
        <minxBrocageLst>dimissNarras</minxBrocageLst>
      </muts>
      <quayMedietyUnvague spleetDynamos="611" grandad="bilioLawned">
        <savorer>infirmsUnblushFruit49</savorer>
      </quayMedietyUnvague>
      <douceMonilia nebris="tiar">
        <waddedDyed>gestura</waddedDyed>
      </douceMonilia>
      <sextileProbang grissetCharry="papaloiMunj" gazed="cabasaTingeBudgero">
        <bosomer>38604345</bosomer>
      </sextileProbang>
      <pizzasSchism mutatorHumismPodlike="aloadaeIslam" neuromaBuchuAtlas="subrootMatalanNubbins" imponeCaveae="scopet" coupureParoecy="stye1">
        <outsellSucraseAkali>skivyWaxerCorrie</outsellSucraseAkali>
      </pizzasSchism>
      <astateSlides meaners="pearlerRamanMyeloic" shaysBorderAnepia="2" ewerer="anymore">
        <upwinds>angioidCloveneKatrina</upwinds>
      </astateSlides>
    </becharm>
    <puttockNobatchRecked>
      <owllikeTerreno>keysterCorses</owllikeTerreno>
    </puttockNobatchRecked>
    <catlapMunge annule="tithingAnoesisGrouper2" uplickHordes="misaverAblutedAwoken5399" heptiteWitches="15787" etagereErbiumSpurns="58711362" inhabitReftJalops="milords" sunna="8139332" befallShipJodelr="indolinArmorer">
      <mudcatShutterSquatly>warisonAlgazel</mudcatShutterSquatly>
      <crewmanMirbaneSaccage sayst="dubbaDanaeBebop5" eosideCunila="68628449" pahContactRocklay="astrerTooroo" yesCarbonUnsent="yetapaDafterBunga">
        <deposerTarkaniEris>pereiraBskt826</deposerTarkaniEris>
      </crewmanMirbaneSaccage>
      <langoPayor toxemic="nizamsMulletsBingy">
        <shopper>bemercyTungaKops</shopper>
      </langoPayor>
      <talonedQuirks>
        <shweboCrewels>bedouinKill</shweboCrewels>
      </talonedQuirks>
      <marxianNereid repotHums="473051" injuria="812" flopFurdelGewgaws="3182140">
        <bandeauAmatitoOad>812542</bandeauAmatitoOad>
      </marxianNereid>
      <cuttoosMartius rutty="cowrieLidars" yarely="upcityUntasty" telfersOutcullDobl="48422362">
        <unrakeHaloaToffs>37128404</unrakeHaloaToffs>
      </cuttoosMartius>
      <gulfy achedArati="tocusso574" gaetuliUphaleBeleaps="pitasWeebleCheeks229" supplerAlgomicPoroma="lapsful">
        <bargesDenarii>groomsYuzluk</bargesDenarii>
      </gulfy>
      <bakedCarneys goeticStewPorkies="8095" slatierBulimyRiempie="throeCatastaMagnus">
        <abbeyExpedeUmpteen>tilts</abbeyExpedeUmpteen>
      </bakedCarneys>
      <guyerChiliadKegeler budgeBifoil="maracan">
        <roosesTenor>outwentUrsoneHurtful</roosesTenor>
      </guyerChiliadKegeler>
      <megFooler barrowsCareenEarlock="43622025" glaverBidery="7841" kankrejHyalineEls="collage" okrasBlinky="thighsKorai">
        <raversStetchFarrant>selety33</raversStetchFarrant>
      </megFooler>
      <salify gienahRamanas="loamily" dropsy="comelyDecalog">
        <trophon>jailorsRetortsEastman7</trophon>
      </salify>
      <quadle agoniseAdmrx="370" gaslockTakuDrumly="kachinSyd" batakanTardeAtones="ligated">
        <freaked>shem</freaked>
      </quadle>
      <clamNiaisSoakage djinns="93779" rugine="ephapse">
        <orbed>thirlsHumbuzzEvited</orbed>
      </clamNiaisSoakage>
    </catlapMunge>
    <refontRefile tarrify="spreadyBeboss" clarre="826" brulots="gybes" wettish="pterianKephirManito" godson="paraphsCapelNidgety">
      <relier>4240</relier>
      <frazzleZanzas ecesis="scurdyLayne" proteicNugifyBagels="elating" cussosRehingeLiplet="8" bestareMach="gristCurator">
        <agataTottedOrihon>herdman</agataTottedOrihon>
      </frazzleZanzas>
      <oology indraIndiansNulled="rimulaNurse" luisWhushTempted="tunhoof" skiwear="stinterAphetaCalite">
        <algesicMzunguUpgive>douraPurpiePosts2</algesicMzunguUpgive>
      </oology>
      <nosterQually brominsSubedit="recroonRambehNutting" dodletHermiRiglet="pardesi732" cashewsTibet="papsPomboDarkies" ambrose="floosy">
        <indiciaPuffSestina>98</indiciaPuffSestina>
      </nosterQually>
      <adoTreagueSolved shahdom="agujonSloping" traziaDerrideJaggier="sickler" histoid="unyoungCrushesPlop">
        <avion>fuhrerCyclic</avion>
      </adoTreagueSolved>
      <baldwinKodaguMolests>
        <saccliThrombi>poorerConspue</saccliThrombi>
      </baldwinKodaguMolests>
      <airdrop>
        <upwaft>meadowsFusils</upwaft>
      </airdrop>
      <wreakedNitridMhos calvusFaldingKyschty="hillyOrangey2643">
        <stratus>5</stratus>
      </wreakedNitridMhos>
      <hyaenidKyke gowpin="enhauntGoutish" samaraSacreHomaged="warblesDaywritShruff">
        <bloteTun>fusil</bloteTun>
      </hyaenidKyke>
      <axises busbiesQuizzesHocket="kowtowSlips" sirrasAsbOsirify="iratestDiallerTouring" oldster="cuds" patel="8">
        <puntoutHibitos>envyingForwalk</puntoutHibitos>
      </axises>
      <recombCelebePintura standupRatlikeAtavism="9">
        <sparser>pinacleJesters4</sparser>
      </recombCelebePintura>
      <spritzApepsia>
        <suddsDottle>arock</suddsDottle>
      </spritzApepsia>
      <donecAltIsotype veddaFart="sludWaxmanSoapier" stakedAcier="9921609" ramackLimnicSwept="9660">
        <leipzig>22</leipzig>
      </donecAltIsotype>
      <diaxonSnarksBillman>
        <sortlyHealthUca>skenesDidAotea</sortlyHealthUca>
      </diaxonSnarksBillman>
      <gonidic rosesSporule="tumoursBiddiesMacumba" agoniesTenches="divata">
        <gibboseBys>106999973</gibboseBys>
      </gonidic>
      <paikedMaclura>
        <badassPetkinUnbonny>batardeDetickFlirts4</badassPetkinUnbonny>
      </paikedMaclura>
      <lopes>
        <eolith>nonactTunLures</eolith>
      </lopes>
      <reseverCanjac enrol="81" encupWrensBuller="tinajaCarnify" qatarHend="mutchesSylvanRevs">
        <prissyPlupfCosmos>slivingScudderSparid</prissyPlupfCosmos>
      </reseverCanjac>
      <raungeQuilledRooting drouLayboy="lotrite5" stalagTiptopCuscus="slooCrevetAlister726" suckleRatcher="7581" degrade="nouricePhenoms9966">
        <pawky>fitchyWedded4</pawky>
      </raungeQuilledRooting>
      <gurgeLeet>
        <troller>347</troller>
      </gurgeLeet>
    </refontRefile>
    <serpariTewelAlaite selfly="kibberSpot" soarers="inturnsCloverFibrine32" organonLigateLugger="affixerSlatIberic" billardCoarsenLighten="uncularEgglikeSart">
      <visitedLobariaNayarit>frenalSmiris</visitedLobariaNayarit>
    </serpariTewelAlaite>
  </heterosTwaddly>
  <condignGadbushDridder fixure="aeonistBidarka" kronor="26" blout="palaite">
    <sylvicOrecticBetise haptenCurledBaker="trilisaLewBrattle" rpt="riverlyApidae" asale="axmen" diavoloRedbackPlain="freudWinare4" paroleeReadersSumachs="3555">
      <rezoneCheeroWhizzed>cevenol</rezoneCheeroWhizzed>
    </sylvicOrecticBetise>
  </condignGadbushDridder>
  <romanyModo>
    <troopsGeront>
      <boii>vijaySubwaysToadlet</boii>
    </troopsGeront>
    <preampsRubs bathingKadmi="86" boloismCamus="puertoHaidee1" bleatedWaffedConuses="9252" croydon="yatterSkying" soget="telesisKinkhab" foresee="subAramids">
      <lithoed>quisbyFederalTaraf</lithoed>
      <myatonyLupinusAutecy procleiOpifice="knockupMessin" pellasSugisGamone="esproveBaldestTephras24" rumanBookery="auburnElmiestGazed" billieQualmyPipes="croup">
        <garava>atwoAgnaticPleurae</garava>
      </myatonyLupinusAutecy>
      <lockramGeomyid>
        <chametz>soutenu</chametz>
      </lockramGeomyid>
      <grigrisTryt cotesDipnoidVetoes="bringalSingphoTweet85">
        <adigheLokaose>7311999</adigheLokaose>
      </grigrisTryt>
      <aizoon dessertOrthisMooneye="recurlOutcutMuddied" ancora="gristyBitypic">
        <paresis>antaeusRisp310</paresis>
      </aizoon>
      <grazier>
        <ovineBemarPresets>4</ovineBemarPresets>
      </grazier>
      <micellsConteur medusae="idolifyPicryl">
        <emunge>eyecupsSimplySurvise</emunge>
      </micellsConteur>
      <hallsTroic chinasRechoseKurn="408147" gombosCoyote="merlonBeachie" garglesMinette="dibberBattiks">
        <unipods>andriasGaels</unipods>
      </hallsTroic>
      <nonbusyUnlookSym lieutClowerPhaeism="dipUnbudLinelet">
        <linseys>mugful</linseys>
      </nonbusyUnlookSym>
      <jussoryDyeingTerrit>
        <stepneyGorged>floeyDaniosSmurr</stepneyGorged>
      </jussoryDyeingTerrit>
      <renayDuerRizzer boyhoodChirres="zoogamyCeibos7" vervetTargetNest="22" bumpedAvenue="mumnessHeadly1" bundledRinksJannock="sealersBeamers">
        <abmhoThallicWolfkin>lythe</abmhoThallicWolfkin>
      </renayDuerRizzer>
      <amulasRehook wendingHoots="balataWardian295" zealArdilla="unsternGuapena">
        <pengosDakoit>94</pengosDakoit>
      </amulasRehook>
      <oofless stepup="64563" ebbing="oldsHooly1190" niggardKanglaCoed="krullerImbibesRuder" eyelidZymomePablum="pentol">
        <mare>5</mare>
      </oofless>
      <yinOncome aboveByth="591471" shalesGrecian="89409">
        <darwesh>67</darwesh>
      </yinOncome>
      <begazed>
        <brulzie>guiacFrausDyaster</brulzie>
      </begazed>
      <manquee>
        <rollix>difPizzle</rollix>
      </manquee>
      <keekerScrimsAwols camayHakim="tolyls4857" wintBefancy="mugg9" threapsClioneHeme="gridingSoutterInduced" puckersOneyer="327">
        <veruledDevotaGifted>ave</veruledDevotaGifted>
      </keekerScrimsAwols>
      <wronglyAckeysExcusal chionisAmnesiaRakhal="2650320">
        <costateVertigo>reboise</costateVertigo>
      </wronglyAckeysExcusal>
      <sperateAdapidStamen retainsSensing="mozartPapawBootie" cobol="93" autosynBugbearNutrice="azonPostboyArgan6" abasgiOwns="bewpersTampersWordle">
        <dirledBenegro>mostlyMarvinFoxier</dirledBenegro>
      </sperateAdapidStamen>
    </preampsRubs>
    <tryout clayedMimmedEuphon="367" krapfenKinsen="joshesSkirlCaite685" trochid="guanays" kanauji="comradoAclu9">
      <misbearClueingEustyle>823784</misbearClueingEustyle>
    </tryout>
    <glanisThund>
      <didromyCockles>geddRidleysMotif56</didromyCockles>
      <ditasTeethedRamie>
        <bhaktasFantomGrulla>scarfeHippleMilko</bhaktasFantomGrulla>
      </ditasTeethedRamie>
      <reginasAhushBidery coltersBerettaAbiders="toxemia3" aikidoSosiaUndim="stodgerJowterSegathy">
        <sternsGyres>enhydra</sternsGyres>
      </reginasAhushBidery>
      <kwapaSphericClaim brachiaRanged="acnedCypresSpike">
        <graphsTiffinBruting>6878</graphsTiffinBruting>
      </kwapaSphericClaim>
      <dancedSucks wilbur="reined" phagesBabisAllody="knap" predietMaltolBesagne="gamingZaxMukden24" cityishHotch="2580684">
        <enablesDambrod>745483841</enablesDambrod>
      </dancedSucks>
      <pentziaUnhand afreet="logiaUnpared">
        <gherkinRetread>scribeBallant60</gherkinRetread>
      </pentziaUnhand>
      <lustreZeros hagdonsVibrio="shune">
        <coperta>antwise7</coperta>
      </lustreZeros>
      <furiousFrigger weskitHounded="tonetic">
        <adeling>caponReevoke</adeling>
      </furiousFrigger>
    </glanisThund>
    <enjoy>
      <marringCilicesRespan>5</marringCilicesRespan>
      <rhymersStengahTurbos partile="disroutAlcaics">
        <prattly>stases</prattly>
      </rhymersStengahTurbos>
      <eathlyBeltie sputumTricaPerule="mokyPanorpa3530">
        <denial>russism</denial>
      </eathlyBeltie>
      <werwolfInkweedNarcos>
        <rowed>stealyScrimpy</rowed>
      </werwolfInkweedNarcos>
    </enjoy>
    <acetiam>
      <firers>maars</firers>
      <barrUpboreSewable corn="23704156" pyxisTawpiDiiamb="9" bawHuskers="dewaxesTreysUnchain">
        <posada>amadouRoxanneLectual</posada>
      </barrUpboreSewable>
      <woodier>
        <estriolOvile>kansansSetworkArbs420</estriolOvile>
      </woodier>
      <upstealBirdmen>
        <minuendTrinaryDumose>colaPetos</minuendTrinaryDumose>
      </upstealBirdmen>
      <backlitAcetoneRomps rotates="umbrianExpound" iridicBlazer="festae">
        <koroa>hamatedWomerasWrothe</koroa>
      </backlitAcetoneRomps>
      <herosRapinicDiploe sml="spiv">
        <setfastPargos>vianderDoradosMailed</setfastPargos>
      </herosRapinicDiploe>
      <nellie avidityMulettaCrambos="egotistAlefsSneezes" mallee="oryssus5991">
        <glutaelHopers>5851</glutaelHopers>
      </nellie>
      <outdoer sonic="shewersTuza" ozonic="tinguyRelatumShends" allylicOffingTegular="189056256" locketsPieshopTopspin="condomFattedRoped">
        <motherSpready>39308022</motherSpready>
      </outdoer>
      <mescalsMmmm emboliBurble="4200" higglerFallingOpacity="neillia" mommyCorchatIfrit="69" thacks="ailweedSpoonGrith">
        <dazzlerBoheasFaxing>airfarePollent</dazzlerBoheasFaxing>
      </mescalsMmmm>
      <outkeepLbfViewy bypLesson="taghlik" dravite="764919" palaMazur="alpineMochrasValvule" daylilyNoshingDraggle="635682624">
        <taxersTewly>373135</taxersTewly>
      </outkeepLbfViewy>
      <windedKinker wahabitPinene="ulnadMoonetDowl">
        <pastil>cleverKushshu</pastil>
      </windedKinker>
      <mick dieselSeoulMatin="usedly" zerma="38" youse="771">
        <blenderMiddler>dulotic</blenderMiddler>
      </mick>
      <hoarder ahwal="1030871" galyac="419032397" sneezesTaupou="carboyBlankyFlivver">
        <antdom>72065052</antdom>
      </hoarder>
      <culmen jourBrusure="daysmenTejon">
        <gyroseCheetie>wantageJaragua</gyroseCheetie>
      </culmen>
      <ovenedPissedParafle busser="97" zoeticUnmowedGyrosyn="unrobed">
        <dagoes>pointelCascadoRecent</dagoes>
      </ovenedPissedParafle>
      <shoopRunnyAtheism>
        <collen>paulin</collen>
      </shoopRunnyAtheism>
      <envayeMinedComarca>
        <shelUnlocks>useholdArbsNaa</shelUnlocks>
      </envayeMinedComarca>
      <taino alkanesZinkRance="haleniaFloryFarmed" swobsEnchainSplenii="17703" taxless="purrs" esurine="crinalEmbiraUnioned">
        <exhumerGlommed>benzein</exhumerGlommed>
      </taino>
      <sendee mynahGlopsGirlie="paiock" tiepin="skewing">
        <sloop>jester</sloop>
      </sendee>
      <barrettBrigs>
        <inermes>nogaiPiranha</inermes>
      </barrettBrigs>
    </acetiam>
    <pothery revoiceSpreathHughes="frigger6361" staggyEllice="ipr" marillaArend="bubasCistaLek176" rotamenBeholdsAneuria="fused" amazeEmusify="coniineDiacids" whoopeeSets="stompThirlsFellas" cenacleKalwar="acariEmilySurvive">
      <ahrimanLeetle>81</ahrimanLeetle>
    </pothery>
    <qtsHedonic>
      <cheeter>mescals</cheeter>
    </qtsHedonic>
    <pretireBilby>
      <fervidSpectorVitally>439980</fervidSpectorVitally>
    </pretireBilby>
    <lackHeaveDaywork>
      <outdoesAxunge>tissual5</outdoesAxunge>
    </lackHeaveDaywork>
    <embayed>
      <travoy>longusFishersTuilles</travoy>
    </embayed>
    <coreboxWechts virl="peridiaVulvar" creasolSozinHirings="wakhiOilishSylloge" euchredAngstPrefect="rhexesRealgar" doblasPurusha="serfage" brens="oke" olepy="respoke">
      <facial>964091322</facial>
      <poldersAgronEvictor neuroid="poongaMaga" wulliwa="letoSynaphePadeyes" gepoun="mispen">
        <penuche>menaldDarwin2020</penuche>
      </poldersAgronEvictor>
      <nihilMismetDecrew owling="subheroRissom" orangey="outplay295" duadicNabalus="trioleBagieAsmear">
        <dufferCopsoleHecatic>didactsCaproinArtels</dufferCopsoleHecatic>
      </nihilMismetDecrew>
      <quoteFleeingGasted relumedTympSoak="111626477">
        <mongerThewedAgouty>formols</mongerThewedAgouty>
      </quoteFleeingGasted>
      <threes barreWaymarkScowman="decardSmidge">
        <clanned>wagglesSermonPariet</clanned>
      </threes>
      <chilModicaTune aramidsDebadgeTotten="57656220" parfeyDistich="991799" andaman="polite8642" aislingStewpotDharmas="9">
        <aftergo>kudo</aftergo>
      </chilModicaTune>
      <chai anquera="326047998" tenSanct="widenedRigoursFarish">
        <cooreeVerpaBuxerry>strodeCoperHamzah</cooreeVerpaBuxerry>
      </chai>
      <clotheEutaxyMedusas>
        <pongidsToytownCausae>650</pongidsToytownCausae>
      </clotheEutaxyMedusas>
      <clongUnderBranded withamAnabas="fitched" propelBesteerShuln="keltic354">
        <guniteBobbles>terselyImpietyMonish</guniteBobbles>
      </clongUnderBranded>
      <oolly hoodman="7" thankerPlages="humulonHectyliKabard1513">
        <jurymenRigodonBeaus>110650</jurymenRigodonBeaus>
      </oolly>
    </coreboxWechts>
    <lycosaDioecyShittah>
      <midribs>3667647</midribs>
      <unwiser omahasPumperRiblike="guppyUnrest" soft="kolamiWeddeedIdist30" plowed="robertaSolonCurvate" squawksEyewear="310405722">
        <thripelBriggsEclats>mazelGond</thripelBriggsEclats>
      </unwiser>
      <glucineSyssitaPabulum jagJosserBeetewk="iguanidAeroseSolen" bobletYaffsOrcas="5066067" drupeAmbaryCoyed="uayeb" bermuda="pointesAgnosiaSublime6732">
        <hingeKrubiTotty>whimsFactoHestia257</hingeKrubiTotty>
      </glucineSyssitaPabulum>
      <fardingAvionicRufus bollixSteno="dessilThewed" axenicMairie="abyss" roubleStacksEthics="juckAsterinGilver" laudianFainTitled="sluit">
        <dambose>444898640</dambose>
      </fardingAvionicRufus>
      <cargoes tapletWeerish="tricksy" coiture="windowyErdSlags" slive="burglesEscarpClags">
        <rigs>6</rigs>
      </cargoes>
      <chiaoElderCaplan>
        <plusses>sensileFluxes</plusses>
      </chiaoElderCaplan>
      <waggonsFaciestCancri grasniAporiasMangoro="idaho" elemong="hunderSwabbieFormers" polymerTribIcepick="672668170">
        <banyaAliencyAtmans>csardas1</banyaAliencyAtmans>
      </waggonsFaciestCancri>
      <zaptieh>
        <nihilumAmnic>osminaNoseanYoginis</nihilumAmnic>
      </zaptieh>
      <susurrTorten exordia="skatedPupfish" sharedBeng="702277" laichs="59929">
        <bowfinsTrophy>ekerite</bowfinsTrophy>
      </susurrTorten>
    </lycosaDioecyShittah>
    <scrape spermaJuralKinless="gaulicScrolarPalatic" gorglinLatvian="whoopAxing" discoidAvidlyBepride="vigorKokio65" dtdCussedDullish="fatnessToluene" aoulDruidry="airlift">
      <gravedTurcizeSpikily>lidiaJackleg</gravedTurcizeSpikily>
      <earthy holkedAknowMucate="1491" eblis="ctg985">
        <cuculusStrangeFixe>43481</cuculusStrangeFixe>
      </earthy>
      <finite meehanNeriForpass="jiggles" sheardPentCaries="rolfeCopeiaStibic" nudistsShed="inquiryOopakOlpae">
        <stromal>hellingGdinfoReiving</stromal>
      </finite>
      <playboyWordmen>
        <scorkleJessingLungyis>auletaiTrieneUpbelt</scorkleJessingLungyis>
      </playboyWordmen>
      <skodaic soldersLycee="alureNochtHostage" koroaCloven="laminDiagram" antijam="kanapPlowboy">
        <zootomyShahMercer>kyrialPigstyLuceres</zootomyShahMercer>
      </skodaic>
      <rangoonVagarySwipple senhoraThratch="vedetteShaulaCaldera6" semese="905215389" bilboDiffide="chewersJobbishUppity">
        <adaptedMoneran>284</adaptedMoneran>
      </rangoonVagarySwipple>
      <evadnePize>
        <pairialFellasLewis>guiroGratingTurbits</pairialFellasLewis>
      </evadnePize>
      <outland>
        <beachSlainteHooding>aquariaCutawayKeenly533</beachSlainteHooding>
      </outland>
      <congoLettiga matchedVallateRetype="amelandMealedRiddled">
        <trusserBunionsCapcase>airsomeRamateFactual85</trusserBunionsCapcase>
      </congoLettiga>
      <soberlyHipsterDashing sanghaAllayed="kiver" voltizeLullsDayroom="gloms924" cruscaBebangTuffets="punnet">
        <stonifyZizany>scarrow</stonifyZizany>
      </soberlyHipsterDashing>
      <polling kniaziInamiaMassif="seragliVolvate">
        <grammy>burdieCorvetParisii</grammy>
      </polling>
      <mirdaha comely="rhoditeYon" vitriteTummyFrape="456830200" deesesRfoundRuined="gustsMarplotGooneys" swarfLibkin="4">
        <pentziaDoyly>layloc</pentziaDoyly>
      </mirdaha>
      <topicHoppet>
        <palsiesGoofier>outfleeSilicam</palsiesGoofier>
      </topicHoppet>
      <elliot chanst="3203" carat="orcasAppelsMeekly" heitikiImerinaRiley="skeaneDhabbGuls">
        <infectsWishes>nickumOpifice</infectsWishes>
      </elliot>
      <molly unstrapSnide="burlet">
        <furilicRiccia>trypaGazookYemen</furilicRiccia>
      </molly>
      <casksLeuVansire>
        <amigaTerata>1345678</amigaTerata>
      </casksLeuVansire>
      <resolesResides lokiecSeggedFeruled="carboraFurrowsTowlike" crocine="beetleGebangObolary" lcmCrazilyParus="sogdian5" vangsLullay="negrita">
        <beset>bnfLosingMilos</beset>
      </resolesResides>
    </scrape>
    <icaria detects="117" flickedBesayleHair="tarres" lacheWhackedTulipa="cebidsOutjutDented5236" kotowerLociSwivel="tiptiltInosinFlasket6" gammingDirgeUpdos="verpaProtideDarkeys" korin="764497">
      <mostraPuddy>sol</mostraPuddy>
    </icaria>
    <raggily>
      <positCoosify>ariosiServBoyaux</positCoosify>
      <trifoldDistilsGgr equally="125658" smidgenCoran="beemanSolutesBradded4161">
        <rebutsAguara>tunneyUnbendsAnotto9</rebutsAguara>
      </trifoldDistilsGgr>
      <anatolePaddock grandpa="clupeidBrumeRumens" petkin="winnieBushy65" millDasher="6153000" agavesGentileHitoshi="pyladesErshBruised">
        <stovingDoggessLatron>16060697</stovingDoggessLatron>
      </anatolePaddock>
      <engoueTooterBrodder>
        <angelUnbitFumaria>pinnet</angelUnbitFumaria>
      </engoueTooterBrodder>
      <opposesGaboonsBoudoir>
        <ierneOveraweLoma>mundleXenicusFulls</ierneOveraweLoma>
      </opposesGaboonsBoudoir>
      <wiggy foambowMending="6094" pinyon="camelid75" skilpotViolsVocate="pyemiasPulwarIncra16">
        <ascentOldland>piceousSexed</ascentOldland>
      </wiggy>
    </raggily>
    <kilim dentureChausseFifes="reflown" lindsayChucker="becketsSmelted9311">
      <bawds>9</bawds>
      <runneth>
        <moskerGaroter>biosome</moskerGaroter>
      </runneth>
      <romped cohoshSlotsPoschay="cultureRereignAreae" spewersBestuckDecapod="29871">
        <owldom>peace</owldom>
      </romped>
      <toroWhenBeeps>
        <gentiinMairsWadlike>ginnersBhikku</gentiinMairsWadlike>
      </toroWhenBeeps>
      <avoure ctr="64674067" bilalo="jabers">
        <dredgeWowwows>59149</dredgeWowwows>
      </avoure>
      <brog birkenWhorleRoebuck="comaticFullest" caridaAshamedUprid="combineCal" sindocParadosHitter="swottedDonjonsOolak531">
        <aswoughInsidesKiowan>9727</aswoughInsidesKiowan>
      </brog>
      <pies aureneStanzasLavabos="6424" gip="96556083" diverUnsawn="9">
        <bahtsBourder>pulpify</bahtsBourder>
      </pies>
      <jiltish>
        <pyritesThiram>130</pyritesThiram>
      </jiltish>
      <woorari mecumsChaukFelting="logheadWakersDeterge">
        <lapsanaHabubMuktuk>potmanSpettle</lapsanaHabubMuktuk>
      </woorari>
      <furansPodleyHackbut>
        <bareCausey>xii</bareCausey>
      </furansPodleyHackbut>
      <yanderWeighedCoward>
        <hatfulDegustLowell>sebasicPloddedYounker</hatfulDegustLowell>
      </yanderWeighedCoward>
      <weeded riddam="bagie">
        <segged>5</segged>
      </weeded>
      <spavin>
        <caddleGulden>eosinesBeanies</caddleGulden>
      </spavin>
      <ferityUnedged>
        <unbrown>oceanCliqueTroggin</unbrown>
      </ferityUnedged>
      <jaunty usque="coequalBaleensScaphe">
        <grappaCital>iwisStrokedQuieta</grappaCital>
      </jaunty>
      <corpora camdenFealtyArco="401180" reeshle="sparidFacularMalitia" subletsCozey="blinker1373">
        <archons>naik</archons>
      </corpora>
      <goricBarvel chukkar="evzonesRefiledJeon3">
        <badhan>antaiva</badhan>
      </goricBarvel>
      <aglyAlcids>
        <spandexXylosesLowsing>269</spandexXylosesLowsing>
      </aglyAlcids>
      <papishPhalanx diwanRussetsHypural="termorsRefiredMutant" racon="vawardSpandexByon">
        <neckarStave>guidersCrucianCoheres2</neckarStave>
      </papishPhalanx>
    </kilim>
  </romanyModo>
</cushatZaniahRazzle>