<?xml version="1.0"?>
<towkayMandaicForgrow>
  <vaudoux bedunceTaha="scalderCoplotKilted" yanked="boxfishElevenJosses" watterSlipsOuthear="scrimp" cerinePasi="pleadedPremier" />
  <limbiFascOutplod despin="varios" />
  <nongUncap puffinsBusterCadew="oceanedPostact">
    <laura waxhawHawkDeists="808212915" molarsPinfireHowadji="nudaXyloma" galleyUphelyaXerox="anormal" dating="1" upleapsSekos="538">
      <archlyAnalystFederal>unmitre</archlyAnalystFederal>
    </laura>
  </nongUncap>
  <cingleUranium merlingPanoche="toriesGyassaSargos" crannia="myxoMaltier" />
  <puinaviMonicaVelamen soodly="distn" chenEty="53514" collisFlottenOutroot="nudisms" trivvetScryerEucleid="ocyte">
    <ootwith realgarOophyteSynusia="791151" boloismCouples="901">
      <guidman>5538158</guidman>
    </ootwith>
    <rakery>
      <spale>tridentBovld</spale>
      <unsparAdermia pyelicJuliaZendik="grot">
        <hollooWhammyOdal>phaserUsee</hollooWhammyOdal>
      </unsparAdermia>
      <enosBullpupTaupou semilorUpthrow="elandSimmersJerboas" belugaToglessLotte="92172" canopid="pufflet" incend="lelwelLakatoi">
        <cinemasMundic>dixainAmianthGonidic</cinemasMundic>
      </enosBullpupTaupou>
      <parecy ithacaPeerie="millful" repass="graciasQuinnet" oatEsseneHexact="dimpleGiddiesPlans322" macawsRebidNegrito="immundPersiaDebs">
        <cessioCarangaSaboted>oakum</cessioCarangaSaboted>
      </parecy>
      <shindleSimilorKuchen witship="11" lapilli="shafts">
        <fluericDreamed>pavisseVanner</fluericDreamed>
      </shindleSimilorKuchen>
      <alit anam="nab34">
        <tithalPotassaCodein>52861106</tithalPotassaCodein>
      </alit>
      <centasBugaboo justedHelonin="pupsRingeye" guasaCurtlax="5625641">
        <wrightsRadium>525806584</wrightsRadium>
      </centasBugaboo>
      <enroll niggunCresive="informs6637">
        <furzierFanoOozooid>refleeGorevanTepee</furzierFanoOozooid>
      </enroll>
      <ducture kexDiopsisFrailer="48413850" tardantTriketoGarnett="advisee" syntonyFowells="respueCurtsy" ocas="llbBundles">
        <grisbet>reffingUliconParvise</grisbet>
      </ducture>
      <makran>
        <abbotsSubdebsPoshly>480092483</abbotsSubdebsPoshly>
      </makran>
      <revisor doghood="bourock79" foleye="nulling" dosageMahsur="rambler">
        <psalmsWeald>inrailToxine3044</psalmsWeald>
      </revisor>
    </rakery>
    <wirosImmies>
      <quoteMaddens>329381733</quoteMaddens>
      <aikaneSpalderPurpura vendersHopbushFlavius="822638">
        <kins>obisMyophan596</kins>
      </aikaneSpalderPurpura>
      <cheeks desmanAbsorbsGonitis="shellsNan" spirit="2923" respokeCatanAloha="orchel2" yawpsJanapaEval="mulchedToxiconStoolie">
        <vallies>loasa</vallies>
      </cheeks>
      <fellageUnslimAcpt>
        <sciara>jargoonEnse</sciara>
      </fellageUnslimAcpt>
      <proving sneezyCyanose="stairedChouserCedent">
        <outhaul>acediasSailorSlete</outhaul>
      </proving>
      <boughyRegulaKusa boucl="9988">
        <sitio>boughed</sitio>
      </boughyRegulaKusa>
      <tiffleSamuinFsiest safelySwarded="emotersPuteliChalana897" relost="linariaBeerishSklent" insnare="sizes9">
        <walyDrudger>sponginDornPasser</walyDrudger>
      </tiffleSamuinFsiest>
      <querier brazersAndeLosing="683691" ciliumErgTaxator="semble">
        <stretta>levatorHartals</stretta>
      </querier>
      <baler enableDispopeDiobely="450166" vaudois="72045760" lockrumMayans="opingMurals" fourragHorChrysid="spewyRapid9361">
        <hairseGnomes>zipsDocious</hairseGnomes>
      </baler>
      <nizamDouglRimless>
        <upherAxonUnshort>5121863</upherAxonUnshort>
      </nizamDouglRimless>
    </wirosImmies>
    <spinel againstThanessIntort="marquisManal41" tommies="cymbateStunts" pottAnemony="amiral" cercusDossmenBaneful="75719" deprintWatchMurgeon="63515744">
      <dotagesHoglikeNiggers>vulgWoosterNaoi</dotagesHoglikeNiggers>
      <atlanta adenineBonking="crusWusp" sprat="moupKogasin">
        <henyardTelang>rematchBalerAzoch</henyardTelang>
      </atlanta>
      <conto sulkaThasian="octode61" cammock="sard" satrap="forties" knowerCleadLiquory="5">
        <chipperRegainsHowder>cowbaneKenchesOusels</chipperRegainsHowder>
      </conto>
      <hircinTitarAliofar hiveMaidie="wenchedGenecorOverlet">
        <reeksLauncesBluecap>showfulYeech</reeksLauncesBluecap>
      </hircinTitarAliofar>
      <talersMatzohsGavial extoledIndolesOswegan="121301" volvasScleria="333" paramoPalmier="stereFind" ismdom="jester4">
        <dhotiIntine>ropery</dhotiIntine>
      </talersMatzohsGavial>
      <agorot>
        <torcEvelynWombat>212547646</torcEvelynWombat>
      </agorot>
      <shoolsZongora helplyMasjids="sabotBancos" carcase="argolid3291">
        <ardelioLysineQuashey>footedCineolePolar</ardelioLysineQuashey>
      </shoolsZongora>
    </spinel>
    <tyburn unlyingEucre="beglueHocusesBliss" begashAraca="zendikWebfootCabble">
      <leaserFilaree>forfaltStudysAlison</leaserFilaree>
    </tyburn>
    <peons choileCuddieShakha="subsoil" suddyOddnessCanopic="blenchBoggish12">
      <halurgyMangel>scrCorbinaGrata</halurgyMangel>
      <evicted gluckeCrizzelLonge="draperySarcinaJambe" bibbledNidderTorchet="cotisedSinapicStm" usedntMinyasLelwel="elfinsSpurway">
        <adolf>evokedMurk</adolf>
      </evicted>
      <apaJobbet auneLoliumCorsos="nias" ekteneOronoco="apeInn" hydrolGerms="needersPodsolJarls">
        <spryer>corrige841</spryer>
      </apaJobbet>
      <reverChiantiFutharc tickenJailageSpuggy="reclimbPohaZippy" repurgeWings="flewed">
        <honour>7791204</honour>
      </reverChiantiFutharc>
      <chinedFrill>
        <chigoes>602898</chigoes>
      </chinedFrill>
      <sulcal sparing="457112030" charkSteve="9">
        <sozins>bibbsBlereUpswing</sozins>
      </sulcal>
      <humect lacemen="tubsterAdevism" talusesSemigodMasculy="31">
        <popianUpwayJule>wambleAdaw</popianUpwayJule>
      </humect>
      <outbragSmotterPulka>
        <krumanCivets>5</krumanCivets>
      </outbragSmotterPulka>
      <unrigidUniquesStairs pittaDarkish="estureImitate" stills="5" rampick="seleneConteurKongo">
        <noonish>bawsuntAllele</noonish>
      </unrigidUniquesStairs>
      <rebrush>
        <fatlike>sesamesCrozers</fatlike>
      </rebrush>
      <bubonic mamaPromptWanigan="slideSory" nicol="actsHwan">
        <clites>bhotiya</clites>
      </bubonic>
      <zygose daffsPalmers="mumbles" bornan="earlEnodalValyl8" corveesHagadic="solvesCirculeScaglia" sodasRadeurRazeed="quarry">
        <lily>baleise</lily>
      </zygose>
      <fujiTuffetsWimick rosaliaShadineWasango="8821">
        <lambentAgave>beclose</lambentAgave>
      </fujiTuffetsWimick>
      <bedNeaTaku skied="rebabRuin" koranicOlid="wistedBloated67" wrothyChufasNemesic="aphtha" skoalsTargesPoikile="kalis4">
        <piacheRamexRaces>4</piacheRamexRaces>
      </bedNeaTaku>
      <hexapla technic="2" prsDietal="geraraCrustaKeltie" vailingKetone="testateUlnaQuadric">
        <causatePubliceGadfly>knoppedBoseyInkings</causatePubliceGadfly>
      </hexapla>
      <cardinUnwelde>
        <rappiteAvelozPecos>1</rappiteAvelozPecos>
      </cardinUnwelde>
      <coles blowoffSnithyTilled="gagesCoats91" hacksawEvictsLayship="tacks">
        <spirane>aghoriRamrods</spirane>
      </coles>
      <mameyBeamedPiezo indylMissentAvowals="pantlerDowncry" wabenoParado="dinahNowtsCubla" isn="kokstadMelders43" mergusScufter="snugger">
        <aftward>gaddingPostil</aftward>
      </mameyBeamedPiezo>
    </peons>
    <bushwaNapoo rappini="mnemicUnfedUrna" barishWeanie="cavie" musers="ryukyuRichdom" ferret="calory" binitAbnaki="eranistBorschWhit" laybackGunline="94">
      <tampala>zoonalDybbuksLoaches174</tampala>
    </bushwaNapoo>
    <januaUncaveAurigo>
      <caphs>richens1</caphs>
      <virl eoceneLtrBepiece="wakwafiFilleulMurmur" tawyerHoyden="calanidPoloist" evokersSequel="whiffedRevestAwait187">
        <upwoundHames>iacchusMoonset</upwoundHames>
      </virl>
      <comitjeOoscopy frogeyeSkies="octagonOatenReplier" haslets="pervertTibialeSeggard" alpaca="340124" blazy="silpha">
        <auge>squireForagerPhene4</auge>
      </comitjeOoscopy>
      <acquentDispeed nickel="hijacksNewsboy">
        <breamedEntireEquine>downerLobbers</breamedEntireEquine>
      </acquentDispeed>
      <breird lattensAuntySubvii="rosabel1720">
        <costaeaGodwinJoyancy>oxhoftNumbing7</costaeaGodwinJoyancy>
      </breird>
      <habu colarin="bribriIroneGuacico49" rancheDiseursAbiston="ooscope" sailersGluts="54" briard="loursPallySasani4">
        <version>77115</version>
      </habu>
      <wheatsDebat mocksOverdryStreaks="razzly" orcaSleepy="pleurumSnoozleGoonies39">
        <tonguedBisnagaBrashy>cantoDad</tonguedBisnagaBrashy>
      </wheatsDebat>
    </januaUncaveAurigo>
    <ludlowMaskeryPugree>
      <supvrOicks>nattersRedive</supvrOicks>
    </ludlowMaskeryPugree>
    <lessenQuakierAverah>
      <prussiaSerosa>fanwortTiptops</prussiaSerosa>
      <rabidAllodiaNotcher morulasUcaIndris="casitaSee" teachySpaldAgrotis="251605">
        <wordier>noilageSusan</wordier>
      </rabidAllodiaNotcher>
      <dietingCapuliSophora>
        <unthankInspan>decreteCuproseAix</unthankInspan>
      </dietingCapuliSophora>
      <avenidaOboval kandolEnscene="hagshipQueansVinalia">
        <behearsHilsa>waivery463</behearsHilsa>
      </avenidaOboval>
      <urotoxyChequerGlove aquenchTiponiWheedle="topoi" sadiDampingGoi="combos" hawsedBantoidIndazol="pleadsRatel" ephelis="babooOperary">
        <raguly>halestQuetsch7</raguly>
      </urotoxyChequerGlove>
      <curableOchavaRopable cowerGrullaStript="begunk" honorerPaddy="turshaStatued" bitumeTopers="540810">
        <rafflesGulgul>lookupFoistsHuppot</rafflesGulgul>
      </curableOchavaRopable>
      <pleasPlutean>
        <fontina>zoacumPrizerSpicket</fontina>
      </pleasPlutean>
      <sabs infoundAnova="jute" cichlidNepeta="ulamaTenentLungyi" vigaTrilisaWagoned="holism">
        <kolacky>aver</kolacky>
      </sabs>
      <kinfolk presignPalmers="vipsGummataSoupier" kebars="3" touldChebecsCostate="kaik">
        <modiste>gibbert</modiste>
      </kinfolk>
      <reflagPoieticGreets curial="hasanAmygdal">
        <forayer>bortsch</forayer>
      </reflagPoieticGreets>
      <twankleCircChiack drupe="groovedMyrcenePhoney" makutasHaglike="ariste">
        <livelyBergutSullage>scall</livelyBergutSullage>
      </twankleCircChiack>
      <beataeWoodcocCivvy oolith="1011235" attal="whoopedSnubby6169">
        <neuronConcrew>tittlesSirpea</neuronConcrew>
      </beataeWoodcocCivvy>
    </lessenQuakierAverah>
    <strikerJoesThrene agin="318316309" stenoViewierProtea="vomitosLidosMustees8712" nymphsDuffiesAdenyls="framerHeaviesEqual" skybaldSmerksGlaives="decantCatkins">
      <gunnelThanks>accOxlikeMopiest</gunnelThanks>
    </strikerJoesThrene>
    <matelyExult gopuraDumpingCooking="anova" helzelLaitiesCarnal="gemsePrecipe74" pendaDanglin="231" cultchCustardJahvism="loutsKoshersEngrasp" amidine="frother" huggingArachisObscure="72243925" borid="purgingMilreisPulpify">
      <sixsomeBounTrigs>playsThanker</sixsomeBounTrigs>
      <coatie cakingVenulae="rattlerGothamPaty">
        <pilotsFrowy>hederalMezailPty</pilotsFrowy>
      </coatie>
      <helomaBearder>
        <molerHurds>houtouJeofailStat553</molerHurds>
      </helomaBearder>
      <northerTheelinRecent wankle="6" turbleDalis="260815" nangkaTruffCentrum="yeelinsPiceous">
        <veenClearer>sirraMaillot</veenClearer>
      </northerTheelinRecent>
      <themer>
        <intrunkAllelesThrower>jurisToretEstrums</intrunkAllelesThrower>
      </themer>
      <arlesWharve luntedFidele="201419376">
        <dixie>bowbackTanbur</dixie>
      </arlesWharve>
      <tovariaDurmast eposPlatine="aration86" welkin="smarmyGirlism">
        <dilateHeaves>yoruban</dilateHeaves>
      </tovariaDurmast>
      <teetingCussed>
        <yeraverGutters>scutchCush</yeraverGutters>
      </teetingCussed>
      <waffiesPungey>
        <glacifyAquilid>incages</glacifyAquilid>
      </waffiesPungey>
      <noahic reprosTubboe="cheveysVerus" heartyKashersDepaint="reglazeLaithlyBunting" kukui="clonedJointedResalt" mealockBaconicAlmury="prenderLassiesAlme">
        <dorminScythedBoobish>agnoiteBkt632</dorminScythedBoobish>
      </noahic>
      <paiking>
        <flavian>61351751</flavian>
      </paiking>
      <burgeRevelBaftah>
        <pelfLadino>inkweedWhelky</pelfLadino>
      </burgeRevelBaftah>
      <algesis tosheryManwardDecence="gile" stokeJon="wadmalWodgeCroat" towage="bletAlmudes" bevue="gaffkyaLavinia">
        <bugledPommado>colbackNogginEvicts</bugledPommado>
      </algesis>
      <ovoidsNoemiPeho colludeLipomas="98361360" kanaka="bricoleVibices">
        <stroupItaiMymar>gazabosCuriosa1</stroupItaiMymar>
      </ovoidsNoemiPeho>
      <fifties repoll="59694" sovkhosTwitten="rosinsUsninEstreat" wagers="nikonObelialAdenia">
        <begirds>spalledWidestReclude</begirds>
      </fifties>
      <possets packwaxMistermJeziah="yajeineAlines">
        <talkierChromeMispen>cushiteSconcedHackly</talkierChromeMispen>
      </possets>
      <ardencyCryptoNiacins parc="adustHartals" foldureTaborPlied="lealandToytownSamoan348" plumber="enfarce">
        <givingFogouFox>2363423</givingFogouFox>
      </ardencyCryptoNiacins>
      <chainesZendosBansela yerbal="guestBanyaKytoon712" attagal="wooraliHopping5176">
        <titmal>stowJokes</titmal>
      </chainesZendosBansela>
    </matelyExult>
    <tarresAkeki thyms="durantaGlobal" beswarmSketchLawmen="cosinsGrallaeVirtuti">
      <incloseLilaCocked>rasaTexture37</incloseLilaCocked>
      <preachyMahdianHabile>
        <zechinsWincer>figgum</zechinsWincer>
      </preachyMahdianHabile>
      <dulceNeilah houhereTopfull="brasqueZincicChirk">
        <themedCaners>unspedGrudgedQuonset1566</themedCaners>
      </dulceNeilah>
      <fustocBockeyUsuary>
        <avulsesReownJuly>oppida</avulsesReownJuly>
      </fustocBockeyUsuary>
      <vastity mekong="jactus" joy="luggersLemanryAustral101" fraus="shooiScrobis" adverbDoilies="khula">
        <nikko>cerateDicot</nikko>
      </vastity>
      <obsignTitarToes copyism="550408" calcinoPonhawsHoofers="jestsDhurraDorts" coons="784927603">
        <fednKooky>nutrias</fednKooky>
      </obsignTitarToes>
      <lazyHalids>
        <wrigNonhero>nighingSportShree892</wrigNonhero>
      </lazyHalids>
      <rombleGumbosClankum soleinPisacha="tenonsRaku" holiestOxfords="girja" penibleKhir="enfume" null="livresDiffundMillite">
        <millets>cummockKeithLieus</millets>
      </rombleGumbosClankum>
      <wren dufterHewableWacs="5" croiseeSnaggy="odylize">
        <bowsWhins>deyUnlawAvid</bowsWhins>
      </wren>
      <gownBugaraBeryls rondinoMuresBurge="94351" civetsFeedway="drablyKaik86">
        <plounce>sisalsDeseedUnrent5</plounce>
      </gownBugaraBeryls>
      <allurer>
        <unfitly>quannetCoinferBoneen</unfitly>
      </allurer>
      <shish jupes="70069" witness="jokedFlorist" laver="342">
        <colpus>larkedMoghan</colpus>
      </shish>
      <loquatsBastoGorhens certoseCoothayFabraea="spuddy">
        <castockDiaster>shittleDiols</castockDiaster>
      </loquatsBastoGorhens>
      <orbless doethAlimaCoddles="monoidNovemMeats" gloveyJinniesScammel="lings" adjuredPrunesAdnouns="inspAdight">
        <dharma>lernaeaYeaning10</dharma>
      </orbless>
      <weavedGaruaUnhat ridgy="jesting" kindestShrip="stonedVolapieDudman220">
        <hooker>rakesShadine</hooker>
      </weavedGaruaUnhat>
    </tarresAkeki>
    <unrivetKers mari="chance">
      <haglinPlagateBayard>smokeho</haglinPlagateBayard>
      <findalBeldamTortes jellyUnluteLierne="outdraw9">
        <nosticShriftChinky>salwin</nosticShriftChinky>
      </findalBeldamTortes>
    </unrivetKers>
    <jervine>
      <countorDinedAbider>pendedWendish</countorDinedAbider>
      <klatchGroggy coft="10" chews="spurred" fraggedAulos="izoteUpbid" inbentPata="5">
        <friggleExuding>41116598</friggleExuding>
      </klatchGroggy>
      <ilot engaudHeroessPili="pausal" wallsGrundelFreaky="kadderSarumFungo494" apiiAvitic="crickeyAaron">
        <walies>9173</walies>
      </ilot>
      <pinhole psyllasTalahib="octroi" dicht="bargesHontish">
        <taenianDhoniBraye>74261196</taenianDhoniBraye>
      </pinhole>
      <pined resoakSnootAhtena="choli" longersSoaper="49">
        <flectorPrefineDustmen>spoolPmt</flectorPrefineDustmen>
      </pined>
      <buttleDeifiesPelops>
        <undueScurdyDamnit>comedicGae</undueScurdyDamnit>
      </buttleDeifiesPelops>
      <fosse weanelWienie="wirling" drugged="900945832" agadGibbers="27553268" griphLoamy="orbificPaddlesMiamia">
        <diswereCotan>quiteveRevisitFortran</diswereCotan>
      </fosse>
      <danelaw wirra="seized6" faucesBergylt="312" cherte="scabinePlotter" corporeAzlons="2">
        <pervGallyPassing>ployedHernsew</pervGallyPassing>
      </danelaw>
      <pileataPassel vaguityPsuedoTublet="581" noneneBilify="37609" nabal="bergletFilmsThumps" repaidUsself="wafflesBerberyDayward">
        <inglesaReprint>deformsSouchy</inglesaReprint>
      </pileataPassel>
    </jervine>
    <oughtedFlinderBiurea>
      <vengedWhither>57401</vengedWhither>
    </oughtedFlinderBiurea>
    <methidCotter quedful="stipelShortzy" enstarWrytail="hagbushHaskCanaler" besague="228" lusoryMugginsMyrrhed="98" pervertFatlingDulls="4152650" savour="tilaksAnoesisBeauti" cabbalaYakutatFotch="laciest">
      <wagedLinoxyn>sarcina</wagedLinoxyn>
    </methidCotter>
    <ssedAubrite>
      <spurterDadeDunner>padeyes</spurterDadeDunner>
    </ssedAubrite>
    <begallJaverUnivied>
      <putealZerebaSucket>theekerDulcityCamions</putealZerebaSucket>
      <clagLewisia redfoot="recurFlavoryWists" dictateAdenia="xylenylChuroya">
        <fishyBylined>wetbird</fishyBylined>
      </clagLewisia>
      <sultryLoculedEspavel>
        <lokshenGuisardMissels>foxfishNavahosWoolie</lokshenGuisardMissels>
      </sultryLoculedEspavel>
      <phobiesSpurredPhoma>
        <bourkhaAimer>simling2</bourkhaAimer>
      </phobiesSpurredPhoma>
      <glucic mulches="97918730" talcumAlwiteSpinet="cubebPosies342" kosalanTarrie="silesia" lasaCruor="nailedBougiesRaphide3064">
        <whoopeeSpencieUpbay>satyricPisay</whoopeeSpencieUpbay>
      </glucic>
      <tiepinUnsiegePawkily befurMun="wenchesObverse" tamer="barbingSparged" virtuedSwankEnacted="cuvette367" haunchElecFlak="missort">
        <cartsAprExude>azimene</cartsAprExude>
      </tiepinUnsiegePawkily>
      <literalSifflet swegoWeirdly="lampf" squeezeNeglect="dassentAzochNuclear">
        <paucity>thurm77</paucity>
      </literalSifflet>
      <dyebeckTupaia muscoid="becarveBisagrePawers14" ferigeeBewweptKathryn="feedersHeadrigAgalena" minGageJots="breachHaver8" circlerRejudge="taneActory4819">
        <affileDusted>unfeuedSadistFratery</affileDusted>
      </dyebeckTupaia>
      <anonadNavajo agelongEmporteDolce="garmentFussers" septicEncy="rancourUpsoars" lorchaWhinersTayrona="mahdianSkeans">
        <unspun>8127731</unspun>
      </anonadNavajo>
      <bedrugsSquawlFylfot avowPrebake="hoyTaft" camocaPituita="stamTextual" ceriasPetkinBocces="reuben">
        <grousySoaped>geebungPrunedMaranon</grousySoaped>
      </bedrugsSquawlFylfot>
    </begallJaverUnivied>
    <schinus rebopSees="scurfMundifyChirrs" llamasAphonia="246512591" plunkUncaped="boartsBell" taffiasGawkJammed="cocashHusky">
      <gemlikeAnicut>fumarin9</gemlikeAnicut>
      <overink framea="turbotsDivideGile" joloano="harishEmerick" cloacasGorsier="egad">
        <sniffle>tepefyGiblet</sniffle>
      </overink>
      <samani vaguios="rebind">
        <braggatNerts>walliseAbit4289</braggatNerts>
      </samani>
      <moos skiSwap="shtetelSion" subethLookupTole="earacheTaxPileups" sluffedDittoRuspone="958521" pulsus="garbel4">
        <kodakryMurza>641639496</kodakryMurza>
      </moos>
      <palters reekingAlbedoDikelet="faitor" text="roveGimbleOtium">
        <potatoGrousedActure>vacatur</potatoGrousedActure>
      </palters>
      <tickled exhibitWriesGalilee="625892" unlevel="6779513" caduaLainage="rinksPightelCautela" cheeksKloofToher="mycelia5">
        <milkenGutsily>25965</milkenGutsily>
      </tickled>
      <repins unheed="deek" proverValeryl="fables">
        <mahajun>decine639</mahajun>
      </repins>
      <mansionPadfoot>
        <crubUnmewedBoric>nuculid</crubUnmewedBoric>
      </mansionPadfoot>
      <wolfmen artDaytaleRemelt="intownReversi" teguima="diener" femesCeburSourer="raiidaeSurreys" outmansGrouted="prestlySaltedSlanged2">
        <lownlyLeden>tithal96</lownlyLeden>
      </wolfmen>
      <cyclene deskmanKainitSpree="195" iodideEndow="faultedMovingShavie" ulans="assortPercase">
        <arendRaserMelba>lisperPeaced5138</arendRaserMelba>
      </cyclene>
      <litchiOilman bedaffWithing="nimblyReveSifters">
        <astrutHeftier>remindMushaaSnecked</astrutHeftier>
      </litchiOilman>
      <insulseJestedSalts gibedEndues="vedicFantast425" enfreeStouterDewrot="sensateTimpana" charnelFribBenshea="36975019">
        <inanestRoosts>sjaakHasletPiment</inanestRoosts>
      </insulseJestedSalts>
      <banders plashes="veneers">
        <unured>cookieInnards</unured>
      </banders>
      <waxenMoodleUpgazes incampTravLoma="ulceryTemps" dansantKalpas="86">
        <harpedUnwax>alforja</harpedUnwax>
      </waxenMoodleUpgazes>
      <vistasSaveloyMuscats>
        <crinalSledgedCrowded>gibbierPapingo773</crinalSledgedCrowded>
      </vistasSaveloyMuscats>
      <swelledGriffesWitworm recleanStekanWhimmy="shaftsTatted" mostingRubiestIgara="reddledKodoguDoolfu" flukeyProfPook="redward">
        <nonprosDerryIraqian>yeukingScylla</nonprosDerryIraqian>
      </swelledGriffesWitworm>
      <kapeikaLyncine ceragoCondemnRaper="disleaf" dimmedSomalSouled="unroofsDozener" sahibsAnteal="appetHaiari" agallop="dawing">
        <sighten>peewitsDissoulUptake</sighten>
      </kapeikaLyncine>
    </schinus>
    <disableLouter outsailVerde="453544984" truths="20339">
      <adenWanrulyIllocal>parrots5922</adenWanrulyIllocal>
      <luctualBrens doub="mimersLovely" truing="tukulorTurnoff6519" eskimos="ualisDeigned">
        <appling>barytas932</appling>
      </luctualBrens>
      <droskyGracileFrist retireePneumTwilled="laputa" jubarbLesseePropone="cafesBacSwags" feuteDrawnetDarci="porkoltClods">
        <flotage>linneDanaBps</flotage>
      </droskyGracileFrist>
      <elatineStaffed amunam="tookenLaddie" plumetPhenic="5" whorled="4733653">
        <enalidMeekly>halesViiFatten</enalidMeekly>
      </elatineStaffed>
      <ovoids>
        <pogonip>8366</pogonip>
      </ovoids>
      <coombeGeodic mauTrib="bableFerv2" bushful="44113">
        <dioonLatten>dogsledPeckled</dioonLatten>
      </coombeGeodic>
      <tawsed invokerMartiteSarwan="vinageGonadal" foxish="umbrasYechyVehmic" lakesAnticorHopbind="hotnessJakunMisky">
        <curdDrawlsAsnort>headcapUria</curdDrawlsAsnort>
      </tawsed>
      <piacabaLiegier>
        <amygdalTzolkin>wos</amygdalTzolkin>
      </piacabaLiegier>
      <groteGeikia>
        <goesOboesHarace>1622</goesOboesHarace>
      </groteGeikia>
    </disableLouter>
  </puinaviMonicaVelamen>
  <doggyDewittToddled version="armuresNitchieRelaid" />
  <tabulaeGulphArase runkle="9230" britts="2" apeekFishily="cistUnlaceKarmas" uranian="orgamy">
    <lavedAdduce glomi="ribonicCocoasScalded" liverMituWorkman="sahras4" mosquesMike="blew" botiGuttled="dochmii">
      <liason>cissyInvadesGoalers</liason>
    </lavedAdduce>
    <shood>
      <qintarsMartyr>nixe642</qintarsMartyr>
    </shood>
    <lwopLiasingNuddle spiss="61421">
      <gwineMessily>secusBourbonAneroid868</gwineMessily>
      <bimongBalante fartedKokioFrenchy="wigans">
        <anankeBizarre>formateKagoInjure</anankeBizarre>
      </bimongBalante>
      <cosyFigureBudgy fiords="hackmanChablisDraw" blastsSidney="varanusDoorba">
        <hammockAgada>chauvinLupeol</hammockAgada>
      </cosyFigureBudgy>
      <vetRetakeUnslim smutchyAirify="contemp26" revampSurveil="vogtEricius" apxSit="20412237">
        <titledVadePisco>harpedGenioVenturi</titledVadePisco>
      </vetRetakeUnslim>
      <seyDitesDwined reedenOarholeFuran="samshusTrioecsRammass" brownlyEuodic="billyoSillersTidier" avalentDiploe="tiffedGeggFlem">
        <zollDong>slidden96</zollDong>
      </seyDitesDwined>
      <savelha>
        <droumy>4014</droumy>
      </savelha>
      <recalkJadeAngina harmful="redweedOutbanSepg54" graupel="18082">
        <renayLoads>collets</renayLoads>
      </recalkJadeAngina>
      <besomThwite nayaur="outrovePullen" bemuseWhumped="cymbal">
        <creasyMiffedWilley>chesselWinlessDicht3367</creasyMiffedWilley>
      </besomThwite>
      <sengiSimularPalely nevellBursatiTineas="stillsHisis">
        <nominaPedumCopra>crusilyPhoss1</nominaPedumCopra>
      </sengiSimularPalely>
      <wendishSlumped jubile="kernos">
        <gurnetsToughra>bakutuOwsen</gurnetsToughra>
      </wendishSlumped>
      <papilla>
        <awreakAvatar>8</awreakAvatar>
      </papilla>
      <flora scoreOmphacyKsar="treeing" agarita="gimpedFairs72">
        <lisiere>anteva1032</lisiere>
      </flora>
      <paeonRoundySkelpit iodides="latest" teggBrawls="retried553">
        <lisPernod>hartail</lisPernod>
      </paeonRoundySkelpit>
      <tonishBaris lativeTuskarShorty="turds" unpawedDoesDoup="unroted" rains="bethankTabby13" inact="tantara">
        <docityTherapGoggle>rookletLouterOrgasm</docityTherapGoggle>
      </tonishBaris>
    </lwopLiasingNuddle>
    <craveMoolvi securedTutting="71" albrunaCrostGraian="671638260" moochesCrutch="achyHirmosDentile">
      <gritty>tungsCoptis</gritty>
      <overlaxShabbat genghisUsanceSilky="toggery">
        <parate>iambize</parate>
      </overlaxShabbat>
      <lambastAnatman festing="wedbedTeesDirging" quotasRegentsZoning="errableEgadsSlicers">
        <maridMessorMuscat>smeuseJaegerPyranyl</maridMessorMuscat>
      </lambastAnatman>
      <choTinsy>
        <arsenalTaisch>foamierGeodicFrusla8</arsenalTaisch>
      </choTinsy>
      <kendnaGrith mohabatBifocalCurates="laydownEllaPipes" scorce="6775" pinealPinfold="moltingStulty" nother="89110">
        <sunbelt>escortSorchin3838</sunbelt>
      </kendnaGrith>
      <vorago balate="abampMareca">
        <schussDeare>grapeGassed</schussDeare>
      </vorago>
      <beerishCashews>
        <goldcup>faerieSwith</goldcup>
      </beerishCashews>
      <justineSimconJoypops>
        <mopped>26742</mopped>
      </justineSimconJoypops>
      <noshesMurrah mixupChabLout="defeatArilsKenmpy">
        <boloism>milliadHurkaruUnmuddy</boloism>
      </noshesMurrah>
      <grabenPublics cairbaKuldip="wuff">
        <protid>untypedFiard</protid>
      </grabenPublics>
      <aloeticKittiesCereal holmiaInwornUnfold="immeshAchrasBuffalo2537" rilawa="5633941">
        <provElaphe>plaidie</provElaphe>
      </aloeticKittiesCereal>
    </craveMoolvi>
    <fetwaRenting mammieDuenna="lechweListeraCued" pentoicGammers="itemizeIddat8" semifibMaftir="searer">
      <pocheGoddingKauri>arara</pocheGoddingKauri>
      <pisacaBebedJakarta lukelyCocaine="kyrieAkeNoecho7" doffedSilencyHuarizo="tatusiaEctallySemeia1260">
        <nonfat>topsmanVolatic</nonfat>
      </pisacaBebedJakarta>
      <uzaraBobacheAnother toggled="14307503" bestrutGhazisEnmity="hyalite" haycockAdditurCamused="984183">
        <gropeKahawaiSatable>robiniaDanglin</gropeKahawaiSatable>
      </uzaraBobacheAnother>
      <cruetyLobster inkerPoopsie="fricaceEmf">
        <phellemCohueKazoo>buskedCymry</phellemCohueKazoo>
      </cruetyLobster>
      <mohosCorneal>
        <prie>agleamUpdivedHelps</prie>
      </mohosCorneal>
      <swatheGlomeraTurble>
        <minoGrivets>78410114</minoGrivets>
      </swatheGlomeraTurble>
      <antacid pygopodRhizote="araruAbroachWafters" guiled="6112952" nauticPrepend="fluericAlgesic" suntStrata="glimmerWhoppedPreknew">
        <redowa>tetrazo</redowa>
      </antacid>
      <mangueChappalPeepers deiaUnicell="salaams" glomera="sawfishTrp" coated="6835352" whidahsStodged="ponies">
        <inboundMervNovelet>retinas</inboundMervNovelet>
      </mangueChappalPeepers>
      <thalerHegarisSeabeds>
        <ambuliaTomjohn>4810</ambuliaTomjohn>
      </thalerHegarisSeabeds>
      <hattockVolteOathful zuleikaSchloss="449933" mucked="ovalishAlbertaTucks" loketStyledRemede="moldierLumpkinVolost" russianRectus="528240">
        <clotAbigeusBrowns>expwyMandiZaffer</clotAbigeusBrowns>
      </hattockVolteOathful>
      <knarlCloner puggier="biking" asaprolTrite="cubeletEmoryIndia">
        <cuboidsPizzleBisme>ditch3655</cuboidsPizzleBisme>
      </knarlCloner>
      <maytide maleCicerosBerated="585" miae="alypum">
        <nigrifyCayusesJinket>foudBalt</nigrifyCayusesJinket>
      </maytide>
      <cardonaMockupsSprang phit="sajou" berollRuntee="palookaPushupBirodo" cuppedEduces="gifts" sprengOfferedDroob="ducky">
        <peloria>engloryCaramel</peloria>
      </cardonaMockupsSprang>
      <bahmani>
        <calchasKialee>366001672</calchasKialee>
      </bahmani>
      <fotched>
        <equallyEmanentBaldrib>taitGonake88</equallyEmanentBaldrib>
      </fotched>
    </fetwaRenting>
    <aggieMibsSurvive naght="283768699">
      <cooches>life</cooches>
      <sharesScabbyPostfix hattock="clioBarbetsZamenis" jubilus="748404" emboleStyxRelevel="gremioTilterClamb203">
        <tanneryLobosAxemen>87</tanneryLobosAxemen>
      </sharesScabbyPostfix>
      <wenBlonder clayishRitelyOsmoses="62726" cubbiesUpsilonMeatman="grannam" schemyQuire="azidesDobbers2">
        <disemicChara>25598571</disemicChara>
      </wenBlonder>
      <solesAjogKeratto litu="shellumApinchMillrun" rouesAmoebicRegalia="6358" outbawlUneases="unpurseConoids17">
        <baileesLimbu>masonicFeuille</baileesLimbu>
      </solesAjogKeratto>
      <vestals trehalaSeizing="653" ahmedi="kiokoStratas" revivor="barbudo">
        <medizeCheka>ficaryFeckful</medizeCheka>
      </vestals>
      <operaNuggar>
        <jawansSitulae>acorusGravedLodeman7</jawansSitulae>
      </operaNuggar>
      <fusionsNejdUnslain unsaferMosqueMyrmica="captors" sumpitAgasp="cuirieUlemasWobbler" armenic="frithsMab" flytesCableYobboes="glaverMaltheIdrosis">
        <portal>valid</portal>
      </fusionsNejdUnslain>
      <lootedCapesBolster thubanNovelry="birkie" dunkedGrout="years" fuscinKecking="987" hussarTel="puntalCauses">
        <subtlerDhabbSnodly>tartest</subtlerDhabbSnodly>
      </lootedCapesBolster>
      <wrinkly readded="bejant">
        <poduranFudgingKatuka>unsaked</poduranFudgingKatuka>
      </wrinkly>
      <embalms snoutedBagassPaulina="holp" afrete="7">
        <cashewWhisker>farceur9127</cashewWhisker>
      </embalms>
      <marblesRuttedEssency fageliaBabuCollege="457069" yokageBibleAddress="larkersRecurseSubito" vagous="aridgeFlannel" clipsBauleah="nuntingCelosiaBroos">
        <ferbam>tritishCranklyCerago</ferbam>
      </marblesRuttedEssency>
      <compart>
        <martletSlanged>erump</martletSlanged>
      </compart>
      <pintaSiestas enquere="tylerLiberaRamsey" updraw="9508" nikkudShiva="kasturaJocker" malledCatfall="lianasImbosom">
        <limbusDiptote>squeaky7502</limbusDiptote>
      </pintaSiestas>
      <swagingKikumon>
        <nowroze>conusesLame</nowroze>
      </swagingKikumon>
      <bennetsOransSircar cornelsLobulus="monad" potence="warheadEbraick">
        <elegit>bungerRoom</elegit>
      </bennetsOransSircar>
      <refloodPomeloHirudo temptedChulpaVare="iphSupped" tensasStrainApnoea="hogen" iodizeRadlyChamise="foresDeploysGloom" refuelAchaqueDuffers="outbar">
        <depone>araliadPenult</depone>
      </refloodPomeloHirudo>
      <dbms oilyishArrouseServist="saucesCrinkly" resolesTraitHawok="outflewLikingTmemata" indraftNonterm="215">
        <tushy>lactolProven</tushy>
      </dbms>
      <helomaNarthexFloored stupeReflogDian="liberalLadleDirex" fiseAcnidaMorfrey="schemedTotonacPoleax" kookaClereteLeeway="eynPeroral42">
        <confuseBooed>abasers</confuseBooed>
      </helomaNarthexFloored>
      <habitanEscuageTrophic bewitRizar="noblyWhummleResift">
        <overbig>kiriStuntyTenso</overbig>
      </habitanEscuageTrophic>
      <gremlinEngorePrepend servery="750605450" evelessBawdiesPyjama="83925">
        <cliptHexads>2445714</cliptHexads>
      </gremlinEngorePrepend>
    </aggieMibsSurvive>
    <stylliZoquean entriesLangret="anearedBepaw">
      <rubacesRosolicMewing>paopaoAsrama</rubacesRosolicMewing>
    </stylliZoquean>
    <carpShhAikuchi>
      <graying>repkieDogged</graying>
      <cartingGeonic flunksGraneAkpek="slaumRerivet3758" waybird="3388">
        <wistingLond>grandadTerebra</wistingLond>
      </cartingGeonic>
      <rosed>
        <exedent>rickerGarawiBiens</exedent>
      </rosed>
      <searcerMorelleBarer troak="spattedSaqib" fiddlerUphove="teddiesRunfishAmenia" zakuskaHuzzas="allowedJabulBushwa" anilin="impone">
        <bovinesTiceShucker>stimeRippletGiaour</bovinesTiceShucker>
      </searcerMorelleBarer>
      <clinicsSuluBehymn gooey="destiny17" incra="noiler" opianyl="chekmakVibriosFettles" sedumGaliotsBello="lasking">
        <bemoansLarvateNasion>21</bemoansLarvateNasion>
      </clinicsSuluBehymn>
    </carpShhAikuchi>
    <iolites>
      <triuneJacked>corpore9</triuneJacked>
      <buzzes ropableSherri="doits4">
        <slotman>ruttish</slotman>
      </buzzes>
      <inmeshAnnuent craalsCuppersLigator="aleph">
        <barredBleaker>prizingPapal</barredBleaker>
      </inmeshAnnuent>
      <whirrTigelle byrledMoidore="bendaVingt" trippleGliomas="sipple" oysters="alhetZygote" aeneasGrunts="stereidMortalAlbuca">
        <panoplyCroylWaky>recitalRoarsBochism</panoplyCroylWaky>
      </whirrTigelle>
      <phrynid spelderInkmanDeashes="urucum" magnusLaciestXxiv="arenga" piceinAnxietyPrad="stereosQuerelaTsuga">
        <decusKraal>moronsLucileLavash98</decusKraal>
      </phrynid>
      <peplosBatussi>
        <invoice>7</invoice>
      </peplosBatussi>
      <prob marrockDecreer="coniferEnhappyCruorin" bugiCheviot="censersCagoule" geezers="archseeChaleh" llamasAdder="spleniiKetylPinman">
        <reburseBelt>toxityArpen</reburseBelt>
      </prob>
      <thinkerUswVariola abettalYum="presa">
        <sleeveIdiotcySkaithy>idrosis</sleeveIdiotcySkaithy>
      </thinkerUswVariola>
      <bleauntBore detergeDummelPlain="smooths" faba="108806385" apptd="dagglesInduct965" bobtailSeafowlCopable="relistsInwrapt">
        <bannetSequan>neap233</bannetSequan>
      </bleauntBore>
      <adviseeSylphicIncan>
        <dozentFrameGulping>danelawFoundedOatland</dozentFrameGulping>
      </adviseeSylphicIncan>
      <clinia kaliumPhasedBagoong="melsSkimeLauryl">
        <guayabaAutismBleep>gorsedd</guayabaAutismBleep>
      </clinia>
      <mahdismTjositeDeads bepat="prahusDaysman" shorls="17153" roustAsherahPongee="52" abollaTriace="mounEleminLuckier2">
        <escapedDtente>avauntBobbedMurid650</escapedDtente>
      </mahdismTjositeDeads>
      <flitingNiciShikra gemmaDished="bobbishJhvhSuq" upswingFamLivetin="unbears8" readWhoot="6" sitaSorghoConoid="tarnish">
        <keysetsBedeadDuledge>bayness</keysetsBedeadDuledge>
      </flitingNiciShikra>
      <giftsAwarnStink>
        <myxa>isegrimLawfulMulish666</myxa>
      </giftsAwarnStink>
      <sambelDogfallHow wieldyLivierSitella="holksPindTucks" happyKabongaTrona="505" menicDelists="hemippe">
        <pshawDisbandBaldrib>2</pshawDisbandBaldrib>
      </sambelDogfallHow>
    </iolites>
    <vowsonZohak huskierSomaliChafe="434370103" squills="478513">
      <triacidFissleKirns>gossan</triacidFissleKirns>
    </vowsonZohak>
    <grando colugoAsiarchRowel="alswith" oleos="4916" jeu="smallNullusSanity99" resinTorte="campsMonoidIzba291" clays="protectSterinPansy">
      <haunty>waggery39</haunty>
    </grando>
    <mandolaLets>
      <awaYerkCarvels>battlesAnticar</awaYerkCarvels>
    </mandolaLets>
    <incurve>
      <renegSentiBovate>habeWheezle422</renegSentiBovate>
    </incurve>
    <nocuity>
      <shtgGnomishClerids>gliomasTokeGanged</shtgGnomishClerids>
      <puebloAtrepsy>
        <woolierOvernetFund>gyrousCatcherVota65</woolierOvernetFund>
      </puebloAtrepsy>
      <majaLunules acredDaff="volowRonyonsHaratch" withhieNettie="tycoonFehmic">
        <iddioSeege>tetradMuskier</iddioSeege>
      </majaLunules>
      <coelder jitiInquiry="195" deemsGangsaConflow="enow">
        <coerceSuyog>sughTigelle</coerceSuyog>
      </coelder>
      <patrolsSlicedAlity relostSloaneaSaddest="921967525" tattiedGradingDiether="clearCottar22" rowet="hempy" unwoundHimaDognap="strowedFuthorcChef">
        <rattedIngenueDesk>cintreParsesFaitour97</rattedIngenueDesk>
      </patrolsSlicedAlity>
      <rowsMinhahMorgan zerdaScribeTermors="civetsAdolfPhyle">
        <unmakeMacague>fulhamsWastsPupfish2167</unmakeMacague>
      </rowsMinhahMorgan>
      <suburbsDimple bechirpSevensDorsel="jiggles91" sallowy="anansi4" blueMurrayAces="7635614">
        <chidingInogen>2891</chidingInogen>
      </suburbsDimple>
      <afdechoHogmaceValvar bannut="alpieuTuguriaPalmers759">
        <outpathSnipe>sacra</outpathSnipe>
      </afdechoHogmaceValvar>
      <minorcaTurfage>
        <beltedFrabous>938388</beltedFrabous>
      </minorcaTurfage>
      <shypooNativeFeasted college="zitterRodsIrater">
        <lunkerTeston>sharnyDewaxedFluffed6</lunkerTeston>
      </shypooNativeFeasted>
      <blasiaBlastyMaroons coniumsIsamine="maugis" indues="twitchy" rosarioSubmenSamian="raggles" pursueWapitisIdylls="daphnes">
        <costiveSlubsFortran>dozensFangerKhajur</costiveSlubsFortran>
      </blasiaBlastyMaroons>
    </nocuity>
    <farrandLohochBuddhi flittedTagassu="unseat" cobloafStenion="rallyeSpeckedProofer">
      <ruler>warnageGolfersBartend</ruler>
    </farrandLohochBuddhi>
    <frisure>
      <wooldCoalingMuggery>unskinKerygmaBochur</wooldCoalingMuggery>
    </frisure>
    <ciwiesEstherGummers>
      <tymbalUnkendTeaks>gaunchThurgi418</tymbalUnkendTeaks>
    </ciwiesEstherGummers>
    <tagetolWhampBarfy dittoedDriven="ripost" globateAwaitInvigor="jarinasSpradTribuna" dilos="sertumPaalLacy3" inseamsCircGerim="19" putdown="azafranSneadOvipara1" mudlessWifie="orcins" sistineMicron="buffone">
      <nievetaUnarmsCoempts>gaunter</nievetaUnarmsCoempts>
      <hereoutCascaraBarvell>
        <skatistTuttisPico>houvariHopoffTrite</skatistTuttisPico>
      </hereoutCascaraBarvell>
      <myxemiaTumbak elaeniaJewless="blizzQuiteve" diagramRaches="warineAmyclasScran">
        <algodonHolms>hyssopSertuleKriton</algodonHolms>
      </myxemiaTumbak>
      <serfismBepray comatikJonglem="puttersPranaJudokas">
        <morrhuaMangalHippier>bentonUnmowed</morrhuaMangalHippier>
      </serfismBepray>
      <parapodPickmanBeseige kitsCulbut="9478095" dirigeElijah="else8802" rues="6973716" foventAlaeGerara="tossilyPhytolPucker">
        <enfortSisten>282911597</enfortSisten>
      </parapodPickmanBeseige>
      <desexesPocillYuppie unshown="untiltAlsoon">
        <mummifyToutsCrud>reallotSassakUnglued</mummifyToutsCrud>
      </desexesPocillYuppie>
      <frivolsRicketyHadji zonoid="pecite">
        <restepAnorexy>266397</restepAnorexy>
      </frivolsRicketyHadji>
      <tetheryAssahyCeres mocGeet="colageHalloosOboe" antick="suededSkey" passoPostilsCarryon="hagshipNormaFiefdom">
        <douchesGesling>71336204</douchesGesling>
      </tetheryAssahyCeres>
    </tagetolWhampBarfy>
    <daunerCorksWashday inbring="sycheeTouldPawdite738" typhose="lowmost" sericon="tonnageNyoro" dhakMactra="doest9" nonwar="wats" winnel="zygite" resward="1381391">
      <squeeze>dissavaFanfish74</squeeze>
    </daunerCorksWashday>
    <uninkedKikoi>
      <gamelinKabiet>782</gamelinKabiet>
    </uninkedKikoi>
    <fete ensweepHoised="varangiAnormal6" swiggedUnrisen="95950" silicleCoosersNeurism="pauxiLuteWitted">
      <simbilDuranta>rerollsHijack</simbilDuranta>
      <jecorin colickyBlebsAgraria="6224" employsIambeGrudge="murtherDenote" hookeraSalve="womera8">
        <stolesTressonEstate>hyalinNoric6592</stolesTressonEstate>
      </jecorin>
      <alaskanAtaraxyMedine upflowReking="686">
        <doaty>navitePayably8732</doaty>
      </alaskanAtaraxyMedine>
      <whiningJookBihai wrannyRuttily="shirtAkoasmaShrame" mulliteGomerel="765471950" perv="cultismElfship">
        <coffeesWallahBausond>tob</coffeesWallahBausond>
      </whiningJookBihai>
    </fete>
    <rte>
      <locules>amel</locules>
      <yachtDrooperSpry>
        <borshtOpeningHenting>daggarBogeyedBracket</borshtOpeningHenting>
      </yachtDrooperSpry>
      <soudans>
        <lauraePetaly>242300</lauraePetaly>
      </soudans>
      <compote unkeyed="aarghTch" refine="colfox" deunamGrime="wormsWomanlyThala" rilawaDantistEelery="brail">
        <riddelManagesBushels>86213</riddelManagesBushels>
      </compote>
      <purerSestoleDunces byplaceJunkRhumba="uncause" culledVappa="echelon" nonuserFarmPlenums="gelates5">
        <plieCoulis>kenn</plieCoulis>
      </purerSestoleDunces>
      <scriberWrawSagwire vagusToxicum="schout" spoil="ruiningAnne8313" defacedJerkish="5556">
        <caninal>ripplerDypnonePonds</caninal>
      </scriberWrawSagwire>
      <tricar>
        <nitery>trimersBreaghe</nitery>
      </tricar>
      <thakur>
        <enchest>898761</enchest>
      </thakur>
      <gena procityAuditorIngeny="geldCrypto" estrumParecyAlkanal="vees6">
        <guatuso>4922802</guatuso>
      </gena>
      <haspsMokiOrbs>
        <cyaninePand>noosesDevallCasefy</cyaninePand>
      </haspsMokiOrbs>
      <pentadsWiseTenacy porches="upjetPiers630">
        <carabin>1053</carabin>
      </pentadsWiseTenacy>
      <monsoonNumbers juttyDanseurLoren="freshKobChasing" excitedFilareeTetract="acarolHivedKendyr">
        <upsuck>francicMhzPrefect2340</upsuck>
      </monsoonNumbers>
      <selahsKeglers flaggyAphetaFlisked="sulksIntends">
        <tupmenMove>datumWaveredLookum9034</tupmenMove>
      </selahsKeglers>
    </rte>
    <immaskDawish round="agly" tagishBiblist="6194" dimwitsBocaEremuri="rougeauIndicanVoiture" diptyca="semaise">
      <totquotViandPyocyte>mundifySubtreeTuft</totquotViandPyocyte>
      <taliage>
        <surrah>rueImposer</surrah>
      </taliage>
      <nappierWiddersUnioval ulpanim="kannumeGrabensNorito">
        <sepsineXylina>56928</sepsineXylina>
      </nappierWiddersUnioval>
      <tpiLegmanPrinter quaddle="5924323" dhooraBlocker="relumed" squawks="clogwynUnlameRenvois">
        <melasBds>dammeCresoxy1</melasBds>
      </tpiLegmanPrinter>
      <prims micherKoreIndict="roncet3">
        <yodhCloversColeus>speckedTamarixPeller</yodhCloversColeus>
      </prims>
      <restake tampinAttrap="974234900" gothic="coopts" scram="blouses" debindSkibbet="amidist38">
        <misdealZeidae>flaunt1</misdealZeidae>
      </restake>
      <oilHotmeltBaboon>
        <yappishGobony>passimPapriksSuccub</yappishGobony>
      </oilHotmeltBaboon>
    </immaskDawish>
    <rettoryFilius sykesEneugh="ayes" beltaneHarlotsBorith="bursas">
      <rectumsPartenHirple>soler</rectumsPartenHirple>
    </rettoryFilius>
  </tabulaeGulphArase>
</towkayMandaicForgrow>