<?xml version="1.0"?>
<setCentresKln>
  <fantad macaque="swoosesDighter27" slowly="droichHyphensTitler" faking="scrubsTestone" liknon="999126819" />
  <stillsGreyestFlexing />
  <halfenStamensBoy abwattsSierranHopeite="rounge" thriftOicksSolanos="haplite" toetoeTatsman="collineChamarLuggard3" />
  <burdockWhiskyZircons coude="292036" pruigoWeepfulGormaw="paps">
    <coquet>
      <corkiteCucumisBatch>2</corkiteCucumisBatch>
      <euphemy guttedBombola="quakeJacentElegist" muscotRussula="peepingUncrestFaitor" unstarPaulieBard="facadal" epa="805200177">
        <relendsMisturnPith>wedding</relendsMisturnPith>
      </euphemy>
      <haplomaAmoles ungluedUrinant="comsDreadly" notreCdf="diobelyGascon" gaveletRikari="bendingBasking19">
        <reactOnsetTrapper>5</reactOnsetTrapper>
      </haplomaAmoles>
      <rakeoff upupoidTuglike="frangi" madidHarast="boppersFlaconAtimy" settlorJagra="clitterRamousDachs" morro="latex">
        <trawler>hibbin</trawler>
      </rakeoff>
      <hethsPirot demitsLolaCrabber="piceinRelapSlop" piddled="failleJeffie" bedriteSnoutedCarves="sorbicRowty" naughts="arghanSamuelPonica">
        <uxorisNowy>pronged</uxorisNowy>
      </hethsPirot>
      <armerWevet scopingIzumi="fakeerStreep768">
        <neurolUntenty>renerveSlabber</neurolUntenty>
      </armerWevet>
      <stummerPostman lyricalJingallOrbical="papioTannins" acetifySundry="draymen" arimaspKalpaSunbeam="30" mycolUnmowedUnseals="mosaicElchee">
        <recksGlutoid>smiteFarosPagans</recksGlutoid>
      </stummerPostman>
      <asport>
        <grindsAzimin>adapt8</grindsAzimin>
      </asport>
      <rails vacuome="kebob7594">
        <snitchyKeeners>coolen</snitchyKeeners>
      </rails>
      <unfrock bewraysBoddleChasten="71486440" mittPistrixChera="macagueWeazenyOffish4986" metoacSchuitGoths="resawnSortsFabella" ashakeClose="3092">
        <lairmen>5</lairmen>
      </unfrock>
      <goofing versifyDativeWasoga="quartetRanches">
        <larries>unnewlyHoodshyAnkush39</larries>
      </goofing>
    </coquet>
    <sogBedpost>
      <outrankTenia>sedentSpinorCaseic</outrankTenia>
    </sogBedpost>
    <ageeWillble verineNastyMolebut="jetsPrexesSubport" coopedPauper="warrer7165">
      <dealersSkirp>ekoiBroughAmorphi</dealersSkirp>
      <quassin gazette="sylphShorn3" cavally="dresserWyling">
        <dradge>1</dradge>
      </quassin>
      <doina>
        <mirlyAlibis>sulphoEngaol</mirlyAlibis>
      </doina>
      <suppageVateriaAyllu limbasRacedFelty="evillerLubSiever">
        <learns>phytomeShinglyPrevote</learns>
      </suppageVateriaAyllu>
      <bogydom stetchClemImponed="sagaFrocks954" spearyGoodies="nallahScanter" aulaCalvishTrucha="sogetWhaurSlik">
        <fatty>lidlessBaredVairy365</fatty>
      </bogydom>
      <feasor cottae="unhave" renate="jaguarsEntiresOwlhead">
        <funderBlewOrchat>bridaleUrbana</funderBlewOrchat>
      </feasor>
      <betroth fimble="civilerCythera">
        <boxbushOuttire>repealsPutchukCloset91</boxbushOuttire>
      </betroth>
      <magas crusadeAbede="addrMistral" crocine="244865" azafrinAcnemia="hareldApisNetting" uplightSapid="nither">
        <loss>coved30</loss>
      </magas>
      <pestis aperPlateLockram="350">
        <prepd>thairm</prepd>
      </pestis>
      <togglesPlebianThole suptBandle="argosyDaunch" friday="stipedUntrill" meaty="barberyErasingYouden">
        <ariososAverage>nobBlawed</ariososAverage>
      </togglesPlebianThole>
      <falerno ropand="endgateNondarkPayola" dimwit="irkedOutblew">
        <dahomanPlexorRailly>8101672</dahomanPlexorRailly>
      </falerno>
      <eomTimely stropheChirpyFurores="9" garg="gugglet" cannat="philolOolithChurchy">
        <deniersImpetusMedica>goofedVialfulSemiegg</deniersImpetusMedica>
      </eomTimely>
      <upblow leucylNicene="equinesTarheelFinn" lumpkin="claval" thetineCaestusIntaria="mealilyEmusifyOgor" woodine="2">
        <entrees>vinasseGuaque</entrees>
      </upblow>
      <cuecaBreadthGel terveePinnerCrus="berobEraThutter" muricid="snoozyWhelkerBraver">
        <bredesGytrashResew>perterStewedJundies</bredesGytrashResew>
      </cuecaBreadthGel>
      <cibolDaun colicsEstrousUplifts="sacatraCrare438" hastingWolfer="2327" rudishCayucoCircles="tubbers">
        <hora>chomperSutten</hora>
      </cibolDaun>
      <kelts anosmia="quemely" sarcuraNomblesIndicts="roarPerite" guenonsRaglan="adornedSarlak">
        <drivingOutgaveFiles>churchyTusher</drivingOutgaveFiles>
      </kelts>
      <sinkage kloesse="3282">
        <chuserPibgorn>rehem</chuserPibgorn>
      </sinkage>
      <hirlingSided>
        <gasbagMurker>dhunchi1903</gasbagMurker>
      </hirlingSided>
      <bdls grapesStummed="rompySuddsBewrap42" naomiNamaste="boltageTellerDefuzed79" knopsSickly="9076179" dulcianViragin="93700460">
        <talari>fatterChoricSartage</talari>
      </bdls>
      <toldoIlexesCuttle reskinPreedAtactic="92239091" odalmanAtomistKolami="9857630">
        <shooledDevove>entitleKoilSkewly</shooledDevove>
      </toldoIlexesCuttle>
    </ageeWillble>
    <gobbyWigeons>
      <tosyPlessorCarpi>moonset</tosyPlessorCarpi>
      <warblet>
        <ahush>ulmicWaughyBispore</ahush>
      </warblet>
      <resentsInbush seawifeDewierPandava="9">
        <biotopeItacistTassago>anatolyAugurer</biotopeItacistTassago>
      </resentsInbush>
      <mysostShadoof grisonJuloleLuffing="harlotDoddery" gareh="pretiumWackesJerkily" groundUnthrid="beriber" musily="antiman2">
        <hiatus>fipplesOutmenKabs</hiatus>
      </mysostShadoof>
      <cadesseGessoesSaul>
        <rappersGlidersBagne>vlachHistrio7014</rappersGlidersBagne>
      </cadesseGessoesSaul>
      <snowier nosilyPlanchePalis="cag" rekickBerime="juriBarerGoanna" cuteysFattingRakers="weroole" balawu="proteanDresserTammy">
        <peacesWoozilyDodlet>thesiumLuckily</peacesWoozilyDodlet>
      </snowier>
      <broodyRuptionKellys monaxon="robeAffaiteRash845">
        <gentlyAmalaka>13220953</gentlyAmalaka>
      </broodyRuptionKellys>
      <jigs becameRewokeAurelia="fadyPinon" walach="solionsVenterDaddy" estocsSwots="1" bedsiteUsucaptStatic="vulgusMinhah">
        <ngoko>rociest</ngoko>
      </jigs>
      <kamba>
        <redameRimeryTenuis>chatiBryalesDocible</redameRimeryTenuis>
      </kamba>
      <tutuPoppiedFiasco>
        <hexacidFarsangCupeler>lintierShooExilic37</hexacidFarsangCupeler>
      </tutuPoppiedFiasco>
      <relandSawishUngreat garg="sheltaMardy4532">
        <embargoHoicks>fendChorogiCuisse</embargoHoicks>
      </relandSawishUngreat>
      <bethsCarbine echoizeDesmine="8353" swing="quokkasJorams">
        <accollLaurelGnashes>subsets9</accollLaurelGnashes>
      </bethsCarbine>
    </gobbyWigeons>
    <mollahRuskBurelle tropesCulprit="glimeFugate" usablyAbyCalico="jorumShargerWats" psocidPunga="bedrift" antres="succourSusan">
      <avives>doliumAnodonScaena</avives>
    </mollahRuskBurelle>
    <mordvCerthiaAtrede>
      <mooing>ofays5361</mooing>
    </mordvCerthiaAtrede>
    <tupianBrooded upshots="founded8659" weltInsoleUnlead="curiousSabal" mairieIsodrinTubs="gyvingRodeo8417" rayanSkeilyBrinjal="363" plumifyTriggedOutlung="saktismGuanos" juangWrothyDryas="lullayBilljim8217">
      <lantacaFulvousUpscale>sarpoCutcha</lantacaFulvousUpscale>
      <noodle col="45330691" solidumUll="unweft" swamperZyrian="fosite" viroleBrisa="612230">
        <quorOcciput>hearers70</quorOcciput>
      </noodle>
      <soddies seawifeWantons="5424" debeOffing="thackMythosSavour">
        <timpano>devow</timpano>
      </soddies>
      <halicotShastaWires cutlineIdyler="coxedLevatorOmaha184" lamettaSoleilCampo="nozzlesFleeing" coacted="omaguaDestryTurtle3230">
        <ounceGlacify>settleTwistle</ounceGlacify>
      </halicotShastaWires>
      <outhowlChamferWaited alcaldeChacmasTailage="klosse" judicePottersTawer="388" hirsle="leaking" namingRorqual="kudosHymenMutisia">
        <bursal>bookism</bursal>
      </outhowlChamferWaited>
      <insep>
        <grugrus>consulSolnRefuted</grugrus>
      </insep>
      <hellersBego aghaWrangsSalle="actuateDharma">
        <mentholAluletGlinted>calcium8</mentholAluletGlinted>
      </hellersBego>
      <theresCatervaAbies gizzen="execsZonersDesi" duckletPossumsBots="missies" inlacesVapidly="lye">
        <kalpisFallalPasteup>xosaStrows</kalpisFallalPasteup>
      </theresCatervaAbies>
      <furzyVarech coronadTuguiClonks="boners">
        <fraplerIsocratDecalog>guaruanDehorts88</fraplerIsocratDecalog>
      </furzyVarech>
      <keyed aperchHavent="vasconGeranin" lustsBewaryGouty="obole" denary="awabiTipsterFrazer" knowsOverawnHaplont="poieticCovens">
        <kafiriDraffYoupons>charmBorrelChuppah</kafiriDraffYoupons>
      </keyed>
      <toolerSfootSambuk premiumCastles="aurirDail946" amuyonGond="roiSucklerGoody" cannoli="kranSenariiMoneses5">
        <egardsMechRave>baitsReviewsDoggie133</egardsMechRave>
      </toolerSfootSambuk>
      <sieurs umpty="throngsDurainDancers" wishyMocoanCeliac="feriaeRushers" whilsBuxineAlogy="pityingDetarBougee" kittyRosetumAnurous="anatoly7">
        <geminal>quarAfrican</geminal>
      </sieurs>
      <winedStema>
        <justinUndomed>30831</justinUndomed>
      </winedStema>
      <preideaPosho accloyFirca="wheemMyricylDwelled" scranchCabuja="fieriGowd" zapAutistGuam="poppeanLintern" rissianBaileeSkinner="fustocCrownerPatrice">
        <tash>thrope</tash>
      </preideaPosho>
    </tupianBrooded>
    <ecart>
      <emma>cabujaAndricPastile</emma>
    </ecart>
    <billardGymnast backsetTrentalCoplots="erratasKursaalFleeced" droolsSqualorStomp="5237376">
      <dierCoagedAbutter>unowned</dierCoagedAbutter>
    </billardGymnast>
    <undub awaited="965618" feuteDiary="rhymerSpiffCicadid" baalimCowpock="padlike" boughedSemimatAlethea="412908370">
      <umbrel>27917</umbrel>
    </undub>
    <padou>
      <arion>kenspacEarfuls</arion>
      <bukh>
        <pallaeSperonSpelunk>64</pallaeSperonSpelunk>
      </bukh>
      <chatinoPelidesWiggish attarsSuomi="edenicTumular" swimyStringsAcc="plumes" creOtiant="basos">
        <mizensColane>maidaIdealyBiconic</mizensColane>
      </chatinoPelidesWiggish>
    </padou>
    <saufCalamiOnement ablautsGaes="buchiteGrane" encinal="enstarVidkidSkating" khanateAdriftCowan="silanesOoeciumMelding141" locoes="hearer" tablaLacunasPreempt="tining" cookoutEnweaveGavial="parapetBalaoMarengo" gratingAhuacaNailrod="ywisMericeSwivels5">
      <ajivaHolt>sievy</ajivaHolt>
    </saufCalamiOnement>
    <benwardBurgage>
      <barsGuilingDighted>9355</barsGuilingDighted>
    </benwardBurgage>
    <waylayMayaca>
      <skived>gnabbleGarote</skived>
      <hulloasUnselySaices>
        <gigglyLobular>colent</gigglyLobular>
      </hulloasUnselySaices>
      <tarpumSerozem dietal="manningKushaArustle899" pyrenicSpeakie="epicarp" externsXylose="heralds">
        <levellyPlanch>negatorOlive7</levellyPlanch>
      </tarpumSerozem>
      <artful syndicsPawnor="balneum" solidWonnerAntship="vampZorisDefoil44" spleenPelotaGirlies="lignoneVultur3" uredine="glusideHagwormAcy">
        <mockfulDecAsst>hookasRegreetUnpave</mockfulDecAsst>
      </artful>
      <macusiWhaled chapsBeaderJiveass="170181">
        <ulmin>triasTilaksBenacus</ulmin>
      </macusiWhaled>
      <addledStrid inamourAgamoidCoempt="bunchesCowherdAbrasax" birdiesFayal="413999" hoisterPipery="nauger1">
        <gliomasPlatieStratal>indeed186</gliomasPlatieStratal>
      </addledStrid>
      <gyriBlier piked="cohensSafawid8" atonicsDamnify="subgrin">
        <sigmoid>merlTrained</sigmoid>
      </gyriBlier>
      <atoniesKabsAngevin>
        <bombo>gadman</bombo>
      </atoniesKabsAngevin>
    </waylayMayaca>
    <panada>
      <screwedInphaseSailour>wieldyPeewitsMavies</screwedInphaseSailour>
    </panada>
    <framersAbbe>
      <photalSnarledGaffle>lictorRato</photalSnarledGaffle>
    </framersAbbe>
    <limaceaPsstAlicant velouteZaribaFigs="twister" wigglesPopcorn="eringo">
      <boistTubfulsGabbler>dekareMalatesRamaism</boistTubfulsGabbler>
      <closureRumneyPreces galeaeIdylsKadaya="calchasSwash" ventage="kamaoPumpageIrani">
        <swaged>makiHydrion</swaged>
      </closureRumneyPreces>
      <koprinoNonnyYgapo pinman="upblowScaloni" cervix="messe" monadicAntisi="31">
        <enageBlet>samish</enageBlet>
      </koprinoNonnyYgapo>
      <reckonCreaticAwaiter tuningLoafersWinged="578" figlikeLeilaUnknits="arcidae" kendyObeyers="calques" fuzzIridesPanier="56637068">
        <barbet>khalkhaTuners</barbet>
      </reckonCreaticAwaiter>
      <auratedAvengedNatator mitisesCystidAvatara="elsEdsAddy" rectrixSwarmsOink="yuechiOphicAsqueal2392">
        <leperedPercaSjomila>rosehip</leperedPercaSjomila>
      </auratedAvengedNatator>
      <boraxSinner chout="5238205" penuryRockishRub="gobiid" clamors="lownessEarleNayar">
        <granoseFarciSipped>faradayRear</granoseFarciSipped>
      </boraxSinner>
      <obeishZygoteOolitic adipsiaSalada="3629" addingQatarTheezan="tholed2" applesSignets="juncous">
        <rampedBktHominid>product50</rampedBktHominid>
      </obeishZygoteOolitic>
      <despiseStraikePobs matzah="baptism71" bhotiyaEpuloidTeals="gunlGiltsKopeks" orgone="622892658" macauco="glossLoobily">
        <isoetesNullism>debasesBokadamAds</isoetesNullism>
      </despiseStraikePobs>
    </limaceaPsstAlicant>
    <skewingFlaxy>
      <cutleryJewfishEverard>zaxes</cutleryJewfishEverard>
      <challasOtkonKilljoy coving="9521030" voice="obiism">
        <undrunkIbo>unbind</undrunkIbo>
      </challasOtkonKilljoy>
      <presawStanedUnmeth alodian="drakesReperks" papyrus="sagRosland">
        <goloeIntisy>5968</goloeIntisy>
      </presawStanedUnmeth>
      <fireman riserva="wandyNumbersLouty" houtClothesJujuism="bahaismEquable" gristWonga="gladded">
        <groin>helots</groin>
      </fireman>
      <bodikinAbutaWebbier treeful="calls" skyways="978202561" roquerMarket="resort">
        <mellowsPolyps>pand</mellowsPolyps>
      </bodikinAbutaWebbier>
      <canliHexagyn apollo="742024729" exactas="8">
        <franticGollyHempier>yowledGirths</franticGollyHempier>
      </canliHexagyn>
      <craponMongoyo mirkierHoggerRefed="5">
        <cloutedSootedNowthe>venyDjinn</cloutedSootedNowthe>
      </craponMongoyo>
      <chrismsFixe wharHennaed="lazies" acineta="bodingArcatoSeavy" lhdIxodic="hubbedTilletCotters">
        <croodAskersOrdures>tunnit</croodAskersOrdures>
      </chrismsFixe>
      <redbay addlesDakoityCowries="esguardDecanalRecalls">
        <ethnicOsmundaSistra>befellClasts48</ethnicOsmundaSistra>
      </redbay>
      <unzonedFoxbane lyceaLards="sizingOctroi" puisnyPausesTakins="9755" kymnelHathiVenires="woofersJavelotEngine">
        <dunlapCallaSmile>joni87</dunlapCallaSmile>
      </unzonedFoxbane>
      <nabaloiTaunted rupee="295788767">
        <wadersLunaria>vibistsSubito</wadersLunaria>
      </nabaloiTaunted>
      <lucumoAsearchFraise writes="candorFlyoffStonk">
        <divvers>boatedAtaman</divvers>
      </lucumoAsearchFraise>
      <totsFinmarkSublets deifier="sashedCramperBaileys" pegman="doray">
        <gyricFixup>kinuraIckiest1</gyricFixup>
      </totsFinmarkSublets>
      <trineRazeing slutMitella="2" tympanyAmidolPartley="8" moiestInosinMatipo="cometicYelper" teucri="arisard">
        <untold>cokieFazendaVection</untold>
      </trineRazeing>
      <rosinGodlikeIndulge mozettaStopa="43141">
        <araneaeCatawba>4834697</araneaeCatawba>
      </rosinGodlikeIndulge>
      <ritelyFretumSolidly disusesRompsMordva="boats">
        <rangMogulsBossily>abacay</rangMogulsBossily>
      </ritelyFretumSolidly>
      <inroads>
        <gapperThomismGashy>retells</gapperThomismGashy>
      </inroads>
    </skewingFlaxy>
    <doddie>
      <harding>sanderDurdumSumass</harding>
    </doddie>
  </burdockWhiskyZircons>
  <circumZonda railman="stanzasCrams360" baldenBalsa="leadier" />
  <wetherSunning curpleTuskar="foulPrepay" lieverLobal="effaces" gestenShaders="merges">
    <rokeeApilaryBesaint>
      <longyiGittithFrecked>dorpsRehoopClavae</longyiGittithFrecked>
      <verninMimbars vandasFiordedRodent="capiasSpadix" min="receder41">
        <hattie>405070672</hattie>
      </verninMimbars>
      <redbugsWithy>
        <herdboySteep>degging</herdboySteep>
      </redbugsWithy>
      <bajury naiflyUnflown="functusReplierBedaze">
        <thouingFossate>pennet</thouingFossate>
      </bajury>
      <titanylLiernesSwaying>
        <stormy>judgeEtudeBim</stormy>
      </titanylLiernesSwaying>
      <lairds blierVial="saucingKolkhoz">
        <masherEnring>diesisCasters</masherEnring>
      </lairds>
      <shoggedDreed clerkly="lucked">
        <magismSackful>151549826</magismSackful>
      </shoggedDreed>
      <zapara>
        <barquesClaes>999</barquesClaes>
      </zapara>
      <kondeCraped gilles="improofDownier" dekle="poopsPontEvernia">
        <unflockCaromsOralize>edith</unflockCaromsOralize>
      </kondeCraped>
      <facesBantoid>
        <machera>pilled</machera>
      </facesBantoid>
      <averilKolkhos>
        <wrothy>burgles</wrothy>
      </averilKolkhos>
      <nookier starfulPlusiaExhumer="9" veruledSheila="6613" tookenArylateVeneros="wmkQuinoid">
        <sacksCordantRebuild>faitourSadhana</sacksCordantRebuild>
      </nookier>
      <gourdsOgaireKyrios kioko="scabia" zaremaSkimmed="unwildLothly" dhalMagmas="geosidFatlikeAmorino">
        <ablazeGnarly>moosInvidia</ablazeGnarly>
      </gourdsOgaireKyrios>
      <encharm queestChoiakOathful="746344" susanna="lunatedRinnerEphelis547">
        <pilluleVaws>4402266</pilluleVaws>
      </encharm>
      <outflewWashoffEplot randleTck="diegoBabied7">
        <vastierRoy>becolmeGenips</vastierRoy>
      </outflewWashoffEplot>
      <scerne rappingDiarchy="buffingPupiled7971" gneuCepterArbutus="railAssyth" predefy="overgoAnnexed2013">
        <faham>czardom</faham>
      </scerne>
      <lambent asweat="uterineChebuleMazard" ardeliaKor="57650611" lecternDumpies="cakiest">
        <fogoHask>8216534</fogoHask>
      </lambent>
      <chaoush>
        <ayontPonces>larrupLadeDoeskin</ayontPonces>
      </chaoush>
      <factfulSericonGigs>
        <lankilyRegentsFunning>416144636</lankilyRegentsFunning>
      </factfulSericonGigs>
    </rokeeApilaryBesaint>
    <oliveNerol>
      <drats>cyprianEquableWhitest</drats>
      <ennageTriplex>
        <rewishLandsatIberia>3</rewishLandsatIberia>
      </ennageTriplex>
      <pedlers nunkyApocyte="eposes">
        <guignolJassid>salmiacStucco</guignolJassid>
      </pedlers>
      <ugtJessica zenzuic="143930" shammesStruv="839839643" uppush="bespyHaddockEstable">
        <boxfulRattle>pipitsXicakEnami</boxfulRattle>
      </ugtJessica>
      <chloeRicinicExedral anxiety="baddestEnhelm">
        <atavist>thrymsaGaeldomSnools</atavist>
      </chloeRicinicExedral>
      <dhak triton="ristMishnahFluting" infarceFlocksInlaces="purveys">
        <outlledGobioidInvious>nonterm5</outlledGobioidInvious>
      </dhak>
      <fouty>
        <whites>tensely</whites>
      </fouty>
    </oliveNerol>
    <nihalEscaper>
      <lyratedPoochesLines>swytheKnifingInhere21</lyratedPoochesLines>
    </nihalEscaper>
    <grithsShallowCoals>
      <asteriaPogo>entrapEpichil</asteriaPogo>
    </grithsShallowCoals>
    <misfitsEfflateUnrow>
      <milages>turgentAgr</milages>
      <kosongTinmanPatd>
        <habukaGregory>poljeCrosse</habukaGregory>
      </kosongTinmanPatd>
      <lingamNdoderm ceratin="camlaChamped8" haumCycasesPigeons="tsking727" whosisLividlyVitrics="burt" macrliFlattop="preciteUrazinJobble">
        <swamps>insueExopodChoiak</swamps>
      </lingamNdoderm>
      <carnyAllegeInshell droolyAveloz="lowmostBoastsCorebel">
        <lubricLateens>83</lubricLateens>
      </carnyAllegeInshell>
      <orignalPshav panadas="carabinSimaKilneye1" blocky="tapling">
        <auntishMinoraUnsteel>oturiaDaubierMeles</auntishMinoraUnsteel>
      </orignalPshav>
      <scripsAcheckAraby stookerWeaker="ephod" jermFourth="isseiBatons">
        <jackrod>warrauEvestar</jackrod>
      </scripsAcheckAraby>
      <strackSwelth>
        <scugBinotic>1429</scugBinotic>
      </strackSwelth>
      <cussoEtagre low="epheboiShabashFaggot">
        <chilliCamay>toltOndyDiosma</chilliCamay>
      </cussoEtagre>
      <humbuzz>
        <psorousRegimen>mirky</psorousRegimen>
      </humbuzz>
      <bonorum>
        <corageHyenoidManfish>couleesGenevas</corageHyenoidManfish>
      </bonorum>
    </misfitsEfflateUnrow>
    <bizBushetBanyans gunterHeftier="warrynHuffilyLenny" teliaLarnyxLaft="sheepScarvesGoggly">
      <usable>exergueApathy1965</usable>
      <hurly nahuanDahliasTandle="bedecksSuber" clementLamnaBabua="chizzel">
        <soarerSulkRots>obiitTourbe</soarerSulkRots>
      </hurly>
      <searedDruxyUntrain sylphsWrathy="okapi" futuroFrijole="59407">
        <wechtGuising>adatom</wechtGuising>
      </searedDruxyUntrain>
      <imbodyBromize opinionTreatee="38852334">
        <hardilySuboralPank>exogyra</hardilySuboralPank>
      </imbodyBromize>
      <glucinaAbarisSeeling>
        <flem>agrapha3</flem>
      </glucinaAbarisSeeling>
      <lislesCarhopsLeached>
        <rajeevWartierAuroral>reetamGanamRebulk9854</rajeevWartierAuroral>
      </lislesCarhopsLeached>
      <rakisNonfactFinnan>
        <wytedStonierFole>mimmoud</wytedStonierFole>
      </rakisNonfactFinnan>
      <wiz spicierSpondilImps="woolman" casusPacable="spidgerAmylum2" soapsudJeanieXenon="sextuorUniwearPuntout" potsies="auto">
        <terr>latonaRublis</terr>
      </wiz>
      <calkingWindore>
        <sambelLearn>punkeyFerry</sambelLearn>
      </calkingWindore>
      <honed>
        <adeemedSedaterCotman>sapitBrow</adeemedSedaterCotman>
      </honed>
      <queered>
        <wedsResewn>420388158</wedsResewn>
      </queered>
      <canelXyloidSagathy ohmic="771769364" aphodusGenetteSilica="681" yinImdtly="leporisJanapumKiva19" timablePeliticAmor="loopingShire9">
        <plumpCasperDictaen>nisi54</plumpCasperDictaen>
      </canelXyloidSagathy>
      <nasrol cabalsQuamApprove="crownerEgaliteWrixle7" yarWeirs="bioseWaddy">
        <mutesHyaenic>nymphsKohlan</mutesHyaenic>
      </nasrol>
      <canones halitusLatrine="9592" platieUnmoist="circuleAussies" aphthaRoomierTurf="292">
        <crick>yaccaFacitPropper</crick>
      </canones>
      <sizygia haitsaiPentice="slodgePardon" moylSiskin="pultureBloopedImplies" shippy="217">
        <enrolsFrontQuellio>wabblerTursio</enrolsFrontQuellio>
      </sizygia>
      <famulusNoddySemilor gloamsWelly="ropeTastyHillary536">
        <adipsia>unglobe22</adipsia>
      </famulusNoddySemilor>
      <ainu>
        <lifen>stuprum</lifen>
      </ainu>
      <wattestPanned ramschMannessUptrill="moundedMutuels" doriaUnkend="96073" permian="punaiseAbattisEnwind41" unitiesCedulas="ganjasVoladorTagal9">
        <agogReguideKnaves>hontishLac</agogReguideKnaves>
      </wattestPanned>
      <routersColeus tronaDewaterLynch="writherRickets" baalize="steveIdleman" hilloWordierQuim="vaultCushatEffet">
        <cetene>81531568</cetene>
      </routersColeus>
      <aginnerCrabitScion>
        <seralQuoter>532</seralQuoter>
      </aginnerCrabitScion>
    </bizBushetBanyans>
    <coosersBrutal>
      <dindledToluideSautoir>tasStumperTumoral</dindledToluideSautoir>
    </coosersBrutal>
    <oughtedArerola>
      <setoutSiestas>hereinCorvetSolanal</setoutSiestas>
    </oughtedArerola>
    <flexiveParas barbulaCoryBlibe="benda" agreeDhyanaOttawas="cricketNurture" vaquero="36" skinner="nonactAlcogelJoseph7297">
      <deputy>rematch</deputy>
      <pisaDunbird>
        <wemmyRuniteGharry>ballBichy</wemmyRuniteGharry>
      </pisaDunbird>
      <orcine excuditEnigmas="padlikePillery" unbowAgaritaBedkey="gurgeon" raccroc="errandsSeughBacaba">
        <fugged>shriekyBerapt</fugged>
      </orcine>
      <orrices craved="kefir">
        <selli>tutelae</selli>
      </orrices>
      <pitanga moltNiobe="pettledGeminid51">
        <akwapim>skimmerGageite</akwapim>
      </pitanga>
      <thlaspi keelvat="rialto" csnet="tiento" nacre="amanteRandieSaliva" rhesisPairsFie="jiltersBenthon">
        <sixthlySistent>cadyingSparest</sixthlySistent>
      </thlaspi>
      <kuffiehBoltCoopers>
        <pholcidPlussesScaled>ahindHoopoesDree</pholcidPlussesScaled>
      </kuffiehBoltCoopers>
      <mohatraWormier>
        <fibroseRumplyTrabuco>7</fibroseRumplyTrabuco>
      </mohatraWormier>
    </flexiveParas>
    <caramba>
      <ingreatRetry>paon</ingreatRetry>
      <heired bestianLava="shifts">
        <sanpoilLockian>aspalaxWaifsMallum</sanpoilLockian>
      </heired>
      <wankerDecateCozier crickedPendMicraco="tripple">
        <capomoCarpingHuffier>nylast</capomoCarpingHuffier>
      </wankerDecateCozier>
      <entte flavedoNebulyViseed="vaguityByliny" retrackBarieClamped="acedia">
        <kodiakPommyAsh>wussRedcaps</kodiakPommyAsh>
      </entte>
      <dutchyIncaGideon>
        <liraOutlordPrune>discardAurene</liraOutlordPrune>
      </dutchyIncaGideon>
      <bellies upraiseHelixesYeggman="cyano">
        <farmsLappulaIllium>pairle</farmsLappulaIllium>
      </bellies>
      <wallagoBibelot sarra="almain" tarheelPalmae="berunZabermaYenite" calmy="muchFermi">
        <duros>653</duros>
      </wallagoBibelot>
      <aulaeInns flytes="287295" epicalDubhe="crashes" kayasthAlemiteDimna="47">
        <voceSongo>pludNonterm2408</voceSongo>
      </aulaeInns>
      <kebobsScouryRoust formedHylic="anthoodJibmanFashes82" tubedEuphuesHogmace="dustoorEntasesJatos">
        <mewled>tamulicCadjan</mewled>
      </kebobsScouryRoust>
      <hegiraEvzoneEbonize gareNoraShoe="humorKhuzi" cambiaCracks="lieuExterns28" almirahBiffingHipped="torminaJavahaiWillble" undenVoetian="wilesShakier">
        <biacuruComedo>603395201</biacuruComedo>
      </hegiraEvzoneEbonize>
      <pollistEctypes swabber="cosilyYieldedUniola" dubbaEngloomDawdle="nadeemSanpoil" tetrix="ooecialAlcedo">
        <lucayan>tolanSkiapodEndjunk7424</lucayan>
      </pollistEctypes>
      <simplesSlip biggestAgnusAvians="banat" reastyFidelio="hieing" lyssicFiniTwangle="scullerMisaverDoming" nother="877797362">
        <week>styreneSquailsUnbias6</week>
      </simplesSlip>
      <poteHurleys rioting="certisXenonsUntuned" cujStereoEwing="23" liltMastsOwls="drylyUnship" tsuga="fodgelGothic">
        <hezron>7116865</hezron>
      </poteHurleys>
      <vaivode tingentPunnyRle="store" accWhiskeyAlshain="weneNimshiVendees2" oblAbassi="hefterPileOxyopy" chewersGlobin="oraisonBaggageBornyl">
        <hormist>660846012</hormist>
      </vaivode>
      <wahabiPraya flayInchesGlean="harmine612" they="dilkerYate" aporiaeApatela="draffWithbegCreed" hyporitOximsWilful="keisterJisheng">
        <baltei>wifesHelderHoist</baltei>
      </wahabiPraya>
      <lureful gladsWaivodSuers="vagrom1" charcoBiseMisobey="tabernaTassiesBosk9331">
        <aleshot>premierCaproyl</aleshot>
      </lureful>
      <doupStark taurinMeldingPier="moraler" grouzeMucid="roubleStauk" routerCrotchy="laocoon" uproots="8178">
        <micerunSkitesGouter>468367735</micerunSkitesGouter>
      </doupStark>
    </caramba>
    <mutuelsCrows neville="midwifeUsually" gnarr="2238" nervate="almehMorate">
      <tract>lunkersChia574</tract>
      <modeled jitneurIncudes="excamb">
        <yeplyAbfarad>levoExedral2</yeplyAbfarad>
      </modeled>
      <seedyPistler vehmeSteen="314891">
        <etaminAcnodesEdging>eugenolTongsNoa</etaminAcnodesEdging>
      </seedyPistler>
      <duffiesStupids parateQurshes="agamid684" sloatCaupo="relet">
        <atwitchMechir>ubique</atwitchMechir>
      </duffiesStupids>
      <achene conjeeEmbostUnsame="triflerKeepingUpgrade5" noshedLatinerChaoush="hutiaNgapiKalend" sulphidOmelets="sickingNagging" goxes="scutate">
        <laylock>grusCrumbly</laylock>
      </achene>
    </mutuelsCrows>
    <anahao>
      <beatnik>vivantsMymarid</beatnik>
    </anahao>
    <gunless pupulo="dolmasPipple" pleasedJeepsPinx="choicerSimconPledgee47" mirzaStint="coaxesLimites" stalingJantu="animism" chieferOctavic="alchymyArchedEdental">
      <ikeSuicism>ebonizeHellingWindage</ikeSuicism>
      <passade>
        <fistEuecticThuja>317054</fistEuecticThuja>
      </passade>
      <doggessHuffle bums="peaiismFelsite7590" elevatoArdriTubas="unoped" hutchetFluoranPassewa="bivvy">
        <reelersBadderArenig>guttyPood</reelersBadderArenig>
      </doggessHuffle>
      <spurrey chewier="smearsGuildicAnoas95">
        <accolle>oldenCojoin</accolle>
      </spurrey>
      <aedes>
        <samaniCoccus>380750593</samaniCoccus>
      </aedes>
    </gunless>
    <uppropsTacanaSpaced>
      <oxalanConsy>newcalTrottieCheery</oxalanConsy>
      <encomicAviatesEuchre jetteauKismats="kurungBurgerShush6599" maydaysHertPross="apptdHedgingAgedly" gadmanHeadsetGenian="80104415">
        <muckerCankKneepan>railedBurnetsVee</muckerCankKneepan>
      </encomicAviatesEuchre>
      <sorose abettedWartime="hazardDrabaPuton" kulah="firstChasers" slogsCamail="haaf49" conoyWasoga="alecupComdia">
        <hottlePastinaYawnful>zonulaePelages4</hottlePastinaYawnful>
      </sorose>
      <betrayFauns lourdy="aerilyEarners" gaols="pippenCarwash6648">
        <pendle>571</pendle>
      </betrayFauns>
      <chethsPhytinsCarder coghle="gumpus" teguimaSubornDisbuds="pikeDecaneShamble9328">
        <tuples>perling</tuples>
      </chethsPhytinsCarder>
    </uppropsTacanaSpaced>
    <windyGobetClothes reveals="949" pulls="priam">
      <tunmoot>20549087</tunmoot>
    </windyGobetClothes>
    <rouche>
      <gymnics>ternary</gymnics>
    </rouche>
    <halloosForgery cheepedGloboid="gaga" atharHicks="chakraIncl">
      <blocageSecular>phytate</blocageSecular>
    </halloosForgery>
    <abadiaEos>
      <gulpierMomist>ampsUsaunce1</gulpierMomist>
      <bowIncleIstle milageMoheganJab="gon" donableUpwall="chukarsBogach" testril="vulgus" cuneatePleuralTegula="arnicasHennas">
        <pentoicLinecutTamzine>enray4413</pentoicLinecutTamzine>
      </bowIncleIstle>
      <penda martha="744094" prostasHatterHypogea="saitheHastiveMoira">
        <emagramBeeyardAphelia>barileSeismBuild</emagramBeeyardAphelia>
      </penda>
      <reselfHotspur klippeVibesGitonin="sexpots4036">
        <amphoreNosite>scrolls</amphoreNosite>
      </reselfHotspur>
    </abadiaEos>
    <letsRotors kashmir="nattleCrushedBoubas" mab="teave60" solodi="malagma">
      <orientPhyllis>upknellHookupsReprime</orientPhyllis>
      <fainted couhageTotty="biotas" vicarlyMatzot="8929023">
        <sogdianTenures>feasant</sogdianTenures>
      </fainted>
      <orthis cytomaPhasic="monnionStile" abluentCoryciaUnioned="lebbanUnbuilt" impeyanTuttoPoaceae="43689">
        <tururi>bringedInitive</tururi>
      </orthis>
      <lamblyPurge>
        <mohelsMushyYeth>mureinsKemptWilrone</mohelsMushyYeth>
      </lamblyPurge>
      <kismats peekSeaghan="shawm" smidgeAgentrySpancel="6267331" pinkerHamald="reeject3340">
        <whackyHarten>nashuaSoudWelshry305</whackyHarten>
      </kismats>
      <dichterHeedily eagers="indra" crickeyPinlock="lapelSeeledBathyl" graphs="spicaeMatterSkating" ginzoComarum="49561">
        <gladdon>winnows</gladdon>
      </dichterHeedily>
      <phoneysEchelle beemenUropodArvo="oppugnsFlour" wilyMouse="slappy6738">
        <raunOutwood>804291666</raunOutwood>
      </phoneysEchelle>
      <proemMassifsChoes unstackLoggia="sorbusVapoury">
        <serg>8359392</serg>
      </proemMassifsChoes>
      <panicalAckton mesobarMoxo="thurioViewerYoy" acingMewTarau="earwigWapatoXxv">
        <yinTypeyPirayas>sileni</yinTypeyPirayas>
      </panicalAckton>
      <lyinglyLentner trianon="organryOvigermWeftage" picklerPaucifyAssahy="radiansStuboyOutvied">
        <ucayaleStout>titferMisused</ucayaleStout>
      </lyinglyLentner>
      <coveys noserUnsizedShivah="oncerNematic" enriveBoychikKethibh="askari" pealikeBriners="1097404">
        <languetMislain>jiltersKangPlup</languetMislain>
      </coveys>
    </letsRotors>
    <rubberyDunger palatiaPadded="inboardWartimeRewave" readies="mundari" jaipuri="uncorksSulides" volcano="relictBlsPuttoo" chylifyBasinal="slowup6231" ankle="gapoEffectsEpodic">
      <ovenmenMoniedFossane>thuyas503</ovenmenMoniedFossane>
      <chindi clashee="seoraGrittedInearth" baubeesAbigailSox="peludoZoriInfulae773" skeesVeinier="galleta" irgun="grumphyIsopod">
        <loweKoombar>171713</loweKoombar>
      </chindi>
      <chinoisPreopenElatha engraspCoalifyProsify="moravid" hotlineSetoff="wittilyGnashed18" masoola="aghast" bulgyMandrin="evolvedAineeLias">
        <epicedeRambongBudtime>crammerOxalanPlagae</epicedeRambongBudtime>
      </chinoisPreopenElatha>
      <fonduk pianetDrawsNazism="cosiestSwat" limbate="wabNoziRompers" hearse="unriperPerturbJaseys63" anergy="onsideOoliths">
        <pariahsJessie>shankGentiinEddic</pariahsJessie>
      </fonduk>
      <zanza amdahl="agapeicObeyer" tits="pompalRametsGelee">
        <moslem>cusk</moslem>
      </zanza>
      <eustyle sirih="playoff" goyRuralFlings="flashed" exede="moyoTckMarxian51" toosie="macledCodersRemits">
        <tarocTumericReswill>pawnees</tarocTumericReswill>
      </eustyle>
      <medocMimosasKidnaps>
        <palew>9803638</palew>
      </medocMimosasKidnaps>
      <kopeks curtlax="assumpt2518" foibles="ascitic" caliphs="malurus" curupeyKizilAjhar="pettledSilane">
        <criant>toyshop</criant>
      </kopeks>
      <foxfish hodadKeekedFlyer="prickly" vowely="tendoor">
        <sanga>backbit</sanga>
      </foxfish>
      <buriersEely timberyQuaife="wourali65" daekonTenterBleaunt="spicier8618">
        <chinosPlowed>3</chinosPlowed>
      </buriersEely>
      <rabin amakebeOughtedKeblah="clupienPlanaea" buddy="kibesVulvate" lodemanVaulted="566" judaism="32670">
        <tomin>dunceAgisterPantry</tomin>
      </rabin>
      <agral>
        <platingWhosenAries>gobelinUnvextNappa</platingWhosenAries>
      </agral>
      <teddersBarrett kuttaurLimbieGrotty="dormins" polt="6224872">
        <hemipodChiveIcecap>cresiveTroakedHernia</hemipodChiveIcecap>
      </teddersBarrett>
      <fibrilAbuzz sleetsMissungQually="95048">
        <shul>girr</shul>
      </fibrilAbuzz>
      <purey alenconOutflee="151" sfzDrumlerKeech="salalGuesses" snackleHebrew="phasmidFpspsArryish" sophies="airless">
        <skeeWobbled>dreks</skeeWobbled>
      </purey>
      <esteemLepal bogaOglers="86141" soilureShuntSmutty="6" deposalVersosHoglike="monelTopersHadnt">
        <thatllMeldPastes>toze8131</thatllMeldPastes>
      </esteemLepal>
      <presign pibgornHeistPluteal="finlessGabbaiPampre">
        <street>chickyLogBarbed</street>
      </presign>
      <dulcelyBrowmanKicked weaved="tirasseDiff" hexers="bitter" coropoUnmoody="chappe708" hugging="kauchOrthant">
        <scarpa>stasis</scarpa>
      </dulcelyBrowmanKicked>
      <crinelOzias cfi="guiananUpby" cantors="mobbingNouWadded5">
        <tongingTalpifyPouts>platiesAsweve</tongingTalpifyPouts>
      </crinelOzias>
      <jetsamFatnessGelid entreeBanyulsBoogies="maguari" uniaxalPronuba="valutaNonslip" torulas="tattleBawdies">
        <ledget>340227</ledget>
      </jetsamFatnessGelid>
    </rubberyDunger>
    <rippon browd="twint" pulvini="monacoZippierUnwary" pumpRecept="vimenNeocene" pludUncoopOlinia="flusMonghol" teredos="ripelyFoppyTiffany3856" thorina="savoursRenne">
      <toolsyClicksSuddle>dites</toolsyClicksSuddle>
    </rippon>
    <summitsSexualeStegh>
      <phoo>gobiEyen</phoo>
      <dodoMusks fiumanHaunts="bestore" gaitingBishariSuint="puerileReparkPokom" toyoEnwraps="811">
        <knubbyShaftedFeigher>glutoid203</knubbyShaftedFeigher>
      </dodoMusks>
    </summitsSexualeStegh>
    <navetaBecladOvarium higgledOocyst="digenyPrevide">
      <buskersHajjis>closest</buskersHajjis>
    </navetaBecladOvarium>
    <stearic>
      <ripsawsAnlagenMiner>doncy</ripsawsAnlagenMiner>
      <gum resuitKmole="juttiedTubman" fascismLowerer="glassin" ppdSlape="ligulasUnhangs6996" bleymesJinkers="embedsDumpierSirkeer">
        <chewetDuce>folious</chewetDuce>
      </gum>
      <lieveYoke pondfulChase="goonie" smasherFloweThenad="warnersValuersNerita" nicols="goonch1222">
        <entrept>sinopis</entrept>
      </lieveYoke>
      <trisulcCasalty>
        <wounded>hewgagMercer</wounded>
      </trisulcCasalty>
      <zebruleLeerierJurare>
        <fauces>gorryBachGloves</fauces>
      </zebruleLeerierJurare>
      <awed chonta="affereLullayDocking9543">
        <ioniTauterLegging>234289</ioniTauterLegging>
      </awed>
      <forletCont goup="cristaeLaqueus" deducedUglis="neurone10">
        <zestierNewburgJctn>85</zestierNewburgJctn>
      </forletCont>
      <tiptop outovenFestine="tiguaKittulAroint" kanara="pantasHypoidNellie" venomerJarviesHartin="sentHemlockTersest">
        <windledBroachThorpe>borizeCoffeaAngsts</windledBroachThorpe>
      </tiptop>
      <hojuPattyBlady>
        <umiaksPulikCinter>deduce</umiaksPulikCinter>
      </hojuPattyBlady>
      <archeus yar="metageMidair">
        <foun>gunplay</foun>
      </archeus>
      <enblocPrnNilghai plugged="catcher">
        <sangrelCymes>nulledPiqueur</sangrelCymes>
      </enblocPrnNilghai>
      <sacquesVisto suidSpaniolYapok="140305" tauriteChozar="huePanurgy6" hircinDaimielPyruwl="yachtsAbn7671">
        <moodirLinden>sauceryWeedyHarming</moodirLinden>
      </sacquesVisto>
    </stearic>
    <coohee>
      <outlung>faucialGroverExtg</outlung>
    </coohee>
    <lotukoTrindleNiobe bocoy="unrash" julidan="52921194">
      <papricaSixmo>vaporsCacicus</papricaSixmo>
      <murkier nandaStratiPeacher="bodefulMandalaRas">
        <moule>prelossSleeted</moule>
      </murkier>
      <fromageSainedResorbs dudderyRebawl="pternaPindal" bienneFungusy="axledLimose" haziest="bracesTastenTelium" sooner="6997246">
        <judasesPurrone>235</judasesPurrone>
      </fromageSainedResorbs>
      <algenib whineyTarok="ribston" tipupKhella="scoopFantodsSkunk" triflesDardaol="betoilTurfedInfame">
        <lansatCardium>apeakKiddushGrabman</lansatCardium>
      </algenib>
      <shaversAboutFoss unsworn="9">
        <teecall>punce</teecall>
      </shaversAboutFoss>
      <amniac>
        <airmassMaranonVillose>aseaSnowie</airmassMaranonVillose>
      </amniac>
      <alloyedLivingUltimo>
        <miscoinBindery>visa</miscoinBindery>
      </alloyedLivingUltimo>
      <cladineImpact elders="enodeLallLasher" brander="1" cymule="metros5">
        <isuretMiddest>sandpitAnon</isuretMiddest>
      </cladineImpact>
      <addrestDopper>
        <savant>serfs</savant>
      </addrestDopper>
      <brythonMummickAmbiens pedesesBaguet="wyrock">
        <yanquis>escortsFeal</yanquis>
      </brythonMummickAmbiens>
      <bethelXenurusSpoach tayirUrnfuls="bubblerUpgradeGuised">
        <ptyHigdon>bumphCookishSoogee</ptyHigdon>
      </bethelXenurusSpoach>
      <serrulaByward copseSurahi="figoGernitz" unbulkySkinsGreeds="plakSpell8" burgageNicols="847812259" eellike="quarleIncitesCayman">
        <avale>dribber9</avale>
      </serrulaByward>
      <quangosPussiesMasu>
        <tibbieDode>5775</tibbieDode>
      </quangosPussiesMasu>
      <onusesVerists manjackRealm="garbing">
        <clucks>hardAndaste</clucks>
      </onusesVerists>
    </lotukoTrindleNiobe>
  </wetherSunning>
  <oddMeconCaboose amidPrelim="rchauffDehairDuppa" oleate="blouses" davit="denmarkPromoveVarkas59" imposts="kazak">
    <langueOathay amyrolWeekly="616233291" novumDemarch="peachesWhizzerSquelch">
      <refugeLingy>beath</refugeLingy>
    </langueOathay>
    <paviorKraversOxane>
      <draughtCorrel>pultostDrammerPoales</draughtCorrel>
    </paviorKraversOxane>
    <coomyGlimesCorema sovransPortassOubliet="beylic" rhoncal="shedPeaces" missiveJasiesOustee="moutheSoftish" bewakeVermeil="531458099" kyanolWeddedTowed="ambitSoloing" hotels="767973716">
      <embay>latexTadjikStrake</embay>
    </coomyGlimesCorema>
    <bedways>
      <alliedAnatumWiggled>iambusOxymel</alliedAnatumWiggled>
    </bedways>
    <retenePaginalAnker>
      <bynamesRooter>slayingUncinch</bynamesRooter>
    </retenePaginalAnker>
    <ladylyReswell>
      <parochIwearthLaky>cicadaeNaiasSigher</parochIwearthLaky>
      <burliesSofkee bertie="moulyTatersDawdy30" bind="balkingOcytePerses668" hiera="wiserFencesBatboys8" sandipMaenadGamash="121938">
        <shroffsPiuteForches>vocal</shroffsPiuteForches>
      </burliesSofkee>
      <jalouseChildToo prevotSickbedOilman="92">
        <mislive>miszoneYuckierGraylag</mislive>
      </jalouseChildToo>
      <fungousLain achyliaFlier="halids227" fowentLamusVeter="glaurRudish" caroidInkier="kamis" glove="mercify">
        <arghelCliack>1</arghelCliack>
      </fungousLain>
      <glochidVanedSteads scattJurymen="1100588" sketchy="refliesFriller" floggerPeepulAlienee="prows">
        <inuresCadmicTeri>8999682</inuresCadmicTeri>
      </glochidVanedSteads>
      <sedans beprank="toscaBennis" hengDapples="flunkeyFeasantCuvee35" sags="26821344" gruffer="6706142">
        <hdbk>atollsMacchie</hdbk>
      </sedans>
      <hidalgoUnneatMorphea hiney="bruting1">
        <obtainsAilie>3</obtainsAilie>
      </hidalgoUnneatMorphea>
      <vedicSords wintle="2179" heeltap="quinte">
        <gaggerCabaho>untimed</gaggerCabaho>
      </vedicSords>
      <exiler seizedPilaffsGroins="8" lathesAmylicEnoint="howel" spattedBaloneyWiking="vaults" angaCott="ethynesWhizzOrgy28">
        <songsArris>gardnap</songsArris>
      </exiler>
      <tagassu abscamAbiesLignum="derridTones">
        <augiteDonecNappy>bakenDuskyManling</augiteDonecNappy>
      </tagassu>
      <lamedsCessioAdai gomeralSlogLbinit="nitriot">
        <gawkier>mennonUngtPhratry543</gawkier>
      </lamedsCessioAdai>
      <exectFavousDizzy>
        <boudMonomya>69366245</boudMonomya>
      </exectFavousDizzy>
      <bluelegWames maleaseDrasticLoculi="yatvyagBoggierWonned">
        <vavAbampsHalibut>glossaePomaded879</vavAbampsHalibut>
      </bluelegWames>
      <cswPompon momentoCrass="jumpierWidishMaremma" hirenAveraBrawlis="unbrandGarigue465">
        <cytisus>tehseelHaesAnaxial</cytisus>
      </cswPompon>
      <reflair tuikUnbarDebell="cupid173">
        <haymishPishuEgoisms>sapwood6091</haymishPishuEgoisms>
      </reflair>
      <pelon>
        <pliancyDetains>822</pliancyDetains>
      </pelon>
      <paritorFisc setigerCosey="rumlessBasts" gore="ecesic">
        <canterEcorche>upbring</canterEcorche>
      </paritorFisc>
    </ladylyReswell>
    <towhee>
      <hederinMumpZygoma>accableCensesTerran</hederinMumpZygoma>
      <graithFaciaMamaguy phit="mumpedSwainZoos" frase="5015548">
        <plashet>fixedAntaeanBiflex</plashet>
      </graithFaciaMamaguy>
      <feirieBethels>
        <rindeClocher>suppage</rindeClocher>
      </feirieBethels>
      <creamSoots>
        <defrays>hadronsAbiderDerning9405</defrays>
      </creamSoots>
      <kamansiPlatly bookendZitzithIberic="aliquot">
        <scultDombeya>mughoThermicAlluvio415</scultDombeya>
      </kamansiPlatly>
      <idlest griecedAceraeHirsled="31">
        <shucked>devastKnits</shucked>
      </idlest>
      <dcollet dithers="psiKalpisRoaming" cariyoActionLayout="skunked69" oozoaSpline="ciliataCollideZoeform" gulist="80">
        <cothurnBrulyie>whickEndplay</cothurnBrulyie>
      </dcollet>
      <surgingAllez torero="lawgive" issuersArboretWaeg="419822">
        <vigilsNovale>cherubs</vigilsNovale>
      </surgingAllez>
      <taslet sambhurEvehoodInn="prongedBoulle" manweedKoalas="fenetre" passenRewash="clacketKnet" grillyAirmen="carlock">
        <redcoll>77</redcoll>
      </taslet>
      <boreen dewoolsRecite="710822" winevatHerein="grippleBulbul" turkeysForeseeHomey="girshes" queasomVallotaHalted="doddersPickelPiling">
        <saffronNobatchDunk>beagleLomaMoult753</saffronNobatchDunk>
      </boreen>
      <lochlinHoggins gobbing="bond">
        <servers>holmsDuskedLedging</servers>
      </lochlinHoggins>
      <voltesMaitres>
        <burroRadiov>augendsMopokeHausse</burroRadiov>
      </voltesMaitres>
      <drownds coing="notedlyUnshotChita" valetedBantery="furrilyBelock" baguetMuckTickers="306" kudosHasletsCee="grownup">
        <blawnEstufaCigale>imerina</blawnEstufaCigale>
      </drownds>
      <geitjieSqudgyNapu dhole="arboryFezzanIngan">
        <simplexTheist>useeSexistsNanako</simplexTheist>
      </geitjieSqudgyNapu>
      <ruminalOoglea implialSairly="364031107" wavingPicaeSnakey="tellimaDilutor" aspalax="octaviaRaiae">
        <craniomFarineAtnah>illessIrid</craniomFarineAtnah>
      </ruminalOoglea>
      <amusiveJokersMinting solanos="pedaryRannel" groundsRokerEmpresa="trichiStarniePynot" uniwear="mtd" pallorOilcakeCueist="anaSequelaXyphoid">
        <buyersShamLeskea>waitTaggedDreidl</buyersShamLeskea>
      </amusiveJokersMinting>
      <flashesMintsCues picaro="aneurin4" talthib="dugongsCoadore" tariqatGorgersGamey="glutoid" blancUnsnibMars="lormeryTissualScotic">
        <moric>tayronaCombo806</moric>
      </flashesMintsCues>
    </towhee>
    <curving>
      <nuclein>crabsMarco</nuclein>
    </curving>
    <shroudy knolly="bravishPeleusBroth" essays="data2" inbits="674" cretics="outbawl" uncededJetbead="ignoresCaptansCabbage64" zenaga="tarsusNephiteSouper">
      <alepotGobbleDogmas>559243</alepotGobbleDogmas>
      <pacsHowes sorite="aeraria" biassesChesty="jingalTaperedDentil" plumeLading="tergite" tergite="cerosDucallyAbaisse">
        <misaimDanismHourly>yukiMoolveeKarns</misaimDanismHourly>
      </pacsHowes>
      <restageCapilli floeNoneneHydras="lottaBrinceJibmen" dappled="bendeeIambus">
        <mucosal>whams</mucosal>
      </restageCapilli>
      <floran negusAuctorsGilts="divergeAltoun" ipseity="piraguaKouSwaraj231" clompedCrimper="358" zoid="chalkerJammy">
        <preallyEnfireGuildry>pleione</preallyEnfireGuildry>
      </floran>
      <tawpyAlarmsJujuist chinasPrisePlotted="boppersTweezer" bistQualmy="entre" capable="sadleirPothuntZambac" bavoso="callumHyoides">
        <repsPhobism>farleuToddler</repsPhobism>
      </tawpyAlarmsJujuist>
      <gur>
        <lineal>bornean</lineal>
      </gur>
      <tappoonMozosRedame>
        <aymara>2</aymara>
      </tappoonMozosRedame>
      <poetessPfg soja="parganaMiledh" cadent="bolsonThripidCarroon" exolete="kronurReflingAnnicut">
        <kantarsHorim>perche</kantarsHorim>
      </poetessPfg>
      <touserVarmint bactrisAlnicoDoating="pumpmanForfare">
        <inveighWiyat>cribo</inveighWiyat>
      </touserVarmint>
      <nahumMagicsAnisol>
        <turkifyArdency>5678</turkifyArdency>
      </nahumMagicsAnisol>
    </shroudy>
    <clayenGislerResawn>
      <courieUmiacks>kittlyLimits4</courieUmiacks>
      <tooshVacoufMight assi="scrimerPinfishDeading" cringerScaglia="dixiesDatilNephews" rudyFuckerCotoin="chervilCascan">
        <goliard>bullace9941</goliard>
      </tooshVacoufMight>
    </clayenGislerResawn>
    <dodgeryAuditorLister>
      <itoWaiguliTerzet>inviter</itoWaiguliTerzet>
    </dodgeryAuditorLister>
    <porzana>
      <akazga>tarsaleVinalia</akazga>
    </porzana>
    <cramel banishAscii="ganged" rosarioPajama="shakta" kitedKipseyOkee="ngwee" herediaFiretopPulton="5519">
      <sueded>2</sueded>
      <elvishGloomthSorb lactideSkilful="brutal">
        <reduplBlitzed>mannireDemountPortail</reduplBlitzed>
      </elvishGloomthSorb>
      <unhome quits="snipperWelled" nebelHug="7195890" citrusReissue="strixSawed6300">
        <winepotForgers>purerTarresNorito</winepotForgers>
      </unhome>
      <traSangar>
        <uprouse>largetSquetee</uprouse>
      </traSangar>
      <slothsChacmasGeezers unamo="piquets" peloricWullieBerk="kthibhThaeBrest" rattish="outate">
        <overbuy>marshalRuelliaDented</overbuy>
      </slothsChacmasGeezers>
      <ownerBastingGrade styxianMiry="almuryShariat" bashing="trioecsFistleIncubus" beliing="waivingForborn" aide="reveryAssePodgy">
        <nesokiaComourn>tatouayBeclogs</nesokiaComourn>
      </ownerBastingGrade>
      <yawpsSlurbanTinkled mazesKashasGowns="heezeTchick" spancel="dimyaryRoofersFumid">
        <birgandRumaged>goofyArnebTumults3101</birgandRumaged>
      </yawpsSlurbanTinkled>
      <negate odor="triplesLonglegKrems160" ripstopFuzees="manheadEpitokeHagdin" sarifBakieGnide="rehonedArgolid">
        <mooed>asteer</mooed>
      </negate>
    </cramel>
    <disgageDavenMicella botonny="estevinTumble" bodgie="eigne">
      <corchatGarrooFuegian>290</corchatGarrooFuegian>
    </disgageDavenMicella>
    <banande>
      <paukpanArryishQuintad>pokeysHeliosMorone</paukpanArryishQuintad>
    </banande>
    <datanaHaiver>
      <hueSoupcon>389254609</hueSoupcon>
      <xivGlobalSunder>
        <synura>yessesCatched6</synura>
      </xivGlobalSunder>
      <ooziestJuglone>
        <magic>aneuricMamlukTulipy</magic>
      </ooziestJuglone>
      <recaseUroodalNickie>
        <cineolsMartes>fouteTriarii956</cineolsMartes>
      </recaseUroodalNickie>
      <sniderTurvyCoan>
        <rewrapsYeming>janCattery</rewrapsYeming>
      </sniderTurvyCoan>
      <faeryUncoly quawCouleeGaut="hesBeduin">
        <broachSugared>cluckyTash</broachSugared>
      </faeryUncoly>
      <ruse>
        <rocCadgingBolded>vigonia</rocCadgingBolded>
      </ruse>
      <wiseguy kulak="bridges567" kytesPhillipKerewa="dobbinsArmedBolomen" thrushEstate="premiseAkron2" astersChekaNigella="wodeThemingDewanny">
        <griding>runsyNabak</griding>
      </wiseguy>
      <drammer rebite="2174269" peeliteCoecum="radishDalf">
        <spalledGleed>emoveIllicitBoaster</spalledGleed>
      </drammer>
      <whoopeeClawker meltons="saltery">
        <sacralPhotal>sorosis</sacralPhotal>
      </whoopeeClawker>
      <effigy memosNicky="welkins" agritoKousso="seizureThrangGirded791">
        <vinoseScaped>6799</vinoseScaped>
      </effigy>
    </datanaHaiver>
  </oddMeconCaboose>
  <derangeOchers seckelCarrierEthic="363918010" />
  <codaTath duck="ayelp" succiseEpylliaBough="917" cyul="491108" />
  <endgateSowcarsPolios forebayArgles="381" haislaAddn="uniters">
    <piffledImitant>
      <goatish>swinneyAlasasMonase604</goatish>
      <bainite aniceWander="achiestAlmoin">
        <weepers>bedayOilways90</weepers>
      </bainite>
      <hadarimEdgrew>
        <unvicarSnary>tobymenWoundly</unvicarSnary>
      </hadarimEdgrew>
      <avernus electraBumpsDietic="wowBanned" preppedDorserAquaria="kidnapYadava8">
        <beeheadBogmanWorking>becurryTum</beeheadBogmanWorking>
      </avernus>
      <thripidSexilyAnotia>
        <bryonyNimshi>unfitsInrunDragger</bryonyNimshi>
      </thripidSexilyAnotia>
      <coblessFlued chizzTablierMissus="scrollyMumping" conic="19591826" nitryl="13992">
        <florealDeiridPiete>poorLetitia</florealDeiridPiete>
      </coblessFlued>
    </piffledImitant>
    <parleyWoesomeForset>
      <emmenicShock>480849</emmenicShock>
      <gunnerIdigbo>
        <bejazzLunch>cotchNonacid</bejazzLunch>
      </gunnerIdigbo>
      <rhymesCheats sataiRetubeRewarn="nevellSisi" dindledJihads="coplotOsiPulajan" timauaCaninal="ozonify" fez="ersesScallSqueege">
        <pein>erepticSeductVennel</pein>
      </rhymesCheats>
      <kroneSkills leslieAtoner="gootee">
        <blamed>testsDangledUrol</blamed>
      </kroneSkills>
      <ruedGleanerMaycock horselyHoloku="asarumUnburn">
        <pranavaPaisans>flexedRedbuck</pranavaPaisans>
      </ruedGleanerMaycock>
      <epagogeSteroSelina smelted="centaiGusts" ejectum="jottersOutgame" heehaws="4">
        <laseTerzio>quote</laseTerzio>
      </epagogeSteroSelina>
      <reysonXyster smokosMyitisAnama="maughDiporpa" ritaDisme="catechuMonoticMimmoud1">
        <penial>mustiesGyppersFlues</penial>
      </reysonXyster>
      <exilesTorchedStucco guama="spoorDismark">
        <phellum>cubans</phellum>
      </exilesTorchedStucco>
      <pixesDarkieSomital dozenth="deckedAbidiJough">
        <inaxon>27</inaxon>
      </pixesDarkieSomital>
      <unrude reedman="epidemyActuate" coeliacPabouchCre="agr" gardnapAkelasGobioid="bigotsLogroll">
        <krillArage>carpusCleated</krillArage>
      </unrude>
      <axillarBeaters lydianNecton="paikerAntics40">
        <fidgedBochur>cheersTulchin</fidgedBochur>
      </axillarBeaters>
      <dagoba haversTrekkerNanny="manlilyRunout" fotmalUnpaint="48907473" fleecySixfoilAstream="1" striptAnisic="djebel">
        <rivinaFristLams>ary</rivinaFristLams>
      </dagoba>
      <acidize ruffinDebutRarity="becall">
        <bikh>jangheyStative176</bikh>
      </acidize>
      <flarySalolsCautivo mimbleBaburd="ovicell" zosters="abuserMools2261">
        <restain>sagos</restain>
      </flarySalolsCautivo>
    </parleyWoesomeForset>
    <misseatBadaud keas="sherifySeville" teuchit="51" unpacks="blowze" ahongRustleUrol="mitersScopa" chasmHotfootVallums="tagusGraderExhorts" fibsEntrapsBrave="bepride">
      <sobbedCrisisEddaic>orbitVariate</sobbedCrisisEddaic>
    </misseatBadaud>
    <towzieIcierThore>
      <kylixRefound>71</kylixRefound>
    </towzieIcierThore>
    <mismoshTeneral>
      <nerdSiressFopling>quaedam</nerdSiressFopling>
    </mismoshTeneral>
    <douradeOdistTickers>
      <vagueItalMoiest>borgNummusValet</vagueItalMoiest>
      <hoorahsAskersPts syrtic="hewable">
        <esseeDueler>cheminsNoterSuccula</esseeDueler>
      </hoorahsAskersPts>
      <veneti wakeupBenamesTupman="vernonPatacaDipper">
        <orgueBesmile>outrungAetLalo</orgueBesmile>
      </veneti>
      <tantraAdieu jacky="412151075" tickney="celloidGramas" frighty="soli" rebellyZonatedEnzym="unweptRfoundUnslain">
        <stealerStonedLaxity>yds</stealerStonedLaxity>
      </tantraAdieu>
      <wailfulGaggingCoony cointer="hobLastsDryest">
        <pitcherWittall>mara</pitcherWittall>
      </wailfulGaggingCoony>
      <sconce>
        <boltyNutmeg>647239</boltyNutmeg>
      </sconce>
      <auronalAcorea>
        <untipt>emceeSalada</untipt>
      </auronalAcorea>
      <tanjibMoralQuote gttCarabid="120498" upflungOutfall="batmanOaryPschent" jerezUnvicar="3251779">
        <redbirdTudel>dueller</redbirdTudel>
      </tanjibMoralQuote>
      <promWiggery guarani="crom" spud="luzula">
        <foliarFelty>emetin</foliarFelty>
      </promWiggery>
      <farmy ogles="petate" altars="allyou" boranYielder="baptizePias" soudansPinked="lawks">
        <partans>retookManasGamari80</partans>
      </farmy>
      <karaganCobang deists="anemicCohen207">
        <middle>shaderShor2</middle>
      </karaganCobang>
      <bijaJejunumBrasse chymeSurasCogger="tallWaufSuranal33" spirtleErsatz="59984">
        <stradDomett>9</stradDomett>
      </bijaJejunumBrasse>
      <tankert bearHenyard="tictac1" tactsRattage="incide7059">
        <oleanaQuaighs>premitSupai</oleanaQuaighs>
      </tankert>
      <vinoseEaved>
        <ungetZonitesYorkers>abacus</ungetZonitesYorkers>
      </vinoseEaved>
    </douradeOdistTickers>
    <bowsesDemonsRecond>
      <woodlot>795</woodlot>
      <teucer>
        <aggro>negatedUnhumid89</aggro>
      </teucer>
      <menorahJelskeLam gloeaEnornSleezy="9720" outblew="ratineCalami" amoeban="453924542">
        <thornenBebayRamadan>slidderOffcomePrance</thornenBebayRamadan>
      </menorahJelskeLam>
    </bowsesDemonsRecond>
    <esd parlyComrade="177881" smotterPiotrAgroof="carpedNoncon">
      <precideFosseHexanal>doodiaPledLur</precideFosseHexanal>
    </esd>
    <triaticCaraho>
      <whally>tawgiTunoBrandon</whally>
    </triaticCaraho>
    <dharma flaneurNieces="summonRamonaBeylik" porting="48030736" scampObrizeUnprop="zimmiMorbose" varletZufolo="costedArmletMimetic" veineryNebrodi="epidiaSerawTermor">
      <nubian>shuntTimbern</nubian>
    </dharma>
    <mulder>
      <mawn>cibolanGogga</mawn>
      <buat ataxiesSiversTritely="praiserYakutKokopu">
        <xenianWarlike>thysen</xenianWarlike>
      </buat>
      <mestlen>
        <yeeuchMerop>orpit</yeeuchMerop>
      </mestlen>
      <endomeOsmanli>
        <curatel>tzetzeJojobas1475</curatel>
      </endomeOsmanli>
      <seasickNomancySemper curingBhat="509551" saccusOrwellHecate="hemlBeshag1" uriah="mucoidKansas" kiack="guv4040">
        <uzan>nutriceMaumetVira</uzan>
      </seasickNomancySemper>
      <putheryTedded mimmockCittern="threipBlakeLewisia80">
        <taisho>vetoing</taisho>
      </putheryTedded>
      <plantae chicoteOutking="479458" brucins="dustupsUnbaled57">
        <periodsMarkabTeazer>7</periodsMarkabTeazer>
      </plantae>
      <megasse>
        <parleyLoren>2</parleyLoren>
      </megasse>
      <chymousAzoteQuaigh dreck="642050117" iciclesPinonic="bregmaTapingLimp">
        <fullfil>dilogy</fullfil>
      </chymousAzoteQuaigh>
      <vexesFob>
        <rapineCuspalOhmages>psaloidHylic</rapineCuspalOhmages>
      </vexesFob>
      <phenolsDepit bands="surianaAaron" barlingRoyFumous="2" tumfie="32696" bollies="wetting">
        <chantry>hooleyAssman8820</chantry>
      </phenolsDepit>
      <foumartVrother dippier="unipod">
        <becurse>carte</becurse>
      </foumartVrother>
      <outtore vocably="rixyWaltz" caneva="jacanaVailsBoggy380" abusiveCivvyAbilo="hynderSnuffleNibbing">
        <othmanyRealerHornily>8298237</othmanyRealerHornily>
      </outtore>
    </mulder>
    <diarialAdlessSerbdom>
      <burnyWearish>warabiCanneleWealths</burnyWearish>
      <bandog shoredJussion="magusPoisonsBanga" frappePadouks="412">
        <garadRecd>wetnessWinnardTallest6128</garadRecd>
      </bandog>
      <crickeyBycoket sellieSaintly="imps27" gheberTattvaGloss="90910" rescrubCalumnyFaffy="8002125">
        <tupiksPapery>triodesGapedFplot</tupiksPapery>
      </crickeyBycoket>
      <fieldy sabers="uncartGalliumSlimer" neronic="guenepe" araraoVerveBlabbed="upbeatGrasConvive">
        <poroticPalank>dolmans95</poroticPalank>
      </fieldy>
      <lyophilWissingTravail>
        <crummedMorels>sanious</crummedMorels>
      </lyophilWissingTravail>
      <maugisDaunii potance="nellCongouTowels" lychee="panmugKefiric" nazard="kairin" unrisen="dogsKinetin">
        <wistfulVerek>chabuksLochiTricot</wistfulVerek>
      </maugisDaunii>
      <histrio higglesReharmLicet="trillil" ramadanWayland="whampDevalue" haltereFaecula="aquabibBoodler702" nakederNhan="yowes">
        <repewLocaNimming>waulingPorr</repewLocaNimming>
      </histrio>
      <vestlet vicing="3907933" norard="sinic9" bandaid="purlman" sapaDolmas="169">
        <mongerySnoresSaute>pretDepayseKrems</mongerySnoresSaute>
      </vestlet>
      <soughed nusakanOutwaitAuh="surd" skegger="morice40" cotutorAnotherPorgies="21" lungisBastideFermate="narisUnmakeBins">
        <atinkleHaulersJostles>mistendOchreStormed</atinkleHaulersJostles>
      </soughed>
      <hatbrimChumpSparse>
        <lunchEmissiDroshky>lynchetMorgens</lunchEmissiDroshky>
      </hatbrimChumpSparse>
      <awonder sabirNomGeswarp="artal">
        <uplimbDedans>6743514</uplimbDedans>
      </awonder>
      <radishFiddlesHoddle templum="gaskinAnapesMercal" cultual="5545064" repavedRosaHoeing="botongGlucid8018" arrimbySolipedUnyoked="banquetMundaSetous">
        <unsoil>nippilyCaudaeZeatin</unsoil>
      </radishFiddlesHoddle>
      <burkhaTurp wannessDefenceLimidae="nupson" futuroSplatsSpells="retteryCarmen" flake="impeditKummelsLademan">
        <weenedKinsen>uprisal</weenedKinsen>
      </burkhaTurp>
      <sharadaHangarsUlla>
        <spirula>lyingly</spirula>
      </sharadaHangarsUlla>
      <maistryChammaNitro soloIvray="22" radeur="runtierBossingShatter" healdBusboyDroger="10643112" topersFatwood="gentleLiliedWiddy">
        <rubleAspirerGreed>facesFooted</rubleAspirerGreed>
      </maistryChammaNitro>
      <fiking deckmanZinger="gloomthOutrigDomain74">
        <catkinEgests>punkah</catkinEgests>
      </fiking>
      <wackesWaxesLeggin closes="7560746" auric="nuzzer" thomiteVirginAsianic="absvoltMatchetGrunted" peipingCasher="gliffyZamenis">
        <gervasePolster>methol</gervasePolster>
      </wackesWaxesLeggin>
      <jagCeboidChafers aminizeBebeast="5">
        <reprobe>humates</reprobe>
      </jagCeboidChafers>
    </diarialAdlessSerbdom>
    <fellows lunated="balonTobaccoPlovery">
      <velcroEvector>weederKiva6514</velcroEvector>
    </fellows>
    <uraniidSemiarc bursaeGrimfulGuttate="otkon" lairdFicesTorydom="94016" stoatsNociveAsyla="uncouch" waik="codlingFumierEjidos" curari="marxian" bajadaGreith="3714">
      <lunelKaolinsCasting>hotpotSwinge</lunelKaolinsCasting>
      <dapple soyate="mesiad">
        <juwiseFovilla>chalaco</juwiseFovilla>
      </dapple>
      <abnerObeliskMotived boastsFlank="guzulPaseoAdnexa">
        <teensDosage>fahlore</teensDosage>
      </abnerObeliskMotived>
      <chinasCosies smoogeTeererRevince="pansiesIdyls" belgicUnbias="tagetol" balldomLeastsAnonol="frecken2" dugdug="probingHeavers">
        <flawsIqsCamas>7323</flawsIqsCamas>
      </chinasCosies>
      <heels revets="2" japers="fingu">
        <poesieThacks>tuteloSasani</poesieThacks>
      </heels>
    </uraniidSemiarc>
    <ourselsEpoxidePickmaw>
      <egoDaffedNicaean>dwellButtony</egoDaffedNicaean>
      <amarin acnedUpway="repeals" licheny="mostingRhibiaRebob" stringyGuan="chaumTuplesUdal">
        <grouchoCowlingKnocks>dacianRamtil</grouchoCowlingKnocks>
      </amarin>
      <doored tannestFumuliFifths="metusGreekWeki" gamuts="grunzieTolidinFuggy" amboBroiled="fistuca">
        <vesselCuckold>73669133</vesselCuckold>
      </doored>
      <bodegon antisiGarnCaliph="89437" toggedThieflySlavism="bisksSctCudbear" uncroptMonuron="flamfew">
        <gurjaraTekya>pelickAtule</gurjaraTekya>
      </bodegon>
      <phillisBailiesUpbrim hwtEnactsFellahs="glamTapuyan" stetted="bason">
        <keekers>choreicTackDiallel</keekers>
      </phillisBailiesUpbrim>
      <pinkerSadismsNegate bib="coticeKnopsTavola401" ulidiaBlimps="gaiterBembaGabies" fingersAlphol="spurdieBogartDeek">
        <polygonWacapou>joylessTacanUnrived982</polygonWacapou>
      </pinkerSadismsNegate>
      <poseurPogoniaFlavour flan="shochetTawsedAnimoso" tortueScummer="bullRankest">
        <miladisDerbendSifac>filumPlacus133</miladisDerbendSifac>
      </poseurPogoniaFlavour>
      <gittiteReetle>
        <delsGorgiaQuent>84</delsGorgiaQuent>
      </gittiteReetle>
      <adsmithRescindMease shriekyOuphs="whush" pantileCapuletCresols="hedgyKeist" cracketDuster="conchesBoshesSalpid" ovarianFonts="tabRenegesBriss">
        <lastageVespinaYuit>ferlingBrioche2</lastageVespinaYuit>
      </adsmithRescindMease>
      <warrynWantageFeedway younker="fellic8">
        <igorotCanid>palletsEntom</igorotCanid>
      </warrynWantageFeedway>
    </ourselsEpoxidePickmaw>
    <argeanPrevise>
      <jundieJamber>albanyTsktsks</jundieJamber>
      <roukyAcutely scaleniYuncaFavous="lienor" barringEcuador="obeche">
        <sudariaLasset>aliningQuelch</sudariaLasset>
      </roukyAcutely>
      <galeaePaniscQuircal>
        <alwite>piggishJavelinBoloing9</alwite>
      </galeaePaniscQuircal>
      <karvalTailingPeplus bentangPipple="railway7">
        <trah>7871</trah>
      </karvalTailingPeplus>
      <grip>
        <zenonicThornFucus>sylvicUncitedCold</zenonicThornFucus>
      </grip>
      <valerylMundify cushaws="whutter" talletFetter="sederMuns">
        <vagasRadman>kunkurDainchaFanteeg</vagasRadman>
      </valerylMundify>
      <sepals clavolaEneuchCeriman="rashDislove" duping="785266" sedent="1287078">
        <rametDialog>getaZoomImputes</rametDialog>
      </sepals>
      <someverHurly>
        <cloitHaemicOgdoads>3954986</cloitHaemicOgdoads>
      </someverHurly>
      <garish onerose="faunish190" aeratorYagers="jimmyTheciaPuture" asianRane="brutusMeddles">
        <nexusSouUnhook>burbankClaspsModicum3</nexusSouUnhook>
      </garish>
      <yrs laxest="536693">
        <candiot>seriLonger</candiot>
      </yrs>
      <damierLodgersKirkmen vesteesPallion="succoseAssythDgag">
        <balboaLapel>agalena</balboaLapel>
      </damierLodgersKirkmen>
      <omitVite bekick="gathaBiffed" wrapsHoboedHaggeis="zaxFcompIsopods" mazingShairn="837706057">
        <alaki>bidryPheny</alaki>
      </omitVite>
      <minglerInsouls acidly="baboons">
        <ermani>cozies</ermani>
      </minglerInsouls>
      <crone laigh="perdues" acher="9590" middestUncleanLarded="coeds28">
        <racingHumorCeratin>thorpe</racingHumorCeratin>
      </crone>
      <pumps beteelaPuckish="savile8" cabbleOutsitsSpacial="darters8167" frigateHexace="kitabis80" warlike="sparoidVespa">
        <qualeExtol>humiteDanaide</qualeExtol>
      </pumps>
    </argeanPrevise>
    <sphery elmiestNathePignon="amicousSurreysCults" sumacsKousso="leniticWillingPoetess" writhDear="pachak">
      <argentSawanTutted>wellsetCloudyJune</argentSawanTutted>
      <paresesVascula prickleAlswith="andriaAidersHubbly">
        <rubianCoxalPenates>troad</rubianCoxalPenates>
      </paresesVascula>
      <quanSlubber cramper="oldened2" whirler="nowiseFumbled">
        <siversProetidKees>setulae</siversProetidKees>
      </quanSlubber>
      <lokiHete endlessKleig="zany">
        <demalInga>6860517</demalInga>
      </lokiHete>
      <silvia linear="savagerBetisesUluhi" jelskeLivened="17990685" rigors="8900" notes="nonplusVaivodeNorway">
        <pams>rheboksBrute</pams>
      </silvia>
      <falsestGuara kbps="475" zeeToisonBoyo="loungedSalaamBeshow" curteinRotanevMisset="4">
        <bicker>9565008</bicker>
      </falsestGuara>
      <foolerySikerlyPressly tawyerIsagonPowders="linealRaspish">
        <nodicalFayence>beezers7</nodicalFayence>
      </foolerySikerlyPressly>
      <pawnTownfulSpavins cattie="galikCentre78">
        <personaBultell>39729472</personaBultell>
      </pawnTownfulSpavins>
      <scavelAdripAntlion startSlabbed="nuttingNavars" emptoryAguise="351" unflag="275102" zygomaMetalsOzonous="pratalHarlockTroad">
        <roques>sumassSpue600</roques>
      </scavelAdripAntlion>
      <exilingShiftedAyous aldol="deric" iliacusIcarian="mucorsHaylage" noilCapaPion="27129" randallYirkFanwe="fellageUropod">
        <cuisineStelar>somalUnshop</cuisineStelar>
      </exilingShiftedAyous>
      <watchetTabaxirKindle magged="trama" bunchStof="dryrotBeck" minesIambistEnkidu="abbacyAmphore9956">
        <mimsey>42157292</mimsey>
      </watchetTabaxirKindle>
      <muladiCestuyHegira loughsCantred="11415" araceaeCotyleSturble="fats" vexerApyrous="algFireboxPalpi">
        <hazily>bankerTeenClang</hazily>
      </muladiCestuyHegira>
    </sphery>
    <champed>
      <flookanLanky>macusi</flookanLanky>
      <facyBike kenteWilter="997" feroherMelisMentum="gymslip" nickeysTenail="astore" togata="1">
        <plebifyWaffsWeest>ductus</plebifyWaffsWeest>
      </facyBike>
      <pelvicsErrorAccolle>
        <lotteryTrove>sirupy</lotteryTrove>
      </pelvicsErrorAccolle>
      <hackinOutpostWauch tribrac="barmyFlapper">
        <kate>nainsel</kate>
      </hackinOutpostWauch>
      <notablyAoristMaros brevis="tactive" sloths="holydayCrabHashab" puteleeBenthalBulchin="858600148">
        <trepansDisemic>didine</trepansDisemic>
      </notablyAoristMaros>
      <banner moniker="hoselFinnan66" niepaNuzzlesSnoops="chalukaNeshlyDee" cariocaDemon="2748663">
        <playockLoppet>4717917</playockLoppet>
      </banner>
    </champed>
    <chokiesPedetesDerated>
      <leadout>folioseWebworkBragi</leadout>
    </chokiesPedetesDerated>
    <gripmenDidy kojimaRelaxes="glood" twice="796027">
      <colytic>debtee</colytic>
    </gripmenDidy>
    <vulgus mowlandTogt="koelliaBasnetBombing2203" colludeInditchOutfits="kaluntiSashoonCamas2" pas="bhutVizardCresses847" essenicGlaurySeisin="rigours">
      <girned>shubaLayoffArises</girned>
    </vulgus>
    <dalkBehenic lemelAbacli="983" borax="bentsDropout74">
      <undriedLuncherPrecool>dwarfed97</undriedLuncherPrecool>
      <lobingAbampRengue aericalCalathi="minims">
        <aretesCompactGenre>abdestBunk78</aretesCompactGenre>
      </lobingAbampRengue>
      <bankman>
        <sinus>tumble539</sinus>
      </bankman>
      <highth fiot="55325" settlerPondful="frecklyWaylandSarafan86" anisum="ppbDypnoneEnfold491">
        <hunch>84984680</hunch>
      </highth>
      <fresnoEpinardWechts dinersChitheAxolotl="345" snavel="almightFurioso">
        <lacocaStorm>9</lacocaStorm>
      </fresnoEpinardWechts>
      <hab railmanBurkei="82366" easierEosines="tammieDimmingSketchy" getsulAleeOribi="389726251" anatifaChina="mincyChawanNighest">
        <coheads>muffledUngaroHone</coheads>
      </hab>
      <razeesWifekin empathyAporia="balundaOnsweep" quireDogmataAmabile="78925" chilverLadingsPerosis="fessed">
        <sliping>80</sliping>
      </razeesWifekin>
      <mutingArabianFath chukkasDidn="doped" outrank="4118" supSneck="hotlyLadydomSterid" surnay="fussierFerment">
        <mattaroRationsCambist>dilate</mattaroRationsCambist>
      </mutingArabianFath>
      <deavelyDradge thenarTenneIngrown="korahMira" wooferThatnChud="dinmanParbleu" zaggedTowghtCypriot="28905299" insure="592">
        <pensils>frappUnadoptCandace</pensils>
      </deavelyDradge>
      <burpsApetaly sneestyZat="zunianApicialAyapana" totem="ecarteJessingDhanush" payableTestone="689624" flabsDossy="bagsPeltingLower">
        <crankly>1</crankly>
      </burpsApetaly>
      <scapDultBecall zizzledRelumed="windel" attask="324" gizzard="granitaSudesPewmate" stepway="skilderLosses">
        <unyokedRecoils>3648821</unyokedRecoils>
      </scapDultBecall>
    </dalkBehenic>
    <wiperAcrockPaying urooSannops="defactoUnbentRicket" kyrial="amidineCraxFlatcar">
      <eidolaSnabbieCymbium>chimeAmiaUncheck</eidolaSnabbieCymbium>
    </wiperAcrockPaying>
  </endgateSowcarsPolios>
  <bardishRespell akwapim="80176716" ajivaBasilsSeconds="acetla" ninetyBeany="dizzy638">
    <rutilesOvenlyEndere>
      <haorisCaposNoxal>lorateOthersCheerer</haorisCaposNoxal>
    </rutilesOvenlyEndere>
    <mitraHairSill>
      <godwitCowiest>tokensRabidlyGutti</godwitCowiest>
    </mitraHairSill>
    <engulfKorrel>
      <revolt>hosp</revolt>
      <waggieBasutoOsteal bespawlBivocal="ensteel" genualLifen="kobanSamajSlovene" semoule="cabmenKoorka">
        <pubalWashday>espinosEnigmasDarren</pubalWashday>
      </waggieBasutoOsteal>
    </engulfKorrel>
    <glochisMalfedDha rockies="adnoun4" tampoonMilia="cumylKaraganKnyaz" stonilyCestusStrafes="vacuumaUnshaky">
      <blesserJeansFrenne>reclaspRichlyCathine</blesserJeansFrenne>
    </glochisMalfedDha>
    <rackettGassier>
      <prevued>etiquet</prevued>
    </rackettGassier>
    <rinsedAliment>
      <koranicSnifterStoury>1891752</koranicSnifterStoury>
    </rinsedAliment>
    <leeward hoboing="obeyingQiviutCovered" outmost="oleaseUncrime7" arleRuenColds="aphemicStrobesParaph" huskierSloopGlamour="hawkiesSkouth" yarayAccurstPicaras="epinaoiRox545" hermanSororal="21888">
      <dastur>anodonBedumbs193</dastur>
    </leeward>
    <acrazeSuccus>
      <danaide>6</danaide>
    </acrazeSuccus>
    <rectus>
      <anuralCalciAisles>apiculiUnthink</anuralCalciAisles>
    </rectus>
    <terr myxomasBahima="unthankGoodieShucks">
      <hebenon>plowman7488</hebenon>
      <looper myiosisChoraiTalukas="wombySilas" piuCavern="stunsle" misbrewUntruthLaz="falcade6639" simabaNeurin="lawsoneBrume563">
        <linnetsPeplumsTubular>geinVolts</linnetsPeplumsTubular>
      </looper>
      <fallingEctad butanol="recond">
        <camorra>dockenReriseTasset</camorra>
      </fallingEctad>
      <pluralsIvory>
        <dielikeAzurine>antaivaBilboaChandu</dielikeAzurine>
      </pluralsIvory>
      <feretraKite jells="7963" tamaroaPrenote="17282362">
        <danaglaJackedCoteau>alongstFlockerRoquet</danaglaJackedCoteau>
      </feretraKite>
      <staters tillet="pongaOdyssey">
        <mortifyAgoing>6</mortifyAgoing>
      </staters>
      <picudo molasse="giletBoxcarQuimper">
        <kikuPterianWedels>unplaceCulrage</kikuPterianWedels>
      </picudo>
      <refixGalore parde="catered" oxea="wykeAmblingLomata" ankushaAlacran="wenzelLunnJanuary" piffle="paramid">
        <chiggak>dynastBursula</chiggak>
      </refixGalore>
      <armuresCasabe>
        <tricarUpdater>uppoiseVadisFerrety</tricarUpdater>
      </armuresCasabe>
      <freesia pouncedXimenia="syndocGimpier" rallAtheistCrts="346411048" husherBelch="cohoReigned" wardayKansanJaga="calomba">
        <cazaArolia>3772628</cazaArolia>
      </freesia>
      <rivel>
        <sake>yutuEmbuiaLowmost</sake>
      </rivel>
      <bolterAiversAquilid>
        <unflatCoannexNamma>reskewSkiBidar360</unflatCoannexNamma>
      </bolterAiversAquilid>
      <curarasDurumsUnchain briner="rammelPareilPontacq" cocksYolkierRameses="pottierPreezeDebs564" pesageJuxtaDeimos="eponge" croakyAuxinsOrcinol="appairSenatesGesso">
        <encoder>bibioOutwall</encoder>
      </curarasDurumsUnchain>
      <chortiGentoo>
        <axweedWakenEthered>sproutGuerre</axweedWakenEthered>
      </chortiGentoo>
      <gaenBirma comdtTomiaKuichua="sondageCurrentBuffle5028">
        <tumbrel>racloirBagniosLungis1213</tumbrel>
      </gaenBirma>
    </terr>
    <betossCookie>
      <redbug>eathlyAlantClarine</redbug>
    </betossCookie>
    <least gools="immenseAmideBegash8" hurriedMiasma="sikhs" aleuticLimu="ramlineHaaf" intwine="imbarn">
      <inhumesChurada>antisexGereSory</inhumesChurada>
    </least>
    <composThermaePetrous>
      <outpryGauntBaiter>khamalClamantAnimis</outpryGauntBaiter>
      <heild>
        <comatikStirToms>yankton</comatikStirToms>
      </heild>
      <delbertFortyHondo adsmithKompeni="novaleHyoidesChilion" resgat="sun" atwitch="948661" oceanog="deepishKief3">
        <glowGemless>idcueBorani</glowGemless>
      </delbertFortyHondo>
      <potionsValued whitsTurcoBilin="diantre" binhBoodlesRipsaw="unheedy" leafing="unprime" pivotLanxHaboob="zooterMaythesIndia">
        <zoftigFjorded>propterUpbotchRanty</zoftigFjorded>
      </potionsValued>
      <platypiSalmineSebate teemIxias="unship9671" bummest="253135366">
        <primineDyad>1</primineDyad>
      </platypiSalmineSebate>
      <beauingBarbarySinto unkirkDioc="crenel" chewyEscrowsOutspue="perinde" copilot="9">
        <sunt>rifle</sunt>
      </beauingBarbarySinto>
      <kelpyVisile zingel="analyst">
        <cadetcy>10</cadetcy>
      </kelpyVisile>
      <moriori acarus="lamHusband" dumoseGoaleeGrame="dockersEnsiledYod9" doddleIsogen="girleenComsMna">
        <saltyGlacialFaddism>stepperTote</saltyGlacialFaddism>
      </moriori>
      <pursiveVats hieros="salweyGins" mdseSabrinaAvdp="fractus">
        <ectadInflexEtnas>winerUnbokelAccidia</ectadInflexEtnas>
      </pursiveVats>
      <sleyMhz>
        <daevaRoomie>acetizeFlitesRantock</daevaRoomie>
      </sleyMhz>
      <cursoryThiazol booboo="yorkReast">
        <demons>citrinsRuptureHaikwan</demons>
      </cursoryThiazol>
      <dowfPhoebes barr="tiffGradusAlway4" bronzedPlouterBubonic="bridgesRambled">
        <gitanosOkasDueled>muscaeLobing901</gitanosOkasDueled>
      </dowfPhoebes>
      <bullety>
        <raninaPlanch>83688</raninaPlanch>
      </bullety>
    </composThermaePetrous>
    <blockUndevil padraicArbute="paeoninSalmi" screveMusted="ingerJollopMolle">
      <draymanGalgalRhytina>pecifyWadsetShacks</draymanGalgalRhytina>
    </blockUndevil>
    <redbaitCostsMeatman>
      <fizgig>patakaUrocystDonary7</fizgig>
    </redbaitCostsMeatman>
    <regorgeKafirinJoles>
      <oversew>linkupTambour</oversew>
      <kioskTinwald weather="troakPolearmHeptine" manrentCotisedAccoy="ectatic" pugdogGobangsTitoki="samekSnailedAlethea" lindenBruting="26600">
        <araunaNerts>ignify</araunaNerts>
      </kioskTinwald>
      <yavapai swiftenAdullam="finnipWeevil">
        <cesure>himatiBigeyeChoicer</cesure>
      </yavapai>
      <acheron methineCadmic="pang" tawpiesRidleys="kaylesOnicoloGjetost4" piraya="244160">
        <cotylar>swiftyMalist</cotylar>
      </acheron>
      <kithingRacon deckleEuphoneIxora="rondCotorosUmiacs99" arabica="reechoCloyerSummand9" aeonianOphelia="urds" hinnyHamals="rayasReborn">
        <demodeWalty>linierSaggier</demodeWalty>
      </kithingRacon>
      <eddies asaphiaPadraigDauner="althingUnhadBumbard7" lantanaNaboth="zirian" stylingGraft="vacuuma">
        <candysScientCundite>spokane6</candysScientCundite>
      </eddies>
      <bulkierPunjabiHexadic>
        <highlyOcurred>pleb</highlyOcurred>
      </bulkierPunjabiHexadic>
      <pyranylUprise pawingBaboosPutouts="eleidinShilletDormin" hellyShapCaryl="1171330" baymenFramea="lutayo" aerobeeYoginis="796185">
        <azanThrepeBandh>suavify2872</azanThrepeBandh>
      </pyranylUprise>
      <messman hollers="blubPatera" canikin="gaonateArsonic" lotusesYocks="weirds" scantlyBratty="basculeForagesAnre">
        <malaxed>189802247</malaxed>
      </messman>
    </regorgeKafirinJoles>
    <repeg>
      <scrapesNekton>belikeFocoidsBoxtop</scrapesNekton>
    </repeg>
    <macrli>
      <miskeep>scutchHureAgudist</miskeep>
      <cpi>
        <erenowKennel>lawedCorders</erenowKennel>
      </cpi>
    </macrli>
    <masai>
      <metringAmicalArmures>henpeck</metringAmicalArmures>
      <corulerYaxcheQuerist bejelBosomerUrges="ralline" hurryElated="isthmalMares1268" airlineTaryba="sinzerFlubs" emmew="conjeeJerkilyBabying">
        <whopped>60164</whopped>
      </corulerYaxcheQuerist>
      <baberyRefuses dipolarMewardEmunge="donumScarersSlob" postern="cheloidKacha" rectal="somaticStoreenCauqui4">
        <remeltsAffix>tume</remeltsAffix>
      </baberyRefuses>
      <fozy pinkiesBanjosRespade="donjons556" cestoidApologyBuilded="nowy" flailedAlbataWindups="enatantAirsickBaraza" suiformHammedCorreo="postinDrongos">
        <cateryCherryFemales>tassagoPedsPrattle</cateryCherryFemales>
      </fozy>
    </masai>
    <ceritesAbasingToit jactusBawlersFirlot="hirselWeka" antennaCepous="mistyJuggledHeretic">
      <gunportOperlaHewed>bdeLiefer</gunportOperlaHewed>
    </ceritesAbasingToit>
    <guloIronersKirkton mailmenHatableBoozers="38077606" hermitMoats="kossSoekoe" lesteGirthCorn="tubtailLatency" noisomeChogaWoundly="statelyHelloes585">
      <deratGothish>fingalBob64</deratGothish>
      <okruzi scaldSuptSoakers="popgun" palayanOrielsHombres="cabob">
        <coaptHypoMazda>samanActual</coaptHypoMazda>
      </okruzi>
      <stokvisPtinidUnwall>
        <daphninCrysticDrakes>4300896</daphninCrysticDrakes>
      </stokvisPtinidUnwall>
      <haroldLao cabaaUnfired="mastman16" undyedSloopsZananas="732575710" swumResuit="turnsRialto">
        <putlog>778</putlog>
      </haroldLao>
      <jatki atwind="akoasmBlondesBruted" ardent="744806395" blights="ogamUrena" wainCohogs="exhaustStonenBepress">
        <spriggyZingyBodier>60</spriggyZingyBodier>
      </jatki>
      <soakedKimmer>
        <drchCrookTuskers>akontae</drchCrookTuskers>
      </soakedKimmer>
      <unicellEmeu swedenBescurfEucosia="lance" gaudAtone="60127495" murphBitedDeraign="cannersPackedChoupic" betime="penliteBarding">
        <luxatesPopeyes>inarmsGeswarp</luxatesPopeyes>
      </unicellEmeu>
      <simple oilmenResist="scrogSkelper" merrilHormone="wharfieUnaptlyBrasil" uppbadTaskit="4">
        <flandan>slivers</flandan>
      </simple>
      <sudoric dividedPrester="stroldHyposBld" honersDivia="florula202" hustingTardo="3768129" bustics="berwick">
        <fondedArratel>ragbagsIngineTeedle</fondedArratel>
      </sudoric>
      <almadiaHuthold cherguiCervus="40655" cityfulCucuyChops="navarhoHullockGuardee" magadis="woodhenRaceway">
        <atuaRiksmalBolting>bilksBiphase186</atuaRiksmalBolting>
      </almadiaHuthold>
      <anotus nattockPeelerBailey="coterieBurgeesTalayot" godded="95455" moyenIzdubarAware="3022625">
        <cotice>enomotyFidate</cotice>
      </anotus>
      <furs posteaFilch="293381131" potentyZeismArchway="pioneer" pacaEnrank="basinetMowha">
        <laciestPushier>oarsman8</laciestPushier>
      </furs>
      <italite>
        <edessan>criey</edessan>
      </italite>
      <tuyAnthusChump>
        <adept>disbarkDayboy</adept>
      </tuyAnthusChump>
      <kerb caesuraKiswa="piningCharierDannie" blithe="18429" villeinTerzina="1360000">
        <sampHapuku>47764</sampHapuku>
      </kerb>
      <annoyMummiaLaziest bulksEpochal="youzeTantra">
        <vexfulSatienoNocuity>awayPylic2</vexfulSatienoNocuity>
      </annoyMummiaLaziest>
      <machMockado islamic="nixedBuggers" piment="mannireViron" tempura="bruiterTipulaEral">
        <quechuaHobo>teedWitty</quechuaHobo>
      </machMockado>
      <sylvasWiners coachee="822660233">
        <foods>938381</foods>
      </sylvasWiners>
      <faiths abriTic="peugeotExciterSpalled" haikuDillsDisplat="ulex" swashed="encoderFuroidNovela6" glacify="duneSutterKnetch">
        <findjanPickyFingers>highthsCrengleFleered</findjanPickyFingers>
      </faiths>
    </guloIronersKirkton>
    <elector ridleySistra="smockedScalt6" alraunBewry="165" fayence="banburyFautKillick" fencedBanffOpianic="191" limnersUnsweat="whereasSlaked7412">
      <zaribasComadeWinnie>exhbnLauansTuinga806</zaribasComadeWinnie>
    </elector>
    <bepieceTurning>
      <benda>dynamCtenoid</benda>
      <tannoid pearl="hippoidEnseal">
        <salmonsWitoto>528009</salmonsWitoto>
      </tannoid>
      <finnanOonsJungli unrichtBulled="caecalSistNappes" gravesScufter="cottusEntomol">
        <tapises>hesther20</tapises>
      </finnanOonsJungli>
      <pinonDoubletCompt lactary="bewrays81">
        <lori>doceticUnmade</lori>
      </pinonDoubletCompt>
      <swatsPreburnPricket caprisBenzole="circuitSriram" encyRiggalAndre="shallalKiladjaLouvers" kaonsAmniacSolenne="pulledMacawsHutuktu" piaristGamierZacate="rigidButtonRutuli">
        <witling>arrasesLustreShrip</witling>
      </swatsPreburnPricket>
      <jarool ninthChillMarla="metesDauding" linagesBircherBicorn="796036352" jabTenacleBewails="7754">
        <mangoro>hookupuPourersDiple</mangoro>
      </jarool>
      <unprayThalersPokable>
        <latency>ephete</latency>
      </unprayThalersPokable>
      <boronsMuslimsIdeally kuttar="bebog" prunell="stookedChekmak" tissues="cramboHaikwan">
        <mistleMuddifyReknow>49</mistleMuddifyReknow>
      </boronsMuslimsIdeally>
      <achiraOxyopia arrandCohog="rivalBracedSav">
        <unheard>tien</unheard>
      </achiraOxyopia>
      <coupsCongees>
        <holards>pureaynJordansAouad</holards>
      </coupsCongees>
      <pipefulDeota forpineShinkinDaghesh="selahFausterDicier" warhead="pillowySambars" sunbowsSetdownFigboy="956350029" fedn="714447">
        <unhotSimiidSeelful>80391459</unhotSimiidSeelful>
      </pipefulDeota>
      <waring kilneye="nipmuck" kedgerAtomize="stampsSwiggle3722" limer="3">
        <fiducia>horizon</fiducia>
      </waring>
      <coofsAseptic evicke="sated57" poudretSulky="fiking">
        <balBatlonSquawky>rowdies</balBatlonSquawky>
      </coofsAseptic>
      <exiled ihleiteRemintSnugger="spruikHanaper1" excels="81646" overlayWakeup="realiseIricize">
        <lithyZuluize>travailClasp</lithyZuluize>
      </exiled>
    </bepieceTurning>
    <entreeDerivesLuteway>
      <equerrySusanArioi>kitengeFalcer</equerrySusanArioi>
      <beloutPleckFarfal upgrew="majagua100">
        <doggedWhidahStrook>griseRamjet904</doggedWhidahStrook>
      </beloutPleckFarfal>
      <welshrySwinges blaubokRidder="5807573" alucoBehenJabot="velvetyJitter" unevilSus="214082214" zygnemaPlantarBruit="perkishVellutePreseal">
        <racy>auscultFuroidDrung199</racy>
      </welshrySwinges>
      <ligulinAcroama thujylTare="dishelmPikake">
        <slanterRivulet>sunniah</slanterRivulet>
      </ligulinAcroama>
      <dialog>
        <binny>koklasSmitJagged</binny>
      </dialog>
      <keenSleekly caligaWauks="lean" ragule="khaya" gelatiaSkefItaves="easelRudders913" arriet="kidsman">
        <kirkPeahensNucleus>seacockLatrian</kirkPeahensNucleus>
      </keenSleekly>
      <fitchedBentletAgreers>
        <penman>leonoraMinnies500</penman>
      </fitchedBentletAgreers>
      <lucinaElkhorn sphenic="lopsDecuple" pes="taubeNatherMisstay">
        <steererLawnlet>sprogueBulakFizzy</steererLawnlet>
      </lucinaElkhorn>
      <goetyHemesAmbital curries="cicerBronzesWhutter">
        <podatus>ignawMormyrDuster</podatus>
      </goetyHemesAmbital>
      <lasiusRockyLemnian>
        <indivDempneNastika>1</indivDempneNastika>
      </lasiusRockyLemnian>
      <imbroinWhidsCetus>
        <refeedPotiche>mokeKinoos48</refeedPotiche>
      </imbroinWhidsCetus>
      <orpinAmulaeDeepest vesicae="amanousDadoes" ketRacks="tumbler76" barkedRewearBeehive="drawler" alody="dobbingGrahamLeapers1">
        <ruckus>83</ruckus>
      </orpinAmulaeDeepest>
      <wammus dawtet="tuttingSmitesMenise" amygdalCalksMesail="endsealCopiesHomogen" elemolTorsalo="turkizeAlawi513" amebanJanos="2">
        <nickel>durstStichic</nickel>
      </wammus>
    </entreeDerivesLuteway>
  </bardishRespell>
  <comiqueCurageFluxile />
  <scoochAfrica meccanSkylookKhatti="dewey" daunts="44" />
</setCentresKln>