<?xml version="1.0"?>
<flasketPagerPicard>
  <maralTaximen uniqueDenarMedevac="5" serverAzonal="iff" nifty="shoaler" unifaceCuraraYouze="clagWebbed" />
  <outlaidPloutMenorah yelledEsrogBelaud="ballataUnderer" />
  <phasemy acumen="photogsBorrel" pulegol="impane">
    <seminal>
      <tubik>credaSatesAmvis</tubik>
    </seminal>
    <absohmLaniusAlarms>
      <surpass>nutriceThawingHarb36</surpass>
    </absohmLaniusAlarms>
    <recip>
      <anademCaissonBeento>densMethineRomeo</anademCaissonBeento>
      <lolaKutchin outturn="3523607">
        <kinkerPersian>majasJungli</kinkerPersian>
      </lolaKutchin>
      <woadmanDrycoal shagsDramasSeesaws="parnelStarchyOwllike" chakari="protax">
        <leisten>tarter</leisten>
      </woadmanDrycoal>
      <pottiEarthed lodgingTiribaPresets="puzzled">
        <ofterJargleLaddock>oraonBloopsEtch684</ofterJargleLaddock>
      </pottiEarthed>
      <lect clombenTzarina="carouseInfulaTraviss6015" curbing="341">
        <genesicOccurs>pewyTamborChincof927</genesicOccurs>
      </lect>
      <samek petty="shocker3" plumous="juicyGliffEndaseh" delvesVafrous="798786746">
        <jetterElevonsCubit>sikarPeronei</jetterElevonsCubit>
      </samek>
      <fadingsAbaters ripplerTidelyUngird="censing6" glakedSijill="imposalDirking" aurousOgres="jerkingAwalim">
        <whammoSkoot>surlier</whammoSkoot>
      </fadingsAbaters>
      <carne vital="cafila" cabalGoosingWilled="8562" spooksUnclad="dishelmKeeslip" koulanLysisFusk="wormRuga">
        <yaupons>fuffitIfrealDartman7</yaupons>
      </carne>
      <burkeiChattyHeading ashenEmes="guetreUnchainWillier">
        <margedMnemic>ascitanSixmos44</margedMnemic>
      </burkeiChattyHeading>
      <turban tipplePervade="5">
        <priapusPavaneBurp>helms</priapusPavaneBurp>
      </turban>
      <clysmic>
        <raids>diploeInterjNco</raids>
      </clysmic>
      <vlach apiumDebarLeisure="larikin" buglesSloydPlantae="encakeSteid" juratNikolaiWands="wabbled529">
        <japishBivouacPurdy>bobecheChasteWaybung</japishBivouacPurdy>
      </vlach>
      <lamigerLogia convent="avgas">
        <vomitBrasilBotel>754</vomitBrasilBotel>
      </lamigerLogia>
      <suddDrossy>
        <darkfulDiazin>felterAutre</darkfulDiazin>
      </suddDrossy>
      <etymic skawUpbeat="167346851">
        <diviner>masa</diviner>
      </etymic>
    </recip>
    <unciaFlinderAgast>
      <herdsHostle>crawliePokiest</herdsHostle>
      <bletheCinques>
        <passkey>4</passkey>
      </bletheCinques>
      <sleathyGroomedIsotope grisJapetusMacers="dhauriEroses" aponicWrestsLureful="outing">
        <lipopod>bollAnagramPutting7</lipopod>
      </sleathyGroomedIsotope>
      <coliusPicote laurone="cobweb" axiomsFleshen="storey72">
        <ambledDrinks>nestedStowingJako</ambledDrinks>
      </coliusPicote>
      <gadoidVerbidsAwned ryotwar="118">
        <leo>televoxPlage</leo>
      </gadoidVerbidsAwned>
      <orphans>
        <deunamCramped>pantoonBondon</deunamCramped>
      </orphans>
      <unafireProgger unionidStruis="theciaCotoxoEffront94">
        <tepache>hineyArrame</tepache>
      </unafireProgger>
      <dilemmaBahoe reicing="626463" wesselSpeelGoosish="rantersMeowed768" bransleHah="kodaguWashwayWhaling">
        <sabs>factumCorkish</sabs>
      </dilemmaBahoe>
    </unciaFlinderAgast>
    <reviewBayardCoggly>
      <organs>65469</organs>
      <notcher>
        <weltedWaxbird>tranka</weltedWaxbird>
      </notcher>
      <smokehoEngrain valinchImpone="hoopoe" vetsShehitaRebato="reflySlipway">
        <daverdyGeneal>latened</daverdyGeneal>
      </smokehoEngrain>
      <lambadi poising="facieHurtledAffines" faction="irruptGabiesCuerda8163">
        <formalsMontureOpposal>4910</formalsMontureOpposal>
      </lambadi>
      <fresneHelm iao="301" sheafedTummedBonzian="digit228" adjectTickie="jumpedCliffedEnisles" lawksExodoi="salpas">
        <pignus>hilch</pignus>
      </fresneHelm>
      <vetted vincentSakeen="hoopers">
        <shebarAnisesReblock>brigidHobbies</shebarAnisesReblock>
      </vetted>
      <semifitTrotsLeonese roySheerlyMyricin="accusedAlbetad" acritolBaizaPlanted="flyball">
        <beja>banjukeUnsellHuly</beja>
      </semifitTrotsLeonese>
      <duotypeSkyfteHei choelDungy="bergereLiasLeucoma683" pushoutDubbahKobird="kraPisumClimath" outbend="kinesUnhandyWheeled">
        <msgBlereTerror>57085134</msgBlereTerror>
      </duotypeSkyfteHei>
      <ochersRinner trashedStingerSeave="marquis" lizary="stumpedBarrel45" salmine="splurgy" evenedAquaridGift="sindhiMyriadsGiddea">
        <roxanneCrupperChilli>debriefDotterSoli</roxanneCrupperChilli>
      </ochersRinner>
      <daikon tintist="tondinoChinnedLeafboy" uke="tempore" afflue="triaene">
        <retouchCrumpedCedrium>curule</retouchCrumpedCedrium>
      </daikon>
      <adarHeronryHervati xmasDementKeekers="forrad" stoopedAgapetiWaukit="lamestWomb" stairedPlumerScypha="84611342">
        <pimply>66068099</pimply>
      </adarHeronryHervati>
      <ripaSoapery avar="pedesesGalgaMutates" seamers="naik466" boroughWormersExhumed="husht">
        <sap>avocets</sap>
      </ripaSoapery>
      <tooriePaves romanicLomboy="boutNodsSunbow">
        <tentPointel>obadiahYarakNasrol</tentPointel>
      </tooriePaves>
      <hillingLinagaPurisms colcineWambuguChacker="seggyThamus" primp="pedreroCapricLottie" oxetonePlfLariats="baclavaMays">
        <demesneTukulerCrizzel>virole</demesneTukulerCrizzel>
      </hillingLinagaPurisms>
      <whiningSkidlidVinum>
        <zionUmiaks>322</zionUmiaks>
      </whiningSkidlidVinum>
      <outingsMislaidInburst>
        <dativesAppled>93</dativesAppled>
      </outingsMislaidInburst>
      <maqui tumidSojasDizzen="milieusRomancySybo8121">
        <poplar>guarabuTriunalImbuia</poplar>
      </maqui>
      <filla>
        <robalo>countorStairyMell</robalo>
      </filla>
    </reviewBayardCoggly>
    <blurrerShillLustily>
      <myricasSqueakyHams>epeidiaRamify853</myricasSqueakyHams>
      <retotalBerlina dumpedErron="unfusedSparesUnmeted62">
        <anaqua>fausterStrowdZebub</anaqua>
      </retotalBerlina>
      <posits iambi="deerdogAmalakaGalante" spoors="ratatatSmeltedNichil" tangy="5" chalehsSeisedVampyre="618178">
        <sofars>washitaKoaLunata</sofars>
      </posits>
      <baniyaMeuForsook eparchMophCogroad="boobySabanutBused">
        <slunken>lenifyAbromaEmboss</slunken>
      </baniyaMeuForsook>
      <geront zandeExclamKryptic="isology9367" milieuCantina="pandoreSamkaraDecadic">
        <muddleUsu>ovulate</muddleUsu>
      </geront>
      <reform>
        <skunkSuiters>absohm</skunkSuiters>
      </reform>
    </blurrerShillLustily>
    <halakic swanksSeabeds="courserJoan" agileFormolsSakeen="nonacidSipage" billsDineticMemoire="enskyedBoxingBaalim" view="platted" chessomBerries="indiumsEtuiPompon" schismsDeeping="gimmals" ringers="409849090">
      <megaricAngwichLathed>poemRubdown</megaricAngwichLathed>
    </halakic>
    <gosther arharAugean="jazzy" deduit="atrypaGather" couthlyDovecotChromas="59" buzuki="accoil" charlesCornoNuddy="forzato" beknotFiversPsend="anaguaAhom" englad="suomi">
      <bucketMzeeOscars>wmk</bucketMzeeOscars>
      <laggin>
        <hareldaAmbarisDani>pyrrhaChymes</hareldaAmbarisDani>
      </laggin>
      <womera aureousKrishnaTriens="biblikeCun" kwelaGlucideImbrued="saumonWorts" brankSpignetFargite="shebat">
        <piaffesComteDoodler>darweshIonic</piaffesComteDoodler>
      </womera>
      <selfsGowfVolante edgilyRegalio="napier4" setaePrex="kinky6693" disglutAcademe="paganlyPinken">
        <miscastDimin>oopuhue</miscastDimin>
      </selfsGowfVolante>
      <kraaled boggier="sedangMelange" paschalVapour="cabersRindedUmbrous" mussuckOwnsAcholoe="ovoli5">
        <burgeonWheelsOlla>beluteCritter9843</burgeonWheelsOlla>
      </kraaled>
      <arad hilaCrepes="mimicMidday17" ichorsRegrKesse="kiwisPierid681">
        <doaBusingTarage>unhaleMiragesCleeked</doaBusingTarage>
      </arad>
      <teneralEnfleshMoxies culicidSabinoSwobber="turpisApplierRoon" fornax="glumNamaMesore6310" overmenColoury="overfeeTrinkum" sawbillLeaping="raphe">
        <patta>brooLawnLoosing601</patta>
      </teneralEnfleshMoxies>
      <tittyPoltina adjuror="uncaned50" wotting="oilcake323" doo="tyingUprisal" followNeurone="1">
        <equinia>23934</equinia>
      </tittyPoltina>
      <rindCadgy>
        <tribaseFraBastard>shucksKamao</tribaseFraBastard>
      </rindCadgy>
      <kaisersDenom smootAzalea="biznaga911" angelAland="84070" turrumHapped="apa24">
        <desuvre>erbium</desuvre>
      </kaisersDenom>
    </gosther>
    <upfillDiiamb berretJaina="plitchMactraKetone" tarrish="concn211" stich="absmhoSnugger">
      <axonCream>foistedTrigae</axonCream>
    </upfillDiiamb>
    <fax>
      <faculae>alehoofRuewort</faculae>
    </fax>
    <beprankFacer ramoon="86493">
      <combleCaplinsFlail>teamSmiftAsk811</combleCaplinsFlail>
      <foining bobbersFrozenTubicen="agapeJonahFragile" moke="crimineJagueyCoontah" repart="servery8829">
        <curtanaGebbieBuffone>terciaMariet</curtanaGebbieBuffone>
      </foining>
      <bravoedAfray>
        <bulksIroko>floured2</bulksIroko>
      </bravoedAfray>
      <veritasEsproveBorough thirlsAtiptoe="wigglerRestio" cerago="91" woorari="cliencyTambala" botAmeedStruct="saperdaLamigerLusiad74">
        <degomme>kimmer</degomme>
      </veritasEsproveBorough>
      <chirres ruing="407" shuReheelDiabase="cribralMobbism">
        <vinedBaraka>caestus</vinedBaraka>
      </chirres>
      <yowesPaviseUpsteam unhit="automatPundits" hookeraBirksGaz="50403265" bisextWitchy="masselForhoo">
        <algistKavaBalteus>unwireSoilage</algistKavaBalteus>
      </yowesPaviseUpsteam>
      <firmed zooPandore="arneb" ploesti="lavingShriftJambosa" ensnarlBerakesTigelle="prexyAmahsMurrs" outsideSitters="tertianHidalgo">
        <blotchyReletQue>dopsterZags2</blotchyReletQue>
      </firmed>
      <avastCarlot deduces="shellumThawer3986" busboy="7842462" ayins="duolog">
        <delator>12</delator>
      </avastCarlot>
      <hurtled bawbleMorbidAgones="testonsBruinBoatly" cullingSchultzPlaten="moxoDicty">
        <topslMartynSyriac>chitonZootoca</topslMartynSyriac>
      </hurtled>
      <bedsock peeries="arrtezPeasFusus" outedDrench="spudboyHoagieLathier" palazziMutilla="oaseanHerringPostel">
        <cleated>86</cleated>
      </bedsock>
    </beprankFacer>
    <hienz guisedPray="109" disused="vulturnCouncil2" refileWef="quinicTartryl" feniteKambaFaecal="uncitedSlaps" stocahKittler="garboilStacteTeaches">
      <tunicle>bienttEmptily</tunicle>
      <regallyGnarls jackedMorphewMangi="tawsedPatentCro" burseedBlowsedIllness="mastyCoucheGasohol" hokerBreeks="glassenClubdom755">
        <gardnapAlruna>avidPiendVibes</gardnapAlruna>
      </regallyGnarls>
      <lopeSnobdomEnfoil>
        <sneezeUranine>79162449</sneezeUranine>
      </lopeSnobdomEnfoil>
      <country letterDioxime="61907" bonetta="641071">
        <lays>nauseamMastaxRelicts</lays>
      </country>
      <quodsTantras goularoMuricesAbrader="befoulsBergsUntied" sorda="decays728" sniteWomans="tabbis" civ="culterKannume">
        <goetic>379014697</goetic>
      </quodsTantras>
      <fornixCydon kartelSyngamy="zymosanDetickGammy" avestanOrellinUnclogs="xintStirp">
        <farcesEstatedTylion>tediousSniggleManit</farcesEstatedTylion>
      </fornixCydon>
      <yadava novenasExcusePaludic="prand">
        <aionial>charukWallows</aionial>
      </yadava>
    </hienz>
    <bedroomLoments>
      <musettePaintsPaellas>salem</musettePaintsPaellas>
    </bedroomLoments>
    <vadisDangs>
      <panakCledge>twibil</panakCledge>
    </vadisDangs>
    <seems corker="caddoan" acockClearsTapiro="belgianEnamors" chomps="sheroot" costive="reds" broeboe="reeruptChallisPalms" syunPupiled="abacli1098" apochae="40956215">
      <amebaeHumifyGroovy>umbrasWormers662</amebaeHumifyGroovy>
      <malting>
        <hallanScatsOrcine>willingInfarct4</hallanScatsOrcine>
      </malting>
      <bavoso listelsFinific="stoutyBrinsTruffle46" attentMilkierLogania="982399" baguetStorierAsgd="doilies">
        <battueDentilsElided>temAshineZeoidei4</battueDentilsElided>
      </bavoso>
      <xyleticCachila>
        <cranRemicaTawgi>wupChallas</cranRemicaTawgi>
      </xyleticCachila>
      <briard succisa="ternary" panningTylotic="lowest" masserAdmrx="99762">
        <acheEsesVility>aproctaFriand</acheEsesVility>
      </briard>
      <radiiSuccumb arcYeardayAtop="lucile" villoteOuphes="sheiklyKanes" talayotMimmingMealily="kinepox4">
        <afire>midriffTegsAdverb50</afire>
      </radiiSuccumb>
      <varia peggingQuis="fizzlePhidiac" utasSplake="witen" domoidMoat="ithaca" swimmerCongeed="neems4493">
        <vexillaAgnatha>adar</vexillaAgnatha>
      </varia>
      <oreideTunistPlicae vetustFordoneXenian="footlogCappaghDigging" aspect="rhamnalAlmutenDeda" nincomLomtaStarven="bankingSpaying">
        <atribleSwithlyQuibble>untwindParsleyOphic30</atribleSwithlyQuibble>
      </oreideTunistPlicae>
      <meawIonical chemismNorbert="beechy" sporuleAngrilyMisborn="medaled8490">
        <rhodicBeefed>bragly</rhodicBeefed>
      </meawIonical>
      <abitShargarFlatus gliffyChitlin="atkaGnathalRacks" campiTaluksWillawa="berneseAcremen" biddery="83" decenceAudion="bricksKilobarStalks">
        <ponierLesathAccount>kodakLarries</ponierLesathAccount>
      </abitShargarFlatus>
      <tapling hondasManors="crocky" gosport="cotylaHexerei3426">
        <inbreakFondue>outrung</inbreakFondue>
      </tapling>
      <decoct froglegMurrah="homiest">
        <topspin>musardEcderonWisest</topspin>
      </decoct>
      <forelPyknics chappowBleeps="9675">
        <fraidSolvers>943083501</fraidSolvers>
      </forelPyknics>
      <barbateTarman hobo="buntersBeylicVoivode" chafferChasidSixtes="fitter">
        <blainsGesticBovver>bespawlAkin</blainsGesticBovver>
      </barbateTarman>
      <gimpier tashrifTiamBortzes="aloofeAmylTaffies" machera="hiram">
        <narkedDieses>bludgeCzechYazoo</narkedDieses>
      </gimpier>
      <sestianGire pecoraSplatsIloko="haggleHuzza">
        <fidosPitholeParters>barbion6946</fidosPitholeParters>
      </sestianGire>
      <gaiusPrebble flirtedVacante="ethizeTamponsEmerods" alcaaba="bossShammasJon">
        <poemet>hogmaceKassakCosmoid</poemet>
      </gaiusPrebble>
      <gaveled>
        <mograbiTwistedZebecks>quedly93</mograbiTwistedZebecks>
      </gaveled>
    </seems>
    <resuitAdjoinLaager deulDesmanXerosis="oskar">
      <lawbookSpyboatBagnet>elodesBribedBialate</lawbookSpyboatBagnet>
      <drangTesuque domicQuadrum="iodate" leppyEncoachBikh="haloesCamayBug" betookPeachy="5307" babbitt="bummilRubbyCardona">
        <baymenGertie>refilms61</baymenGertie>
      </drangTesuque>
      <mistily berwickOphisPeddled="tyes" killingParliShill="zoccoloGhilzai" outpeepParvuli="brushedNeossin">
        <huertaPrelateTimet>craniaTrustsRetems</huertaPrelateTimet>
      </mistily>
      <cyanid>
        <hinter>physisTeatimeAntitax</hinter>
      </cyanid>
      <inmewRemoverAmebae funkers="tzardomWaftersSmudder" pierian="magnumsRima" samiriHumeral="isthAzorianHurtles" outweedKenelm="gymsUnlordUnfried">
        <vergeryKestrelSplunge>tinamouEcorch</vergeryKestrelSplunge>
      </inmewRemoverAmebae>
      <waybookSemisesUngka reddlesTanistJahvism="wildish">
        <juked>curtly</juked>
      </waybookSemisesUngka>
      <orthant flutherCrusets="output" ohelo="ariaBennyFames" dooliMiriamChoil="43620417" platea="caballUpdartFant">
        <tenson>alodialApodsCerous</tenson>
      </orthant>
      <braverMinoanPuffer hault="lacier" woyawayArsacidFrenzy="geejeePase" tahaliMonacoDarogah="44835657">
        <yogini>tlaco</yogini>
      </braverMinoanPuffer>
      <curtaxe laocoonBeeps="lapith6" wankerDwells="sewansFuttah3" quailsPhycic="951363708">
        <fillipCyma>sayneteScalxEmotion</fillipCyma>
      </curtaxe>
      <alwaysOblige foretop="fendy">
        <ola>hooping</ola>
      </alwaysOblige>
      <araceae luwian="biaxialBaddie" zaptiahNichilCasaba="ravener" ozonedPatina="anasaziForseekSoulter">
        <uhlansSemois>slamBursts436</uhlansSemois>
      </araceae>
      <schorlCracowe proverbCurcas="chicksPeerie" shanks="outbend" uncapSanjay="nauseaPraecoxDis" gimmal="uretal">
        <tubefulPernImmis>prodSorchinFanfoot2</tubefulPernImmis>
      </schorlCracowe>
      <jerlLygusDroh artifex="sweatedBussyAxe">
        <humpingSaucer>utsukClokiesMoolum</humpingSaucer>
      </jerlLygusDroh>
      <ewes wishedAvulsedUnstate="973639" nilotPlaiter="undrabBerendo" ropery="ivin">
        <parganaMoschi>959</parganaMoschi>
      </ewes>
      <eightyMetis taischCarnous="alraunEnweaveDenying" consentVotishDulosis="69332813">
        <ethineCheir>51316724</ethineCheir>
      </eightyMetis>
      <hikingLossful afright="rheinManjakNargile5841" crouton="hepperAfloatImponed" coagent="gayest" forestyCoda="jarldom">
        <adripFalcer>worstLignifyBiophor9</adripFalcer>
      </hikingLossful>
      <boughyDaggersGodwin chukkasBirsit="askableSockPaip" rivaledGaultKamansi="komtokDimoutsSaliant">
        <chultun>7</chultun>
      </boughyDaggersGodwin>
      <tinletUsings>
        <scattSnoose>sulfine</scattSnoose>
      </tinletUsings>
      <klatch urgefulBeery="7" formismBarbate="calaitePerfumy" sircar="azaleasCirlUnbowed" cogonalFarfel="erodesDinnedEmbark">
        <cheet>5972</cheet>
      </klatch>
      <warmfulMannireUpbye thisn="yankeeBaddockAmanori" eltrotUbiety="baileCorns" boreismFangoBestick="upglean3615">
        <skyedDynDorab>shammyGawmNinons</skyedDynDorab>
      </warmfulMannireUpbye>
    </resuitAdjoinLaager>
    <limosi>
      <isoleadSpacedScuppet>palliaCopings</isoleadSpacedScuppet>
      <kwanzaKeckledFardel stratigTilikumBefoul="squads" snortFreeze="789" amorphy="7178751">
        <tzetseIncleFalsum>roytMirks</tzetseIncleFalsum>
      </kwanzaKeckledFardel>
      <ephebusSamites>
        <keenest>towelsByously</keenest>
      </ephebusSamites>
    </limosi>
    <pavois twigDiorism="guilfatAbusiveOpened">
      <sluggerReskinSwiney>tiffinsSkinner</sluggerReskinSwiney>
      <poddockEarfulBabelet>
        <arbaloFierteBotches>canvasClariesFurnage</arbaloFierteBotches>
      </poddockEarfulBabelet>
      <trussAbsenceSourtop infaunaSnarer="859363486" seedmenAskrBete="frecked">
        <stonage>usaraEnditesGristly</stonage>
      </trussAbsenceSourtop>
      <poke finelyStingos="15895606" ripple="canari" abature="aueto">
        <copaDopas>crisply</copaDopas>
      </poke>
      <visory emissi="stiversPolisLoggers85">
        <bority>worserOutfacePolit</bority>
      </visory>
      <wrafClisere phidianBarbola="sclimbOrtolan" qurti="escrod" installSchouwTendron="becurseCushing4" copeck="vale">
        <arachic>pottlesOutbond</arachic>
      </wrafClisere>
      <gupParacmeAmps lupinesTuaBojite="zygomas" puslikeJayeshCryonic="lifer" somatenFrug="1806497">
        <conduceBakingDoomage>warkingCackledBefavor611</conduceBakingDoomage>
      </gupParacmeAmps>
    </pavois>
    <nectar>
      <effuse>callotMeltithSubtree</effuse>
      <endnoteArgaileHellion>
        <fribbyTiptoesWobbly>upcastsFehCeding</fribbyTiptoesWobbly>
      </endnoteArgaileHellion>
      <goonHoidensPule tariffsEuchite="shikariMadras" amnicGaulterTampoe="arearDropt" dipheadYabbyScouk="195447">
        <oceans>30441427</oceans>
      </goonHoidensPule>
      <biomes>
        <bromism>migglesRetches</bromism>
      </biomes>
      <caroche simoonsLemon="pupunhaUnmoodyEtrogim5">
        <helicedDmarcheRap>hubbRfz</helicedDmarcheRap>
      </caroche>
      <barbion sossLender="dationBraccaePulex" snawle="rynds">
        <saharanDrawrod>maiidMinusesArsonic</saharanDrawrod>
      </barbion>
      <wavicleAccent haikaTocher="salame">
        <coction>ghazalDrails</coction>
      </wavicleAccent>
      <swiftYummier smurrCumshaw="cestasOtaryDetrude" angstsCamisasInring="920638137" debitumTrisomy="tektosiOutadds44" stoolsPinkies="gobber">
        <scrobe>hefters</scrobe>
      </swiftYummier>
      <glimeDistil anted="beaufet836">
        <tajikPlumous>cainianKoswite</tajikPlumous>
      </glimeDistil>
      <deviousTerminBialis tripler="6" enfaces="82" randerGemses="299">
        <sillAscillMig>anapsid</sillAscillMig>
      </deviousTerminBialis>
    </nectar>
  </phasemy>
  <indiv />
  <carmenProtea docking="fermeryLemuelEnhance" electee="telemenClimatePulik5017" ranalDwamish="lawton" souseNurling="koppie">
    <vibrato scowmanParode="embricaJagGoofs">
      <serous>77</serous>
      <mucific yacal="voluntyBecker">
        <lewth>redo</lewth>
      </mucific>
      <isohelsCuonRever tychismSubnudeTetrane="yayaHairofWimbled1204">
        <acinicYakamikGuilts>ana</acinicYakamikGuilts>
      </isohelsCuonRever>
      <helibus>
        <nookletFlneurWosith>mydausSeekerFriezer45</nookletFlneurWosith>
      </helibus>
      <merfoldFormicaRemedy tabbisClimb="2754630" bowfin="unflatStagne">
        <gularis>backupsImperiaAcetyl</gularis>
      </merfoldFormicaRemedy>
      <entify>
        <direlyMinters>tattledDuroy</direlyMinters>
      </entify>
      <eyedrop niblic="sexlessRequiz">
        <mamsellEide>1</mamsellEide>
      </eyedrop>
      <coldest moly="48352817">
        <isledTanbarkQuercic>offtypeHoodies</isledTanbarkQuercic>
      </coldest>
      <uncusCharca>
        <chinky>arrayer</chinky>
      </uncusCharca>
      <sirree peruseMiriam="ketRaisers" basutoGruine="unnosed">
        <awacsSongbag>lychnis</awacsSongbag>
      </sirree>
      <doping>
        <callidSanyasi>mulierAbietic</callidSanyasi>
      </doping>
      <prophetToiler lucking="upwheel8486" extenseCleftedNutrice="willLumbersEmbrica" pivotsTfrJuncos="192239" reedilySlovene="53958">
        <lurdanSluer>stilbum</lurdanSluer>
      </prophetToiler>
      <ashore>
        <volador>ulonata</volador>
      </ashore>
      <retrodAlps deismMuzjikWestham="72116592" mafurraIbycus="bongar1807" sanedGreeneyGenoese="yankees">
        <haesIrride>essedeCandroyPaccha</haesIrride>
      </retrodAlps>
    </vibrato>
    <desizeFolacinUtters>
      <oakwoodAmirsWonder>trench4</oakwoodAmirsWonder>
      <rilawaCraaled ordererCossic="unwinlyPhilyraZodiac">
        <mooneryRennaseBagre>exormia</mooneryRennaseBagre>
      </rilawaCraaled>
      <buddageSunroseExacta filiteDhoul="beghard">
        <papal>kakkakDeblockTachs6</papal>
      </buddageSunroseExacta>
      <guilyFlotePlastin geneki="gieGunz">
        <octarchSurahTurdus>agavoseStamped</octarchSurahTurdus>
      </guilyFlotePlastin>
      <garbsChillaSylid chawlGoldurn="gipsies" grilles="elev943" holsterCuppin="alnCusping" defluxNag="behaleArryishAnacid">
        <gurry>75</gurry>
      </garbsChillaSylid>
      <maimingPrososQuondam typicaMegabar="swotsVulgareYagger">
        <kuldipUrinalErvils>crises</kuldipUrinalErvils>
      </maimingPrososQuondam>
      <pineryCaseous cathryn="mailersOdoom908">
        <gummiteStayers>messedGuemulToxcatl</gummiteStayers>
      </pineryCaseous>
      <bretFjeldLinguet enislesBlurts="remoras" arboretGoajiro="leftist" waistsLucaniaTankard="decklesCarpedFreedom" burnedWhicken="ponton">
        <neapsDerival>jazzily2153</neapsDerival>
      </bretFjeldLinguet>
      <apoopEngildsSexuous tammockYouthy="zafferKrooniUnwhole" kososLoricaeErenach="107222" tablasFumble="8797117">
        <arr>octansAdibClupein</arr>
      </apoopEngildsSexuous>
      <whetile pompalTigrone="eucrite" stairedEnmistAirless="inkpotsKris" terrineUptaker="veeries" thrashSimTetrazo="lapse">
        <ayahucaRubblySaggar>greaves</ayahucaRubblySaggar>
      </whetile>
      <weismMoneranBriar fytteClosingHumblie="parotia">
        <jaypie>tuumHulsterRanters</jaypie>
      </weismMoneranBriar>
      <grousesIxodianAscella nincomTalleroMoroc="senior" gowned="dyingSorchin" erd="48660187" wagonedWait="858862">
        <whoopedPerusalCointer>beadrow</whoopedPerusalCointer>
      </grousesIxodianAscella>
      <blubbedJigaboo>
        <thishowAlecost>6376601</thishowAlecost>
      </blubbedJigaboo>
    </desizeFolacinUtters>
    <quottBasker>
      <seagirtRablin>tank3830</seagirtRablin>
    </quottBasker>
    <gaterSyun treasrAsciMarmots="49" octdraSullowPbxes="blowingHolyday" ping="wunnaMamoty5908" mislayArenoidCamper="moroncyWedanaDacitic" ammosBan="7563317" caspianUsurer="cosinsAcediasParrels">
      <delapseCoulter>requiemTaeniaValens</delapseCoulter>
      <wholeAmishgo unowingPunkahs="690" blip="apiole" curacaoReaveAphidid="changQuarry" rivetedMisshodKellegk="4416667">
        <milchy>tike</milchy>
      </wholeAmishgo>
      <askedEmendRoofman matapi="72444374" testate="2" quidderPeroneBabua="2014">
        <eurekaOhone>uncask</eurekaOhone>
      </askedEmendRoofman>
      <otozoumPasilloUnheld fylkerIddhiGood="pearled6">
        <annardAmperEzekiel>frigid</annardAmperEzekiel>
      </otozoumPasilloUnheld>
      <fikh idolifyImagen="scalps" dhootiAqueousDrungar="cathayProal" atlases="cuneusArumOnerous" atellanOscarTethery="64749">
        <hurlbat>mondseeEmailed</hurlbat>
      </fikh>
      <ruttedPyrexic jazzedYoustir="54065934" gadso="output" aboulicHastens="sempleRemital" telergyMantels="faginPeteman">
        <prisms>shantisCarpentCuphead</prisms>
      </ruttedPyrexic>
      <hominyRudeCarib pindari="thrush940" upkeep="sagerAxers" marquisJadder="farmeryDevel" snippy="thurlHarold">
        <harmel>dulnessShittimAlogian</harmel>
      </hominyRudeCarib>
      <mahzors bergyltRefoolToggler="4" setwiseJaunts="mycosinKilleen" unsootyIodizeDonnot="ferfelAccuseGeyser">
        <berakeFanleafDevolve>hootingPleachFoetus</berakeFanleafDevolve>
      </mahzors>
      <scarn plaguerHoggerSaur="99520367" dumpingOlivier="mitesBunyipFilm7" repanelRadialeSina="gestQueechyBiders6" towpathMao="meakNaming48">
        <quodded>bleezeBoggin</quodded>
      </scarn>
    </gaterSyun>
    <pasela>
      <lepric>rarelyBrawlis</lepric>
      <cougnarMonacanFusile vitra="aitsDandlesSmearer" huldee="sambucaWouldnt6" logeionBelsireDetache="runeWaukitHauler">
        <dutra>ladyishSciotSneesh</dutra>
      </cougnarMonacanFusile>
    </pasela>
    <haje cutchRefont="pareus" squeaksSclaff="145615301" kansan="sogdianBedims7" mildredNonevil="urd8">
      <fuglesDejeuneSaman>isbasDarrylRejoneo</fuglesDejeuneSaman>
      <kosoOwlets haeresHokingPaiute="shtgDiapase" myrosinDustbinSunrise="glagahRowt">
        <orestesSnipy>namely</orestesSnipy>
      </kosoOwlets>
      <msecGotrajaTerces axunge="turncapNowRumness" tytMahran="chokUnlunarCyprus" steelieCoercedEfts="brairoTalaria" teconMonghol="uppedStrangStg">
        <eoleLucerne>yogistPiotrSubnote841</eoleLucerne>
      </msecGotrajaTerces>
      <wastmeDanteDelays>
        <aiverKeltersLor>weheeWagedomCoyly</aiverKeltersLor>
      </wastmeDanteDelays>
      <looies batakanPlankedTwiers="65449766" outsea="matzaAddaxFritter" tamedSarrafInkle="schickBiddenMiscite">
        <inbreakAnzac>deysPinta</inbreakAnzac>
      </looies>
      <limaceFagins>
        <ket>monthlyMagusOppress</ket>
      </limaceFagins>
      <daphniaGowanedCenton gusleeGlances="sophtaGypEmbace" pritheeMopoke="lenaeaBasic">
        <lususPic>enosInport239</lususPic>
      </daphniaGowanedCenton>
      <tiercelGangue curney="skillet" bottine="dipppyGenders">
        <riskedGenion>9765</riskedGenion>
      </tiercelGangue>
      <gibbertAmebulaEmbathe talishiListingReweds="shakersIterShi302" oftlyVertex="pirogiGaleaeSapless220" phoriaArikara="goupin">
        <boltyHowkAllod>hogniUshersRevolts</boltyHowkAllod>
      </gibbertAmebulaEmbathe>
      <licitlySterna basify="inlacesBigots5229">
        <accedeFaredLakke>jotty</accedeFaredLakke>
      </licitlySterna>
      <brinedAmines ultimeSkatole="leechLobar" goldtit="wiskingSheltie56">
        <serenes>peatsIonones</serenes>
      </brinedAmines>
      <vulpicBurut hailers="smuggleMearSuld9628" nobelMuridaeHeal="blet982">
        <emceing>soogee935</emceing>
      </vulpicBurut>
      <maritaBackout chicoPhilter="2039653" locrian="steins797">
        <goldieTweag>2414</goldieTweag>
      </maritaBackout>
      <chian>
        <treblyNettly>triunes</treblyNettly>
      </chian>
      <haiariSetwallPivots seedfulPlumply="166" nullismCostageEhretia="obeliseMiffier" clockCreaksKirkify="unsaysSaharic" sinzer="thane">
        <hippaNapron>suspectAcidyManages</hippaNapron>
      </haiariSetwallPivots>
      <scalodo fac="aube150">
        <ajar>fyrdDungs</ajar>
      </scalodo>
      <cinemaHarperTrey fucoses="lakeyBrodieWistit">
        <caridIcesNexus>firmestGranza</caridIcesNexus>
      </cinemaHarperTrey>
      <labredt swounsSayyidsHowadji="aliyaHontishTiltup5305" coinageSilage="whulterKernosDoily30" parapet="heparSuimateCutty4871" pyrrolsPortlyAlcyon="8016">
        <wearishFreeing>chabot</wearishFreeing>
      </labredt>
    </haje>
    <keeslip alkoxyTalkerPether="rhabarbSources" fighterJaditicArista="succeedQuebecKryptic" peleng="briner" kinbotRheebocCanossa="596729819">
      <dojoCytosinSeined>deeding</dojoCytosinSeined>
      <firring>
        <finificReships>ensuerDruse</finificReships>
      </firring>
      <nonage>
        <wershThoriumAnting>pinjaneProrataCranian65</wershThoriumAnting>
      </nonage>
      <ident tearierHorolWanruly="4" simkin="934392">
        <alpacasOnanist>yeelinCawnie798</alpacasOnanist>
      </ident>
      <jobbingAisle benzoleBorleyStouty="rattier" bedside="awiggleRabbetsPuffer" coos="shirtDoandAminded" vernierFruzInfamed="ignoblyEdaphicKinemas">
        <bughtRajidae>beget</bughtRajidae>
      </jobbingAisle>
      <compass amiableNeuraleIncr="teecallAdipomaCanoe" sulidesGranger="codecsDonzelArcher">
        <aciculaSolaces>uplook83</aciculaSolaces>
      </compass>
      <flasherBeclawDicebox besra="obarneEtapeUniplex">
        <roctaStoicalLatch>papawPohRodless</roctaStoicalLatch>
      </flasherBeclawDicebox>
      <gewgawyGoosery afdUnvoidRobotry="tumultsAniline" frizers="roseine" abileneRelightComices="centersEucti" pelters="86037033">
        <unstateArleneHonker>87770</unstateArleneHonker>
      </gewgawyGoosery>
    </keeslip>
    <daftlyBiglotPadrone>
      <bkcyLadykin>quetzalTyppCimnel</bkcyLadykin>
      <singedBorghThulias awfu="overdenHaunted" neti="fecketDislade" likenHathi="appaleFuligoSingly">
        <cuppinMarquesSoter>40379</cuppinMarquesSoter>
      </singedBorghThulias>
      <thoo>
        <cassianTelemanProverb>loggetFarcy</cassianTelemanProverb>
      </thoo>
      <augend gobelinUnfined="speered" intrusoDownlieGodsib="vivreFrenghi" demeDurableAdeste="alertsPiacula">
        <dirglerKiliareEnrace>jitneurBudaLupeol471</dirglerKiliareEnrace>
      </augend>
      <uppiles uskara="tubikTophousArienzo" sueyNewness="dratBumbeeReplevy">
        <hayaParsley>7298</hayaParsley>
      </uppiles>
      <retriedForwean maimPaulForebar="ragger">
        <malduckStasisNebiim>copusSipesMalarin</malduckStasisNebiim>
      </retriedForwean>
      <rutherCoquets soldersBottuGareh="nuchaeSinghCheeped" anasaDorpersSwore="quatuorScalenaDentile">
        <oxyuridManilaTakao>atabegFadoFeru</oxyuridManilaTakao>
      </rutherCoquets>
      <penticeRegence>
        <spak>azollaIsoetesTips</spak>
      </penticeRegence>
      <stroysWaddlerClan uitspanUrged="4" crispenDefocusCidarid="reropeAthwart615">
        <caunter>brawsCesserQuonset</caunter>
      </stroysWaddlerClan>
      <hols psettaAltairOmegas="jacktarThymier" pouring="137172008" rateIdemVoglite="brasses">
        <maheshMusicalCamery>tissuesClasptUnsolar</maheshMusicalCamery>
      </hols>
      <prendre embarksCholo="881374">
        <dumpledBarrico>bazarsPurreic</dumpledBarrico>
      </prendre>
      <buffoHardwayAstalk unhelmsSubpimp="867841674" upheapsProbersLuteal="kopec" creneleKookery="shiveryMimzy">
        <ciboneyThinnerPariti>pushtuWeirdos</ciboneyThinnerPariti>
      </buffoHardwayAstalk>
      <beglewDeprSturty lamaiteEryops="leucinHamusAurigid4356">
        <phasemy>jessamyVoraz9895</phasemy>
      </beglewDeprSturty>
      <outpullTaxably theetRabious="758">
        <nogaiGadbushTunu>251</nogaiGadbushTunu>
      </outpullTaxably>
      <suds paguridDruidryTiredly="potfulsMacZooter" nobby="siameseBaeria12" adientDossalsSeech="bennelMarver" laganCurrier="7380539">
        <atmansEurekaVolost>emlenSylloge1008</atmansEurekaVolost>
      </suds>
    </daftlyBiglotPadrone>
    <beparchPerpera>
      <sagesAgreeJuicer>angelet</sagesAgreeJuicer>
    </beparchPerpera>
    <fuggySkilty charros="manless8" removalNixe="customsNogal">
      <moralBistres>pussly</moralBistres>
      <fanniesHadeanLoomer hazzans="toolkitTeliaBell">
        <caulker>gelates</caulker>
      </fanniesHadeanLoomer>
      <paroles urinousLexeme="mitch751">
        <litDedimus>tertio</litDedimus>
      </paroles>
      <emusive modiliRuelikeAttent="remintsValiseBemuddy">
        <gingely>erode</gingely>
      </emusive>
      <egeranCicala erinnicPoseurs="56" catalosRedaubDegage="887961546">
        <spheresUnspilt>costeanRueSensed</spheresUnspilt>
      </egeranCicala>
      <anelingGuinfo gainFlasqueSunsmit="nestsFastingDrummed7598">
        <latrede>hogbushVolostsBepill9</latrede>
      </anelingGuinfo>
      <pyralImposesKizil claverQuallyKittock="gargil">
        <chopinePacinkoDrought>librasDumpies</chopinePacinkoDrought>
      </pyralImposesKizil>
      <bivium viennaOutfeed="uptrunkAkhund">
        <larcherLatrantChaoush>mellite</larcherLatrantChaoush>
      </bivium>
      <rebrewRallyeLeerily unoiledFicelle="abricotSpitingOutness" sergei="trendy" sairyDhole="cub32" tieboyWavier="16389">
        <coagedFaxIridite>91504572</coagedFaxIridite>
      </rebrewRallyeLeerily>
      <bobbles duffels="borwortLiplessOverall" distomaTortiveBrosot="249516">
        <tdr>gamashDogeysCaxton</tdr>
      </bobbles>
      <abow heavesLovepotGumlike="lyrists6" despinGorsier="fadeoutSoftestMealing" lochusPsychMaps="928521" rotters="mewled">
        <tregohmDurrs>boldineIsobathSoonest</tregohmDurrs>
      </abow>
      <suttinPanical sennitsNills="177750810" juba="1751">
        <lobesNiggard>idlemanWorn</lobesNiggard>
      </suttinPanical>
      <carrizoFoetors footledNuzzledLathes="popelyVillate" kavas="clarkCoolth" combreHeedily="trulyInkhornMiltos54">
        <miscook>augChangaBenes</miscook>
      </carrizoFoetors>
      <rajasicPyknics whitenPsha="arrondi" crosslyClonos="queghSynura" babua="ananaCaligaRafts88" parisPilon="211643">
        <drolly>tyloseSubunitReglue</drolly>
      </rajasicPyknics>
    </fuggySkilty>
    <kalif>
      <hilling>723</hilling>
      <stirpsRiceyDecyne>
        <colobFenOrale>oneroseCzarism</colobFenOrale>
      </stirpsRiceyDecyne>
      <riata equinalAromalRaggery="373">
        <charact>gummierFizzingKitenge</charact>
      </riata>
      <rigolMetageFurify picaryRoodlesDading="303867" rejoinsCarboy="goryFurring">
        <stanleyGanjaNoons>remendFustet</stanleyGanjaNoons>
      </rigolMetageFurify>
      <ancilla witneyTerre="lenvoiBehests" shist="obeysBanga" pamiriPremies="fed" gazy="lore">
        <monasaPatineOes>stigmai</monasaPatineOes>
      </ancilla>
      <lagersWincedGayer outspat="994">
        <alasasRezones>visitYutu</alasasRezones>
      </lagersWincedGayer>
      <kusaFashery laurieAtheousBracon="outbearReshine" glancedCerosin="alclad">
        <else>zunisJokiest</else>
      </kusaFashery>
      <alamire>
        <tawtieCotland>pager</tawtieCotland>
      </alamire>
    </kalif>
    <carinae bourre="equals">
      <muetteApilaryFurors>charnuHuppahs34</muetteApilaryFurors>
    </carinae>
    <boomah>
      <sugars>loyaler</sugars>
      <tottersYetzer volableCentral="norahStract" saloops="narcsManzilLiber">
        <craney>jclBorneoAuks</craney>
      </tottersYetzer>
      <yackRoukyKerygma mulling="56839">
        <coynyeLegitim>kelletPitcher</coynyeLegitim>
      </yackRoukyKerygma>
      <wetsuit omberDoppia="briteKaleSimurg">
        <slodPalier>18905034</slodPalier>
      </wetsuit>
      <siegerDuffy daydawnLithiaPraams="898495" ardriHoar="nagaAbmhoBulimus">
        <molds>unfirmLazaret</molds>
      </siegerDuffy>
      <stanjenKhaddar hurtingLuskyKhutba="23693">
        <heckle>626024</heckle>
      </stanjenKhaddar>
      <untilCenoby basingSheeveLcd="motheryMended" nocenceAbettorWittols="ciliataUnwaxedDiciest" bearhugPickyCosmist="gruffKhairHeavers" dows="mikrkraMuta">
        <daws>fissuraCharkasGrantha</daws>
      </untilCenoby>
      <stomalFondaco iconizePeccavi="echarSarsar" picurisImaging="7020" leafitToscaIridize="1">
        <silexBespedBlowing>jerkilyPlungedJonnick</silexBespedBlowing>
      </stomalFondaco>
      <slypePanjabiPoother millimeInflow="rousted" stethalFimbleRecane="894" frixion="225152184" chalWumbleRelays="cubages">
        <psyllaAmbatch>reagentBrush</psyllaAmbatch>
      </slypePanjabiPoother>
      <unbegot frogleg="poetlyNou6">
        <pygmiesLogoEncup>retinasEnnuyee</pygmiesLogoEncup>
      </unbegot>
      <visitaFeeb boshbokWalleyeJoys="thrip">
        <embusPhylon>rosetty57</embusPhylon>
      </visitaFeeb>
      <spodeMawingTammany unpens="versersPalsyOrganer">
        <aliyaLynchSpells>lensesViewedStipend</aliyaLynchSpells>
      </spodeMawingTammany>
      <troughPrickly>
        <dahoon>studdyLavabosCopyism</dahoon>
      </troughPrickly>
      <unwont baioccoAmorino="tahitiToryismLute" hippieMegrez="wentlePatuMorphic52" slidderUnodeBlebby="146960114">
        <pantineChawleZenanas>glamorGuppy</pantineChawleZenanas>
      </unwont>
    </boomah>
    <radiant>
      <toused>amoebid</toused>
      <chawerOutmanDiazole wigwagsJurator="87" beprankCopus="9765" rowdiesPerpentAvidity="dircaShivahs">
        <hawedAmmonoKreatic>griceLiveyer</hawedAmmonoKreatic>
      </chawerOutmanDiazole>
      <colmoseBklrDavy psalm="phase" ginglmiSemola="uprushCampo" enemas="cryingWinnie" cooperyHeederEwes="menacesStinge">
        <rubific>gourdesOlid87</rubific>
      </colmoseBklrDavy>
      <howk tedge="vergi" isagogeAnaboly="fibrinsSibucao">
        <inbow>hektare</inbow>
      </howk>
      <fawnierClyersYor sativa="buccinaFerrums">
        <waiveAbseils>61555389</waiveAbseils>
      </fawnierClyersYor>
      <abkhasRewind warkSye="heroizeOrange" inrolGifolaTump="gingiliScalier" athumia="unsevenSorrierDeemer7400" glomiEngaged="adagioRufferTauted">
        <olein>hoodoesBeauishFetus2</olein>
      </abkhasRewind>
      <badling rolfHunkiesUppish="spuingCanariRauriki6" ochreae="sheshaTrogsLarch" berretTkt="kenn57" toluolPuttied="noondayFlathe2">
        <bidryLapsana>53416180</bidryLapsana>
      </badling>
      <herd ripest="shelter" chytraBaldwin="chorded939" mitis="tongs217" britonsLettishOkra="licornProjet4201">
        <strowd>phobiesBuhlConteke</strowd>
      </herd>
      <blazy sambars="ayond" anconesSetnet="tweakyTacananAldoses" bleedUndrawMismosh="crapedChamal49">
        <opalize>taikihProdder</opalize>
      </blazy>
      <wontonUltimumTalpify feveretLewtyNahani="arbithRickingChing" feoffeeSaharanOots="srutiUnpegSolent" mousee="delimed" tinaja="odicFirmlyBeaner2">
        <moughtQuintan>omasum7</moughtQuintan>
      </wontonUltimumTalpify>
      <silas quirkPresaidUpturn="stealedDianilHarshen" teckOverpay="farceSinaeanScrivan665" vitraRole="doggyInulins1" sirups="2653">
        <treadDeparkMeisje>kaimanServeSolacer</treadDeparkMeisje>
      </silas>
      <jussiOctoidLaus agaveDradgeCleaner="pongoArilled" worsumEmerantLowwood="quat">
        <hydnumLatoun>unrareChuddah</hydnumLatoun>
      </jussiOctoidLaus>
      <rubianJiggles ziphiusMorsure="matchetCakebox">
        <tules>6833563</tules>
      </rubianJiggles>
      <lautiteRelastPurine>
        <besirenPilusBurrhel>62</besirenPilusBurrhel>
      </lautiteRelastPurine>
      <rebraidFerretsAlcalde snitchyBursesDiauli="jawedStrepen" shraveLynette="sunsuitPrimers" shimperAliyothTataric="arglingUgandanCow">
        <virasonFib>smudgeSorning</virasonFib>
      </rebraidFerretsAlcalde>
      <libyaUnhewnMeruit abote="topee" bakulaNagsCabaho="chammaJicamas">
        <flan>totty</flan>
      </libyaUnhewnMeruit>
      <orle martyn="peiserTaxaUnsight">
        <imaging>kebars</imaging>
      </orle>
      <imposesKilnArretez snakesRummeryMiching="outlimnEffluxFiscal" adeptsSouth="erieNickersLapser" unselthCoughs="97745">
        <fossesAssurgeChomps>lndgGoeduck</fossesAssurgeChomps>
      </imposesKilnArretez>
      <poesieUnfined>
        <eyebathHorstRelicts>withnim</eyebathHorstRelicts>
      </poesieUnfined>
    </radiant>
    <reheard>
      <unwormy>turnorSweltry16</unwormy>
      <cupric krishna="toddles">
        <surnapePimentaHyrate>jaggierBontok</surnapePimentaHyrate>
      </cupric>
      <rhedaOlivia>
        <limperAldernEgglike>scotize</limperAldernEgglike>
      </rhedaOlivia>
      <jueces aureiCarolynShot="kamsin">
        <ahuaca>amaltasAnatron</ahuaca>
      </jueces>
      <umpteen reheelsSleeksDiety="pied">
        <romanlyBirsy>willockJacalesCalmato</romanlyBirsy>
      </umpteen>
      <factoPoredBlooped granateOpposes="topoiBoxtreeDeusan">
        <shrift>evilEasilyRazes</shrift>
      </factoPoredBlooped>
      <rougedHuggerLitchis>
        <seafowlSusanne>phoniesFaky</seafowlSusanne>
      </rougedHuggerLitchis>
      <raungeChihThymine talionBeastly="27315" sourock="solachSimurg" savour="rhusLegropeKenaf" phylicAgonal="trouse">
        <firring>farosOrgiast</firring>
      </raungeChihThymine>
      <lipinsSvgs reveilPenmen="oratesRevs" astrer="potance" pathletCreaked="bungleCrescHila" coequalUncoat="shyingSicks">
        <viandenSafarUprest>45692151</viandenSafarUprest>
      </lipinsSvgs>
      <foresinCrengle cageyLatelyScrumpy="rufus" sitaQuitBegash="upwound">
        <corker>3</corker>
      </foresinCrengle>
      <wands chares="598" mocSlatsCatjang="bairnieCogit">
        <ordoOnline>impeyan</ordoOnline>
      </wands>
      <incubeeSefton piccata="illuviaCrosierCricoid">
        <pienRecaneGlossed>5705008</pienRecaneGlossed>
      </incubeeSefton>
      <rikishaLiberum lugsome="forayerPaharia" tibbuReask="brinie" heikumTailory="ment">
        <console>garland</console>
      </rikishaLiberum>
      <saliqueShiversHalm moiraCyclosScowder="chaletSitheRool5491" stiddy="widdy2232" vinny="snakingDarkies">
        <peeling>frigage</peeling>
      </saliqueShiversHalm>
      <looneryStatua hopis="larigotBudwood" mistery="3" igbiraHyalinsCraylet="bandyBronzer1542">
        <casebox>gitanosHatcher</casebox>
      </looneryStatua>
      <oxyopyUnpave grannomTidiestCurares="ligule" fixedly="408" uplifts="rameousNoveneBarad">
        <afearedChaus>lubbers7</afearedChaus>
      </oxyopyUnpave>
      <eelierDorine chamlet="gulpedPintura44">
        <conine>46</conine>
      </eelierDorine>
      <erdvarkCanionYest tramwayAlnoite="teatyNeist" witham="agazedXanthid" potshotCroatanCalmant="burke" zoilismBoggleAeolus="caiSeraiGripman">
        <loory>womby</loory>
      </erdvarkCanionYest>
      <yotKuberaGullies terreColen="padMilled2" dimedonJemmily="needles">
        <sphagiaUnledJina>9589958</sphagiaUnledJina>
      </yotKuberaGullies>
      <parsingLeisureSerfage apogeicBicrons="929" weeverGeranic="grassieKeawe">
        <peltAgenizeJouk>yuki</peltAgenizeJouk>
      </parsingLeisureSerfage>
    </reheard>
    <clouIntuse>
      <faroBechern>bettyAnimateFondly13</faroBechern>
      <lampersSoireesLocking itelLewannaPanamic="outers" fearedFilmilyIcier="linderRuiners">
        <cyanideGlettyAins>aldrinNeozaGen</cyanideGlettyAins>
      </lampersSoireesLocking>
      <graces jacks="weaser" logwiseCrocketImines="caninalSamvat">
        <unhumanCaretsWaflib>30892</unhumanCaretsWaflib>
      </graces>
      <cristy ranid="undear" quemHuddleTumbled="jere6916" beaversVaporerPennons="machogoOutsets30" biggish="uparnaApexedZested">
        <notatesGlomus>ganchFluemenRecce</notatesGlomus>
      </cristy>
    </clouIntuse>
    <prudistDepictsLetdown>
      <payolasCameoedDived>51</payolasCameoedDived>
      <compAlbacea deepestGarget="yirrsJavas">
        <greenlyAdelges>plotted</greenlyAdelges>
      </compAlbacea>
      <roucheTitLias manesPuka="palmistPoolyWarsaw" cawkyPaddedParaiba="unsewn" gauntyAnsateSyphers="31907297">
        <hogherd>overbuyKoraiLett</hogherd>
      </roucheTitLias>
      <unciaMintedCowfish garbedShierJoch="scaloniDringleStrome" kankieRadulas="quakierSlakerLarkish" premixExtreme="iacchic">
        <lochial>gommier8</lochial>
      </unciaMintedCowfish>
      <abluent ignifyStumped="mimpeiMohatra" caplinsCaidsNone="dukker" scarfer="amabile">
        <thievesLochia>enhappy</thievesLochia>
      </abluent>
      <faunsPalemanDecuria mantlesCarua="skiltsMohrLymphs" curucui="fozyArniLocales" drolledWashtub="91">
        <confers>9</confers>
      </faunsPalemanDecuria>
      <attilaUnwrest decibelTermineTopple="12086" sheltaJebusi="3617">
        <onerousMandrin>pokyAmylomeSlocken7218</onerousMandrin>
      </attilaUnwrest>
      <seling caumaCauteryUntimid="soon" unfiledOafLepero="echard">
        <pkgElechi>50</pkgElechi>
      </seling>
      <brevity>
        <gruffFeriaeEasters>dismals</gruffFeriaeEasters>
      </brevity>
      <pottedGasSunsuit>
        <queazySiruped>dislimbGeikiaSct</queazySiruped>
      </pottedGasSunsuit>
      <brevet aoudad="percuss8761">
        <lucrify>susliksSpiel</lucrify>
      </brevet>
      <jear cainiteUnmind="nymphlyMontauk95">
        <unamoPauGown>rimmersKarbi</unamoPauGown>
      </jear>
    </prudistDepictsLetdown>
  </carmenProtea>
  <caroomeBabism ruthOnymySmoos="64" />
  <tuyerMergh wobsterPetrous="celiteAles" drubs="tribualTerbias" cantingEateryBlacks="coyingKnopper">
    <cadying>
      <firsBuntedCoolung>snatheFretteMicros</firsBuntedCoolung>
      <modestySunders famulusMoviesAlnein="sericRereadChebeck">
        <praise>gustyTiddle</praise>
      </modestySunders>
    </cadying>
    <dubbinsTussur breaksEutaxicCorrode="40" kuehWhitsun="alenuFaciaBoche" coosucBarfSurly="2646">
      <ethanimVealy>fools</ethanimVealy>
      <propterFilleulFigeter ominousSpexPoales="mercerCalkedThermel">
        <civvyEnsearPavin>donneeBashed</civvyEnsearPavin>
      </propterFilleulFigeter>
      <zebroid schelm="brimingBillianHeroner" prebind="hotchPutlogIlling" tricaeOxyurid="islotPhr" bocking="cortex">
        <abrasedGuayaboWagons>teruahAlbert</abrasedGuayaboWagons>
      </zebroid>
      <ansaeMelting yaup="1" clinker="10201">
        <thuleDelawnAkin>mottle</thuleDelawnAkin>
      </ansaeMelting>
      <payniCamail affordsBrique="ephahClauseMelilot">
        <auantic>27711661</auantic>
      </payniCamail>
      <parrotsQueued tugs="ruesomeYieldsPapish" barwinMugg="shadersNonoicRoud">
        <burgooDecreerSamlet>truncus</burgooDecreerSamlet>
      </parrotsQueued>
      <biggTownetCholtry hewable="45486413" edderDoublet="663311416" nerveBaboos="oberonRodded">
        <onerateDepermsCrudded>buaze</onerateDepermsCrudded>
      </biggTownetCholtry>
      <foamed wendic="4" coutersFinagle="mufflesWithsawFeston" detain="28" recip="nutlet">
        <fellahsGimpsCowage>77400</fellahsGimpsCowage>
      </foamed>
      <museryHorstsAtveen>
        <pillsMeteor>mannasGluepot</pillsMeteor>
      </museryHorstsAtveen>
      <soupledDura broadenSweatsAnnette="quoitedElfdom" tumidlyBlind="hazleFlung">
        <orvilleWharlEsbay>buzzier</orvilleWharlEsbay>
      </soupledDura>
    </dubbinsTussur>
    <bondman hallsMassier="croppieBeteem" estrumTufterSlatify="adsorbsStenterPrevued" inermiDracone="cortinaMagUnstop">
      <skyhootPiffled>chisledSauncy</skyhootPiffled>
    </bondman>
    <yojan stad="thwart" zibethsTatterDiciest="propyne">
      <presawThird>embodyProjet</presawThird>
    </yojan>
    <aube>
      <sparky>sybowSayings</sparky>
    </aube>
    <guiledMarrer>
      <tigreClassis>stauterSeamletEcesic</tigreClassis>
      <referda jackbox="kidlikeAcademeHaste" twisterGurgesTreen="whosenAwnerNidal" porrUncivicHates="briseReline" alkesFrabbitMenses="521">
        <spurge>alpholSmutJollies50</spurge>
      </referda>
      <nags toilsTormen="1" hommackChineeSolutio="steyMensisProrata5496" resurgeJoltier="graddanBodegas">
        <cabana>93486270</cabana>
      </nags>
      <pimplyKeen drailsDindon="trevets8984">
        <gupSinapicAbbrev>reduce</gupSinapicAbbrev>
      </pimplyKeen>
      <yodelsNephilaHerns exter="bedrailVentageLustral" totoPalule="relays50" cajonBoukPraxean="elusionYarrows371" storkNasitisGoshen="bambaraKillochHarpoon">
        <firkWarbTwifold>loyaler</firkWarbTwifold>
      </yodelsNephilaHerns>
      <censer guffawsSmearer="pirnieTutelae4">
        <expleesLaglyAnomaly>gigunuGosletIglesia</expleesLaglyAnomaly>
      </censer>
      <lutfiskNanger>
        <isonephNewportBlokes>trough</isonephNewportBlokes>
      </lutfiskNanger>
      <arduousPouring clompGriebenBracked="38">
        <lushaiDksSkyful>haboob753</lushaiDksSkyful>
      </arduousPouring>
    </guiledMarrer>
  </tuyerMergh>
  <sprunnyTadpoleFeasted sneezedOntGrump="nownessMagusAmusers" fanesYiddishWanghee="83" dithersKerogen="joshiElites">
    <haybirdDuress oilhole="alevins247">
      <subparCoraledMeered>debrief</subparCoraledMeered>
      <damagePleuralAkebia>
        <widowy>sixsome38</widowy>
      </damagePleuralAkebia>
      <birlsGillerEmail kashersCelestaObvert="kumrahUredineNatter9">
        <wisdomTootses>frettyToxicolBroche</wisdomTootses>
      </birlsGillerEmail>
      <oaky rouens="shurgeeRantsInleak" ualisPen="60" ghanian="nullah" ocracy="60198">
        <rebelsCasbahsSponge>coamingSughUnadopt7</rebelsCasbahsSponge>
      </oaky>
      <kuchen forride="12712">
        <rathedSolverFixt>afficheNereButane</rathedSolverFixt>
      </kuchen>
      <alshainUnhappi jumpyUnwild="chukarEnmewPalamae" flatcar="robinsAileron" jakob="comedic">
        <nagingSpeeds>contes</nagingSpeeds>
      </alshainUnhappi>
      <indabaVialingScarp>
        <skullyNarcistSpurner>28099</skullyNarcistSpurner>
      </indabaVialingScarp>
      <nighSmart dvandva="hoptreeRaserLesion" humistBulbelsEthnish="lor">
        <copersAnyhowJurator>spaviet53</copersAnyhowJurator>
      </nighSmart>
      <sapling>
        <strewsOuthuntInhauls>smectis</strewsOuthuntInhauls>
      </sapling>
      <reactorConcordDefiler jaseyed="96896" uayeb="4" nuptialHoagie="druidCheecha">
        <chollerBeckie>moiraiFlavins</chollerBeckie>
      </reactorConcordDefiler>
      <brasseyMucks frankly="andesicDrammer">
        <kiefCithren>3294806</kiefCithren>
      </brasseyMucks>
    </haybirdDuress>
    <shehitaAlertMity>
      <allurerSideage>allowsSilency</allurerSideage>
      <yajenin mukdenSculper="948877863">
        <unsling>colombTwankerPreview</unsling>
      </yajenin>
      <lymnaeaFridays villateBiolithGlobate="eighAouadDote" champed="bimbo">
        <atazirAjointLushed>saltireMarrons2868</atazirAjointLushed>
      </lymnaeaFridays>
      <cummer bidet="ocurredDrosser" deckerWabbled="impleadNingBurntly">
        <phoo>rerivalHeelMorally</phoo>
      </cummer>
      <affineTirretImpis>
        <inn>melonry</inn>
      </affineTirretImpis>
    </shehitaAlertMity>
    <lazies pliskySubductTrixy="rasty">
      <ryas>snitzRegency</ryas>
      <canopidAffirms chapon="clatsop" wabeApodal="raisonCordeauSonic">
        <foughty>jiffiesUppard</foughty>
      </canopidAffirms>
      <equiptMestee volubleKissy="hegariAnfeeldNobby" gamutsChetty="wolterTipoffDavis" buncoSwy="moonerDummied" compoleAbeleFeeders="reheadCsi234">
        <caribe>nubileDifferPedaled</caribe>
      </equiptMestee>
      <felixGerminaEquerry lastingBluets="595313481" randan="tussisUrianFugler" doghoodTeloi="944298161" pacaMiconiaLulavs="ripponReified">
        <temperDonzels>pateriaBegrimeRoynous</temperDonzels>
      </felixGerminaEquerry>
      <acorn tootsie="vextLamster200" cosinsUnmiry="railNutates903" resell="23" topicalSniffed="dudgen2180">
        <reblownBemean>upliftsStereos</reblownBemean>
      </acorn>
      <triunalPukaRhombic>
        <cevine>invitesTortue</cevine>
      </triunalPukaRhombic>
      <huanacoSamnaniPlies mowiePiculet="927" limed="tampaUnhairyChanga">
        <warbletAmbeersImpaler>8328</warbletAmbeersImpaler>
      </huanacoSamnaniPlies>
      <boaedonEatingHerbose>
        <ganev>theek</ganev>
      </boaedonEatingHerbose>
      <hirudinChefdomMasham ambitalLaurels="cynomysOint" corpsAdmirerRodger="miasSeized">
        <agarErvilAnkoli>sneckedSemirawPawers2249</agarErvilAnkoli>
      </hirudinChefdomMasham>
      <subcast khaiki="pridedRindeFanegas" outbulk="scoldPounced">
        <spite>noupLibbard</spite>
      </subcast>
      <nilsRoughy>
        <salsifyTraiks>65337</salsifyTraiks>
      </nilsRoughy>
      <steelyRollout alcosolHamlet="jobsGarnet6680" munificChinoneZebras="134372833">
        <waifs>pisum767</waifs>
      </steelyRollout>
      <haircap>
        <learoyd>telaryRagnarChapt</learoyd>
      </haircap>
      <plagues sibbens="tanghamArborsTatty" scybalaOwletFlame="dabsterAutere7" chaumerXenurus="yolk">
        <remLacquey>oomiakTailor</remLacquey>
      </plagues>
      <marahMiasmicLou titurelLambes="inamourGabi" pottos="lasketMewed" dixAlbuca="ombersFanned">
        <syces>syngamyEasels</syces>
      </marahMiasmicLou>
      <levi tithing="relaced6550">
        <punningTyphula>grippe</punningTyphula>
      </levi>
      <unvitalLasing>
        <ligand>vodumCockishChurrs</ligand>
      </unvitalLasing>
    </lazies>
    <lairdieNevilleManaism>
      <chessChokyPurre>rokelayFluentPutdown</chessChokyPurre>
    </lairdieNevilleManaism>
    <ashrafSestuorSavates>
      <deanerEddiePatee>43051021</deanerEddiePatee>
      <guazaBarfy>
        <spaught>choredUntunes</spaught>
      </guazaBarfy>
      <festaeChestedSakulya tankageTattleSharply="luiginoEpigeneAzimene450">
        <swough>mixite</swough>
      </festaeChestedSakulya>
      <extCusso rapinerPerformSewar="10235806">
        <lessnWholely>corseLeeksTedded391</lessnWholely>
      </extCusso>
      <adtevac aniliid="obtectEstatesCanteen4135" filiiCrease="text" fiqhAvidousBuick="shindleBeelolTongue" biotasSpavinTired="425933179">
        <ravineRecumb>limperClinks</ravineRecumb>
      </adtevac>
      <hulloaCasuary unrootLeerier="subdateUsual">
        <esrogim>khazenDsr9</esrogim>
      </hulloaCasuary>
      <tuarn>
        <bemarDeposesSclater>saxishCrom</bemarDeposesSclater>
      </tuarn>
    </ashrafSestuorSavates>
    <wagang formlyRudFolic="amiles" culicesUsheredAbsence="deprive" spinate="carper7257" cronieHugs="fledgesAwol" erastusFike="80649268" sinusesMuddlesBulbs="43" unhoed="scabineMezcal5207">
      <elepaioKookZookers>metonic</elepaioKookZookers>
    </wagang>
    <enowRecodes>
      <heftersDawning>outsins</heftersDawning>
    </enowRecodes>
    <pindari>
      <haulmKukuiToparch>conuleDurzeeSaguaro9820</haulmKukuiToparch>
      <cnicusDilutee witchenDeciles="footieDhotiYaffed" nills="891092" cascromTrangam="nunki21">
        <dourahPehoHows>5</dourahPehoHows>
      </cnicusDilutee>
      <ladyRuchesKlaudia bagniosAssotEnew="roberdTheines" pigherdBiddiesPruner="tinaFluxion">
        <podium>gaeldomKarsts</podium>
      </ladyRuchesKlaudia>
      <museums>
        <remord>pibcornSpinorCoats</remord>
      </museums>
      <tench>
        <peachenPrincod>34</peachenPrincod>
      </tench>
      <junctorEadiKronos stiffsAucaner="reciteCairdMahmudi6">
        <anendScatter>massYobboes</anendScatter>
      </junctorEadiKronos>
      <feastly termlyCruentUpbar="niseiDisbendLuddism" catlineYat="415089262" lechwePapuan="82" calabar="furoinShilluh">
        <meekestPrimy>9082031</meekestPrimy>
      </feastly>
      <handoffFlexile>
        <roxbury>dugdug59</roxbury>
      </handoffFlexile>
      <cincha>
        <bridge>pinnersAnnicut</bridge>
      </cincha>
      <malthus furandiAtamansJussel="unspeedFuelingIsology" crinidNature="3447744" shikariCohead="phenoseFaienceAdnate8" bluffy="piedraCadmiaHurry">
        <falsies>preagedDouxTasked</falsies>
      </malthus>
      <trasyFarfal thewier="vespersJulidan912" snabbyOpiated="venula52">
        <mopedsRiftedUpyard>rcptImpresaParred</mopedsRiftedUpyard>
      </trasyFarfal>
      <cumularSonny traduceRovingsSwung="6" flywortMesobarHumerus="438996" exect="academyTurcizeInjuria" teatherUsurpedMetra="begroan">
        <rufflesMutterPonied>2012886</rufflesMutterPonied>
      </cumularSonny>
      <donatTauli gonzaloShoving="fine4" matsuAvailBudged="uraeusSemper" scovelThreats="taccaAgastCabbled" steenOutroveFibula="lyceumBebaronAfshar716">
        <frisadoWhistedGobbles>tastingGayerParode</frisadoWhistedGobbles>
      </donatTauli>
      <sleekitSkulkerAstraea penide="nitrilsOctroyGinners661" beavers="anagogyDivinylMerop">
        <pauliteAgraphaBluntly>kelimaWhiter</pauliteAgraphaBluntly>
      </sleekitSkulkerAstraea>
      <totting rowyVestryRevel="774275328" vibrio="727" assuredFiliWhoops="digressFinnackUnstrap">
        <quiraWasherUntimed>decuss</quiraWasherUntimed>
      </totting>
      <dashel browner="krypsis" jactusJerqueHavoc="leipoaTyping" xeme="renay">
        <kwelaUnmeedyWeekday>nablus</kwelaUnmeedyWeekday>
      </dashel>
    </pindari>
    <erse>
      <kinguHalms>unfilmReaksOutdo</kinguHalms>
      <hexdraSpondeeBorons nuggarWolfingFilmily="4625" crag="unhoopCuriaDutra" hupaCreamerUns="racismAltosIsrael" pseud="157909">
        <chevaux>calesinObiaGobio</chevaux>
      </hexdraSpondeeBorons>
    </erse>
    <uprootsLarnax>
      <ghaffirPassimDaiker>orbitedSmirksJunks</ghaffirPassimDaiker>
    </uprootsLarnax>
    <dingeys galtrap="cormelsPaltersUnbar" idicSniftMisdoer="dainful7940" titfish="twiselSanctae" submainHipwort="moze9" meebos="rykingAthar" woodsia="randiesLigatedUnedged">
      <grundyKolkkaCookish>50</grundyKolkkaCookish>
    </dingeys>
    <kimmoAppaleStartsy oatenPropendFooster="likerHamperManchu2" loverlyCotulaDeskmen="doyenneColoryKnark" prebind="shaheeRefrain" pablo="13" ammu="uparna" ptosesUnwrungOpera="prevail547">
      <testarSixtine>nikko</testarSixtine>
      <cuproid lingasOmissusSlowrie="obligeeCoveredBult" tohomeNoddledPailolo="khoja" desireCaesiumSamurai="lilithBellote121">
        <hurrianParasol>4816873</hurrianParasol>
      </cuproid>
      <cookee ayesGourds="noctuleJanetHalicot">
        <geirEfflate>zeuzeraFrsiketLvalues</geirEfflate>
      </cookee>
      <yevenResumedTegulae petitor="464" tauntonNainselSilly="835084" engr="paneled7" exody="dewfall">
        <gagging>ceteOgledCakey470</gagging>
      </yevenResumedTegulae>
      <unwormyTonka zoonalGaliotCloth="wreathyOuraris" soapierPollera="dianeTamponSchmo363" frumetyJuniata="leetmanFikeryAmebula" feruleCaynard="231631063">
        <wrapper>ladesTaunter</wrapper>
      </unwormyTonka>
      <paulist imagoesAssoilsAlders="gnide">
        <foemenFrazer>mavinsMaremma</foemenFrazer>
      </paulist>
      <biblConimaChoreus purineBeteela="59170396">
        <odiniteRuledom>90</odiniteRuledom>
      </biblConimaChoreus>
      <muguetLakiePoison shrillsCuds="rhamnalDuellos">
        <epimere>arccosKabalasAudited</epimere>
      </muguetLakiePoison>
      <xylon cuttles="7120168" bombyx="tygQuinism" komeThoriasTimbale="raggilyAidmenVrbaite">
        <apliticTruthy>emp</apliticTruthy>
      </xylon>
      <findjanPallia asiansNeossin="dozed741">
        <zinebs>addend</zinebs>
      </findjanPallia>
      <abseeOverfewGorbal manso="94" brooseGloomed="753">
        <shinierRingtawWallon>accedes</shinierRingtawWallon>
      </abseeOverfewGorbal>
      <shiersPamelaFrigid memosAntsierAdorned="iranic4" puerileBarerBackhoe="flabileCroupes" guardedGelderLentoid="vedism" fermion="telford">
        <betrays>gemmierPriesAberia</betrays>
      </shiersPamelaFrigid>
      <stowpRussula>
        <shluhPapago>hisManuf</shluhPapago>
      </stowpRussula>
      <taxatorEquatesAortic tocusso="vaginaeBetrail" nuisome="morgaBetting" mentaDetWhered="chinarGeolJauner4041">
        <routierBetrayJarbot>figgyGirds</routierBetrayJarbot>
      </taxatorEquatesAortic>
      <rooibokJarabe duadsZoopsiaTichel="impestCrapulaShebeen9" brevetPinsonNovale="shrafGageeOfay">
        <lossSmirklyUpjet>dermadAclemon</lossSmirklyUpjet>
      </rooibokJarabe>
    </kimmoAppaleStartsy>
  </sprunnyTadpoleFeasted>
  <colderFakeVauntie logins="asaprol">
    <doarium kommosDamans="pightelSocWoidre" webelosModredShivey="deorsumTutoredGol" lioncelManchus="5799" carnary="848749248" loafed="innateKraals" jazzingAlertlyVibrant="excudit">
      <highs>chuvashDerrid4022</highs>
    </doarium>
    <airyAvourCaunch bankman="obrazil5" sextuorUveitic="bammedDikedTrader" mandua="outbyeCandourNettier" dankaliAureusWiving="tanjongMurzaDigamma" piqu="leafletGweedLoxing363" balitaDopant="igneous">
      <vimana>594344976</vimana>
      <daza croppieGilim="totters" geonicColoni="theban">
        <ganoidHipple>saimyCotheAbrus</ganoidHipple>
      </daza>
      <pashmCaring retitle="rifter" whiteyGobans="readBettedElian" sneds="pluck">
        <dyphone>bemixesQuips</dyphone>
      </pashmCaring>
      <copistSinoperKwintra warmersMestiza="disturb6" festers="sabbing">
        <piggins>dibutyl</piggins>
      </copistSinoperKwintra>
      <rewrapObvertRepose pangfulSoonishAdolf="mistend" unaliveBanjuke="lodensSavssatCulmed9" lural="pintles" gantang="folksy">
        <laurusHumicKnifes>256327</laurusHumicKnifes>
      </rewrapObvertRepose>
      <kedged>
        <upsilon>morbose</upsilon>
      </kedged>
      <pegoxyl thecateSquitchEmblaze="felisEuaster" irrideHoarilyConstat="enodalShewersDuring">
        <khalifaTwistleBarbera>spasmedTergalSextary</khalifaTwistleBarbera>
      </pegoxyl>
      <migaleScabine>
        <syed>mueddin</syed>
      </migaleScabine>
      <vulnoseAlexianArrant rugbies="maremmeBytalks65">
        <battuesZoacumCrepon>tanglesHickishCledgy</battuesZoacumCrepon>
      </vulnoseAlexianArrant>
      <gorgonsSiltingCloture wendingPrewarn="88570429" dukesAnabolyFlisk="27404">
        <biotiteBecurstSquirr>simblinPhemic</biotiteBecurstSquirr>
      </gorgonsSiltingCloture>
      <faintsGleneDam wonkyOvenmen="sugganSchriks" caffeinTrunk="congaedHaeingCholum">
        <trine>natherDenameOldest</trine>
      </faintsGleneDam>
      <disleal vinMacram="septumPortly" stumGleetyUpbye="94999">
        <mikesFasheryBedsick>uninn</mikesFasheryBedsick>
      </disleal>
      <downbyeAcolous adhortConcupyMalik="gluiestTekya" laighsSisals="depecheCharelyWuther" reboastBulbFuroin="abbots">
        <fellenTimpani>garageJelibAyyubid</fellenTimpani>
      </downbyeAcolous>
      <ketylSinaiteSugann efsSoorkiHele="gorgedGlandYoursel">
        <oakweb>460250</oakweb>
      </ketylSinaiteSugann>
      <whompedHundCitolas nievetaCachotForfare="biotechTrabu70">
        <favors>69205</favors>
      </whompedHundCitolas>
      <clasps obligor="hornish" macoma="tramperMawky" slued="wampish" sepic="471">
        <camping>406276900</camping>
      </clasps>
      <compHabaeraCicale>
        <shangy>dept</shangy>
      </compHabaeraCicale>
      <pharian chekanTausOverlay="iron" tablier="539402622" gulches="narthexStupor">
        <balkyTwangBunted>veninPaginaeBeld</balkyTwangBunted>
      </pharian>
    </airyAvourCaunch>
    <kink larariaMaim="locoing" nip="gamgeePassim" joysomeFeria="mirAnoxicSingles" daviesHeafRiboza="47129" footingInvade="renninsSqueaks">
      <perjuryTercineHelix>ochring</perjuryTercineHelix>
      <albites wagner="myogramCouac" wisenObexMonacan="yules">
        <hagwormSailorsClawer>25656567</hagwormSailorsClawer>
      </albites>
    </kink>
    <insectaFornix outturnCrucial="unkey" septResoles="699975" kava="bracesAylluPattle" eloniteKmole="812">
      <conin>207</conin>
    </insectaFornix>
    <psychicLiftDaysman>
      <misusesHokerly>cowtailNival</misusesHokerly>
    </psychicLiftDaysman>
    <gonnePimento>
      <skeeingBefavorLairdie>kopeks</skeeingBefavorLairdie>
      <watalaUpperGalanas bedelLichensOdling="1" terreno="osmunda">
        <triumfWhelve>foveaDairtBaul7</triumfWhelve>
      </watalaUpperGalanas>
      <envAgrised pastilUnjuicy="longishScampWilfred" marciUnicity="tripoliSimeonAngekok" anzacCasaun="96238274">
        <changos>44742591</changos>
      </envAgrised>
      <malmseyHeynneMinster>
        <troat>himaUngt</troat>
      </malmseyHeynneMinster>
      <maitres eyerootRefutes="poisesUsagesResedas" precessArtyVeils="5612">
        <bondedChokySluing>bigmittCherub946</bondedChokySluing>
      </maitres>
      <dapicoOzoneUnsoft unbowRangey="cimaise" arverniBabysitAdiated="cyansKinic4738" cappy="unyoungChimersKickers" sorryAread="553889880">
        <pinhold>chgWackilyAlleges</pinhold>
      </dapicoOzoneUnsoft>
      <tutmen crowbar="7397800" carneauPoyousDeskill="vowelsFearingExpwy" askoiTriplerAdipoma="bastersRequins">
        <ragas>airerCronyStapler</ragas>
      </tutmen>
      <bahaism cargoDebts="peruPeitho" hyrcan="overdidBedaubsWarua">
        <batboysCuraghs>disown</batboysCuraghs>
      </bahaism>
      <decimalVirga distichInableHotfoot="3">
        <trioxidRapt>mesonic197</trioxidRapt>
      </decimalVirga>
      <ansated>
        <meltonsSmiddy>mandyai</meltonsSmiddy>
      </ansated>
      <gigglyFula sulphas="unition" azoleComviaMundle="dunitesSolayCompter79">
        <patriaEuskara>dewata</patriaEuskara>
      </gigglyFula>
      <haviorsArilsMule>
        <abregeDinarsSestina>colesSionite</abregeDinarsSestina>
      </haviorsArilsMule>
      <bonnnesCeliteTwined doyenTalions="rubens" monoseEtuvee="dyked">
        <annatPodleyCoruco>sinopiaMaror</annatPodleyCoruco>
      </bonnnesCeliteTwined>
      <nozzler fineryForane="diatomsHajisDhootie">
        <dormDilogyBauxite>bendiesGarniecMusrol</dormDilogyBauxite>
      </nozzler>
      <traderOaken>
        <prolinJotnian>fitcheTrewelBaylike</prolinJotnian>
      </traderOaken>
      <poredDeluxe wager="stonerMaskinsSapours" chousBordelPimple="julianaQuinins" jails="uproomSynchLenger" stymiedMutt="palikarTeapoysNonnat">
        <guemalSliddenBedroom>33753734</guemalSliddenBedroom>
      </poredDeluxe>
      <ecclBarways chidHeeling="hightLineups38">
        <civitanLazeBanding>boeingBizenFlies</civitanLazeBanding>
      </ecclBarways>
      <tattledVulvaBugala dinetteScoldsAtweel="9" alanins="18" foamersPhrenic="aggregeTalar">
        <gallupTercelTorqued>greatlyNibbles</gallupTercelTorqued>
      </tattledVulvaBugala>
      <cushingUnstuckAmasser>
        <drublyAswarmUnca>14876</drublyAswarmUnca>
      </cushingUnstuckAmasser>
      <vakeel ansated="500" mannaGroupie="entomicBurgles" nixer="dear" florets="breeze994">
        <bruisedAbollae>clamour</bruisedAbollae>
      </vakeel>
    </gonnePimento>
    <explantPorteSteady>
      <smuttedGridingFname>unbosomCeroRecover</smuttedGridingFname>
    </explantPorteSteady>
    <largelyUpcurlsSaphie ceiboUrticalIsidore="secreFlay" vesperGuessHexis="tankie37" niding="4336" lapperAccoil="fordsFiefSnorer" dusteeSwy="214" anahao="tripod">
      <dartarsCutter>iterate</dartarsCutter>
    </largelyUpcurlsSaphie>
    <songmanMeaniesAnhyd convene="errPostern66" adverbs="wartsSubtoneUrling" massHelical="forche9" rippledNilling="aeciaEgger3064" funkierFopPhoto="sunsetCordalPocan" peloricStude="tolliesSkylikePackers" beneficAgues="airmenPupeloJitters7739">
      <cpmAnkoliHilled>zoquean</cpmAnkoliHilled>
      <raggles stubeSize="francis" tatsman="bunjaraAnanite" horrifyHeiiRappee="9657913" radixCuter="boshKneadedBemean">
        <onymity>213240967</onymity>
      </raggles>
      <velures onaggri="30379" eyahBuhl="priersSpillyDecuple97" asgAlure="chinoneMesost">
        <peracid>corachDieing</peracid>
      </velures>
      <swipesDeuce gaffeVayuWatusi="uncity" isologyPlevinYawps="adamiteKittensBrinks" chumulu="paginalDrawing" cheaper="aethers">
        <vedette>thible</vedette>
      </swipesDeuce>
      <jeffery birrusTasianBoyd="jesseanScrapesSakeber" okro="huzzaHopak" fuchiTippetsTagrags="sissuAnyhowCote419">
        <shangan>oblong88</shangan>
      </jeffery>
      <fdnameMizzle idetaDeedyWauking="undon">
        <brotula>truttaAnottoBlesmol</brotula>
      </fdnameMizzle>
      <moricTasselyRubigos>
        <exonianGaliRidable>reversUnboned</exonianGaliRidable>
      </moricTasselyRubigos>
      <dukelyLibitumRings alinedUnbay="67465" coplots="60" creagh="clitia">
        <tordion>zoonicMinimBuffoon</tordion>
      </dukelyLibitumRings>
      <modulet arakeBencite="marascaTrocha35">
        <fixureHackles>pomponsChintzeLibeled</fixureHackles>
      </modulet>
      <weptLarum latenedRegally="mdntCorollDurwan" unspoilUpgush="chew" gaetReoiledJavelot="kabayaLavanga" dubber="vinerGramaHas">
        <steid>91</steid>
      </weptLarum>
      <blastyAdriftRetiree snakerPosit="apritifSeawan">
        <anne>altusAcarine</anne>
      </blastyAdriftRetiree>
      <eighthDespume brutelyParettaUndflow="earle453" hattockLocalesRerolls="vied">
        <viralTangueSaluted>790705568</viralTangueSaluted>
      </eighthDespume>
      <roughenShelvesSerpari rustrePoets="kuan">
        <trill>mirkerThornyScrived</trill>
      </roughenShelvesSerpari>
      <vulnFluxureReprise>
        <hentedElemolWurrung>flaneurVarusGunl</hentedElemolWurrung>
      </vulnFluxureReprise>
      <voyancePlaya>
        <rambongBestay>poxingSkunStam</rambongBestay>
      </voyancePlaya>
      <benzoin>
        <alannahEmeras>beedomPhugoidCourge</alannahEmeras>
      </benzoin>
      <narcos cottae="upbrim" chiasms="russia3576">
        <plodsAngeles>2</plodsAngeles>
      </narcos>
      <fendedPineneAnility goalsMokeCozes="666590153" votressCapris="arguersSpryerUnburly">
        <sicariiBandieCasuary>riotistChaw5823</sicariiBandieCasuary>
      </fendedPineneAnility>
      <enrapts hethsSternoArabize="143829202" fartedBriggs="shuffleTipplySurfed3" guasaBudgetNeatens="kaiser" cabret="901">
        <drolls>loricaeSpottle</drolls>
      </enrapts>
    </songmanMeaniesAnhyd>
    <woodlet outword="beautsArgledIllumed8" pasulMasjid="cedar" spencesAshrafiVelars="stithyAbbeyRamie" deaning="pinchesGoloe" contra="vermily967" maoism="trogueMotors">
      <solidlySecessAlerse>sepioidTearerShovers</solidlySecessAlerse>
      <chantJicaque fnese="allongeCareysTrona">
        <grusUnlust>arabsKohlan</grusUnlust>
      </chantJicaque>
      <outworeKhulaNain moldLumbar="2589374">
        <cheetShed>acridinHosemanBauk</cheetShed>
      </outworeKhulaNain>
      <bingeySulphas>
        <juniata>lobulusNepeta9</juniata>
      </bingeySulphas>
      <orang soncyFicheRipieni="imbalmPirateAbend" beefingCocuyo="thebaicEuchreCocona8929" boreanSpiles="hoolie">
        <vibrioPiney>boggardAllergyRetail</vibrioPiney>
      </orang>
    </woodlet>
    <wrying filled="flowkTanite" evvivaSnouty="dullery">
      <deport>paintsTentoryWoffler</deport>
      <mudfatTipcat typhia="pairt" senhoraPunnersSphagia="liflodWannyUsurped" kiwi="164505408">
        <rekneadCossetVannic>5178051</rekneadCossetVannic>
      </mudfatTipcat>
      <patioMins>
        <purging>2955</purging>
      </patioMins>
      <skeeing enchase="victal">
        <wantwitAliform>ubiiDikastHade</wantwitAliform>
      </skeeing>
      <thoralBurners sofarDistal="ferling">
        <lehayRusin>scumMadnep</lehayRusin>
      </thoralBurners>
    </wrying>
    <orateAcutesElayl>
      <chickenRebels>batonneDidineRetint</chickenRebels>
      <barmsRippingPinners speakCosiestRhinos="1">
        <hikes>recroonTarpeia</hikes>
      </barmsRippingPinners>
      <discingAcrinyl lava="conScanty" markeryTonify="jabulesOpalFilched" skyugleAtonalDurous="engs" serozemPlonked="insulseBrubu">
        <badonBatfowl>lollopyAcquitSteppes</badonBatfowl>
      </discingAcrinyl>
      <regionsWaveRecce crypted="dottier" idaClivisCornice="pawky" equityUnfightPaal="wamusesTenacleEpode" buxerryBemar="tolylsOlchi">
        <subcoat>7765</subcoat>
      </regionsWaveRecce>
      <grandmaLousy>
        <whipmanLapwingBeshod>slite</whipmanLapwingBeshod>
      </grandmaLousy>
      <cimex vagantiPruigo="dogwoodBounceLots784" threoseProgne="mede" sitters="wrossleRosaliaAbime" buffersSanctusIonise="ribandsIoniumsNeffy">
        <adipsiaKerrias>gonialeThere</adipsiaKerrias>
      </cimex>
      <fumet>
        <vannerCitee>90512782</vannerCitee>
      </fumet>
      <lere alfargaSunnaNaib="873448" weestDenesRhymer="9" prutahHarmingSeeped="hightedLampion6" insulinDeposer="whapTartsWristed">
        <spouted>mappedTammar</spouted>
      </lere>
      <bafaroRavines desorbDraysChiral="linnsErodium" pawedDozened="selloutFaultsFollows">
        <vaguely>70090</vaguely>
      </bafaroRavines>
      <jonvalDunneChelate unbung="lockram" claques="coloppe8" mynheerPeelmanOnlook="cuplessAroma" redaubSameksObtuse="espFrakenInarm110">
        <jostlerPoroseCassata>decrees908</jostlerPoroseCassata>
      </jonvalDunneChelate>
      <ammiFer bowla="haeres" recaps="886069484" namazTepees="lottiePimperySorex">
        <cubStrakaHarmal>youveTowableBorough</cubStrakaHarmal>
      </ammiFer>
      <gifts>
        <eyecupsHamline>bevelerViperidShaughs3</eyecupsHamline>
      </gifts>
      <stealy ostlerPewteryTan="strype6434" exhaledOughts="squamyQuashes" poddiaBespot="threepVoling8697">
        <bohGirn>9913</bohGirn>
      </stealy>
      <pleion necatorJigsawsDextrad="fearingJorist">
        <steelenEglogue>takingsButane</steelenEglogue>
      </pleion>
      <crepier virginsRetouch="droitsFugallyEspinal43" buyDeusan="vinoseRepasteLurcher" akpekTritest="5342629">
        <engraffBighaArerola>nasalsNewcalWhekau</engraffBighaArerola>
      </crepier>
      <remapsMulledIsobars coyly="tenias802" jersey="grifter" putage="gibsonsPresto" lamaic="plumperLitargeBelfast">
        <hadjee>4296</hadjee>
      </remapsMulledIsobars>
    </orateAcutesElayl>
    <aperuGunster>
      <hallot>bemailYatiganIngenio76</hallot>
      <duftryLrecl>
        <jellabFretsCuj>pitiful</jellabFretsCuj>
      </duftryLrecl>
      <heilRiveledBeholds reboneFifthsBeltane="1" pinhead="2" hangarsKalunti="goustySibiricPied" tombingSmutter="tubageVolvox">
        <haverelJiggish>2</haverelJiggish>
      </heilRiveledBeholds>
      <arglingSpoking>
        <fungusSemotedLatax>tymbal</fungusSemotedLatax>
      </arglingSpoking>
      <pegwood lofGuruMetron="buteoWhapChalets69" wrappedMormyreEstable="3577936" feeze="litz6">
        <chionisShriftLampman>nankins</chionisShriftLampman>
      </pegwood>
      <ismalColony cleptRoquet="478680">
        <pairtClauseVenkata>622</pairtClauseVenkata>
      </ismalColony>
      <proemsPanjabi marorEpigene="453814155" warrantHyahya="feebleAshameJawlike" fellHowderGoalee="dasein" unakiteUria="dhurryDemerge8061">
        <kaputtWhilom>rering</kaputtWhilom>
      </proemsPanjabi>
    </aperuGunster>
    <irma etuvee="heman" baldishGlypticDebat="steepedLiversHogskin" prosierOathfulBoxbush="519810" rhumbsLegreteSemify="48720128" toatoaFormer="jaziesTanitic" endrinsPuppets="unnoisyFermionMisbrew">
      <chompOotNosh>uppileSpair</chompOotNosh>
      <putchenMidbodyUmlaut>
        <unfull>snoopyHarelda</unfull>
      </putchenMidbodyUmlaut>
      <bucareMisturnBloomy sultaneArrearFoeman="miauler" mozarab="piezo" belovedEclegmEmulate="rabbled">
        <accedesReslay>ketalArith</accedesReslay>
      </bucareMisturnBloomy>
      <uneathHilloas cooked="regroupHadeanRosace">
        <naledBoteinYowing>purtyGoodingExcusal44</naledBoteinYowing>
      </uneathHilloas>
      <cochin>
        <triaene>crownetByrladyClive</triaene>
      </cochin>
      <dribs>
        <thraso>fuelsPashRump</thraso>
      </dribs>
      <upsoakCorellaMaggle lunularResawer="98481" gambleScattsBandhor="gorbLockupsNoosing" obscureMollies="43153495">
        <antiqLeepitRely>amylaseLagenae</antiqLeepitRely>
      </upsoakCorellaMaggle>
      <pledges>
        <brodieRescue>10</brodieRescue>
      </pledges>
    </irma>
  </colderFakeVauntie>
</flasketPagerPicard>