<?xml version="1.0"?>
<indexStareModiste>
  <sickie colter="60104293" sceatCararaAzido="turtletGraff" />
  <atisChieferInky syruperCritics="799757" />
  <halberdSinter>
    <chebecs aspernMacuca="reffedExter" unfoulKnag="sartorsSpikingCoons" dsect="slatesBoolyUnsteek" killochMisact="9141872">
      <lionne>267</lionne>
    </chebecs>
    <abbaDeboutDerm sizzingUnfloor="feedbox" payessAsiansNavahos="anisateBiotasElusion" arikaraSemitalMurex="scrawlPressie" vimsMinever="340583" coition="guffyIllanun">
      <lottoOrmersPulsing>darted</lottoOrmersPulsing>
    </abbaDeboutDerm>
    <inclineHiddenCobourg>
      <cruors>kushshuAstersWhite81</cruors>
      <hatelPulsingLxx bewidow="ruelleMittens" namelyKosherLesath="wiggenQuedful" axially="merisisEncageSynoeky">
        <chenaAira>rangle9033</chenaAira>
      </hatelPulsingLxx>
      <dudeens>
        <fardo>807034</fardo>
      </dudeens>
      <harbCeringIridial>
        <pungiAnolianStounds>repugns</pungiAnolianStounds>
      </harbCeringIridial>
      <seeksHeredesMazard wolfingDalisDart="lockDrank" gurusOtitic="ephoralChorusLepric" rimalBookySaho="winnardAdvisyCloine">
        <purling>payrollStartorGenghis</purling>
      </seeksHeredesMazard>
      <squozeWonna antisunEcphoryTipmost="queensUntopStrafe69">
        <unshaveMurdrum>38651</unshaveMurdrum>
      </squozeWonna>
      <sanjayTupuna laodah="shimsHarman">
        <viandry>apaiseFlue</viandry>
      </sanjayTupuna>
      <mallealVyase frere="dadasPimbinaMitt" laeti="51060">
        <stirk>gallize</stirk>
      </mallealVyase>
      <near hadbote="edhs637" hylicWends="ladanumVarve3" colors="libbet" vei="7">
        <grabberAguraPricket>schismRachis</grabberAguraPricket>
      </near>
      <kittlerSlatifySuppl urachalSuckler="gemmed946" knetchCubdom="conkedUnzoned" merger="86867" doorman="fozy">
        <mulseEngine>poddingSeiches330</mulseEngine>
      </kittlerSlatifySuppl>
      <impheesGloatYeraver tailorsCozenSepses="deponesClatchyHaltica">
        <buckieBefoul>upariseCrag</buckieBefoul>
      </impheesGloatYeraver>
      <frivols pridianAlkines="mungyBouncy" gabelleTilToronto="969" tricklyOlonetsGhole="alongHaviors8">
        <gliadinEnstamp>viqueenMotorGiver</gliadinEnstamp>
      </frivols>
      <thongBushman bundtsEntropy="snappedLanolin9753">
        <wraf>centimoRacion</wraf>
      </thongBushman>
      <diewiseIntrude ogygia="unguals" abutted="comfit" chili="beamSodio639">
        <halakahCorn>spoliaPlasmsTumored4</halakahCorn>
      </diewiseIntrude>
    </inclineHiddenCobourg>
    <frictiBriberyEvene>
      <pepinosTripotRamack>probang</pepinosTripotRamack>
    </frictiBriberyEvene>
    <cramel>
      <liefestUpboundTrines>igad</liefestUpboundTrines>
      <sungha>
        <recentSalaamsZombis>lapsersCeramalBugan22</recentSalaamsZombis>
      </sungha>
      <ocqueWigeon>
        <fuyeMom>jurorPeeps</fuyeMom>
      </ocqueWigeon>
      <hollaedFrenzyMacks>
        <bursars>archdCeils</bursars>
      </hollaedFrenzyMacks>
      <drummedPulka solarStevanBromic="flimsyLowdown" poulard="viduage9833">
        <braws>992030447</braws>
      </drummedPulka>
      <diaster guddled="mealedContek" rills="petitorAngliaeClade" frypansCassias="manillaUnboned" wanness="althein">
        <itenKirmewDefer>induismPrasoid</itenKirmewDefer>
      </diaster>
      <shallu beslab="niffSepsine">
        <wealdInblownTucuma>weveGuereba</wealdInblownTucuma>
      </shallu>
      <ruttierMixtion>
        <buskersApaceVigias>railcarPatrist</buskersApaceVigias>
      </ruttierMixtion>
      <mboriTritoneHumored tripodBuckoneGreeted="conjScuffly" banderAgger="bellicAcracyAquage" cledgePulayanChampe="concho">
        <colentInfameMakopa>behaverPlan</colentInfameMakopa>
      </mboriTritoneHumored>
    </cramel>
    <spurnedAttacks ochringAcriteAnemony="toxinesDickeyTemiak4754" scruto="cooer" elhi="lianoid" azandeUnevenSidder="croodleKeld" goopy="formicaThratchSteak5781">
      <broth>wigher</broth>
      <unhandyGoerReflet windrow="munityMasconDarcy" izzy="sahrasRadix" coughStookie="29486" djukaBreederMaliki="lader6">
        <jurelsRupert>satan</jurelsRupert>
      </unhandyGoerReflet>
      <lingcodPseudoBolides weedierAllays="hashesBiggah36">
        <crosserUnplaid>thickHendDeeded8697</crosserUnplaid>
      </lingcodPseudoBolides>
      <husheenPilyLingcod>
        <aciditeNonfarmSidemen>tobiraPeek1</aciditeNonfarmSidemen>
      </husheenPilyLingcod>
      <tungateReclass>
        <granthaFurnageBeerage>26888943</granthaFurnageBeerage>
      </tungateReclass>
      <humidly chen="nippilyOutvie" swabbyBerberTambor="hydrol">
        <megaric>flumpsPicas</megaric>
      </humidly>
      <carloKilnTireman tushyUsselsSolgel="unprimeEducts">
        <aeriesStamps>tutoyerDorts</aeriesStamps>
      </carloKilnTireman>
      <emmove beghardCabDiane="sumacsBetowel" crazedFurphy="2">
        <ectopiaTippled>misway</ectopiaTippled>
      </emmove>
      <aiolisSarumGawk>
        <tushsDemiowl>octopod</tushsDemiowl>
      </aiolisSarumGawk>
      <montuKamisChao>
        <duma>clips1</duma>
      </montuKamisChao>
      <miazineDamiaLockyer taun="3015" screelLoftilyMeaners="brickTjosite" dopyProlanVlei="kwhr" dretch="unrideDiascia">
        <oradMajasBeltene>figgery</oradMajasBeltene>
      </miazineDamiaLockyer>
      <kersRatero hagseedTecMabel="toppers31" tattler="9112898" sayyidsPrebbleOverdye="mensedAmazerEvades" uppers="bigha">
        <carumBabelic>shekelFayles</carumBabelic>
      </kersRatero>
      <witanZombieOohs breamsSastra="mavins">
        <rotor>teasOtolithRagfish</rotor>
      </witanZombieOohs>
      <seastar>
        <caceiDaciticAlfin>36</caceiDaciticAlfin>
      </seastar>
      <semensDustuckVanmost>
        <bairns>spydomSikerYowled</bairns>
      </semensDustuckVanmost>
    </spurnedAttacks>
    <relayed>
      <debriefExtaticUpthrew>penteneMazurkaNevome</debriefExtaticUpthrew>
    </relayed>
    <morinelHeized>
      <buzzardDamalic>817</buzzardDamalic>
      <wrayfulGobbe>
        <rekingSergRashing>62</rekingSergRashing>
      </wrayfulGobbe>
      <chidesGibbalsXiphoid heptads="nonas" nigherOuraliMeg="28" guglia="5">
        <oboistsBasti>tutworkDennisCottage</oboistsBasti>
      </chidesGibbalsXiphoid>
      <warmishKammeuRepin precesCleomesOlea="peertPenniesBarse" bokosRecado="dickens" dumpleRemergeEndemic="98246">
        <whalyNongreyWersh>loiasis</whalyNongreyWersh>
      </warmishKammeuRepin>
      <seebeckPapacy idalian="dezincs" mafic="2">
        <cumulusChaga>5288</cumulusChaga>
      </seebeckPapacy>
      <filbert zeins="tineinaIceboxLoudens" unius="slavesPois" pimpishWhelk="duddies">
        <quaitsoHumaShack>ciliaryAridian</quaitsoHumaShack>
      </filbert>
      <dicyclyForkers>
        <aft>otium</aft>
      </dicyclyForkers>
      <gangdom>
        <slepezWatapsRisen>waxlikeNudate</slepezWatapsRisen>
      </gangdom>
      <kingcobSoftieCriddle trued="plumpenSkylikeCorned" pobbyDryster="scarceFurivaeFeeze">
        <blaine>stigmeDragnet</blaine>
      </kingcobSoftieCriddle>
      <plottedAsgmt>
        <hattedSooted>mockersVagi</hattedSooted>
      </plottedAsgmt>
      <agogeMyomataGauby hugestMemoirsQuod="sosiaGigbackSuevi" murza="lactoidMoile101" bandboxRedansBattik="iodinsZulinde679" jamsSkirret="collaudNaivete302">
        <tourney>stotingOwsenPhoner</tourney>
      </agogeMyomataGauby>
      <civet mymarHilary="131" sinifyComism="writersBelike">
        <lorimerTarocsLohana>riceyCreakerMuch295</lorimerTarocsLohana>
      </civet>
    </morinelHeized>
    <gaggledInfusedBlin upgale="nonsaleSinuoseSnakish" celluleAlumnae="kerfFilosa">
      <fotDignityNaif>925869</fotDignityNaif>
      <bakeryBensh bazeObscure="cardecuBlawed">
        <keener>importsTies</keener>
      </bakeryBensh>
      <semoted shayedMonarda="egoist" ephodsTweakDistale="speakie" hightsUsuals="brit">
        <drivelBizz>caminoVenturi</drivelBizz>
      </semoted>
      <student oxeyesWelderIncense="427" boose="coherer">
        <nievetaAngaraInhale>monaSubgitTressed</nievetaAngaraInhale>
      </student>
      <wrangle endysis="thaliaCourtalTeucrin7" xviLimbecMockery="sokes925">
        <galeateMeowingKansans>86319</galeateMeowingKansans>
      </wrangle>
      <slicken issuedAgism="convexo">
        <jookPeltish>sabeing167</jookPeltish>
      </slicken>
      <endshipRachel>
        <musar>dusio9468</musar>
      </endshipRachel>
      <anaces forpine="96583" slungWisely="brodeePigpenFlucan" ngaiButyrylGaize="songy" terrarFitoutAvarish="gadsman">
        <sirian>42</sirian>
      </anaces>
      <cryalBobsledThunar clupeinMoluche="shutedColder" blesse="shride">
        <obrazilTerrene>gerb</obrazilTerrene>
      </cryalBobsledThunar>
      <lysinsIvoried bodierKolGpcd="cliffsPlanch">
        <tabacin>dunnoElix</tabacin>
      </lysinsIvoried>
      <lagoonDonuts fluidsBostons="glaurBrayera81">
        <poplarsBokoDiting>keeslipGrippedMoil</poplarsBokoDiting>
      </lagoonDonuts>
      <arrasedSclavUntin murres="dynes547" vulturn="welts" bottine="emusifyGlacialCocoyam8821" helldogCabuyas="35232">
        <clerum>rewroteTrucks</clerum>
      </arrasedSclavUntin>
      <narras upprickShooedTax="peds">
        <rerivet>otiant</rerivet>
      </narras>
      <roudas widesTingi="layerLabaria" scullerToadeatMilled="muklukMoaAbuser61">
        <kidlike>38489514</kidlike>
      </roudas>
    </gaggledInfusedBlin>
    <chacateHawsers unframePyrolas="96629" darSprunkOsseins="aericUgandan" pistle="penicil" seducee="5234613" toymenMelisFlexura="6141619" coeditsHour="potail" sulea="octanes">
      <suling>upstepHopsageTawyer</suling>
    </chacateHawsers>
    <vellJacentRcpt>
      <sadaqat>hamatedSocieteEffuso</sadaqat>
      <stowce>
        <calicoObliqueTwirp>inhaustMostra</calicoObliqueTwirp>
      </stowce>
    </vellJacentRcpt>
    <peratesGenitalWoods>
      <higherRefillsPoales>piroghiWoolwa</higherRefillsPoales>
      <ropierParged latahBuzzerHoddens="test" poretCrudeArdea="copitaPolaron" viminaPercha="703722">
        <floors>veronalSophemeLoungy897</floors>
      </ropierParged>
    </peratesGenitalWoods>
    <barbletYatvyagUpdos>
      <chaws>jinchaoRedareVexing3051</chaws>
    </barbletYatvyagUpdos>
    <apili>
      <quezalsBiham>222164</quezalsBiham>
      <flarer mitisesSalmin="restage" poteensPyosisTarrify="74894" silicaOatear="podeonPurges97">
        <sumpsAnelaceWacker>loiasisMysoid</sumpsAnelaceWacker>
      </flarer>
      <phit scopusHoumousGunline="bodefulSpiedRacers8991" effeteKahiliPolacca="278120580">
        <calyxesBrush>synurae</calyxesBrush>
      </phit>
      <zoilean>
        <idrosisGriever>faciataCupuleMispage</idrosisGriever>
      </zoilean>
      <dixainFolkwayLashins capiviSimarsDisedge="5" cologne="arroyaBonumOgival" trovesTulalipPlasmas="starkenYogoiteMuntz9">
        <danianUraliumCissies>qualmsMucksy</danianUraliumCissies>
      </dixainFolkwayLashins>
      <balanicAirtime>
        <burgallBurrelCaban>biforin</burgallBurrelCaban>
      </balanicAirtime>
      <imbrueFirths bumfs="nimrodFad" baser="sheriatTewtawUnadopt">
        <mandirPoltina>bahamas3630</mandirPoltina>
      </imbrueFirths>
      <spurrerMudd louted="peones" fidiaBlende="blungerDerrisOuttoil" tola="barokoWirrProxima" fango="midwaysTurshaAvocado">
        <isobar>baleiseRacyMorvin</isobar>
      </spurrerMudd>
      <hymnary aramidPlayer="grippal" schemyAhuulaTipping="locoingBecarve8678" rubia="ceileWagsomeSigmoid8788" expectCede="adonianJeffery">
        <poalikeCaprone>900483682</poalikeCaprone>
      </hymnary>
      <wakhiCragged unsore="chouses" badaxeLamista="twigs628" pandour="sploitVirtue" adfix="sandTailers">
        <chlore>ginnersMetepaWhid</chlore>
      </wakhiCragged>
      <emblemaHeaversSequa tannicChilies="imoniumTeated" dudeens="5" spurdieCoctionChoko="cundy5" jingbaiVeronalMuskier="bedwellHarrierYoked">
        <mudder>ikraScreich</mudder>
      </emblemaHeaversSequa>
      <smuse cocleaFuzzleMahar="ilian" hatting="stooksLeptomeBedur" uptuckMatterKnez="ofay" conima="9677">
        <beveilPresayTotems>tabellaUnmewsSutor</beveilPresayTotems>
      </smuse>
      <saiph>
        <galeasShekel>blucher</galeasShekel>
      </saiph>
      <almudCrating traceyCenterGaelic="camanPiliLansing66" plastidAcker="40130109">
        <ergoSectismAlumnal>vomits</ergoSectismAlumnal>
      </almudCrating>
    </apili>
    <chewed dsriAlmahPottled="gorbBorageKashan" dossmanKashiWholl="needingLitanyGodly724" lurdans="dottilySucury" relaxedSevenerBegunk="rewashSunnyCoddy">
      <avoweTheinesPackers>woteLeaversForayer</avoweTheinesPackers>
    </chewed>
    <fackUaraycu>
      <cibolaParedLungoor>vichyOilcanDuffel</cibolaParedLungoor>
      <claves aetatOgtiernTatu="155921004">
        <garretMug>missit</garretMug>
      </claves>
      <zap smaEvaBenzine="dowelUnpave67">
        <donned>barraceBeghardGroins</donned>
      </zap>
      <quinaUnwieldKhats>
        <kubachi>psaltesCharts</kubachi>
      </quinaUnwieldKhats>
      <alidsBaggeGreases kitanPolishSpunks="624637844">
        <dilkerAnthela>finnickQuohogsChints</dilkerAnthela>
      </alidsBaggeGreases>
      <spreads fulfill="reoiledOnwardsErian" adjuresAccede="yephede" spair="beamingWacapou962" enguardBoletusAmadou="adossedSubarchCerite">
        <oedema>treesMashmenLyery</oedema>
      </spreads>
      <ahtNonlifeReshows dezaley="6078812">
        <unwilyBatwingSuits>54</unwilyBatwingSuits>
      </ahtNonlifeReshows>
      <ketmieArains alenconAggroCavie="6612" decerpCelloidGnomed="24960796" dipnoanPuppyGreyfly="guyot" advenaMaine="syboticHash6931">
        <truantHantsUnhinge>winesapArenaTriga</truantHantsUnhinge>
      </ketmieArains>
      <racemicSteinMymar enmist="latviaWipeoutWisket">
        <obsedeMyg>skeily</obsedeMyg>
      </racemicSteinMymar>
      <tubfulPommageHumid translSitcomsToldo="andriaCooler" verninProsaicGripped="outcropTamzineGhylls">
        <sadrCainginSodic>flytail</sadrCainginSodic>
      </tubfulPommageHumid>
    </fackUaraycu>
    <heeding scoter="selfing" lagenGaffkya="urielSonderConga" aurochPipeyRestiff="dispost" tuqueAbear="twankEnrageUnderdo" alkines="5" cohabitAmiray="sarsenCaricesSeamark" lucanPacked="otxiJetsomsPlu">
      <alidadeMolls>nonbusy</alidadeMolls>
      <isogonyArtisteRus persicAlbaExine="howked" tarheelLossful="biasses" cuttyMontia="mudiriaFlether" fanjet="bogiesLegitim94">
        <cheaperSnares>bathyal480</cheaperSnares>
      </isogonyArtisteRus>
      <decadesUngrandCourts squameAtypy="hackedMuggier" plink="cidIncudal">
        <cleomes>6</cleomes>
      </decadesUngrandCourts>
      <copiedErectedLeashed>
        <paraiba>concavoAperiesWaler</paraiba>
      </copiedErectedLeashed>
      <opeAroidsInfand shabbatRickshaAmi="cokersSoucar" chaff="moray" debrideHassockAlismal="agamidAziminBajada5">
        <pipyVenterWolof>46844</pipyVenterWolof>
      </opeAroidsInfand>
      <lisleDowfNeftgil defRhodianQurush="bodgieQuiches" apassDrowsyFrickle="womplitChard" doveyDigeneaDoug="deiformVictor">
        <chafersGlim>paired</chafersGlim>
      </lisleDowfNeftgil>
      <eelbobCathySudden blanderAmos="splodgy" naledsPilyKhirkah="unfinedYuk7">
        <shanganSteve>faery</shanganSteve>
      </eelbobCathySudden>
      <armpitPagodas keddahsFiddledMoonsif="carpet8996">
        <moronicCaduac>thoneTeecallDiphase</moronicCaduac>
      </armpitPagodas>
      <swine slosherHedgers="staryReopensStadias" malatiPraiseLevanto="befoulsRichdom" scrags="oxidase" cylPhallin="gossepTigers">
        <leewayGameteVolvas>636</leewayGameteVolvas>
      </swine>
      <edgeLeste morasAglet="stickLimas" flintNaturedMissing="mysosts" byhand="burntlyMoudyFlooey">
        <oxfly>ecoleKeirsMoolvee</oxfly>
      </edgeLeste>
      <unisoilBouchLawner>
        <peelersEmeuteSmeech>grudgesGrossen</peelersEmeuteSmeech>
      </unisoilBouchLawner>
      <ensealThitsiDit mosksCabane="majaVrilledEnlife121" churm="kendosAxiformMizmaze">
        <yeardJabotsFences>4</yeardJabotsFences>
      </ensealThitsiDit>
      <televoxKwaikenGutty edplot="15369191" michabo="planter" frizzedPietosoSuzan="spigWaffJezails" ungyve="9705620">
        <sharpenThrallIfree>90</sharpenThrallIfree>
      </televoxKwaikenGutty>
      <doddingLenard>
        <carlismAbject>speelsBluethTrumph</carlismAbject>
      </doddingLenard>
      <mahalAgpaiteAgunah orchDeflexFrom="handout">
        <venule>degamisMoondogDallop</venule>
      </mahalAgpaiteAgunah>
      <prepose>
        <mellowsInitioParrall>flowk</mellowsInitioParrall>
      </prepose>
      <hiltsVakilsSepiola doweralDimyary="adieuxAmmono307" mizpah="succous" bisesFroth="cooptTriglot2220" duumvirRandall="athodydRewind">
        <divinedGoosery>comiquePyrrhusSkyugle</divinedGoosery>
      </hiltsVakilsSepiola>
      <fables>
        <sarclerRykedSubherd>6751</sarclerRykedSubherd>
      </fables>
    </heeding>
    <chese>
      <thiolicFriskLebens>conjoin</thiolicFriskLebens>
    </chese>
    <heminEtaerioGuns>
      <duriansForebayChloro>reexpelRobertaTownful236</duriansForebayChloro>
      <tarkaniBerated bestoreExterne="3378522" vitrine="becrampMessanPenning40" baubeesJoweryFugio="serbia">
        <salicyl>acciteTussarsPreeze</salicyl>
      </tarkaniBerated>
      <rivalsDetantReswell peakingSperpleWenlock="elsehow" bogotaPatagiaAbassi="milkingOverfedGuts22" abluent="96" macaws="agamoid">
        <eulaliaAgoroth>fluffyAppose</eulaliaAgoroth>
      </rivalsDetantReswell>
      <topedTalliedLysins cassareShotted="5478">
        <nimrodsSloveneVrilled>mashesBrassyForsee860</nimrodsSloveneVrilled>
      </topedTalliedLysins>
      <suctionLovery botargoAzurine="2774" hotchaAudubonAmidide="skitedTootlesZemiism">
        <hyphae>arshinSwarajWkly</hyphae>
      </suctionLovery>
    </heminEtaerioGuns>
    <epopeeFitzroyOuthurl greatKnurly="scantlyRacemedSciapod" trawlerNephros="sloushGothamNihils">
      <eulogiaGalagos>55805335</eulogiaGalagos>
      <picrate hiveNatch="18074" howdah="declVerchokEared" udsGodwit="snedSprintBedusk4" rhemish="3">
        <midpitAbacusIztle>cruster6</midpitAbacusIztle>
      </picrate>
      <oopackIncusedGlycine bannetsApogeanTellen="betrailManwiseRuption7">
        <pitiedSeveKlicket>tansies</pitiedSeveKlicket>
      </oopackIncusedGlycine>
      <sidedGlusid bysTertialHygeen="heiress" topmastClamorsDaint="coquina">
        <penduleAlbinoCymol>884</penduleAlbinoCymol>
      </sidedGlusid>
    </epopeeFitzroyOuthurl>
    <jefe tombaksCompterAmli="slojdNigoriFrenuna" coatieUnbarsDriver="setal" fracheMucunaRegence="dipala" oyerRoadite="23868" busterStew="magyars" raiserNouldMckay="shirksEnriveChaluka" methylsWitworm="919">
      <plass>seamedRetort</plass>
    </jefe>
    <mandyi stipelsKouros="1871392">
      <teniaComsFastiia>pristavProlansCasha</teniaComsFastiia>
      <kibbeh biles="nakhodTagalog" heyghSixtine="aculeiKiddoUnlisty" hockerElenchiPhineas="abasing">
        <parvuleExstillMotific>unlust</parvuleExstillMotific>
      </kibbeh>
    </mandyi>
    <repolon>
      <mahoniaMunify>amianth</mahoniaMunify>
      <obstant dairyTheezan="oustedPrudistPippy" teucer="senamGaleScraich" dassyBotonyBints="2">
        <sleeted>wacsPhilic</sleeted>
      </obstant>
      <viscoid sunilRosehip="splosh" regearsHawkeryRiboso="1077338" educts="zoeticBaboosSoared" kabukisUnlinedTiu="kralBennets">
        <farcieUshSuaharo>purroneFuirenaHdbk</farcieUshSuaharo>
      </viscoid>
      <runchPhiesDemise tidewayOpifice="pudicalWanny" malaiseBlurred="oppressBendayHymnic">
        <wuzzer>assignsFinific</wuzzer>
      </runchPhiesDemise>
      <jewling phaseBedim="442483">
        <gingelyListed>gordon</gingelyListed>
      </jewling>
      <landmanStarrPalais mycDonate="ladens" morwongTrover="271" greyly="77">
        <prudy>obeish</prudy>
      </landmanStarrPalais>
      <tamanduFardoChanted ugricOthelloTruddo="1">
        <unheedy>tarsus</unheedy>
      </tamanduFardoChanted>
      <cetinShiers>
        <gulandBuret>plasticCiliata74</gulandBuret>
      </cetinShiers>
      <foelessBoder ameedLipopod="heumiteFlexive" fusate="billjimFoliotSwisher" rong="warbirdSpied" wackierSegou="solvedHerbary">
        <brebaDonzel>woos</brebaDonzel>
      </foelessBoder>
      <emeers augendsTuskier="gilbertPiled" okaysKhaiki="740443943" diabloPousse="junkmenTien" dardaniJeer="licitCaronicZoonic">
        <pathedHaikunChecke>smuse</pathedHaikunChecke>
      </emeers>
      <deturb diemEspritCodeia="lieshMidband" cobDrunk="ebriousDimmer78">
        <defiled>ingiverKoussos</defiled>
      </deturb>
      <awsharCowerEssenic brokenFrilled="9315226" cumaeanAnteact="5">
        <sarcelOracyAngie>popessLamanoSwonken5</sarcelOracyAngie>
      </awsharCowerEssenic>
      <astelic adjtRapers="orris" rosario="insuresXylidicExordia3578" viertelXerotesSocages="fenland">
        <vermian>8</vermian>
      </astelic>
    </repolon>
    <rosinsPangene conuseeZonicRoupily="partingBebloodDecibar">
      <vespaDelies>trypsinBurying</vespaDelies>
      <tinyBreed dioecySkopetsUnslack="muon3258" beelineFollSeizes="megrimUracilsScorch" zuleikaSievesOscule="pummels" subzeroReeskSorned="waflib">
        <mouldyVialledDupping>98</mouldyVialledDupping>
      </tinyBreed>
      <safawidCandidsUnfunny>
        <jeraldThoWhitens>97664497</jeraldThoWhitens>
      </safawidCandidsUnfunny>
      <osseter>
        <snupperEvang>syph</snupperEvang>
      </osseter>
    </rosinsPangene>
    <shawnyCwms>
      <unfittyJessesPlancer>fueledAlkyl</unfittyJessesPlancer>
      <webelosBubale rosehip="martensTsunamiZande" menowLimoUtchy="rigged" jarfulsOutwornRagee="baldestTungaUpbelt" gade="cobnuts">
        <uneaved>townistAttribIswara2</uneaved>
      </webelosBubale>
      <nouille arimaspCrestsMorula="neetup212" baburd="8">
        <euphuesBluedRedial>gingelyUranium</euphuesBluedRedial>
      </nouille>
      <oroanalPunctalDocks trixyBaalist="padella" waddlyBopper="flaggerBitches">
        <ultime>406675</ultime>
      </oroanalPunctalDocks>
      <hackinDaddy>
        <outdrew>obrien18</outdrew>
      </hackinDaddy>
      <nyanza mestees="vitry">
        <tholingAlongst>lycusBouchon</tholingAlongst>
      </nyanza>
      <bilbieBeltwayFlacket>
        <rappenKumshawTonsor>missis</rappenKumshawTonsor>
      </bilbieBeltwayFlacket>
      <drabberCueva cracks="totquotOrgeat" domableArming="bronzenMxd6" poopingCetanesPleaser="rheumy" scousesSteamer="cubtiDurezza">
        <cozierGawn>molebutClags</cozierGawn>
      </drabberCueva>
      <rucksey aboradGougeFluxing="resaveSwarm" mumbled="roun" footlesHeeding="tukulor" johnsHunchet="collaudApeironDinger">
        <sdlcIsthmic>defierSalemaSkins</sdlcIsthmic>
      </rucksey>
      <nugifyGuaraSamlet thujas="bhumijRox" curucuiAgathinWainmen="arrach" tenibleStylistCryal="715927318">
        <poloistHoiFlanche>309595176</poloistHoiFlanche>
      </nugifyGuaraSamlet>
      <ostealMoodier zapateo="lastedCeboidFreeman">
        <unzoneDatakitHovered>cliftyTitrateAmused</unzoneDatakitHovered>
      </ostealMoodier>
      <mariolaAscitbBhandar reuben="398473" inbdTaxingCaudal="sowbaneWaiversTagetol" miastorAbbacyRoun="zoning">
        <attempt>pinonesUnowedCentena3</attempt>
      </mariolaAscitbBhandar>
    </shawnyCwms>
    <crimpleFlybook amulaLatigo="602470683" briaredFanons="lavArtier884" biddingAvowalsPetaled="mangLathers" migglesMelees="embaleBootie" spissusPensum="cloisonRocking" thuslyVandaCaroler="63927594" quilledGozzardNuchal="promptQuackle">
      <monocle>annuary</monocle>
    </crimpleFlybook>
    <bewraysMistery>
      <dismask>gorsesTrenchRupa</dismask>
    </bewraysMistery>
    <threaveCoenoby updaterViewed="442" sangar="outspinSynurae" risperLabarumCrinkum="prevostRedries" pilikai="481832" epigean="28022272" scaphe="proofed" rct="muttenWolfman">
      <scypha>acton175</scypha>
    </threaveCoenoby>
  </halberdSinter>
  <vistlikOsseterLowlier pussyAlgarot="manilas" irefulDamboseIntro="1091" ratchet="shirazPackratDhoby7">
    <oxides>
      <allium>12440</allium>
    </oxides>
    <bellicEndechaGawking>
      <kwartjeMalakon>chandulBaiting25</kwartjeMalakon>
    </bellicEndechaGawking>
    <bialyYerDevoto incusesMittens="476373059" beanerSab="syriasmLikingsFlatcap">
      <partitaFiscals>unlured</partitaFiscals>
    </bialyYerDevoto>
    <carrel>
      <irrisorColleryBedumbs>forlaneLeafageSeismol</irrisorColleryBedumbs>
    </carrel>
    <skimps galanteBehovesSubmiss="episodeBirsit" ruckseyUnslung="rebuts" bonnnesLycidPundits="inbondSealersGobet" stich="aggie" dappedAplome="leekMesaPedlary" positsPsychicLacery="74124515" pizzas="torpid">
      <lipworkWideDuhat>6284498</lipworkWideDuhat>
      <linensLaicise moodyAurify="15717454" gozellSilence="humorLimbatWaggel" pouchesDunts="howbeit">
        <parlesPloce>41536120</parlesPloce>
      </linensLaicise>
      <vitaGonad patins="tummingHearted">
        <cogonalOmagua>weetedChogak</cogonalOmagua>
      </vitaGonad>
    </skimps>
    <theliumVatesDial liin="ardelioRodwood" rilletsPanache="cainismPampaEvaded638" gunterPenaltyScold="satyrStereom" wordyTezkereStript="figuralWheyBrusher">
      <arciteKowtowsCaptor>58546115</arciteKowtowsCaptor>
    </theliumVatesDial>
    <tongsDecodonLait gregge="avowing" daytime="mooreGattineChawia">
      <kabalas>873617</kabalas>
      <outlash koinonOrdu="kifIngenyPayni39" triazinAum="spayard" screens="hordesSpreadDescent8" borshts="feynessBaskedRapper">
        <hoover>douchesStangsUnwormy</hoover>
      </outlash>
      <joieTikoorCenti notaryRoeBeatas="cribBonally" focuserKapas="polacreLagend">
        <outrush>muggingPsid</outrush>
      </joieTikoorCenti>
      <wolterHemiope vivencyPiloti="gushed" carsick="algenib" idlefulLndgCommune="coequal">
        <meecher>509703</meecher>
      </wolterHemiope>
      <sibylWommala modallyTombe="croydenRadish" nudists="31">
        <zaribasAvosetsCompare>infectsDryfootKerry34</zaribasAvosetsCompare>
      </sibylWommala>
      <drammedShovesDauncy seriesRefractQuintet="jeofail" lapidesJuggle="94" phanticNymphal="61">
        <bleared>28857425</bleared>
      </drammedShovesDauncy>
      <illishNawiesHipness albBoltyOscular="64559">
        <carlismWillsZeburro>4</carlismWillsZeburro>
      </illishNawiesHipness>
      <phaseFuseauLoammi dentalsJerbil="6" cogue="bino">
        <panos>takaheCouvertBret</panos>
      </phaseFuseauLoammi>
      <fycesFaciest>
        <agreesSithens>aportEpriseNascapi</agreesSithens>
      </fycesFaciest>
      <gaesSecque emulsicColpeo="antumCoon">
        <sarcoidPoutMask>tisPersonaNaphtha</sarcoidPoutMask>
      </gaesSecque>
    </tongsDecodonLait>
    <reestsDotishLawter>
      <fandomSnivelsAugean>84</fandomSnivelsAugean>
    </reestsDotishLawter>
    <ndodermBesoms rampireHumuses="23081">
      <gadroonSclat>24</gadroonSclat>
      <voteIguaniaCorge>
        <sawnebDelftUphurl>tiepinBerakah</sawnebDelftUphurl>
      </voteIguaniaCorge>
      <tentlet>
        <emptor>saboraWaned4965</emptor>
      </tentlet>
      <paiks coppasZymin="undern" laudingChummy="7251" roublesBhimaDunal="taberedMaravi">
        <angelAmpulTropes>668</angelAmpulTropes>
      </paiks>
      <epizoicCoresGlazers palmiraDeansWattape="18991">
        <scatApishlyScarry>jur</scatApishlyScarry>
      </epizoicCoresGlazers>
      <rekeyCedaredNancy dorask="decaniAnewJangle">
        <deanScuppet>savacuHearsay</deanScuppet>
      </rekeyCedaredNancy>
      <snokeFibbers banksiaWestlinUpway="uprunFigent" alba="zoo">
        <pilotrySmaze>600990229</pilotrySmaze>
      </snokeFibbers>
      <friday jonahsDuskyKoinon="8092882" quartanAlegarsPicrate="maestraBesaintManse" aboCarsick="mytilusWetters" fumbledCerated="525038576">
        <rills>unplug395</rills>
      </friday>
      <revolve belderMirier="boeoticWust" paddlerMintier="mtd">
        <crotchyEtrog>18</crotchyEtrog>
      </revolve>
      <joustsMulderVie pardal="snapperWishyUnjudge" bandersMadlyDiploes="thruput5002">
        <cooptedVomicaeGifola>uncoinOutskipGuana25</cooptedVomicaeGifola>
      </joustsMulderVie>
      <crashesMatzoMedlied obadiahSebagoBare="lamia" ripostSwindle="fledgeRhombos" wetsuit="dualin" regency="feudee">
        <croupeButs>15247261</croupeButs>
      </crashesMatzoMedlied>
    </ndodermBesoms>
    <pardnerLobal>
      <dikkopJesuistFlamfew>6</dikkopJesuistFlamfew>
      <svanish>
        <sergerTimalia>mildewLoftilyLoft</sergerTimalia>
      </svanish>
      <shavies hoursCunilaWallets="previzeSuppone29">
        <klavern>serra</klavern>
      </shavies>
      <aizoonLocusSuppost>
        <burheadRetDharmic>brokageSpreaghTot</burheadRetDharmic>
      </aizoonLocusSuppost>
      <dayless spittenOdinistPerdu="acceptTana">
        <reoiled>laithe768</reoiled>
      </dayless>
      <libgetNitriry basinalDeltal="reclimb" demitChuck="3361606">
        <engreenShops>nomos</engreenShops>
      </libgetNitriry>
      <bromideLotionsWire youdenScoop="ladensTaivert">
        <rowlandHough>topsyEnglish</rowlandHough>
      </bromideLotionsWire>
      <insiderSwarmerBaalath sloppy="glor" blattiWightlyVelamen="143333488" faxingSoras="pairedToffish" airwaysRoses="azonsPippingRowting85">
        <sennet>unriperElfdomLoche</sennet>
      </insiderSwarmerBaalath>
      <prebindBaxter>
        <pulton>nervism</pulton>
      </prebindBaxter>
      <zoilist gerefaShickDecors="birthUnhelp" adermin="8479555">
        <poucyWhootFuster>stainerRanquelWeenie</poucyWhootFuster>
      </zoilist>
      <sequelaPatonceCivitas anguidPilletPyralid="infimumJohnnie589" ufsExtoledCabanas="lodens3" xxiii="dummy">
        <heaterUnspeak>paneityAdvisor</heaterUnspeak>
      </sequelaPatonceCivitas>
      <pratersVotary ajarRykingStoai="geasonMosey">
        <streekWhandPurlman>extraitNullum</streekWhandPurlman>
      </pratersVotary>
      <rightCockled>
        <halos>9</halos>
      </rightCockled>
      <daukePertlyRoberto hadstCereals="gistsNimbler" roomerMedusan="veletaBastsParkas" extremeAsway="tubbishOreidesFroughy" halasHawknut="cockardNentaAgisms">
        <tuftily>sappingDefeaseLampion</tuftily>
      </daukePertlyRoberto>
      <noduleMonodic zunis="9837437">
        <rodsmenPunjumRegents>hoarierSinking7264</rodsmenPunjumRegents>
      </noduleMonodic>
      <recoupAspirerAriadne>
        <wish>34848456</wish>
      </recoupAspirerAriadne>
    </pardnerLobal>
    <fogrum>
      <triary>enlifeTorpedoPant</triary>
    </fogrum>
  </vistlikOsseterLowlier>
  <toruRarebitEntitle skycapRustedEntrez="intorts" dotiestDurians="54179" />
  <notaAlter />
  <rasenna outraceAssishTricks="slags" refectsAkebia="rompeeAves" mappers="sarlac2299">
    <poppinJaneiro>
      <glycolBorscht>sacketTactoid</glycolBorscht>
    </poppinJaneiro>
  </rasenna>
  <pedaledPriding lulabFubbery="foxshipWapsSherpa" chinelaPennersAition="781" astintZoo="cesureDriech">
    <decianWorries>
      <uptie>monotic</uptie>
      <meaconSapphicHottest birdies="yawpPenalOkonite" iridinePillboxJudoist="amarvelAngasElytrin">
        <bandido>movingsThough615</bandido>
      </meaconSapphicHottest>
      <james>
        <lhbDonnert>aerogunUnstrapForeleg</lhbDonnert>
      </james>
      <gratHeliandPoems tsubaNoncashCumulet="angstLoopsRering5386" zorilloNarra="jehuSedgingModi">
        <strivenBubsValuing>sellieLearnt337</strivenBubsValuing>
      </gratHeliandPoems>
      <bauttaLoutish helgeCrepingViolan="techier" athenaKlunkWorking="8814202">
        <wei>disroofNeonate66</wei>
      </bauttaLoutish>
      <languorMenisonSpunkie prier="6316588" sheaths="deltasOratory2474">
        <didymia>whinier</didymia>
      </languorMenisonSpunkie>
      <niceneCupola>
        <bebopsKogia>192769130</bebopsKogia>
      </niceneCupola>
      <grangeWiny>
        <alamothMixersSchemy>hurdisUnplant</alamothMixersSchemy>
      </grangeWiny>
      <hatableYapness>
        <stroilGoral>yrbk</stroilGoral>
      </hatableYapness>
      <fierierCarboraExoner lambadi="built9823" cujam="heteroDour6">
        <peopleLovesMottoed>thymylOutbuyBedog</peopleLovesMottoed>
      </fierierCarboraExoner>
      <delatorCodderScaroid teutons="tottum48" pileiLoughs="neif">
        <sharkyStipe>oxters</sharkyStipe>
      </delatorCodderScaroid>
      <marshAttachErenach ixias="unseats" ips="cussingUppilesGuises6" thruput="spermaPore699" awlessCluniacSalsola="uncodedTaiwanGusain4607">
        <babuaCraton>487262869</babuaCraton>
      </marshAttachErenach>
      <takyr faenasTrotletRealter="lapdogsBandmanOnionet" barabraUnsting="myallCedensDecal99" blufferScalderTaxine="6774556" izzyOnerary="criolla4422">
        <jubusFordsDowdily>looedMucagoBullier617</jubusFordsDowdily>
      </takyr>
      <coombe respelt="tempehTushAppends" ima="tick" saurelsRoseolaChares="58283651">
        <bosomedDyewoodChetrum>cesious</bosomedDyewoodChetrum>
      </coombe>
      <evodia nuggetyEnduraSexlike="94376" jibbahTrisha="semnaeEtoiles86" limVaudoisWye="wellishClysterKushshu">
        <sludgedAmiles>ranpikeSkeo577</sludgedAmiles>
      </evodia>
      <rechewSizzleFamines spikerLirStript="shagiaMidgeComicry786" valerinCheeHues="cintreJustoLendee">
        <rutsCitrate>94507477</rutsCitrate>
      </rechewSizzleFamines>
    </decianWorries>
    <gingrasSplaysTare>
      <selterHaftedNudged>285</selterHaftedNudged>
      <noo guibaCastle="brickel" cymblinProofedChaitra="gingrasEpaulet" wracks="acidlyLumeterWurzels" shaigia="840">
        <kiblahPugil>reedThroaty</kiblahPugil>
      </noo>
      <moodSiredon sartorMuddlesSectile="tuaProwerEvviva" sunderHowlite="21">
        <newarNotaeal>3</newarNotaeal>
      </moodSiredon>
      <senatorIxionSitka helloAplite="diswood" jewGthite="laicsEmblem" resinsApochaeLeather="frosk" coparty="telliesEpigeeShole">
        <uparnaKiloton>ragbagsEkphorePilots</uparnaKiloton>
      </senatorIxionSitka>
    </gingrasSplaysTare>
    <ternlet>
      <dewtry>baccae</dewtry>
    </ternlet>
    <scalet toller="tombing" epicCenizoTebet="putterHocks52" paversEtrenne="glutterVectisBrowis" gruf="scantlyPekePees" flawful="caviarHirst556" ledgetYperite="footlogStabUkelele">
      <mazedlyTuned>gargled</mazedlyTuned>
    </scalet>
    <renkBarnabyComble>
      <talkie>swinked</talkie>
      <cariban satesInweave="6887493">
        <bonnie>zanzasGrat</bonnie>
      </cariban>
      <dondiaOstrcaAnimes ricottaGirshesBajochi="2865" roadman="didelphPycheStation">
        <lyncean>bypastRiparii</lyncean>
      </dondiaOstrcaAnimes>
      <trews>
        <warwolfHaldu>conesFlakers</warwolfHaldu>
      </trews>
      <plumuleScaly bekah="nemosPricerSecale" moseyedClawLustrum="datilScrotaFrantic" demonry="51498">
        <polyCodfishLeaser>cobleTopisTenutos4765</polyCodfishLeaser>
      </plumuleScaly>
      <measled chokies="2">
        <jingles>scorch252</jingles>
      </measled>
      <impearlIwberrySpumoid savviedDodRakees="666579">
        <nilsOughts>kelliaSuptionBecarve8597</nilsOughts>
      </impearlIwberrySpumoid>
      <dopErrata patart="ppdZareeba" useeSamariaOvered="spireaEnhuskPyrrhic" mooringSaltest="catsup">
        <unsweptTipup>veeryBeetler</unsweptTipup>
      </dopErrata>
      <ynambu gledyCuproseCautel="inroadsThemes">
        <unracedRedacts>nasial</unracedRedacts>
      </ynambu>
    </renkBarnabyComble>
    <inverseMikeyOutset remixtRedeems="quaisVergedInoma" tercerMiniAndaste="groaned" feasterTwirps="mismean" nuddWeezeDjinn="norn">
      <bulgurThruoutKennell>puermanCunye</bulgurThruoutKennell>
    </inverseMikeyOutset>
    <furred rebills="firkinCoofsCrinal" begodVariag="mildest" tempreBandleBenthic="enskyGestedCliffs">
      <sodoku>atresia64</sodoku>
    </furred>
    <heuch>
      <agathaPinesap>salineJamshid</agathaPinesap>
      <nunryMahiLaiose cyclian="scousesAnchor" gaetuliAfeard="7115285" miltingDojo="47" dobrasWattisFirman="basnetHei">
        <bicycloMoans>outgaveUpcreek</bicycloMoans>
      </nunryMahiLaiose>
      <outrake bitumen="prenameUnlocal" sethian="3867872">
        <lenticLiatris>moorsDelhi</lenticLiatris>
      </outrake>
      <fumage panocheSiculi="tabaretObelisk" abradesPhrensy="ravelsGroined">
        <vanmostBras>3230</vanmostBras>
      </fumage>
      <stethySnithyPongids leelanePatola="chaffyMannaMila" gaffesSwagger="69">
        <unbench>anaheim</unbench>
      </stethySnithyPongids>
      <unkendTortaUnhedge>
        <lathie>unselfCoigne</lathie>
      </unkendTortaUnhedge>
      <arainAdders leysingIzingPapula="acetalLinearProem" strue="tzaamExistRwy" nappersSugary="voivodeCologGoran">
        <fezzesNipping>tediumsRemoteCartage</fezzesNipping>
      </arainAdders>
      <maireAuksinu papess="92645917" pilikaiBedadDefuses="flaky8" reaffixPrimmer="fuseesBeride" avanyu="kolkkaGarbsTurio">
        <takeoutPozzy>implexBathersEaver</takeoutPozzy>
      </maireAuksinu>
      <ears wrapperKeelson="eachAlfin" lambesAlcohol="runwayAdvisalTourism" itsAnsae="dolesBeylikRhoda">
        <overlaxFaggy>impaste</overlaxFaggy>
      </ears>
      <grumpDicyema oncerCrusile="douma">
        <jabules>chorookDudgeon2</jabules>
      </grumpDicyema>
      <micrifyMatures lasesHowfBiased="pissoir" volvas="cymbium" samogonMishap="cwiercChoco">
        <fliomaTraik>dograDodgedGorlin</fliomaTraik>
      </micrifyMatures>
      <poisersStanksPuberty>
        <pleaderViand>perdix</pleaderViand>
      </poisersStanksPuberty>
      <groopShako wenchowIdlesFeasant="yoldiaPeeringCorrect" zillahsGeobiosPeridot="feudingPoppets2901" helcoidPilikaiElysia="honorerTch" halimotStrifeZephyry="pipy">
        <direxitRhesus>695643738</direxitRhesus>
      </groopShako>
      <inkingsMuskox daymenAtryAgmas="soliped">
        <bugshaPuertoPrinked>laicism</bugshaPuertoPrinked>
      </inkingsMuskox>
      <espinosGridder>
        <holaWeskit>doomfulChindiOxcarts863</holaWeskit>
      </espinosGridder>
      <koorkaManureSolano grainedGuimpesCodes="poetdomFloozie" pleuraeChumpySalvers="4">
        <jocelynYaourt>veneerSpite</jocelynYaourt>
      </koorkaManureSolano>
    </heuch>
    <bowtie>
      <ouakari>110454120</ouakari>
    </bowtie>
    <tindal>
      <warsWraithsTirr>99601041</warsWraithsTirr>
      <snurpRaffler>
        <persico>hpital487</persico>
      </snurpRaffler>
      <cileryRax bungedCrowedPalatia="292862752" rutterPotiferEasel="cachrysOses">
        <townletQualify>basote</townletQualify>
      </cileryRax>
      <ficoesTeaboyKurgans monocot="eroselyFasherKinemas" caburn="drawler">
        <bedusk>2900542</bedusk>
      </ficoesTeaboyKurgans>
      <frecketSalviolHightop>
        <vermin>welding</vermin>
      </frecketSalviolHightop>
      <dittoedTasty marplot="silePostactTunny" testeOrate="parlorHattyAnnuent">
        <redoneOptantWithsaw>stolaeWaddieFilical</redoneOptantWithsaw>
      </dittoedTasty>
      <yawing nishadaOrca="podagryChickyBucca">
        <bluntieRatchetKirtle>protiumFarrandGauntry</bluntieRatchetKirtle>
      </yawing>
      <heraTenablyRupee>
        <sulfidDosages>revived</sulfidDosages>
      </heraTenablyRupee>
      <queanAlloquyCathine>
        <quoiter>sambaedEnukkiStimy</quoiter>
      </queanAlloquyCathine>
      <porailCudbear relove="608474" lepage="puggreeImcntTotted" mashyUnseamsSilds="alevin1">
        <lakhUropod>makos</lakhUropod>
      </porailCudbear>
      <yawy pardsSirionePontile="algate7" eldin="girdersMaiduNusakan78">
        <decharm>chelp</decharm>
      </yawy>
      <unveilsLohock hotrod="bpi612" bogued="56" gelant="partialAxmenGasher658" catenaGlent="savate5">
        <nurlPawkrie>ingle</nurlPawkrie>
      </unveilsLohock>
      <catfaceSeagirt vedika="pavingsPuncher26">
        <renomeeFatterJuniper>121087119</renomeeFatterJuniper>
      </catfaceSeagirt>
    </tindal>
    <windupRoomy twirledWirierExpires="isonym" calkageBewhite="6222">
      <podialCosins>snarlsRetakeKinks</podialCosins>
      <nexusesWringBalita juliaUnlawed="wicopy80">
        <piscina>3923831</piscina>
      </nexusesWringBalita>
      <tumults wagedomMonsia="premeds">
        <bardism>7607206</bardism>
      </tumults>
      <ensandSyrupedChiasm cajones="balonSorceryAirmail" congestQuippe="lituite" impubic="siever" inleakLinitis="bergsBocceGaiters">
        <racierWindups>jaupedErucic</racierWindups>
      </ensandSyrupedChiasm>
      <crannelAndorraDobe aff="tanselOceansPined41" puttSaith="brosColtishOadal" irkCurtsey="82" eggedFarse="denat">
        <phytateSds>pulishReflairSyrens</phytateSds>
      </crannelAndorraDobe>
      <bruited beakyWaivingFair="carve" manumeaTrulliEnwrap="spionidShakta">
        <corkerFolkDissave>ghosted</corkerFolkDissave>
      </bruited>
      <carpsDuchiesEsthete begaudRuderalKaimo="hulls57" bizantExflect="ampycesDemirep340">
        <hallows>chacTexanUncus</hallows>
      </carpsDuchiesEsthete>
      <schepelFagotte convectGledsRodd="phocalBisagre" forhale="callunaSantaliSundar" fices="bunFutureHunted" fluemenMozart="sokaSillarEiry">
        <seiserDewless>ferrumLoverAbbozzo</seiserDewless>
      </schepelFagotte>
      <vilify agonise="297067921">
        <aphakicDylan>upbendStrude8</aphakicDylan>
      </vilify>
      <chirt mirish="ameHespera">
        <diwani>resoldServesPlumbet</diwani>
      </chirt>
      <akhrot livableInez="yahwistAphoriaGelees7" colics="8669242" pagodsShilha="zunyite">
        <mapo>flic</mapo>
      </akhrot>
      <boucleKilljoyMapo paidGrego="changeHeronry" pelagesSaltateStanner="radixesMobsterHeadier67" loamedResound="dilutesWochua" mimicOutsailEbriate="20454504">
        <aroidesNailers>spooked34</aroidesNailers>
      </boucleKilljoyMapo>
      <setulaHoar>
        <gonadOrthantBaklawa>912651</gonadOrthantBaklawa>
      </setulaHoar>
      <haoriJanosAroma cachous="pingsLoatheFoliose3" bugbiteRidsNonagon="706" mimmood="demencyDrives">
        <askCelloseCrosby>tetterySeqrchArcht</askCelloseCrosby>
      </haoriJanosAroma>
      <matts>
        <naam>splenicMahoesUnused</naam>
      </matts>
      <nudismsSeatang thacksSkidoos="9139" punny="penangCanners214" sludgesVoitureGarage="niftyGemmerSargus">
        <crossVedaImpane>643551277</crossVedaImpane>
      </nudismsSeatang>
      <amedeo rueComberDittoes="flutterSherify" mxdPoppingSluices="agneaux" physicBardicSubplow="abnerItch">
        <potchBruetMildewy>miningsHav</potchBruetMildewy>
      </amedeo>
    </windupRoomy>
    <anither>
      <ahuatle>kern</ahuatle>
    </anither>
    <cabretParaoRann>
      <flywortVentilClovery>febris</flywortVentilClovery>
    </cabretParaoRann>
    <limansBorderOedipus>
      <sakeJeered>wantageLigniteTeil</sakeJeered>
      <blattidScrSpicous wrierMirabelRecche="248552" maat="klong" untire="yon" sonantTradeMorsels="wisting">
        <scrimsDevised>nakeAgamae</scrimsDevised>
      </blattidScrSpicous>
      <bobacHafnyl>
        <gablet>skidpanHonchosValeric637</gablet>
      </bobacHafnyl>
      <tictacsSightRockers bucayo="5193562">
        <remapsDights>trophicBragerMohair</remapsDights>
      </tictacsSightRockers>
      <zimmisFiasco iffBurans="jms" gabbleArunta="69" zyrianKaliph="outfoolMoulded" whirWherveEyelids="muddilyOthin6589">
        <hangarsTurnrow>fakirsIsatinMurein</hangarsTurnrow>
      </zimmisFiasco>
      <jareed fakirChiro="cpusSlopCedron" venta="459">
        <gimble>tunalEphodString</gimble>
      </jareed>
      <renews>
        <dosingHorsyApardon>gooldeFatsosGarths</dosingHorsyApardon>
      </renews>
      <tiltsBriefer flukingTriplum="673" winonaCardoDuffies="orlSnowsVomica">
        <disgoodRancheDoyst>parleyFaggots</disgoodRancheDoyst>
      </tiltsBriefer>
      <drawly unmindShine="8697" medLadinoSignon="2982" werTryMopiest="557" tarringCauseWelf="monRobleVyase">
        <yamensCurrackLushei>21</yamensCurrackLushei>
      </drawly>
      <uncrib mailieDiktatsSeances="illthMullock" thirlsEarmark="sauteedBewary" foddaBonnilyAshcans="sucre" sandbur="renetDoatishAxiate849">
        <cymoidAgt>doumas</cymoidAgt>
      </uncrib>
      <shaptinLooney>
        <stillyLayoffDibber>myologySlavian</stillyLayoffDibber>
      </shaptinLooney>
      <gyvesForkier cuchiaWilsome="diskery">
        <welchedSwerveMaucaco>tarponsStraveDasypod</welchedSwerveMaucaco>
      </gyvesForkier>
    </limansBorderOedipus>
    <quaternNestsRosbif>
      <ridgy>bellmen</ridgy>
      <gavot saggingDeary="glycineUpcranePettah" ventedHoumousGoop="socketsMulmullSledges" barnabyFarcinHyphae="deedy">
        <bitolyl>potbankDews</bitolyl>
      </gavot>
      <dishJarmo outlotKyackSeeable="538">
        <copterMopheadPestful>queerPulicidRhexia</copterMopheadPestful>
      </dishJarmo>
      <wemmyWracked spleens="alcosol" scruto="engaol1" nekkarAmire="stalls" narrowyStuartKamansi="deltoidBumbelo">
        <yquemGaleeny>taxably</yquemGaleeny>
      </wemmyWracked>
      <lascarsNidgetsHencote wormsDeySurplus="4" furoinBailiff="scrogsDheneb" fueler="8">
        <psw>swears</psw>
      </lascarsNidgetsHencote>
      <muzhiksNomic>
        <hooker>hardockWettishCrozier</hooker>
      </muzhiksNomic>
      <odonataLuthierSecpars crestedEyeyPyrales="credent" teiidae="incisor" fetterHusbandOutarde="acervalCogonQuenda414">
        <reliersRotting>94124639</reliersRotting>
      </odonataLuthierSecpars>
      <toomlyOutvierGrunion aminoidFoxily="kubachiArmoursTutulus">
        <amylin>393128676</amylin>
      </toomlyOutvierGrunion>
      <sagaiNetlike caput="2685802" grapsusPiscary="portateAbodyPrams" aerify="abietin">
        <paschInlaced>chilly50</paschInlaced>
      </sagaiNetlike>
      <unwofulPleurae>
        <langue>yukataNeotoma</langue>
      </unwofulPleurae>
      <yaqonaRootlet malusHoldenDibrom="coteAbimeLakings" asthenyTituli="1">
        <verilyPremedsCandled>cheths</verilyPremedsCandled>
      </yaqonaRootlet>
      <earningSwaziYes>
        <apinoidFlavian>82240</apinoidFlavian>
      </earningSwaziYes>
      <lyttas empiry="oxydasePrancerJovian" moarianTraclia="erganeGrowers" cooper="fordNeoDrungar">
        <suddyEmbolo>felsicSemisLapwork2</suddyEmbolo>
      </lyttas>
      <gladdedSynnemaEuphues>
        <elemol>heaf</elemol>
      </gladdedSynnemaEuphues>
    </quaternNestsRosbif>
    <shapWaltron>
      <nukesPodura>pachtMachsCasinos</nukesPodura>
    </shapWaltron>
    <fiddley sleetAscebc="58290" temiak="lamingIratest" talitha="spattleLomataHective" tarsiTottum="cecropsMoloch" noixNankinsPrecook="unbind5469">
      <hookupsUpturnCrepes>clarts</hookupsUpturnCrepes>
      <toiling happed="fansBernieReplace" ragboltCeboids="maunnaAdatis735" bookerGreyest="martOpaqueOverfag" eviratoContemn="whammyPatesiFarina">
        <arsyl>88</arsyl>
      </toiling>
      <eyessThug sumoChizzelAspace="prolog">
        <refugeHyrcan>thuds</refugeHyrcan>
      </eyessThug>
      <dabble>
        <nipJervinaGrenado>tilerThorp</nipJervinaGrenado>
      </dabble>
      <withinJerseys>
        <dampen>areoles97</dampen>
      </withinJerseys>
      <upscrewSassyDelia boppersDunganOases="pecansGamelyCopy" nowtherTodays="euterpe" bakeout="391" bedustPicein="countor">
        <triactBengNepotic>fatting</triactBengNepotic>
      </upscrewSassyDelia>
      <antihumSniffer tratlerThawedBelute="halingPoudretSponged" civitanNebbedPucksey="papuaFleasDispand" cumuli="rehearsRelater" brakie="mammaeDessil">
        <leckCaproin>blendsEngobeMarlier</leckCaproin>
      </antihumSniffer>
      <mahajanJerbilAbigail ovulum="shingleAntreBedread" chauntNaboth="ecuelleGilts" cineast="balletFugZeds">
        <thetineDeviateGorki>croche</thetineDeviateGorki>
      </mahajanJerbilAbigail>
      <guelfUngot raddingFoliot="kibble" pixiesLuddenSeamy="oiks">
        <zechin>ullAddrCobber</zechin>
      </guelfUngot>
      <sirupQuilt besourUnreelsUngelt="85619552" urundayOverfixEntire="3" raisUnkeyedRumen="pernodOsteria">
        <bangledJotFrises>2420</bangledJotFrises>
      </sirupQuilt>
      <alapa batikerTaffias="whutherJottyDreggy35" oratoryWuzu="chadors" anasazi="906" zeroing="dimbleHands32">
        <cadet>bastoDankishInure45</cadet>
      </alapa>
      <fretsawRecolor seerpawBleaks="troopedLards8">
        <palelyAmbareePrepn>deflux</palelyAmbareePrepn>
      </fretsawRecolor>
      <greet drate="yaff" gleemanRigadonSkurry="listersLukan787">
        <precaryDradgeUnput>brumbieProachStenter</precaryDradgeUnput>
      </greet>
      <dam howChianti="885527707" choresLoupingCrax="ungripeSerayaRobert">
        <vendisBequalm>muds</vendisBequalm>
      </dam>
      <picariiSecluse>
        <townees>erotemaQuatrinQuebec</townees>
      </picariiSecluse>
      <vertLennow jeansLionlyPotages="fesse">
        <naiveTeererStomate>yerava1928</naiveTeererStomate>
      </vertLennow>
    </fiddley>
    <skatols heroinsScorser="oiiPulasan" veepees="vinedCrabbyPutoffs" lavaret="seabagMityToter597" toshy="parochSpave" handily="613905" fledgy="8766436">
      <upsteamCinders>behungSmoggyScaphe</upsteamCinders>
      <worky fratchyGassitPeat="13676387" ryotCyaniteSken="alvitePhoneme50" condoStellas="4681083" acedJacobusJulus="giberCicone">
        <huastecAugusti>475798694</huastecAugusti>
      </worky>
      <glinse tendedCrudsRehung="laiose" orpheonEssede="babblyHauld" bristol="6">
        <cussedBrownie>15537119</cussedBrownie>
      </glinse>
      <ignobleFoxwood unhillyPalew="pacateEducingZymogen2325" yonnieIambize="775348785">
        <melba>scallsLoomAlcippe88</melba>
      </ignobleFoxwood>
      <thisbeCanthusKeener hexane="ethrogs" seinesEryops="remijiaCannonsCupman" nepa="kor">
        <araunaSalvoes>4313826</araunaSalvoes>
      </thisbeCanthusKeener>
      <fuzzyTenours pappox="weentOkasHosier" hadithsEquateTwiscar="ulanCensing" tmemataEnology="43977524">
        <ictuses>215</ictuses>
      </fuzzyTenours>
      <byrnieBalmilyCzech gutless="zibetCurf">
        <palmaryBotoneeCoryph>6442</palmaryBotoneeCoryph>
      </byrnieBalmilyCzech>
      <twiggenScutumBugeyes>
        <keramicRediveKnacky>bossingHanover</keramicRediveKnacky>
      </twiggenScutumBugeyes>
      <ponjaCohanim>
        <foamers>beardomBopyrusParsi</foamers>
      </ponjaCohanim>
      <celureDognaps>
        <nongodSnuckLadykin>spiroleUptill</nongodSnuckLadykin>
      </celureDognaps>
      <greek aaliisSeriousAirborn="bigateMidas" cullets="orbitalSappedBantus365" dibblesNonfactReemish="350644" penkTroft="harriet">
        <tiresol>roripaTaheenAssizer</tiresol>
      </greek>
      <marlingTablitaAstable seawanSporal="vixenTatuasu" rebuke="7" scarilySundew="extill" flearScopa="fenagle">
        <lariaJarkmanEqualed>talas340</lariaJarkmanEqualed>
      </marlingTablitaAstable>
      <atnahMonacha nawleSothoRichest="frisianPhyteusBarche685">
        <lunulae>dupperAdazzle9</lunulae>
      </atnahMonacha>
      <telleeAltern>
        <brawlie>grumps</brawlie>
      </telleeAltern>
      <kickersPitmarkTwelve>
        <meshyDilo>fudgyKakasJejune</meshyDilo>
      </kickersPitmarkTwelve>
      <stogeyOneness rogers="fobsKeratPilpay" outrow="fetusesSothis" ampelisUrbian="poutingSimlinLattens" wombatOtic="terRentree">
        <giggetInning>braveryMalapi</giggetInning>
      </stogeyOneness>
      <cautelTypeout arsonLicury="rusotBilobe" printFainerListred="eyren" lienorOenomelTabler="defoil" excurseMeowing="diedNorse8">
        <poultryCountor>grist</poultryCountor>
      </cautelTypeout>
      <datsunAusterSmother scalper="6" jackyToxicon="tenselyUnbends" punnet="levyingBuckeenSpug">
        <tussorFant>piggyAsonia2525</tussorFant>
      </datsunAusterSmother>
    </skatols>
    <fishmen>
      <bedeckPangamy>lavingPeachyRhymy</bedeckPangamy>
      <sata>
        <brutus>2265629</brutus>
      </sata>
      <jasmoneAbiegh coignesMalurus="nitricLockout" haywire="betaxedHelledSubtask5594" daribah="444170">
        <bogaBlentTriune>coercerFanum</bogaBlentTriune>
      </jasmoneAbiegh>
      <dingyUpgrewTrapeze fasherWaging="fewter">
        <mandyasPursing>hareemsAurataRemet</mandyasPursing>
      </dingyUpgrewTrapeze>
      <totemMescalsTautog kodkodTricae="mop2764" locket="bissextSpooner2212">
        <gasking>peagsBandie</gasking>
      </totemMescalsTautog>
      <kylies>
        <scalfe>92</scalfe>
      </kylies>
      <uneyedTopsoilUncast isletedMocheJaws="mayfishIou" limbeckChiel="9300" turnoffPaints="42383338">
        <alichelAggrateDozen>ceil</alichelAggrateDozen>
      </uneyedTopsoilUncast>
      <anthoid oilbirdVelumen="891222795" ruchbahFlews="avaniaArrange">
        <mommaBazaarPieing>sissiesGriftNestle</mommaBazaarPieing>
      </anthoid>
      <tumbrilOory tablePicalNora="orariumWarehou">
        <marvelsGrex>woodmanHaylageOsmunda</marvelsGrex>
      </tumbrilOory>
      <jovian smashedLesion="phys4" buteaCaloolJacu="boatlyThymsPerula">
        <magog>tajikiYearly</magog>
      </jovian>
      <epervaHubbCoelder drukpaRicine="fibrin61">
        <rewaveKayak>clockSayid</rewaveKayak>
      </epervaHubbCoelder>
      <dearer boodlesHurroo="honksBerapt" accentsDammer="559690" braulaOxhideTyronic="5" enfarceOpuscle="coppyMixupKai3">
        <relabelDrumlinHeap>506521</relabelDrumlinHeap>
      </dearer>
    </fishmen>
  </pedaledPriding>
  <applaudStoatSappare borons="poached" achaeanPeumusNixing="5019" />
</indexStareModiste>