<?xml version="1.0"?>
<wappFiants>
  <crysteMotesCroise unwiredTopspinUsee="saugerHyporitAgaric" />
  <hollooKenotic exust="tenable" fossuleRabbisHereby="escape" heckCrinula="tautensEgotism" janner="809172">
    <apiaryBrettMeso subbass="lourdPlaint" temachaRadish="monnionDemonic7229">
      <unfeted>5022</unfeted>
    </apiaryBrettMeso>
    <artabe>
      <cabblerVacate>brooderCimaOutfeed</cabblerVacate>
    </artabe>
    <raftShinkin>
      <choppy>332802</choppy>
      <taishFascetAire denned="lariatsAllyls" rappelsOutjinx="aswashNashgabSacker" proceedBanjos="4938" jeddock="reveal">
        <cuscus>halids</cuscus>
      </taishFascetAire>
      <rereadMethaneSaprin limbieMouser="cowfish" durhamRustingFlied="dirgie">
        <bilbieBasToke>tokayOnager</bilbieBasToke>
      </rereadMethaneSaprin>
      <kenmarkGromil wades="interjRaninaeCuculus" coateesBryumAtoned="walapaiManilio" tunis="occursBalderLionet">
        <flooder>canedKooks</flooder>
      </kenmarkGromil>
      <sodditeMoither penceyRazzerSlowest="valerie" armingTiebackTurb="papless526" huggedWitherySeric="sleeken" alabama="swoonyPatacas">
        <carucal>weka</carucal>
      </sodditeMoither>
      <curacao forewitToddTulsi="epizoan" warners="saloopsAdoxiesDefs">
        <donate>551</donate>
      </curacao>
      <funisGrubber>
        <neatestSmeddum>syrusNilghauJambo</neatestSmeddum>
      </funisGrubber>
      <impingsWasherRameal welding="spireasFatsia" undrunkNogaku="yarlKuberaCognize" cantic="82856" shluhGodfulBoulder="bricoleQuodded">
        <cowiest>plashyBeelineDiffame</cowiest>
      </impingsWasherRameal>
    </raftShinkin>
    <zymic>
      <semiarcBezanty>biontic70</semiarcBezanty>
      <phlegm cashews="lagurus" prosoBaun="nontaxJirble">
        <gathic>deitiesLaky</gathic>
      </phlegm>
      <caumDemot divAuntre="ribbonyLiefPhenom" unquote="genalFactory" broon="67695103">
        <deaneryHollaed>malices</deaneryHollaed>
      </caumDemot>
      <lintie lowder="682326" roding="59257087" turnipy="spasmicTrepang" ethinyl="lycealAgoneMyoid">
        <pastorsKingcob>94244</pastorsKingcob>
      </lintie>
      <pamperBeamers>
        <misuser>affraysOffbeatSabaism</misuser>
      </pamperBeamers>
      <acrania sectorBaisHordes="calxesBrides116" nascent="nemesesOratoryApicad86" ordu="6933">
        <dumkyToasteeTravois>unbainUruguay90</dumkyToasteeTravois>
      </acrania>
      <keylock nephricEquiped="8989">
        <sireny>soth</sireny>
      </keylock>
      <ladybugJudcockHanse>
        <birdmen>dueling</birdmen>
      </ladybugJudcockHanse>
      <garronsTentlet>
        <gagateNilling>sheduDalanHumet113</gagateNilling>
      </garronsTentlet>
      <coils zachunUnadopt="baserDebtorSmews" bikramThawingLoxes="bemoonMiomboArmsful" mondainSulkerPleach="calathiOpenedGunning988">
        <aloyauRegaveRaisins>tuesday</aloyauRegaveRaisins>
      </coils>
    </zymic>
    <snafuMorros>
      <tumfieBeaDennis>pinkeysBeers</tumfieBeaDennis>
    </snafuMorros>
    <acraeinFordMegohms john="fixupSplintyCanroy" ellsCalabur="surgierBetimesMalkins" netsukeTomas="casherPitylusRoaded" narks="mooched">
      <cuprosePimbinaBorder>twatsWirraMenacme</cuprosePimbinaBorder>
      <fictHyoidalEveque luggardEsqVienna="karewaGhostedKino">
        <deglorySteghMatts>phemie</deglorySteghMatts>
      </fictHyoidalEveque>
      <cougherCosec>
        <agonFoggedFondles>rooserTainan</agonFoggedFondles>
      </cougherCosec>
      <terral kolobia="lownly">
        <calkingImpulseQuis>bribees</calkingImpulseQuis>
      </terral>
      <nonceEnodalEncave enhardy="wheatyEydentFallen" growersResume="cud56" netting="edith" hitchedIvoristTawpies="bible2">
        <listelMalduck>5664</listelMalduck>
      </nonceEnodalEncave>
    </acraeinFordMegohms>
    <kinoEnglify>
      <decareMerlon>spurnedCursalGodown</decareMerlon>
    </kinoEnglify>
    <chartaeBosniacToluyl bisexedPropyls="outjutsBed" crusileUnrulySeal="fridaysPretUni" buhr="fillsBhikkuCough">
      <zoneletJarra>fullamReified</zoneletJarra>
      <rumours calkersFennishBogeys="alaloiKanakaOctette" dynastyPommee="remus">
        <hauboisAgelongWyling>themata</hauboisAgelongWyling>
      </rumours>
      <patola cloineAndvariFalla="bulge" noodlesSabia="studdieJuniper7804" dotingJabirus="broiledThionin">
        <abkaryArhar>fakeZaptiahGrutten</abkaryArhar>
      </patola>
      <sugarsBallo skyjack="aztecaUnluteRopable" rebuy="gapersTrilloIcepick" beediDecd="stadleHubbubUntied">
        <phobicPeerie>catbirdAkia</phobicPeerie>
      </sugarsBallo>
      <darogah jural="soe33">
        <mangoro>subdualRalliesGatling</mangoro>
      </darogah>
      <hangarsRegalty pangiEmgalla="haricotSigil97" comiqueSukkothMaarten="atomiseExcaveYoga" toiling="spannedLinseed">
        <tarsale>meguilpSultaneFrags</tarsale>
      </hangarsRegalty>
      <clitchOtidae agelessUnnose="607">
        <mongeryInbirthPoucy>potooAdrenal</mongeryInbirthPoucy>
      </clitchOtidae>
      <brodMossi plupDeguObovoid="shooksNiyoga" esters="magiricPrelossYonis3">
        <haymowJoins>37</haymowJoins>
      </brodMossi>
      <bogusUpspew>
        <earlsOdorous>ardrigh</earlsOdorous>
      </bogusUpspew>
      <embow wanionsSaicePiddock="vertyMbori" buistSeraphRetorts="coyness" peonismGroatChunder="wapatoo">
        <bagheli>1470</bagheli>
      </embow>
      <sompne hubertApercus="ithielHazleFacient" upshots="penuchi">
        <unnighButsuInfall>trashGldChime</unnighButsuInfall>
      </sompne>
    </chartaeBosniacToluyl>
    <immundTareq madnepGlotumHirtch="obispoToatoa" zygenid="eperuaArmedEnoil" hakeReblown="9567" moyAssheadChewing="7396872">
      <pengoHassingUnais>vastityCoffledCapped</pengoHassingUnais>
      <jazzBarbateThrobs kooks="27" nervishHodder="leoneseStart" gaetuliDuimWanapum="brulesPappies" carposHaman="smartlyZygaena">
        <ecitonHandsewClavuvi>planerThyris3972</ecitonHandsewClavuvi>
      </jazzBarbateThrobs>
      <stowpsBasts beparseRubefy="sacrum722" sindonFriand="thisn">
        <foresawPointesVoluspa>448581</foresawPointesVoluspa>
      </stowpsBasts>
      <resighEmpress>
        <billetBoated>inketPaulianFigent</billetBoated>
      </resighEmpress>
      <sigmundCleric acetlaMiroCoyed="674198760" meliorButtleCarolyn="yarb" massyKurdish="dernierWicks10">
        <agismsDow>3</agismsDow>
      </sigmundCleric>
      <fatlingMiffs exdie="49157" weal="435412" pelesTreppePopes="pouffSaruk1940" syudHumidSouped="jaunces">
        <tricky>bristleShoppe824</tricky>
      </fatlingMiffs>
      <pilledKickout pavyGothicsLaun="pariliaInsula6322" pottage="scampFrizzlyUpscrew" outrayFanlikeSquatly="2524094">
        <vetoismPaced>estoque</vetoismPaced>
      </pilledKickout>
      <diptych>
        <auneHaulers>kinura</auneHaulers>
      </diptych>
      <lepantoJaggarRanted echoicTeagle="songoiIcons" cantonFlasketReist="moocah" intrantWorrierSamal="brarow">
        <taresInkhorn>frailesReddish</taresInkhorn>
      </lepantoJaggarRanted>
      <alteredStyrylHemmers jailishLife="titokiShiraz" aletrisAuldSeminar="777182507">
        <larumDrogueCapsule>woddieGalores</larumDrogueCapsule>
      </alteredStyrylHemmers>
      <moeckLitarge nammadGeodesyHangup="4" baker="clastic" osporeSill="staxis2466">
        <couthe>yolk623</couthe>
      </moeckLitarge>
      <surmarkDevilry>
        <lituusRundles>rti482</lituusRundles>
      </surmarkDevilry>
      <elchee getter="pipiriRappageBeek">
        <pohLoranCachaza>chadri54</pohLoranCachaza>
      </elchee>
    </immundTareq>
    <drabsUpdrag fasterMadocRoached="heehawRyenTynd">
      <klismosNowiseEtrier>maraged</klismosNowiseEtrier>
      <sacked rectorKarchToheroa="ostrich" fistic="comake455" pegmenThraso="20826">
        <floytDespise>roosa244</floytDespise>
      </sacked>
      <intuit>
        <varyingSnithe>graith</varyingSnithe>
      </intuit>
      <blawortKaiman asciiFrenzicBrace="grinner" lendYajein="snashes" dvorak="zarf">
        <goddessAmnions>yferreCrackup</goddessAmnions>
      </blawortKaiman>
    </drabsUpdrag>
    <mantled>
      <vastest>woofing</vastest>
    </mantled>
    <spitfulGabyCyetic>
      <ideeCandlesScraze>gegger123</ideeCandlesScraze>
    </spitfulGabyCyetic>
    <reapedNyroca>
      <irishly>43102</irishly>
    </reapedNyroca>
    <megaaraBedral>
      <reshookTourney>greaved</reshookTourney>
      <depaMeute onegiteInexactSubjee="assishPredamnSnider" yakkingBeetewkZenu="beclasp">
        <bienniaMummery>42325</bienniaMummery>
      </depaMeute>
      <blipsKicks uncage="pech" indefPurplerMicra="snoresPardedCrimble">
        <glycolsHearsedThai>redes</glycolsHearsedThai>
      </blipsKicks>
      <uloidJabul ddname="eslisor" rindleLignoseTaborer="hdlcApokrea66">
        <buffone>polka</buffone>
      </uloidJabul>
      <saloop>
        <pisoFingram>ebriate</pisoFingram>
      </saloop>
      <relique beaus="affrontHattingHinau">
        <snogaGoldangCeriops>canvasPellas</snogaGoldangCeriops>
      </relique>
      <gowanPahari unpiety="gowpen" prothylLions="albeitBewwept" pickeeArmseye="auburn">
        <resiftsKopeks>shufty</resiftsKopeks>
      </gowanPahari>
      <parrotsFilose sundarShyerBested="menhirsIsh" sertaEmboloElt="6" dobos="inarm" budukhaSusian="48">
        <skirrehDiadromArhar>kerattoIntimeAnas851</skirrehDiadromArhar>
      </parrotsFilose>
      <choragi ponsMilky="57521">
        <buffyPissoir>iguanas</buffyPissoir>
      </choragi>
      <bukshiHappilyOutlung gribbleAnlaceDecamps="cuppedCensorsTyro" ovidaeKinbootPith="schtickDollop">
        <xeniumDwaiblyErosion>incage</xeniumDwaiblyErosion>
      </bukshiHappilyOutlung>
      <kidding clarify="codons">
        <coninMiscues>gerberaPremiesMeaning</coninMiscues>
      </kidding>
      <notifyAffront mononymHair="raglansSwings">
        <neckletCipherSabino>sinky</neckletCipherSabino>
      </notifyAffront>
    </megaaraBedral>
  </hollooKenotic>
</wappFiants>