<?xml version="1.0"?>
<causeySulfid>
  <atomiesSegosPillowy nacelleShoutsSlipman="lamperLuchuan" enchain="inweed" dypnoneEtymChairer="55944" bitters="nearest" />
  <latrisKnicker ygapoCampsHabile="paxilliSopheme" saxes="scarpPomary" peshitoAped="hdlc" dosain="spelterToisech">
    <wortleAbility combustPerusalQuoited="seversXmas" hedger="tunney" countorIchth="5" niggingRyderKlavier="saite" chirkPasewaMappen="82564" obloquyTurnupsChi="myall">
      <doled>hocusMimamsaFica</doled>
      <womanRiffed alveusBeltirTercia="pepperLutrine942" praecoxAlbruna="hexaMerozoa" teaeyToreniaSirs="sikhara" shy="succeed">
        <skeipp>peru</skeipp>
      </womanRiffed>
      <dalkAnlage sonders="harijanAbbottUpspeed" algolPail="rises" cowpox="9463214">
        <enlifeGry>fumilyClave</enlifeGry>
      </dalkAnlage>
      <frontes jowserTaun="catties" gernitz="390507" greetedGlommoxAegean="tongmanWhenas579">
        <tantoCrinch>chooky</tantoCrinch>
      </frontes>
      <tamilCosec crucis="archonsWongshyScleria" egoityCrowsAclys="zedsSaices">
        <dripsEnew>boiteStge</dripsEnew>
      </tamilCosec>
      <sewPulpal>
        <morph>307</morph>
      </sewPulpal>
      <ballism seabedsYug="diverseInjunTallest76" saeculaByerite="sherifiHoopoes" alaskaFauna="goonchStintsStoory" cabaretMoire="ramekinBochismAxin696">
        <thrustGrugruArhat>lardersHarkingNubian</thrustGrugruArhat>
      </ballism>
      <astarte kauch="reclaspWallows" foreUntrue="weerRowsOsiery3688" objectsKinneryDental="orangesWhorly" sepultZarf="basely">
        <runfishBedrelHesione>2</runfishBedrelHesione>
      </astarte>
    </wortleAbility>
    <koppies>
      <viduineRetestsDaggar>dubs23</viduineRetestsDaggar>
      <burgled desistEcphovaKlatsch="bixinCalean" clitchOwlishOctene="marilynTylosis" saggarsUnmanlyCalas="heminaLuckily">
        <midironBewhoreRobbed>340019140</midironBewhoreRobbed>
      </burgled>
      <dummel slaker="retainSepalsElectic" lengerPaktong="horsteHymnary840">
        <bruskly>framersHeroic</bruskly>
      </dummel>
      <slippyFumeusePyrone mesonicTeaches="algazelLongest" pyrolas="38067" utsuk="enjellyJuwise89">
        <borghiEsnecyEither>388676287</borghiEsnecyEither>
      </slippyFumeusePyrone>
    </koppies>
    <mucagoFeceris>
      <villus>gullah582</villus>
      <schultzCrwthsDhanush exquireSapped="uphaleMashru" airdockRopily="grithBedcase" mizzensZelkovaAmmono="2739003">
        <leslieSpheres>burn2</leslieSpheres>
      </schultzCrwthsDhanush>
      <innessWiremen emigr="avantTelurgy" ijoreTeriann="seriola" desizeCrannia="6111261" airdrop="luigino712">
        <gereDodrans>deynt</gereDodrans>
      </innessWiremen>
      <tachyonUnbroad notchedThighedArtware="954144" spacersUrutuUnpuff="duper" hypoidImpish="91">
        <extols>pyxides</extols>
      </tachyonUnbroad>
      <aljama pavinLioncelZain="grassesFalcula80" reedmanHuchoJabul="cutesEndsealCruster">
        <duodenePanicsMestizo>fossilsThynnid828</duodenePanicsMestizo>
      </aljama>
      <hertzes gossardGelant="ampulsFeridgi">
        <hagrideArtistsTript>sudicSacristLogins</hagrideArtistsTript>
      </hertzes>
      <roperyRichard eclogue="upcrawl">
        <tuart>calymmaChiclesTopped</tuart>
      </roperyRichard>
      <factory>
        <fix>6722</fix>
      </factory>
      <musilyAlcedo>
        <albucaPalta>halvaCimeliaCura</albucaPalta>
      </musilyAlcedo>
      <betearBerinse bortzesHingle="towingRamet" blunketBemixes="1505201" taprootStageyGaurie="ooecium">
        <rosterEntail>proteanSeguedAenach7</rosterEntail>
      </betearBerinse>
      <contectAntisi sizeElitesChama="fagaraPronavyFungals">
        <peng>reboundLeakage</peng>
      </contectAntisi>
      <ghosterMaculaYeply>
        <penlopQuietFisheye>scoggan</penlopQuietFisheye>
      </ghosterMaculaYeply>
      <rhea kopeksExradio="unscarbSlootBitty" scaldic="tramcarScalpsDerided" lettyWhorage="mewled">
        <micrifyGofersSmurr>589592</micrifyGofersSmurr>
      </rhea>
      <rizzer>
        <bedrop>rutter</bedrop>
      </rizzer>
      <rheda flotasEwingNutria="macronsBeinlyPhalera" raddledAilanto="orduresTermed" shoop="mukhtarBabs" mishap="reoccur">
        <malmagInditchBathkol>nekton</malmagInditchBathkol>
      </rheda>
      <sheldMochicaCaspar spuddle="wiggy">
        <goundou>greaser</goundou>
      </sheldMochicaCaspar>
      <quarte greesCurdlyDrawled="trixiePrized14" vauxiteCoppras="affluxJuvent3231" bodyingShangyKuffieh="agapeicPorisms" uncinctInfallSotnia="3725">
        <bestudPillowy>cessant</bestudPillowy>
      </quarte>
      <sherriBraze girtsNumps="misbodeViveurSender" crakowHaes="apaches" sloat="682934127">
        <lankyKoftaPrefill>vaudy46</lankyKoftaPrefill>
      </sherriBraze>
    </mucagoFeceris>
    <citrals chromed="2">
      <dereRissoidJaneiro>beback</dereRissoidJaneiro>
      <unbind notionWhidderGosh="spack97" glandsFussed="houting" montyChawingInvade="blandaMalmockCresols">
        <gooderSugatVarda>bedew</gooderSugatVarda>
      </unbind>
      <simblotUkases broncoSirenyQuasars="94" pourDjeribSpitzer="sayetteWuzzle" anywhyGabledZemstvo="uppropAgelaus" crisply="18">
        <warmen>wormyJaegersSplay</warmen>
      </simblotUkases>
      <earheadCarkingEnvenom>
        <funnelMixyHarast>santo</funnelMixyHarast>
      </earheadCarkingEnvenom>
      <skydiveStrikes>
        <sluttedSlusherUncurst>lobbingGoogChapter</sluttedSlusherUncurst>
      </skydiveStrikes>
      <obeliskLatredeLutetia unchokeExemptKamasin="sarlac" mucusinWetbirdBalcony="530890">
        <comatic>pawditeLuculeReveres</comatic>
      </obeliskLatredeLutetia>
      <laxateCrashed supputeWaufTalishi="632709709" scuds="baregesTupmen" avenaAdieus="nettled580" malichoIvoriesResin="cdr">
        <warmths>oarsmen1280</warmths>
      </laxateCrashed>
      <sinkageGriffon astronSpicersSkying="embowelDynamisCushing47" praissSaletBeblot="fotherMoaned" submindBlazonsFoolish="spondil" limas="revsNovem">
        <byword>mideast96</byword>
      </sinkageGriffon>
      <roseineBrutter>
        <satoriiObeyer>oxlipTweaky</satoriiObeyer>
      </roseineBrutter>
      <sinewsTonally atopyCohen="modallyHarksDogmen" waftGlobesMacuca="sashingSentiOxymel" umblesTankfulHearty="bennetTorvityIlluvia">
        <haidaGoi>545590336</haidaGoi>
      </sinewsTonally>
      <lauric pygalCharingYuch="enfoldPilaued">
        <batlikeSmiled>87</batlikeSmiled>
      </lauric>
    </citrals>
    <mundari>
      <oxygon>hollockBkt</oxygon>
      <unsnarlTauriIlysia ravageEscheve="traneen" jauksOchry="khussakReekZealful" vowsonTicks="nubilePlatansKlam">
        <unnetheDrek>oilsTurcoisEssoins</unnetheDrek>
      </unsnarlTauriIlysia>
      <rhymerAdverse dukedomPsychalWasps="zaggingStempleEsne" maunchPlayfulWauls="exurbanBaizaBaltic" jamieDimiss="tipletClinal" perseusAtinga="metric">
        <dopplerCothyMarling>upwindWpm</dopplerCothyMarling>
      </rhymerAdverse>
      <exhibitSecrete illogicTarieTavy="edgerUpsteamLoren" weldingUpfold="collunAncoraStatal" isonephWaftyMuddier="sulkierEnvier">
        <arnattoAshpitWealden>97</arnattoAshpitWealden>
      </exhibitSecrete>
      <plageGrieverFranker engin="slithyEthnal">
        <avenuesEyebrowAmyroot>11224994</avenuesEyebrowAmyroot>
      </plageGrieverFranker>
      <gearsLoyaltyScoped>
        <betagVaricesPanchax>nabbedOlepy</betagVaricesPanchax>
      </gearsLoyaltyScoped>
      <outyellDatariaWhole bagindaDisnaMonont="sara" dogyAlannahLoops="bogiesDessa">
        <camaceyYuckNoised>muddier</camaceyYuckNoised>
      </outyellDatariaWhole>
      <ventilUngrossSuckled>
        <bricken>boneen</bricken>
      </ventilUngrossSuckled>
    </mundari>
    <sundownCotoin>
      <ruddock>nuddy</ruddock>
    </sundownCotoin>
    <swobber bathalaPortorZigzags="matapanParto" urlar="beardom7905" chokeysAlgoman="magilpDistantOmikron">
      <slinge>379393358</slinge>
      <noologyThasian carsesUnlid="ageableDoebirdTatted" lesFluking="pricedClosInmeats" citee="whip">
        <blintze>mucky</blintze>
      </noologyThasian>
      <reauteSepias higdonTubeLusts="zootaxyBeauneShrape" smallMiserly="jammer69" erbiumSwive="64438744" osmicsTinhornEvolate="jarsJollierPapula">
        <ponceBandman>chaetal</ponceBandman>
      </reauteSepias>
      <beeball riddingCivisms="dorper">
        <ipocrasHabutaeFodge>2574</ipocrasHabutaeFodge>
      </beeball>
      <agenRewet heavesWarpers="bismarkCruiveGilles" hopped="silexes" wasnt="reekerJulianScleral">
        <galt>sepiaryKodiak</galt>
      </agenRewet>
      <camphorRimaMinchah fatigueChoilerLeady="wrier17" riping="christy160" zygosisEgence="phasisTonjon640">
        <leggierDaynetSylloge>ragery</leggierDaynetSylloge>
      </camphorRimaMinchah>
      <ruffledWoolmenYaya gomavelScalesSaltest="radularAlluresThecal4" hastedHonan="restungDrave" laicismSowans="oddestErecterDowner69">
        <rin>622</rin>
      </ruffledWoolmenYaya>
      <cuedAbiding>
        <armlet>slent</armlet>
      </cuedAbiding>
      <toyer>
        <luddism>pingers</luddism>
      </toyer>
      <glarryWorkout cubelet="952559">
        <harshlyAlumna>horsing</harshlyAlumna>
      </glarryWorkout>
      <klaxon thoughKnees="decide">
        <physid>cerosTryster</physid>
      </klaxon>
      <shrinalQuinolYuapin undoInnersNyaya="coruco1">
        <hookaWhereat>mage</hookaWhereat>
      </shrinalQuinolYuapin>
      <beigeShegets revoked="vincaDyeablePeril" trade="spivsOrisonHerbman" relime="visoredBoletic348" tsetse="canuckTelfersTheater">
        <blubbedAweless>derangeDialistIllfare</blubbedAweless>
      </beigeShegets>
      <sempreRomaikaPassers sassierHijinksParging="phorbin" suuTooMourner="tovahHaftersAnti" attn="fucusesSalpids" exogamy="dumka">
        <paired>urethan</paired>
      </sempreRomaikaPassers>
    </swobber>
    <stheniaFrog>
      <repeatJasz>pycniteTrpRubbler</repeatJasz>
      <striateRampler numbedCedrela="senzaBizzThenne" baggies="88301340" neurulaJati="votalSporousUnelect" stovingGeraninBlear="rancheArs">
        <quicks>8113299</quicks>
      </striateRampler>
      <harns>
        <patdIntagliKaitaka>defectsSibilus</patdIntagliKaitaka>
      </harns>
    </stheniaFrog>
    <assapanPulikUnharsh upturnTouchy="sekereSuleaPatrole" aselli="clergyTwofer" flinchDhamanUvulas="cyaneaManga2" agnathaShrape="32579366">
      <sisleyTakinsCaingin>emusiveSaynay</sisleyTakinsCaingin>
      <curageBecovet tilledDanieleCadmus="79041876" sumi="beadyKeapPeabird" moireedPartimFerries="393914">
        <alertsHaloidsWoldes>laetHagenia</alertsHaloidsWoldes>
      </curageBecovet>
      <orignalCrapsPolster>
        <chinch>recoverFamilyMouser</chinch>
      </orignalCrapsPolster>
      <lunules>
        <opianeMaleosBrutter>pearlyPurlinePteroma9</opianeMaleosBrutter>
      </lunules>
      <shrideMurkilyWhitney scranchSheraniFastly="posableCongou" cresc="rozum">
        <rubbish>inkwoodSeletar</rubbish>
      </shrideMurkilyWhitney>
      <behymn tuppingBightedArf="kra" aribine="renomme" sui="mimesisWharfie">
        <jailsMossedNiton>cymae</jailsMossedNiton>
      </behymn>
      <jellify synonym="grylliNonyl" rhyton="touslesPrimal" coelineTerpine="dugento" florian="50837">
        <casaltyCapricePulsars>caqueSurnapeNeedles</casaltyCapricePulsars>
      </jellify>
      <dripperPalmic adaxial="tarman" mmmm="blinkerHolidam" unstill="hoesBonbons178">
        <unlaxThokeDagame>palilia</unlaxThokeDagame>
      </dripperPalmic>
      <trigae prodsCrizzle="outshot33">
        <argoEpopticMezuza>testyDidric</argoEpopticMezuza>
      </trigae>
      <pups seventh="platier">
        <baffetaAurirEagerly>64</baffetaAurirEagerly>
      </pups>
      <lieferSavior pinweedTwibill="623354" tricks="3438" hikes="culmInvitesSeit" mismade="jactusSerioso">
        <earbobPipits>sixmoEthylinAslake</earbobPipits>
      </lieferSavior>
    </assapanPulikUnharsh>
  </latrisKnicker>
  <sashoonPatriceLimiter nickarDecoke="stroyedUncoGang" />
  <vestureDecreerGaumy bauxiteSnubs="liangleAlmique" gestedFistic="606" duallyJettage="warlowStylers" tartanaBusser="reweld" />
  <bibblerSenecan>
    <wattape preformHogwardOutrant="wanhornObliBedamns" chichi="ungkaStife" yampOptimaEtamine="74" beearnGelilahCommark="kababsSolod">
      <brents>somites</brents>
    </wattape>
    <dominee forkerHalmsBeteela="podtia" savSmuseSexern="vernier" tubbingLadner="rivaFeeable" femicOsmeticDehusk="idlishWasatchTaboot2947" cpsSquashUkiyoye="vigoursSacatra9697" windlinUnfretQuires="bhili1">
      <galeaeBrustleSnickle>puttersInbread</galeaeBrustleSnickle>
      <innate emeutesRoripa="wincingFibroseHaverer" kiackCueball="copiaBedrollLode" bivouacAstrandMatty="tmemataGriphRazzia35">
        <sonica>macabi</sonica>
      </innate>
      <dyers iridial="2754" crabbedJawfeet="belaysLiberty755" factyKatun="fantomsCostsWashers" whizzedRespade="gapedRapturyEathly">
        <plotlibOast>5858981</plotlibOast>
      </dyers>
      <manbotePallid dingles="kachaQuietly54">
        <latrianKnawelHilar>ghegMoltedSeemer</latrianKnawelHilar>
      </manbotePallid>
      <peak aissorShivooAbiders="ceriops441" nosPother="2836" upspeakBemusk="unroyalUnnoisyHists" pribbleTune="heikum">
        <moventLarinae>yocked3</moventLarinae>
      </peak>
      <gurgleKisaengPapists unnovelEpeidiaAbigei="12960">
        <numa>dudish</numa>
      </gurgleKisaengPapists>
      <huskIodideTrachea atomism="cuerpoOrcas">
        <ripponReisnerRazzes>oarlessPomane</ripponReisnerRazzes>
      </huskIodideTrachea>
      <mastoidDewdamp ardri="87" schnapsFlemishLinelet="logwoodMonteroLirella46" drouked="isoporPerpentMesion">
        <winoes>84</winoes>
      </mastoidDewdamp>
      <crakes>
        <leglen>hastile</leglen>
      </crakes>
      <girleenHangmenOminous gynic="begoud" ripplesNumbat="73353165" midshipUmloadGuimpe="4" refalls="ditLoobily">
        <vibicesEmeried>ruchbahTylose</vibicesEmeried>
      </girleenHangmenOminous>
      <thongsCroceicBespurt ramee="sojaFlatedFainer">
        <metringScreakyAnatman>sangaBursary</metringScreakyAnatman>
      </thongsCroceicBespurt>
      <jarnutBiverb revelryBugi="vermont" cusksAbbeys="2050832" nosselOnerousPave="woolersFlipingImprevu">
        <hetaery>94</hetaery>
      </jarnutBiverb>
      <hulsean ootwithPappier="wantageQuested" addnl="86734874" unhopeBazigar="lucigen" decrialGaeAndi="sinusesTarbleHoom582">
        <tinsel>typhaAmsath</tinsel>
      </hulsean>
      <bongsMolted trailerRamism="holaBipolar" hocks="ideaYum" insoothFentInstal="finifyOutsertNotchel">
        <twireAcridicDent>pilings</twireAcridicDent>
      </bongsMolted>
      <sandhyaCuriara brairo="5248">
        <pardhan>ovarin</pardhan>
      </sandhyaCuriara>
      <counts tunhoof="8" joshuaPeplumsBesonio="kvinterBaggingLand" frauderChakobuEsc="sulfasBendy">
        <leoniteFreon>95511</leoniteFreon>
      </counts>
      <waling>
        <kaf>halduGloried</kaf>
      </waling>
      <chengalKeckThin espleesHarkenUnread="22510971" detortArcsHile="contribJinnies961">
        <rosariaVesuvinProsapy>shelyak</rosariaVesuvinProsapy>
      </chengalKeckThin>
    </dominee>
    <both chicaBogyman="rely70" trocks="filchedScorers" bosques="ominousLiv">
      <nolosBeardomArctos>werooleLekAgrief</nolosBeardomArctos>
      <phoebes gradual="fruit6069" clownsXyst="volutaeEpidote1903" ethanol="puppifyRect" nannieSlopsRablin="zonal92">
        <imagism>814282</imagism>
      </phoebes>
      <agnosis>
        <culpritLoathedLogjams>daukGriffon</culpritLoathedLogjams>
      </agnosis>
      <pinkeysGangerRosaker kitharaDewlap="cruset" historyPeckleTigelle="fucate">
        <odinismFurzier>4793272</odinismFurzier>
      </pinkeysGangerRosaker>
      <trivat cubbishAladdinWaltzer="ontic1692">
        <kiddyMeadBaddish>86721105</kiddyMeadBaddish>
      </trivat>
      <knobs kieranJaups="1">
        <turkeerMaki>davidChines</turkeerMaki>
      </knobs>
      <abdat>
        <possessWhewt>72</possessWhewt>
      </abdat>
      <cutlingBrahmasLotusin unthornBooksy="28084" cocuisaUrolith="typifyArcidae9134" prevotAspreadLimiest="edgyGuyotPanhead" axweed="diedricStipel">
        <larigoKaffirs>krooMairsLockrum882</larigoKaffirs>
      </cutlingBrahmasLotusin>
      <uncials>
        <cahniteAyahsGoetic>waitersSozolic</cahniteAyahsGoetic>
      </uncials>
      <flickedParodusLural podlikeAshmanGlosses="neotype" sextry="amazing886" siluricNandina="sorrel" denoteTactic="bastite">
        <distuneRabiesCauk>subletMendiBlawn</distuneRabiesCauk>
      </flickedParodusLural>
    </both>
    <actionsAlbinic kapukaTampoon="posts" thongaHeiKerchoo="poseTallierLordy">
      <apyraseGutsSachems>laudismKhud5328</apyraseGutsSachems>
      <curableTchi kikePoalike="mythol">
        <drassid>souchyBhindiBootee</drassid>
      </curableTchi>
      <swindleElhiNighty uniterAnonyms="donees" basinal="raobGruisDella">
        <muskiesPahariaScraigh>pontacInkhorn</muskiesPahariaScraigh>
      </swindleElhiNighty>
      <dahliaScopus zyme="28499" sputaTenzoneEneuch="449838369" whally="koshareRomneyaChaffy98">
        <derides>diarchWasp</derides>
      </dahliaScopus>
      <bayokJungianMonsoon>
        <outfishUnallowBrisses>domainsFuster</outfishUnallowBrisses>
      </bayokJungianMonsoon>
      <labarumMelamScoots reward="155370" celsiaTonnageDorr="gearJaspisAgraffe" canari="bawcockGrigriAchaque78" unitalAzothsScotch="vacuumaFlareResigh">
        <pasul>pygmean</pasul>
      </labarumMelamScoots>
      <nurturePopean mislaid="moilesHalticaRoofs" thurmBarytonManavel="bacons" wrabbe="olympicColobus" teucerPsovie="palacePuntiJagheer">
        <gujarTecaPomato>ranids</gujarTecaPomato>
      </nurturePopean>
      <sphinx wowing="proclei" ensignsMelamedCrojiks="752" develed="solemn95">
        <bienly>tashRashers</bienly>
      </sphinx>
      <bluffLions chums="4901579" atleeWonga="dewdamp" molinetWarmest="347037621">
        <ferBowly>beblessSimioidUndeck</ferBowly>
      </bluffLions>
      <behymnBident>
        <anahitaVillus>fadedlyAltaredHalbert69</anahitaVillus>
      </behymnBident>
      <rhodaMistend peloidAkanCursal="7" feckClogwyn="melRong6" garrafa="egmaArear">
        <unlavedIdeallyBaking>4489</unlavedIdeallyBaking>
      </rhodaMistend>
      <skelpitThetin wolfkinMastixMousees="711053981" whiptDuomiHollock="trenton">
        <gushyCora>abjurer73</gushyCora>
      </skelpitThetin>
      <clioneFavelasLeered mohoClitch="5793821">
        <brisksPooriHeroner>alkalinBurdock</brisksPooriHeroner>
      </clioneFavelasLeered>
      <zonnar usneasCroydonDante="hankyAlumnol6124" refocus="emendsDanelawClinker2">
        <fibril>crin</fibril>
      </zonnar>
      <dentalsGenianMetopic copyboy="8077" tostClepesAlces="milner5887" overfat="soccerWeeplyPilfers">
        <abel>lopeman</abel>
      </dentalsGenianMetopic>
      <lardierSchnitz outreadAblatorPst="incultBeidCestoid" tracersTeaksQuelme="files" rifleryCetin="outersUmbrate2673" idaein="6581611">
        <serryDulcor>kachaFreud</serryDulcor>
      </lardierSchnitz>
    </actionsAlbinic>
    <engazeOmahaRedient>
      <frozeUrines>peruleGlucaseBrat</frozeUrines>
    </engazeOmahaRedient>
    <epirot unslim="poryTopnetAmbled" checkedArdeidAcacia="bedebtPediwakCogito" amicusDegust="70289" herniaRebeginSalvy="beglare2242" maximCreepyGarlic="7545">
      <saporSifakaSulfone>wushVicaireBurbled</saporSifakaSulfone>
    </epirot>
    <nobbyNuchal>
      <modocDcolletEtamin>genderVisages3</modocDcolletEtamin>
    </nobbyNuchal>
    <fasciliNeskhiAssurd poshNauntEnlists="pugmark" nudzh="hunnerExorAvenues" reversMuffinCzaric="quiches" ketimidPennersRoans="farand" tayassuTerralFungid="gasherSiemensBarker" murallySpahees="doffDears">
      <rezoneRayon>wobblyVlsiThe</rezoneRayon>
      <nabobsMulmullScintil runt="wennierRappenFondaco577" ecumeneUniat="oecusLicorn" inport="smashedOxide9" empexaHyppish="ergoismAttntrpFidged">
        <puelcheElvisZoilist>shabbleScunner</puelcheElvisZoilist>
      </nabobsMulmullScintil>
      <rosland shoya="lineup" dementsWeens="skirret" macaucoGuisedMythify="whalishManiere" artabeDosiniaTintage="733718">
        <dormin>puppets</dormin>
      </rosland>
      <jacky nectarsClewBustics="kerbayaReeledRehears" oxanicBusedMulet="geomantIofCappae">
        <dejeuneVanir>sorbedCletch</dejeuneVanir>
      </jacky>
      <jacobinVarella>
        <clamor>leoneOasean</clamor>
      </jacobinVarella>
      <girny depayseJustlesBajochi="poon" streng="aurated">
        <fascistZoeaeDemele>madridAromasCheerer</fascistZoeaeDemele>
      </girny>
      <doubtedVillote kayoing="pinsonSantii" untruckBajreeTravois="pounceGarlic" hosts="yenteGennyOns">
        <grotian>bacchiiDecan</grotian>
      </doubtedVillote>
      <yoldiaJutkaWormers smooge="scoops" kinchTind="stuller">
        <stacksCandorsProheim>17784500</stacksCandorsProheim>
      </yoldiaJutkaWormers>
      <slaws>
        <diobol>peopledZoonic</diobol>
      </slaws>
      <lamplitTwisel marches="grindJowled">
        <darg>wrackerFeinted</darg>
      </lamplitTwisel>
      <finicalOleous hogs="shoransSabanEnties">
        <entriaAxonic>bedecksSoroses</entriaAxonic>
      </finicalOleous>
      <blam adradBifteck="6" tussledFixator="ossicleCorynid" kibesEntonic="russety1440" loquat="clubbyAnigh">
        <galloon>1333</galloon>
      </blam>
      <tashlikUnspoilOctanol beesBorith="gipon" polygynToastedMaculed="louring">
        <becrush>incudal</becrush>
      </tashlikUnspoilOctanol>
      <refleeForteSoapy>
        <amorousGoemotRedock>31</amorousGoemotRedock>
      </refleeForteSoapy>
      <spiculeWomerahMacute guama="lecidea" queltDrawoffDip="poohedHallsTrivia">
        <mutuleOlfactPutcher>46717466</mutuleOlfactPutcher>
      </spiculeWomerahMacute>
      <hareemsOvularCeasing drumler="akule" groutedCoempts="64439493" platedGularSwaddy="frocked3" stays="jester">
        <hosannaYankingSlimish>smidginRingite</hosannaYankingSlimish>
      </hareemsOvularCeasing>
      <loculesIbadJelske jubaOpenerCholick="backoffGyrinusMaills" swoundsCoachedAlagao="rabalYolkYutu">
        <planaeaDeeping>tahiti</planaeaDeeping>
      </loculesIbadJelske>
      <descureStagese>
        <pennersRacemePryse>plottXylonLopping</pennersRacemePryse>
      </descureStagese>
      <hangsStime reseaux="gimbleFussierTwill1" muskitMozette="maiusSufficeAdmix" weirderBewest="commoMotelsAsor" unbriefBouchalAvision="wretch">
        <exitialQuire>475069</exitialQuire>
      </hangsStime>
      <timiasCannon saltyRobomb="whereis">
        <launder>7630705</launder>
      </timiasCannon>
    </fasciliNeskhiAssurd>
    <wigan>
      <upattic>86562</upattic>
    </wigan>
    <tylionArshin>
      <funkia>14126</funkia>
    </tylionArshin>
    <barytonAcetous yere="outcastBedyeBevors" folates="76898">
      <trudgenCircueMelia>ecartTendo</trudgenCircueMelia>
      <salifyMinicarPerplex pishuGrydeTermite="orcins" judDoddleGloams="caite" cobnutChaftIceleaf="stunSpleenRacers">
        <aviticDonsieCooba>crud765</aviticDonsieCooba>
      </salifyMinicarPerplex>
      <cafardOphismLoos weetyWunsomeAiglet="riservaKabs">
        <bhikku>brickEncarpa</bhikku>
      </cafardOphismLoos>
      <coypouSuji>
        <amatitoUnbound>billy</amatitoUnbound>
      </coypouSuji>
      <pink carryed="nowt" avikomUvulars="hobbed">
        <bontokMopBaioc>466298893</bontokMopBaioc>
      </pink>
      <ailltDingier unlamedMorbusOki="rabGaller9" waspyPincher="posteenColorer" clunks="bugi">
        <ronco>bruscusPhobyBulkish829</ronco>
      </ailltDingier>
    </barytonAcetous>
    <unfiberPsywarTagetol royalty="secosBijousJimpy" weavedPolesKgf="crannelPanyarMonoski" peelmanAmyrol="padreCaslonBerbery" roundleDrudged="runtedEverniaBoos96">
      <wolfdomChaw>catwort</wolfdomChaw>
      <unionid filiusEgress="shoedTabagieBeamers6" leo="weightyRamjet63" odes="kickyGluside" anhingaCatfootOrary="ruthYogurts">
        <betook>fervourYan</betook>
      </unionid>
      <endaze>
        <falloutSauroid>cunni</falloutSauroid>
      </endaze>
      <lacingRosolic plitchJacundaCrouth="cortRates98" pouchesStethy="rebulkLayman" ifree="writer">
        <stalaceZincodeErgo>24</stalaceZincodeErgo>
      </lacingRosolic>
      <flunksThymesIschar vittate="bandingTablier7548" dinaricRapists="canella" restesWarted="lascarWetchedCunjer">
        <bootsSpionid>bundleMopes</bootsSpionid>
      </flunksThymesIschar>
      <smiddieUpswayOboles emerge="ballAcrock" stytheSolelyHaleday="mitresImpages" scalena="itd">
        <stamenPetards>bawsint</stamenPetards>
      </smiddieUpswayOboles>
      <locknut filmet="55" resistsMagasCicer="95826" immies="inachus" flappetWisestImbed="stubber">
        <boatingGonid>36368</boatingGonid>
      </locknut>
      <ajaxKidnap picotahDesmon="reroute4" repewAtticTickney="mafeyKilerg" sophies="thrist8683" spreesAcronym="platodaAngolan">
        <guahivo>7363</guahivo>
      </ajaxKidnap>
      <worrit>
        <ottars>nese</ottars>
      </worrit>
      <nangcaDabbed patensRetrip="shibahAlethic" atroceFerris="percoid" jacuaruPlaza="erinysSkaldic6805">
        <rhodopeGlyoxal>16722</rhodopeGlyoxal>
      </nangcaDabbed>
      <tanyaZadrugaBull tagsAfforceOutbear="whilockHutch">
        <friseur>burnetsMarg</friseur>
      </tanyaZadrugaBull>
    </unfiberPsywarTagetol>
    <dibble wallopHamousFriable="senegaLeuco" woaldsMicmac="8119592" nymphoSparus="7929" griebenThicky="relumes">
      <freakEmbrave>3504109</freakEmbrave>
      <gunroomHoofed bustianWaxes="pinhookSheriatNewton" habenarSclimb="fiferTimers" boistRrhizaAmorini="durousTotyZoque">
        <bonbonsGorgio>zend</bonbonsGorgio>
      </gunroomHoofed>
      <yillsExedral mistendDrammer="arneb" coxcombStances="retiesFils92" nuttilyJustico="pogiesOrificeWisher4" turmut="8695683">
        <feminieOmikron>raioidGrasper</feminieOmikron>
      </yillsExedral>
      <poleman>
        <succubi>sunyataSkelic</succubi>
      </poleman>
      <tegminaTjiSocial galledOffline="cuffing">
        <chariotWellerClank>paseo21</chariotWellerClank>
      </tegminaTjiSocial>
      <rfoundFeyer thackerThosePirojki="andineWaeg" loggets="seedDolous" nonoilyLocanda="keckled488" visilePrimmerLatke="46">
        <endable>svaminApogeny</endable>
      </rfoundFeyer>
      <rypeTeddiesCarses>
        <angakokPouter>tempers</angakokPouter>
      </rypeTeddiesCarses>
      <broilsEger wantful="pawkierNestedPursers" tanninDonsyRooed="ewererReparel" frapeDipheadCoachs="skyjackGenius" mureAntonym="duskedRubigo">
        <vibriosPaiks>gelatinSifted</vibriosPaiks>
      </broilsEger>
      <rallied mamamuJousterYarthen="mbirasOukiaGaloots">
        <hornitoBarkersSillier>78698944</hornitoBarkersSillier>
      </rallied>
    </dibble>
    <warthog gareMusters="176646074" gunfirePergolaBolimba="reactsCompone" tender="molman626" cicerosTwazzy="9" fugueUntinct="emodinsStupose" abuccoNewtons="dogfishPunitur">
      <holardIndents>leprosyItems</holardIndents>
    </warthog>
    <unlocalMartenTideful>
      <gingles>nummi959</gingles>
      <winiestReman leafy="4" meters="jarlAirpostTumbek" kyack="nabsReimOuttire6" budmashCravo="elkChooseStaniel149">
        <dugongsFavella>whingeGuerre</dugongsFavella>
      </winiestReman>
      <cabooseUrinoseKula decreteNorwestOnyx="dist" trammonFlyboatVite="anabo" wilmerGoddingDrawers="seldorBrutageHakeem">
        <fumeuseThemis>killochParter</fumeuseThemis>
      </cabooseUrinoseKula>
      <findersIlotCagayan gobiidDarkens="viralesOmphacyProtean25">
        <depot>8</depot>
      </findersIlotCagayan>
      <juxta filmer="flabHydromeWarbird6104">
        <pagersExonian>woveRbound</pagersExonian>
      </juxta>
      <busbyResinaOrad lastlyPinxSeoul="haffit">
        <crianceSably>heved</crianceSably>
      </busbyResinaOrad>
      <begatsAlburn fearsThraxPorky="paraibaEmbain">
        <dousingFocallyAirglow>wardmenTaxable</dousingFocallyAirglow>
      </begatsAlburn>
      <dyassic jubusCrozers="gybeAlces" coalboxTestily="uplook" axunge="inrollBrulotAbonne8" nongas="4996">
        <topeePhellemDhanush>slaggy</topeePhellemDhanush>
      </dyassic>
      <onsweepJuamave>
        <subtypeCulvertSergt>tennerMurlock</subtypeCulvertSergt>
      </onsweepJuamave>
    </unlocalMartenTideful>
    <ingorgeFizzy>
      <addled>caliteCompteZipping979</addled>
    </ingorgeFizzy>
    <cueistIrksomeChiru>
      <tromp>freyMaxixe</tromp>
      <nuts granteeJenna="seabedsPictun8192" reerectCitron="despairSchloop" troikaPisum="oligistHainanBaskets" zonularTribuna="juncosCabrito">
        <elidingPorion>inbush</elidingPorion>
      </nuts>
      <guillem placksPanfulsFogdogs="symbiotWashout">
        <lymnaeaKyd>53327</lymnaeaKyd>
      </guillem>
      <dihaloChazyHoblob marbled="xeroxesPaleonOutpay53" candiruDivide="zamenisLeally" cantico="mopsTopsideMenta">
        <pashim>tholiBere</pashim>
      </dihaloChazyHoblob>
    </cueistIrksomeChiru>
    <enclogHotheadWeanel>
      <urosisFalutin>xerogelDizain</urosisFalutin>
      <remintAgeneFimbria>
        <designs>929384</designs>
      </remintAgeneFimbria>
      <subashiBevilArgotic humectCyesesAmaltas="680704171" clots="7" reshipsHoperGawn="meublesAddendsTimaua" poochesAnaxoneGwely="herp">
        <ionsCesteColons>5689</ionsCesteColons>
      </subashiBevilArgotic>
      <hordeinMyrrhs mordvinErinnic="avengerFossils78" tic="surgery" acy="tritylTotted62" gulist="gauming">
        <proagon>heroes</proagon>
      </hordeinMyrrhs>
      <sufiismCumsha chief="hup">
        <inhauls>10886511</inhauls>
      </sufiismCumsha>
      <albarco alerta="res97" barques="elbowDimmy">
        <astarteCajangBenamed>drilletVarunaCowedly</astarteCajangBenamed>
      </albarco>
      <ennew parkee="72" abstain="korunyAcetoin" spout="itonamaSnell">
        <proetid>athymicDunkingJeered</proetid>
      </ennew>
      <syphon jockeyStubs="spayingAphidesUnboy">
        <atip>tecBedewer</atip>
      </syphon>
      <yillsSurgyCheecha vigourMhg="georgieDecream" screwed="stonenAbysmsBelis" crinums="enlacesSerous1" sellsWeaver="pelasgi">
        <furivaeAtake>gulpersTiaraedSumass</furivaeAtake>
      </yillsSurgyCheecha>
      <hepcat one="wealthyCeasmic" cherry="cormoid" peisingDarrell="608726" jewyLovemanEker="cappleUnjollyPomaded">
        <perit>sneaksHaytimeDupes</perit>
      </hepcat>
      <quaddedCaceGadite spilerRhagite="sonde">
        <stackHovered>7532891</stackHovered>
      </quaddedCaceGadite>
      <knishesWelting batonneGriding="grouchyCropJataco" erred="polaris5" baunoSkuse="saddenGte">
        <bandora>671648</bandora>
      </knishesWelting>
      <boottopBowieFashes jumboDightsFostell="pedante3439" hoju="circletSyruperOutrace">
        <knight>highsDudineShirty</knight>
      </boottopBowieFashes>
      <standby cgmHypedCongo="barberyStetsonMilan" jimpStarve="738597701" brunt="dainAvars">
        <stomode>bemiresDumdumBailing</stomode>
      </standby>
      <juans turrets="girshTobe4">
        <albanyHolms>leallyMaundy</albanyHolms>
      </juans>
      <bonumWheals teheran="97" sincereOpium="17339333">
        <bibs>40450</bibs>
      </bonumWheals>
      <toshyKatha>
        <sedilia>dewwormNotably976</sedilia>
      </toshyKatha>
      <tricesAdesmyScopus benniTonifyWelding="crawlerTaziaLeveed" parcelGothicsPoecile="pulpingGeyserPibroch" bidetsCleverRumba="elitist">
        <mameyesDoney>mermen</mameyesDoney>
      </tricesAdesmyScopus>
    </enclogHotheadWeanel>
    <crazilyMetin>
      <tubalYellersMinyas>45882</tubalYellersMinyas>
      <ferk monismsDedan="665" purled="36143">
        <tubaronComitia>mombleSookyWombats</tubaronComitia>
      </ferk>
      <equablyPipierBattler savoysHonedLunaria="risker" masquerAristol="unerect">
        <potheryBuffy>jus</potheryBuffy>
      </equablyPipierBattler>
      <brailsEpsom nebbukCytitis="chunnerBulgersPalmery" benni="toxicSquench" toedOrlops="chokey">
        <hamataShrunkCocoons>bannetEvomit620</hamataShrunkCocoons>
      </brailsEpsom>
      <caranda cleanWhid="1" ararBawsint="vehmicScalena">
        <batellLording>denserInsulae5984</batellLording>
      </caranda>
      <touret lewdQueachOrgans="unruledUnaired" podurid="ankaraGalgaSclera">
        <nongSperma>strobed</nongSperma>
      </touret>
      <gripCoveredBlesmol rearerTongerSeptet="fizzesSwelty" reginaDeistic="romainMurine" miri="search" windupLaddish="sirosSpireaAworth9625">
        <nullumGabionsNormed>wattman</nullumGabionsNormed>
      </gripCoveredBlesmol>
      <bahuts feriaeGreitLaster="chintLexXiphiid">
        <mobilesFoggerGiusto>scolion</mobilesFoggerGiusto>
      </bahuts>
      <kneepanDuendeFaits topersEmptins="moulterScentsJuniors" bundyDeepensBanaba="slumsOuttalk" roysterAmbatchEyrie="pisote">
        <arcusesTwitty>uster7953</arcusesTwitty>
      </kneepanDuendeFaits>
      <kitesHarked>
        <deskillPukateaRecaned>basaltMakopaSld</deskillPukateaRecaned>
      </kitesHarked>
      <bubingaNeavilExcised eeliestZibeths="butteryEcheaPewee" drubly="gareth">
        <coheadsPhuSoud>stopgapThroatPrin</coheadsPhuSoud>
      </bubingaNeavilExcised>
      <unlax alima="pique" rebeset="unungunUnroted">
        <tuggingImmis>blendeRepeal</tuggingImmis>
      </unlax>
      <talmasRigoleAlpen ampouleLag="batelSeisers" nightieAstare="shmo" shauriShia="piercerForeran">
        <longlegFino>20254</longlegFino>
      </talmasRigoleAlpen>
      <showmenSewer bruscus="apteral" diarianAngoDeterma="fellestLeuk" festucaYannam="sennits">
        <candour>roomierAccuses2</candour>
      </showmenSewer>
      <mansionUreasLunets>
        <chuserSecured>swagmenTarefa</chuserSecured>
      </mansionUreasLunets>
      <trickerPataqueHodmen inhaustLustyDoweral="psigIodins" strageVarying="balkierAnqueraMuscid" joleSubletSeptics="inamiaNaology">
        <sinsiga>lasty</sinsiga>
      </trickerPataqueHodmen>
      <gelsBoddagh>
        <impaledPleaderMilos>parsic</impaledPleaderMilos>
      </gelsBoddagh>
    </crazilyMetin>
    <prewhipMargent inchpinBaggie="mestizoUte" tariric="7" ribaldReargueFitchy="rewish">
      <shriftsEjurate>repliedSquids</shriftsEjurate>
    </prewhipMargent>
    <gassesHallos>
      <zapupeHovers>ennoblePeitho</zapupeHovers>
    </gassesHallos>
    <topass bokardBoronsFlewed="oscinisDalliedBunging109" sindhi="1030" dampenEmulateCrowhop="lobipedBunions" fertile="elseSnecketMar" cantorsAtmaInust="siskinTumultsLewdly" akekiTills="tierce98">
      <mesnage>brazasNinety</mesnage>
    </topass>
    <upsitCurvantGnars>
      <refine>601328</refine>
      <humatesBintsCithern>
        <pukekoVibrato>floridaItchesSprig</pukekoVibrato>
      </humatesBintsCithern>
      <hoyman oafishTented="tzimmesLaweourIsoloma" menageAlliceInlaut="refuteDuffle" atresic="harmingOutloveFeak" prezone="3">
        <dharmicUrsaeTrouper>abiders</dharmicUrsaeTrouper>
      </hoyman>
      <replow spaedomUnhorse="3" looeyTikur="nambyHust" uparnaOwrehip="tidley">
        <broon>rockies11</broon>
      </replow>
      <laborsShorea niftierRapPaneity="82" dabb="5073">
        <entasis>despeed</entasis>
      </laborsShorea>
      <dunningTallow kukeri="cratch" bauderyOinks="gnus" rowing="dgagLispersArrect">
        <browstPithierVerona>pateShiksaRedline</browstPithierVerona>
      </dunningTallow>
      <beekMedaletParrel>
        <ashcake>somersDentine</ashcake>
      </beekMedaletParrel>
      <agents wheemToroth="hauteGroser" caulkedNeralSluffs="6" sethianGaedZymic="74209" litiopaTaxine="486411">
        <pedlersBajriCoccic>kyschty</pedlersBajriCoccic>
      </agents>
      <hugRelic gloutedGres="2" fulhamsLegroom="fitchGoffPotwort" juslted="7556">
        <sauroidAmensCookout>bowsmanFirlotBemired</sauroidAmensCookout>
      </hugRelic>
      <lineletTinetyPickled insistMottoAulu="voled">
        <akiaSaturn>hithe</akiaSaturn>
      </lineletTinetyPickled>
      <chetiveEatery sawbwaWistful="boxfish210" wallaby="7" shirvanCausal="828194">
        <pealike>corachEstrade9</pealike>
      </chetiveEatery>
      <desmoidGipsy dull="worserConfact" jannerFibroRepump="xeroticSlamp" ducatoLusus="safaris914" croons="seepy">
        <upyokeCentrumMonial>anchorGunners9</upyokeCentrumMonial>
      </desmoidGipsy>
      <dandieStretch previseGrallaePunce="daisingCanyons" taa="jobbersKecksyCrumps" lopperClumpst="dogbiteKorec">
        <mensaePanelsBeslime>9</mensaePanelsBeslime>
      </dandieStretch>
      <raunge aliquidLycaenaLitchis="unpacksRelics" bandengTareaIbid="toletanDagoesPhraser">
        <cobworkJibbaOsmina>natronTykhana</cobworkJibbaOsmina>
      </raunge>
      <stoodenSalepHead defrayBedrift="7982075">
        <oxtailsSwidgeCircue>djinnDhurnaMullas</oxtailsSwidgeCircue>
      </stoodenSalepHead>
    </upsitCurvantGnars>
    <norkBureleKasbah>
      <unchid>weka</unchid>
      <tirasse trevorOread="685948576" slovaks="931022920" growled="cosmatiRunoffsDulcity379">
        <chalcis>depaintManiacsPyalla</chalcis>
      </tirasse>
      <inez>
        <portrayOutffed>kintyreVannai</portrayOutffed>
      </inez>
      <skitesLakinVerism>
        <abidingUnpen>squaresSneckedLeveler</abidingUnpen>
      </skitesLakinVerism>
      <fraenaUntying chylifyEngore="356681130" nonfarmWilleyScomber="spatterGnus" lecturnScarfer="capple6">
        <alcidsWhats>wittedBetas</alcidsWhats>
      </fraenaUntying>
      <putrid>
        <keyPenman>daub</keyPenman>
      </putrid>
      <papegayPiute laglastBirn="hee" datary="damozelUprend" pikSchappe="broolTronPremed" bundledKarooToughly="7653">
        <daisiedRelabel>3038</daisiedRelabel>
      </papegayPiute>
      <roncosChabBabist guergalMimmedStraked="59445657">
        <amberSurat>3027</amberSurat>
      </roncosChabBabist>
      <akelas>
        <riggish>iriditeMidribsPorcate</riggish>
      </akelas>
      <sowable haets="seeHellingMatch" gambirsSimul="bervieIroha" unbellAgawam="wid" grooverPoseuse="burrio">
        <crowingMazedNonaid>321124</crowingMazedNonaid>
      </sowable>
      <loriusThigRoky smuttyServalsUnio="untrimUncrime" treblet="appetitHochFleeten" aotus="16551">
        <eclegmePenbardHoliest>111380625</eclegmePenbardHoliest>
      </loriusThigRoky>
      <ganevsSigurd toffeeLeanestSpunked="76" lumens="equallyDyesterSolfa6729" heatedImparks="acanthArdencyCreasy">
        <chizzLuigino>skeined</chizzLuigino>
      </ganevsSigurd>
      <gofferDucat toddickAnilinsMutus="nablasBoilTub" katukaShen="undigDambrodSlit" rechaosStrewsDum="cypseliMehtar">
        <pyruvylSurhai>baftaWrig75</pyruvylSurhai>
      </gofferDucat>
    </norkBureleKasbah>
    <curageBabbageUnshawl quartes="ruderaWarmthsSmutchy">
      <ferulaScullBladder>buttiesKeirsClaith</ferulaScullBladder>
      <uracils matures="larryVenta" misaverPangBibbers="feijoaDaffing557" reversAmbitalCluniac="truantStutterDesto">
        <gravidaPekins>6275364</gravidaPekins>
      </uracils>
      <datchHerls begunPapyrinPaco="canariAnarchs2504" kogia="36">
        <ageusic>kummelCnemialSelden1</ageusic>
      </datchHerls>
      <yauld biprismClachanBitt="smaragd79" megaergVelureCannon="752485" relicti="cripes" ballamFiddler="6824">
        <tee>attaccaDiscept</tee>
      </yauld>
      <modica mktg="hired">
        <cabbiesWeans>882425857</cabbiesWeans>
      </modica>
      <scootedSynovia loomedGoniale="agrBransle" rebakeAttidaeGweeon="relendRedone8" rahBoxbushGlaived="polygynMatronEnamors">
        <wishtSnowcapCherup>selter2853</wishtSnowcapCherup>
      </scootedSynovia>
      <tolusLegatesQuells quangosSumdum="randersTerminoGhawazi2117">
        <inogenOutface>clubberJiffyKnells</inogenOutface>
      </tolusLegatesQuells>
      <totoroScanian>
        <gangismDole>binomenKurukh</gangismDole>
      </totoroScanian>
      <arcusButcha>
        <bidcockPraamOsmite>reefy7</bidcockPraamOsmite>
      </arcusButcha>
      <ornaryKyang sylphAidman="pigwashGaleche" meikle="365" capite="knagMonesiaNitrile">
        <rosalieUnvalue>unilobeWonnedSoleus</rosalieUnvalue>
      </ornaryKyang>
    </curageBabbageUnshawl>
    <hustlesDiasyrm fuchsiaHyperinOutish="899316748" sneathGot="adays" bumkinElverClupeid="caseoseHowel" hokierMuftiDawties="unemptManserThraver">
      <metre>lame5</metre>
    </hustlesDiasyrm>
    <lyres>
      <umpsTildeCutups>assacuSeamrog</umpsTildeCutups>
      <variedRapeoil blueishBothrosDoled="tave" oppone="souganFurling278" furzery="scepsisWidow">
        <colibriRapidsTrouvre>taelsRotgut441</colibriRapidsTrouvre>
      </variedRapeoil>
      <aniseedEnapt tollwayBivalveSaltine="akhara">
        <fearingBokoNeti>deniersBasella</fearingBokoNeti>
      </aniseedEnapt>
      <nepmen>
        <manred>aequorWakoreTarraba</manred>
      </nepmen>
      <wirrZaniest>
        <motheryHollasKiotome>talayotZeke</motheryHollasKiotome>
      </wirrZaniest>
      <stripedLiquefyEkaha anonyme="tradalCleped" aretes="1909361" kabab="vialHamli" cookersGullEsteems="submitsRobot">
        <puckseyGarrets>vexing</puckseyGarrets>
      </stripedLiquefyEkaha>
      <sniftyBescent impious="claxonRippier55" mantidSubfile="bonally" typalUnkemptFineish="6108">
        <zulusMegapod>99184137</zulusMegapod>
      </sniftyBescent>
      <skilloSteakMajorem>
        <retros>tripos3</retros>
      </skilloSteakMajorem>
      <rusBruckle begoSkunky="finkingColicin" bedellsAptote="137260043" niceneCantref="cathayVolataUnsafer" doradoLabefyHidage="tombolaSterolsSadhaka">
        <pelletyWaulingQuatres>hollasSaviorsDeserve</pelletyWaulingQuatres>
      </rusBruckle>
      <anaquaHeronerChemung>
        <mozettaGaist>benzyl</mozettaGaist>
      </anaquaHeronerChemung>
      <ardisiaTerebicNabk elevenFurphyZaffers="2849998" ameerBrainy="992">
        <elix>snithy</elix>
      </ardisiaTerebicNabk>
      <holiday phasicHashyBattues="unavid">
        <wyke>25465</wyke>
      </holiday>
      <nonnat massageUnwilyMusks="eellike" avauntAdversa="nuaduAlveusPeskily" benasty="bearerSabesRld3">
        <laticesNeegerTailage>dottardGavagesReddles</laticesNeegerTailage>
      </nonnat>
      <adurePortageBaffs neckerSplayVerdure="77456316" manaDefied="stuffBibioConst6" beepersKanga="5940057" touch="6952">
        <unplaidIconEyecup>122770</unplaidIconEyecup>
      </adurePortageBaffs>
      <wanhornSchnookSucrier fahloreLazyish="75331" lateralSmoothsLongpod="coremia">
        <nabakAcrawlForpass>roucheTibert428</nabakAcrawlForpass>
      </wanhornSchnookSucrier>
      <ethrogOhvRynds>
        <kunwariSpidery>muragePunkin</kunwariSpidery>
      </ethrogOhvRynds>
      <lokshenRowleyPhonon>
        <brotheDanger>malmed</brotheDanger>
      </lokshenRowleyPhonon>
      <turners quillySalliedPeloria="sunback7" keltersGattenCrystal="platiesShhAxel" kie="sokotriPhyteus" opinerMurresOrbic="sphalmUndinedUpwring3">
        <byplaysGreenthThingal>844764110</byplaysGreenthThingal>
      </turners>
      <yattersUtahan perceptCretaUnspicy="loto" objectsSashimiMothery="wechtBarie8574" healthyWarish="fillipsAlgaradKella">
        <stentonMessingHanafi>rouserEmmewQuested</stentonMessingHanafi>
      </yattersUtahan>
    </lyres>
    <urchinsShawmHine>
      <sewage>raraSyl</sewage>
    </urchinsShawmHine>
    <amurruHelloes>
      <ligroinThoronDowsets>lecyth</ligroinThoronDowsets>
    </amurruHelloes>
  </bibblerSenecan>
  <frary>
    <firmerFinchBowings ragedFrenghiGabback="helical2169" bubos="twinner">
      <knappedMiltingDieses>shriSewansMorne</knappedMiltingDieses>
    </firmerFinchBowings>
    <neoneds>
      <passedActed>conyger3</passedActed>
      <beshrewUpswellNits squabbyBrieryAmabile="blkObligedFasts63" legmanShowy="toltTabira" popover="5465">
        <jussalPuffery>engildZincid</jussalPuffery>
      </beshrewUpswellNits>
      <falcesJinxed maxixes="weltsCraftly">
        <patoisLassAmmos>sarumGonitis</patoisLassAmmos>
      </falcesJinxed>
      <reedilyBrach cuestas="caporal" lowbell="unfoggyNincom" somiteMuntinPageful="culmingJitneyNiris">
        <inuloidBordrag>waifedPonce</inuloidBordrag>
      </reedilyBrach>
      <plunker bastite="dishierAnaniasCerasus" cereus="knifedSeemerToston" letterWoodySowder="quinse">
        <handingCosieResorts>tooths</handingCosieResorts>
      </plunker>
      <qintars alignedDanicTearily="stirraPinder" outweedGlomiFatals="95275" limen="oddestTintage">
        <tskingGelongLibber>obeche</tskingGelongLibber>
      </qintars>
      <squints miseaseRescue="odouredCades" arietteMalcolmDjinni="thanahCobbingLazary">
        <beguin>laps</beguin>
      </squints>
    </neoneds>
    <rulingsLassoerForks gambiae="chebelBullaBeliing">
      <ferraraFirn>8890217</ferraraFirn>
    </rulingsLassoerForks>
    <chakdarHadarim ventedJenFumaric="bkptMisfate" saecula="uptrillRespell" uncate="shebatTomjonPicene" netlessTriazo="duiStaiaTierces" hunchHallock="64" salinesMiseatAith="75961681">
      <bonum>76907</bonum>
      <bagreWhing>
        <demalAnkylos>kitesOrpheumSch</demalAnkylos>
      </bagreWhing>
      <abriEdhs blowze="orant" fellic="analogy" moose="cissoidTychiteOdd">
        <decurt>omneityCornellVise</decurt>
      </abriEdhs>
      <sawbuckAck privCtr="8" laverSiccedEmpower="troveTorc">
        <howkedBepaid>propjetMorose</howkedBepaid>
      </sawbuckAck>
      <grimlySpying dugal="waac" rudestHenter="leglikeVolans">
        <traikyUtterer>snirtle</traikyUtterer>
      </grimlySpying>
      <toitishSibshipHolia>
        <ungualRodgeCoes>sep6228</ungualRodgeCoes>
      </toitishSibshipHolia>
      <himne crawsEfflux="16975045" bidpaiRick="briosWidowedUnfoxy">
        <castane>bonsaiDuettoMildew</castane>
      </himne>
      <baganda fiberedAsklent="nagaika" michealCurdledApace="fuglesPersicoMowrah">
        <toilingCabinetAxonal>mari</toilingCabinetAxonal>
      </baganda>
      <buisson linns="deice968" launce="indites" myrtle="33863">
        <micerun>9</micerun>
      </buisson>
      <creeseReworks foxedFoldage="cyclersOutpeerPorella" nawabs="cuonPaukpan">
        <asselfAskesisBonorum>yowingFacet</asselfAskesisBonorum>
      </creeseReworks>
      <dungingDerner tungos="frigageDryish" rebusyFaltcheAsramas="cuffin750">
        <exhumes>debtorPlutons</exhumes>
      </dungingDerner>
      <caligaLewannaMewler loveyEnage="dtenteDipsHasid">
        <venge>costaeaPediwakWeave</venge>
      </caligaLewannaMewler>
      <gajKaka forboreKirbyDottore="festive44" shunnerRakersMabela="griftsRozzers" coremia="yuk" allylicConked="limner3">
        <morphicBonnneRaggil>spratBurgusBeaded</morphicBonnneRaggil>
      </gajKaka>
    </chakdarHadarim>
    <stagily>
      <sharks>cheeful</sharks>
    </stagily>
    <juratorEetenMalkins>
      <apertPeaced>saker</apertPeaced>
    </juratorEetenMalkins>
    <eyren blitzGlazierSyll="align2" enplaneUndweltCoursey="ligulePruntDucklar1186" caraipa="fasts" honksClayton="shooWetchedAcis" oak="ficula28" bugled="boldJazzmanThumb" comingsSpole="benzolUnarkFinmark">
      <corpsesWorlded>marieBoyishBensail</corpsesWorlded>
      <staidLookupCaserne tinosaWrafLeopard="sportedPyemic" avanyuManetLedum="ripsaw" chineseGreboPepos="qrs">
        <cathine>alfalfaDoricColour</cathine>
      </staidLookupCaserne>
      <senhors>
        <tikkun>warmed</tikkun>
      </senhors>
      <devwsor howlite="unclaspKetting" ramiesConcurIllure="calyon" bessieFrays="saoLuridlyRedrill">
        <mistionJacobinBlawn>303782244</mistionJacobinBlawn>
      </devwsor>
      <whackerLambedAborted baccae="5824" escarps="wingedStaiverThicker">
        <scandal>averishSamuel</scandal>
      </whackerLambedAborted>
      <enecateAlarumsBanuyo sennits="683703" coorieVagousDudler="lewie" merilAflower="dyingly">
        <fleetedArumin>foamilyIngles</fleetedArumin>
      </enecateAlarumsBanuyo>
      <dauniiAblaze playactBrasque="vealier820" unruedLammockInvokes="fryers">
        <carposKazakSpurge>ingan5272</carposKazakSpurge>
      </dauniiAblaze>
      <sawlike rapesEngager="avikomTharfQueuers3" taktStey="926652" fraidUncededSamkara="antaivaEpidia" imbuesKele="incraWellish">
        <archilsInsurer>laresFactum2669</archilsInsurer>
      </sawlike>
      <tenuryBalkanSumple>
        <mycoidHuly>rodentWelfarePargo</mycoidHuly>
      </tenuryBalkanSumple>
      <fullsGilled mowseDingiesCorner="frothsCattieTenfold" fidia="aglyconWest" moduletSatientKookri="andriasTended">
        <subplotEssedeMaltman>7770</subplotEssedeMaltman>
      </fullsGilled>
      <shramUntaste unsuitCozyManiu="armorerBionicsPangful8" jasmoneNeogeneMedians="62506623" uninertPulegol="padlockOrpheusBemadam875">
        <unfilmPopolis>stamplePruigoIleitis</unfilmPopolis>
      </shramUntaste>
      <myitisCosines fannedSimool="retralProsedEchoer" charciaZaitha="cidaridAraliad8539">
        <pled>gizzArditoTriste</pled>
      </myitisCosines>
      <lyresReorderZarf arsinicPlagoseInveigh="yunganPitawas" kildeeMorfrey="emir" tamest="nymssCondorUnlawed" washersUrbify="sunsetsTakeOurie3">
        <vendaceOyana>refoldsFloesTrombe</vendaceOyana>
      </lyresReorderZarf>
      <forkersArdriDaverdy stolaAfshahChoupic="15983" waringHumdrumBeshod="stotterXeruses1">
        <ryntCeil>chinoneCampos24</ryntCeil>
      </forkersArdriDaverdy>
      <tincladUmbonicNavies malval="aurinUnai">
        <chantyOrdu>romaunt</chantyOrdu>
      </tincladUmbonicNavies>
    </eyren>
    <salting livethIlkThymol="aboma">
      <chagaSpicateBronx>bawdilyHostelPerdrix</chagaSpicateBronx>
    </salting>
    <breirdCdgSaid oaringPunkinsEmbalm="enclBigness" avauntSubkingHagrid="pringle" maxwellPromiseMankie="outranKuiHilda" paroleeBabbly="scherziMealsSenhora" distrSteigh="alkoran" agrinThrones="trapper2" arrives="optsIsohelDries">
      <satrapHawbuck>emptilyFanfoldTeeners</satrapHawbuck>
    </breirdCdgSaid>
    <acerinFractalRebuy>
      <holismsOchavaMuggins>kench6419</holismsOchavaMuggins>
    </acerinFractalRebuy>
    <objscan>
      <kikeBerakotLinkup>fleamDrabby434</kikeBerakotLinkup>
      <rearlyDaresTrainee vas="176" shadkanAssiseVaried="spitedEnemiesUnhent" conster="ulceredWarrishGroped" chorist="pleiadsUnrocky">
        <deitateTallero>wrothlyHuppahKhotana</deitateTallero>
      </rearlyDaresTrainee>
      <pitpropBevors songkok="nielsenScherziJondla94" shirkedOrbateCrzette="2835771" branderButterHawker="freendCareensOthmany">
        <smouchCziganyPrearm>citee</smouchCziganyPrearm>
      </pitpropBevors>
      <dittiesAutonymShally fuskTurbit="cavesScatch" dowery="tharenAmelia">
        <karluk>mewEtyMukade</karluk>
      </dittiesAutonymShally>
      <altarBawtyXref flauto="murreyAdmi" kedger="vizardsYok">
        <paperFittit>bonnazSetierTome660</paperFittit>
      </altarBawtyXref>
      <unlivesSpalderCneorum>
        <mile>twee</mile>
      </unlivesSpalderCneorum>
      <gharryAdangleAgst canopidCateranWourali="outswamUpaisle" iodidesSubditTwifoil="bladingUnpoled" nudityNewtonsCiudad="scriberBelovedSank" salicylPutsTunnit="gulgulWedlock">
        <scarersStowth>bhabar</scarersStowth>
      </gharryAdangleAgst>
      <warringHartal taririTubemanAxle="7409">
        <repileSaba>234790</repileSaba>
      </warringHartal>
      <killedLampionBlickie balm="3889" sultamBartend="curpleProgger" contuse="oboists">
        <outgoneTaconicPetasos>hagboatRockKiswa</outgoneTaconicPetasos>
      </killedLampionBlickie>
      <muntingRillsTeleia>
        <lipasesPenneyProlan>claudePabalumNurse</lipasesPenneyProlan>
      </muntingRillsTeleia>
      <corulerMole samnaniButtonyBottier="pyrexicYuansSusi">
        <courseyFonnishSacrums>plushedHexapodDogship</courseyFonnishSacrums>
      </corulerMole>
      <melinePegless gippedMaclesVolupty="grometGlucinaFidelio">
        <gobletsCruntPuma>chowseDroughtAnis</gobletsCruntPuma>
      </melinePegless>
      <cartedCologne>
        <dondineGeodeScarn>roytEspials265</dondineGeodeScarn>
      </cartedCologne>
      <whissleFatima booleyReemitCowards="moiety" pokomAminishNoxial="iocs">
        <boser>4</boser>
      </whissleFatima>
      <soup kuduZaffreeGaller="41773419" belcherWrittenBoxiana="caroledChris" ruddishYaffil="egallWinging">
        <labarum>isodefNimboseViragin</labarum>
      </soup>
      <pertenHootch thrainBicolorTottery="plumLake" cathaLeeds="4" hailsDidna="fanegaCued">
        <coffinsDoliRebosos>berPrecastDeadeye</coffinsDoliRebosos>
      </pertenHootch>
    </objscan>
    <aliyahTavoySensing plafondLilts="1" nectria="cheekEerier" primomoQuarrel="clarina5528" flackerNervyAxile="7843" hillary="tastersEllipse" wafererBilo="prepare" cesserLulavimAlist="hwyTigris">
      <meithSpirals>tabacinXylina</meithSpirals>
      <aditusBrethelWithal listeraAureusCoueism="caducei" ladyly="ashtrayRadius" ibycter="dipsos">
        <sexlikeStemmyCyanean>rageful</sexlikeStemmyCyanean>
      </aditusBrethelWithal>
      <myelicBouts brightDicker="lambdaLeister">
        <tzitzisBabiana>solatiaBinit</tzitzisBabiana>
      </myelicBouts>
      <pyrogen bruckle="fec2775" ambonesHeirdom="hulasGifting">
        <waistPartake>turmitHyacineAoudad</waistPartake>
      </pyrogen>
      <ursone ferbams="dicastsCoffled" garnish="scapMootmanLof" cireIndictsDug="crudes" hadjesTaldBelted="alariaSiecle17">
        <buts>chaco</buts>
      </ursone>
      <seabagFossed stretchBallate="niftyRosularProf">
        <asorDismawAmictus>187637</asorDismawAmictus>
      </seabagFossed>
    </aliyahTavoySensing>
  </frary>
  <hainanEgally whorl="aleuronRyking69" midribsTryoutsHolism="mesobarGrowths" causal="127463" />
  <drokpaStarful agoniumLines="eds" cotinusAbaft="chiruDelatesVidicon" />
  <yarrows chalutz="bosketWetterRifian412" quinTuglike="ochroMooletNeemba" />
  <bemud />
  <inthrow taenite="cytoneDeisms" paraderDrat="tropylPlyerFlush" billardIdlesTangles="daudedElopes350" />
  <paliImposalLah oselle="coquinHonchosNatch" pick="numbatKettrin">
    <wanhap>
      <amasses>bistrosMigale</amasses>
      <strold tabaccoFootsie="aerifyOpahsBeasts" jigger="orphanCuriosaNesty" hinauLacingYukon="moultedEnrobe83" aptsOkiaEjusd="cherieDaimonAchter">
        <onusesDegage>lustier956</onusesDegage>
      </strold>
      <food>
        <saucilyRushRupie>oriyaWebsterPique</saucilyRushRupie>
      </food>
      <unaus joysPleuraWhirled="miaousStuped" roupetRaging="433836085" fezzyCunts="ascitan" lurrierDiscour="mandeStungSneaker39">
        <melter>haremRescuedCuvee</melter>
      </unaus>
      <pitter>
        <caromsVetchy>padresBrelaw</caromsVetchy>
      </pitter>
      <ukuleleAplitesLanding headingPulsarsVaulter="isobathFratery" snorerForbid="alazorKoso" culgeeStaph="tmhAnatman" tupelosFixing="karewa">
        <malting>siblingSycesCocopan</malting>
      </ukuleleAplitesLanding>
      <sweetieCutikinKeeps>
        <caprine>meliaBaluGith</caprine>
      </sweetieCutikinKeeps>
      <hyrstDerobeDix boulleFuerteFloit="rist47" alkin="agee">
        <spoilsPyocyte>alcedoSilico</spoilsPyocyte>
      </hyrstDerobeDix>
      <cicelyHarishCeboids anymore="twofoldSynched" elidingExtgRaggety="sovenezOctodonBinds">
        <alined>5094</alined>
      </cicelyHarishCeboids>
      <rigelIncoupCunt louped="86404519" lipase="3276" cornelsGleeHolm="gappingWorseSrac493" lazuliCaloolCoaches="crith">
        <kaithi>176</kaithi>
      </rigelIncoupCunt>
      <ionismMiffsWeanly xiiElytronSaft="beclawSpier" signon="fahlerz">
        <gyromaMoots>stroutPinnock</gyromaMoots>
      </ionismMiffsWeanly>
    </wanhap>
    <umpty>
      <budling>pwtIdeanMuggars</budling>
      <routhyMarshy wilding="66277714" whackyHokku="bruinsAtiptoe" ifrealReplyBeverse="umbertyVerekAvowing">
        <sitarKoraEyeable>6</sitarKoraEyeable>
      </routhyMarshy>
      <rusma nessMillineFresh="chouanAlea4" capo="ramblesFootboyCreaze">
        <scallsMatronDillisk>jobbingCurses5076</scallsMatronDillisk>
      </rusma>
      <warmish calque="4668558">
        <smewsScreamsRerun>605178</smewsScreamsRerun>
      </warmish>
      <scots subacidAiery="52251176" rearose="jerviaDimps" hobbler="sorgo" nuba="usedlyDurra">
        <donnockGougingHearten>azaroleTuboidInteger</donnockGougingHearten>
      </scots>
      <lohock cossie="custos">
        <khuldaCaulds>plumuleRathPout</khuldaCaulds>
      </lohock>
      <lurgMunsTiger ledgetTunmootCherry="tunnel">
        <forams>ideasFreet</forams>
      </lurgMunsTiger>
      <lydianOhmSensile>
        <dorineBulbule>woodrow</dorineBulbule>
      </lydianOhmSensile>
      <friendsWorths shrogRatlike="hiringsApiculi" astiteThistle="michtRibsAnahao">
        <rufflerIbycterPinko>merinosRasenna</rufflerIbycterPinko>
      </friendsWorths>
      <espritsCeps>
        <hurried>4</hurried>
      </espritsCeps>
      <embersReplateOlitory moggioUnlameSkyport="9165182" pulkaPariahNervate="lowlandShri">
        <lapful>kennedLappetRetund306</lapful>
      </embersReplateOlitory>
    </umpty>
    <polluteCaftan>
      <kawaka>aenachBaghdad</kawaka>
    </polluteCaftan>
    <rebaleDregMiffed>
      <squarerDabbledManuao>unbated</squarerDabbledManuao>
      <tinhorn>
        <throedBhima>peakily</throedBhima>
      </tinhorn>
      <psizePaularFelahin achymia="verbids">
        <brethelPipid>acholiaQuintad1</brethelPipid>
      </psizePaularFelahin>
      <guitar>
        <numberWhisky>640</numberWhisky>
      </guitar>
      <libera grisselSorobanRephase="bedegarDedoSessa">
        <nonskidDramsLigases>bemol</nonskidDramsLigases>
      </libera>
      <ketol bookerSrac="holilySkelicSinward22" subraceTeughlyCocains="lissome2559">
        <adoxaFerrelsAgrised>bubaSubline</adoxaFerrelsAgrised>
      </ketol>
      <ascomaSkiedDzeron>
        <heeled>35494</heeled>
      </ascomaSkiedDzeron>
      <ruvid testaeFilla="fettler" whiteys="630386">
        <okeh>2898828</okeh>
      </ruvid>
      <evades edema="whetterApptd7104">
        <barbut>harl</barbut>
      </evades>
      <dimes>
        <sades>spuriaSuetyOutfits38</sades>
      </dimes>
      <ofterSartage comitjeMatchCoatee="faiterySistern" avaunt="keres31" flayer="dekes">
        <dimmed>705503</dimmed>
      </ofterSartage>
      <promptAwkCubicly inermi="espritGunzOutwrit8301">
        <phenolsBankersCampit>baldwinShakeupClots</phenolsBankersCampit>
      </promptAwkCubicly>
      <benimSadiRainier mindedDistadCutikin="unhoseUpskipBowels621" mobber="officer" azineWelling="7133384">
        <sellesWhirryIcteric>unitageGonial8008</sellesWhirryIcteric>
      </benimSadiRainier>
      <booterCinchedChataka wushSodas="pantosFeringi" bpsSighty="coevals" connuAnaudia="boloneyStatsPunkeys" dogmaAphthic="5427330">
        <jezailBadiner>gaolerGaypoo5</jezailBadiner>
      </booterCinchedChataka>
      <vonEugeniaRoin lyaseChozarPodatus="girlieRevisor" laevoBemoanRutty="videos" tamableTanquenAmnios="1" siccantIpmEmbays="unbold4107">
        <rhodesDichord>flaking</rhodesDichord>
      </vonEugeniaRoin>
      <persons falsieBogway="vamoseCucuy">
        <topics>villaHypoid</topics>
      </persons>
      <tagwerk fumishMoocha="slopersChevin6553" gigotUnsolveCaphtor="mibsHerbaryTosy40" luteumAfros="yelmerCroiikPeropod" momWhone="95079024">
        <gedecktGauche>nomesScratch</gedecktGauche>
      </tagwerk>
    </rebaleDregMiffed>
    <filming>
      <burmese>exeat</burmese>
    </filming>
    <mevAnglerSeniory>
      <prettyIciclesBromals>arcae</prettyIciclesBromals>
      <resawLerot dodunkDamnerTriunal="hdlc" naviesSectors="4906" sextain="ducePelvics" queazenBangersGemuti="kingcup">
        <standee>nare</standee>
      </resawLerot>
      <repiner thornKourosVoters="aetGiuntaJees" tappall="457221">
        <stackup>baniya42</stackup>
      </repiner>
      <litai boopic="cogwaysLehayVrow" slabVertep="pluteal" tunedPoiana="deposerNegritaBenumbs">
        <solachRushing>412</solachRushing>
      </litai>
      <capricSiksikaRedroot netbushBenthicBuys="longful" pekes="89213150">
        <uppingsSich>prateMuntin4</uppingsSich>
      </capricSiksikaRedroot>
      <ferretyGeorgie arageDelve="rainy">
        <graved>ohoyLampf</graved>
      </ferretyGeorgie>
      <cronusArgot redrawTaskerPiperic="salmAuge" regnumNonevilNunks="217945" tambour="gondEpidia657">
        <elevonsNoopCounty>894</elevonsNoopCounty>
      </cronusArgot>
      <breachMike>
        <dotiestPicacho>smirchRilledObb</dotiestPicacho>
      </breachMike>
      <fullamsArropeHounder medii="tortor1150" bailsHabNitchie="7499">
        <renegueWane>hopples</renegueWane>
      </fullamsArropeHounder>
      <pattyEskimo moosey="terriTrulyDossed" tautenVeryLogoes="4730" lyn="fording43">
        <bebackGaffedUbiety>flemingWhidahOrangey</bebackGaffedUbiety>
      </pattyEskimo>
      <pribbleSynfuelModem orpitHealersOwer="romper" cumicVibrionApiol="lemanea" sheyleStriaeRespell="fantasyBalding1699">
        <obelize>pereionPaviors</obelize>
      </pribbleSynfuelModem>
      <banquo>
        <shicksaCohort>keverTalonedUnadapt</shicksaCohort>
      </banquo>
      <glagaSkoot seafareGyrinidTulchin="349" toda="tungoHafting13">
        <shaw>servusClapper</shaw>
      </glagaSkoot>
      <auditedAsphaltIngirt>
        <gustySataiTopazy>paucity7792</gustySataiTopazy>
      </auditedAsphaltIngirt>
      <patwari canon="thymusBurin65" tinnenDiter="corinOkee" scalped="orgyiaSated" suprUlcersLimpin="intwist">
        <gamelinVatTwittle>ibices</gamelinVatTwittle>
      </patwari>
      <markaTimawa whissonTussehsOrgana="sliderOffed" folk="45025086" enarch="98677" hintedBelonidSkidlid="678">
        <brat>repryVraic</brat>
      </markaTimawa>
      <bogleVoidersOxims delianYikesOriform="pouncer67">
        <pyralisStannid>peoriaRumeUnmans</pyralisStannid>
      </bogleVoidersOxims>
      <swiftie>
        <beamersSeqqBespice>strewsGld</beamersSeqqBespice>
      </swiftie>
    </mevAnglerSeniory>
    <talentEmbainSiafu lycusElisha="gunyangOomiackStanine" unopted="2" piousNumbOwlish="pigmentCongoes" amintorZizit="crowdedEad" jeon="genre773">
      <frigage>noyant</frigage>
    </talentEmbainSiafu>
  </paliImposalLah>
</causeySulfid>