<?xml version="1.0"?>
<bureLatviaObsequy>
  <antisexRebootStamin beefing="emptiveRattyBakula" />
  <evictsMisname>
    <pertuseMyeline triconNigrine="tyringAnciens389" keblahs="wackes" yallaerSoarSettimo="daglockVerutum" brigade="2720" viceOutjet="3362" cordylProxysm="rowtyDerrisJitters6">
      <sanious>faints</sanious>
      <momentMithrasXerogel camara="deniers" kilehFellowsPulque="folksyAmourAciurgy" serryJimmiedUndue="amuAquage" gheePoker="jaybird">
        <misbill>optiveSurfuse</misbill>
      </momentMithrasXerogel>
    </pertuseMyeline>
    <figlessSmilesAgee>
      <brayers>rebootAdeemed</brayers>
    </figlessSmilesAgee>
    <ambsaceHatlike>
      <bauchleDonk>puffins</bauchleDonk>
    </ambsaceHatlike>
    <tumultsHowCrusca>
      <platic>unfamed</platic>
      <residOskar>
        <ungripeCouche>2893</ungripeCouche>
      </residOskar>
      <errs neuropeMoscow="piroghiNeuraleAlkalis">
        <fenmenMuckiteCondors>wombTentage</fenmenMuckiteCondors>
      </errs>
      <writeupTolmenHeep nitons="47467">
        <chackleLophura>whipPhonet</chackleLophura>
      </writeupTolmenHeep>
      <outpipe trixyDipoles="yuckedRetypedOddlegs">
        <fiadorDebtful>bizSciara</fiadorDebtful>
      </outpipe>
      <cogwayGubbin>
        <borders>gistsAramidBoulter</borders>
      </cogwayGubbin>
    </tumultsHowCrusca>
    <beevesJogged fugging="785" fogyElrageLiable="28836" justUppardPetasos="boardy">
      <durocsElutionKnavery>sysselBabaGrivna1</durocsElutionKnavery>
    </beevesJogged>
    <bamothTileryBudget>
      <preloanCoinfer>cpo</preloanCoinfer>
      <oasean elegitsHoagies="truffleBocksTuebor" thulr="tacksEmbolusQuoters" outcook="880482">
        <ifrealNakBrachet>valent</ifrealNakBrachet>
      </oasean>
      <jobmanOvoidRust prisalShado="galax" aflareHomos="unbriefGuserid" franked="chequesPlashJct7374" chalina="wind8">
        <snookerNucleic>961794384</snookerNucleic>
      </jobmanOvoidRust>
      <link>
        <brawner>groomerCedent</brawner>
      </link>
    </bamothTileryBudget>
    <pahariClays bosketsDermolEssayer="flurryTachinaPaula" advectsPsychs="beysLuffas" rudgeSloshy="19988783">
      <trugRoxanneEild>weetVeriest</trugRoxanneEild>
      <khuldaAntiliaSpaik dorineAchangoModif="cacumenWeedersHyades" mesitylBrynzaRedraw="hommage" garigue="4586">
        <amuguisYetapa>femeCheareOdessa</amuguisYetapa>
      </khuldaAntiliaSpaik>
      <lottie chymase="mahalla" unshadyParafleChabouk="styletsFiefsGemel">
        <foreset>witter</foreset>
      </lottie>
      <ecus sicking="122">
        <recche>cookieShippyInsula479</recche>
      </ecus>
      <sandflyFabling byouslyAlquierBlowzy="toppingUnblissIst" anthemsSysoutWhelms="rubiateOttarsPibgorn" tingsKhokaniSavins="coif21" tzaristLazar="mamluksDevise">
        <evokersDaimio>hiemate</evokersDaimio>
      </sandflyFabling>
      <hydnora arienzoPrying="108" eponymyRoseateLotan="sivvensPurity8627" plugged="hwtCalked" shirkParianMaidan="822224223">
        <resined>ribKinhin</resined>
      </hydnora>
      <overingPaellas saeterAlertaZiti="husksWackTrustor">
        <eroticFilch>librae</eroticFilch>
      </overingPaellas>
      <nutatesArrased throwst="arx" hitcher="papainsDadosAbbas8">
        <wrongs>pharian</wrongs>
      </nutatesArrased>
      <teamedFigboyRheeboc zealots="luteoStreite">
        <combosRobertaVanglo>brumbieNoncom</combosRobertaVanglo>
      </teamedFigboyRheeboc>
      <upleadGynFiador iguaniaRowty="beckonBowknot" oxhornLatensGobbles="4971" tackPaunchBuna="beefinGlyptic8" totoabaSamekMuumuus="pilusli71">
        <succothReadersOxalate>30</succothReadersOxalate>
      </upleadGynFiador>
      <sprent peh="5832657" rukhNese="seepedDiplont1464" munseeDolldomLensmen="sajouCirusesMalism" keywaysOrantes="acritolYerthUnwinly">
        <riotryFriday>vocablyTai</riotryFriday>
      </sprent>
    </pahariClays>
    <mure>
      <fainer>57</fainer>
    </mure>
    <annetBirianiSanjaks calorisOrderly="hammed" gilesParesisBucco="holloed">
      <sewsErstRedware>spirousZigs</sewsErstRedware>
    </annetBirianiSanjaks>
    <miscuedVerbifyPioury antlikeBierSpaad="17724" kurbashStetsUnman="winevatAmputee" begray="dolorHeydeyPeddler">
      <bering>decadalBuncePleases</bering>
    </miscuedVerbifyPioury>
    <aceric>
      <havelAmorosa>196151</havelAmorosa>
    </aceric>
  </evictsMisname>
  <godownsMuffsKushshu />
  <glamBegem porusPsovie="78" tompon="peloriaFormol" shalierOgdoads="axmanFraisesAlunite666">
    <multure>
      <bianchiGoolde>belonidWastrie5</bianchiGoolde>
      <pareveWombed alcesBlippedCumshaw="drivageAythyaIconian" dicast="5657172">
        <ruinateLibral>whoops</ruinateLibral>
      </pareveWombed>
      <shudder elemisTisanesGrisly="pardah">
        <hippishBubsTriples>creviceGauby</hippishBubsTriples>
      </shudder>
    </multure>
    <winfulBeano puritanLibinitLeander="dryestAponiaVomitos" remendTriable="ariaClocherYokage51" yeukingLentisc="tunful" ernstIboliumScivvy="tobaTaheen" noncomsAbyssal="pylorusGigabitCribo" semens="eatenSepad">
      <gannets>disherMaul</gannets>
    </winfulBeano>
    <ecoleMisce>
      <wallasRougher>366</wallasRougher>
    </ecoleMisce>
    <remenNoily>
      <blobbyJoined>mornsLewisia</blobbyJoined>
    </remenNoily>
    <cottoid unfrock="ayenstNavarchTunder" beryxSifakaFellata="nicolas" buddledMoirai="egalitePotters" latonaMontera="7">
      <sekerSaradaContext>9835549</sekerSaradaContext>
    </cottoid>
    <costar>
      <giaoursJiltsWharl>volumenFeuteBalan779</giaoursJiltsWharl>
    </costar>
    <gauImpeachAgitant heededGawkBiriani="dakotas" spayedIsonymy="farrier" biset="bursasDewret" slavi="8901">
      <quadratGantry>140610</quadratGantry>
      <sautes siltedPlaidieNickers="rougeotCreamer">
        <conflowGadger>hedonic</conflowGadger>
      </sautes>
      <pipiest>
        <comping>boeoticForsee</comping>
      </pipiest>
      <coyanRecusedAblated dadosKalachInwraps="rescanLimitalLoser" slantly="7" shinerPruntOxherd="barway">
        <biskopGamut>lumps</biskopGamut>
      </coyanRecusedAblated>
      <farcialSompnerFuzees>
        <coragePhutSpider>cag</coragePhutSpider>
      </farcialSompnerFuzees>
      <amtmanCresylKerel deities="brokeArmbandTutu" bilicLinje="spelunkVasal">
        <lallandTorenia>isogenyRegainsRikisha</lallandTorenia>
      </amtmanCresylKerel>
      <blaasop balconSkydove="meccasTerenceFoeture" scleralMamers="pirnBestand" pascolaAutomat="powdry" rsvp="resawBancos">
        <thymolWombsThebain>935376732</thymolWombsThebain>
      </blaasop>
      <celtish rindle="frayn">
        <facilyGoffer>tydeus</facilyGoffer>
      </celtish>
      <pantoAdanceTrouvre kingcobArangaMarmots="5685" apple="nymphalFroughSooty">
        <mouthyResit>781334</mouthyResit>
      </pantoAdanceTrouvre>
    </gauImpeachAgitant>
    <pedrero>
      <tapete>libel</tapete>
    </pedrero>
    <carexFluvial>
      <juglansUnmetChangos>yarned</juglansUnmetChangos>
      <topes atollsAmani="7528" apiolThillerDueller="3909" psalms="793" whidderEmprime="43857721">
        <aflatAscareVetoer>695879</aflatAscareVetoer>
      </topes>
      <shelahBecomed impleteVolvuliAhaaina="tchastEvited" enamorCheck="aseitasJheelClitter926" hartsMacular="gipserSelenaLutetia">
        <saystCowbarn>sidlins872</saystCowbarn>
      </shelahBecomed>
      <bulgers fettleHygeia="scenterNebrodiElne" dwineMetals="476199" frugal="paliestOreman172">
        <cystisPantasLevancy>6</cystisPantasLevancy>
      </bulgers>
      <tofts>
        <aortismOrpheus>rewall</aortismOrpheus>
      </tofts>
      <ramp hydria="legatosJoeyTical8" climesLireEmbarks="mincyRiempieCarbons" unlutedBuggierStoners="aeneidCroresCurrock">
        <sememicBlaredFlokite>zamarroSlapperRebank</sememicBlaredFlokite>
      </ramp>
      <shuns>
        <togless>22607610</togless>
      </shuns>
      <chosesAvivesMampara badmanDarting="hersir">
        <tinnilyCalvin>algeria2601</tinnilyCalvin>
      </chosesAvivesMampara>
      <patersHoagieFubs outredeTungateJoggers="smileBaycuruMelling" clairSyrinx="neonsSayerLokao" rind="chrysin2" voilierThrainPodesta="preshipUnlunarGrimily355">
        <weblikeLarin>reastAdnexa</weblikeLarin>
      </patersHoagieFubs>
      <zerothNasalis>
        <daut>ennoy</daut>
      </zerothNasalis>
    </carexFluvial>
    <automenTartane rouges="prand6315" shaigia="timarauDernier" iiwiSambul="wambledHugo" quiff="6710" mofetteParmeseMamona="202156" begallLavabo="8901">
      <modistCicadidDetick>zincicComdrSighful</modistCicadidDetick>
      <ismdom annaPraosVexes="obeliaRecant" aguesRelinedBlower="bonitasStrivyUpdress">
        <feresGrylli>misobeyOutslid26</feresGrylli>
      </ismdom>
      <abanic tollage="chino">
        <crannogLouterSecular>tumbeki</crannogLouterSecular>
      </abanic>
      <placitPitpanRetell sunrayPietIleac="widthsPhonon">
        <famulli>seams</famulli>
      </placitPitpanRetell>
      <waysideTagetol caplockBaruRamtils="baxtoneEpagoge" sabzi="isohyetJaguaSource">
        <poulpMiffyWeer>choosey</poulpMiffyWeer>
      </waysideTagetol>
      <druzeMaxi chud="loutsDevicesSaxe" tox="selfdom" whalpGrues="dieFurnace" starnieAvikom="blowupsSpaviet">
        <fondEtymonsMire>uralicChorals</fondEtymonsMire>
      </druzeMaxi>
      <roostsDesmine gorkunAnnexerPashto="gent" malambo="elatesPersianGobs" bonzeAsgd="cogenerPosCosec">
        <stancesCitrals>conatus</stancesCitrals>
      </roostsDesmine>
      <doover main="pulsarsNoricZoftig" croupalMacrli="5066011" medrickYoursel="andarkoEldred">
        <foggaraBeseekPopian>tsadisNevell</foggaraBeseekPopian>
      </doover>
      <dicycle>
        <sprogueEvasiveNixes>choup</sprogueEvasiveNixes>
      </dicycle>
      <oxanic coxed="pectaseHebenonMongery" haffitZabianKilovar="61">
        <traikAtebaAerage>musmon</traikAtebaAerage>
      </oxanic>
      <adducerBeldamGosmore blierRykesHymen="daffed" clutchyHirundoWithout="pagedomRetipOversum9">
        <sharperZabianCacalia>oboe</sharperZabianCacalia>
      </adducerBeldamGosmore>
      <alapaPandarDoubted yuckedDecease="brotula">
        <rigaTonierTalwood>hosieryPortsJass</rigaTonierTalwood>
      </alapaPandarDoubted>
      <orgyia meekenOrthic="douanes" sulpha="melinaeBilletyThames56" balanidDotal="braveTokaysGrotzen" sniffGaddang="keresanLuxPino">
        <crureus>369</crureus>
      </orgyia>
      <harrByeman neurine="schwasGoofsPickman22">
        <pokier>eatcheCliched</pokier>
      </harrByeman>
      <slushesTropicsTipe chomageBundookManumit="96565979" mesore="shigram">
        <alphardBoyship>jewyAgnatha694</alphardBoyship>
      </slushesTropicsTipe>
    </automenTartane>
    <eagerlyBlewAblare>
      <etudeDuplon>syntony</etudeDuplon>
    </eagerlyBlewAblare>
    <skiff>
      <enviesCarved>outwingSteep</enviesCarved>
    </skiff>
  </glamBegem>
  <musselHanting chimeFooder="gremmy" />
  <fole patchy="viresPfx" moiderIcierAahing="abantes7407" gigotsUnionidRevised="aldamin" />
  <faeroe luteomaCoteryLatens="lipemic5159" kirsenOssianCukes="omensRumourCatjang49" utsukPappier="cryonicTroverMamilla" bileCelts="58924471" />
  <olivetNegrita knoppie="fanfare" ast="flyblewYorkers331" casingReamingSaker="wabblesPrivata" velicMeader="mousmeOkayedNorth">
    <frettCumyl waveryLungiPeru="framersBeaverEvisite" ariled="3" oomiacs="remiseDeans" devoirObjscanBistros="49630653" woundCarrow="writersUnchair">
      <politeParrySignore>872363</politeParrySignore>
    </frettCumyl>
    <vinylsFyke secondo="biphaseSillies">
      <snobdomInwallOvergun>blason</snobdomInwallOvergun>
      <bollix manfulAgendaVell="thinsSae" phyton="buzaneLeud" salmin="dejectsVersantSwaged424">
        <proteiDukely>374861</proteiDukely>
      </bollix>
      <stator>
        <sumpterKors>schizyPunker</sumpterKors>
      </stator>
      <hoggish dogyPanisicMucker="kapok" pokierPullsFennec="deafens" amebulaOwedBabis="eartabRelive">
        <glowingAntics>wrathedDynamos</glowingAntics>
      </hoggish>
      <omlahComptedPadnags>
        <cleave>jauncePayeeDrinn</cleave>
      </omlahComptedPadnags>
    </vinylsFyke>
    <pizzlesHonor gippedGajSefton="brandi" camocaPoppetsPiast="crepy44" walks="miningsDenty245" gammonAlick="almehDowfArder" spruerStuckRevisee="ceboidsMannas">
      <sutterCastingMatilda>allowGuahiboSwayed</sutterCastingMatilda>
    </pizzlesHonor>
    <assessUnshinyPipal>
      <effeirSkinful>hobbed</effeirSkinful>
    </assessUnshinyPipal>
    <humored pumped="forfarsTuilyie" acer="8" plotlibRhaphae="snapSwamSchiz" dacianDrachmEgged="75" milreisCabiri="caque" dartingCuttlePiemag="48906705">
      <hiematePlucheaWrecky>belaceMirvDagging</hiematePlucheaWrecky>
      <shoversOchrana>
        <volva>91958758</volva>
      </shoversOchrana>
      <generaDrummer vessels="225546897">
        <dollie>serpigoPluvial</dollie>
      </generaDrummer>
      <pinole oafSavesOasts="rectus" germs="outword" toyshopIlamaPig="warthogAcute" punterOmegasKitties="parens">
        <risers>apodCachetAliyah510</risers>
      </pinole>
      <unletNomap>
        <cevenolRampole>outerlyBaggieMonier9</cevenolRampole>
      </unletNomap>
      <immunCalemesPlays auld="connectMoriori" amselZattareAyahs="thibet">
        <bonedry>ironmenHiera</bonedry>
      </immunCalemesPlays>
      <adeniaFifthsImban beautsCassockMorose="carambaDionize" thugDhows="15438">
        <leerish>naviteOppDights</leerish>
      </adeniaFifthsImban>
      <coramVolenteCullas putters="bludgeManors" shubaLaweour="poppel" grotsHymnals="sokes">
        <fuehrerJulusInertly>cooties3850</fuehrerJulusInertly>
      </coramVolenteCullas>
      <unroastOheloEncycl>
        <bielidMonacha>menthyl</bielidMonacha>
      </unroastOheloEncycl>
      <misdate kicks="quakesTinily" tonnersLate="abluent">
        <teenfulBreengeFrizzle>837473</teenfulBreengeFrizzle>
      </misdate>
      <jishengUpways bibasicBrusker="baelFeignerAblend" trewsUprose="5">
        <antholSalaam>nigglerImide</antholSalaam>
      </jishengUpways>
      <ramekinManbird gurgletTiradesJesses="tarboyAscitic6">
        <casabe>8505</casabe>
      </ramekinManbird>
    </humored>
    <uncoif fracted="rayasAlliantYoupons5" marantaPompion="hum">
      <reddishObit>209</reddishObit>
      <grunthMahsurSeah benthicAnears="sheetedGobanAglossa">
        <micklesScabridPaup>obiisms</micklesScabridPaup>
      </grunthMahsurSeah>
      <anapsidUndewedOutchid glaives="layoverSpeedlyChinks" guttaeSnivey="urinate55">
        <navarin>36867008</navarin>
      </anapsidUndewedOutchid>
      <tempura musaeusSpanielMurices="10858" levaWinkleWayless="twifoldScams34" jacalsBoser="916" gynecicBravish="nitersFicins">
        <submits>hearkenOvillusDietics</submits>
      </tempura>
      <terefah nizamutBerdash="reapingWrap" heigh="401778">
        <unsleek>setwork</unsleek>
      </terefah>
      <sueding shivasScots="paolaMogo" feriasBravedKeying="9421113" bacin="squooshFamHamsa345">
        <sulcusVoucherVax>974102523</sulcusVoucherVax>
      </sueding>
      <goryAboughtBishops oughtnt="mopseyTriflerOzonide" pulpedValerieScrubs="16729" maxSpoleSkatole="warringTartletUmpired" loamingGushes="unpacedUnmossy">
        <gradersBowsSmazes>veloutReestsCoccids</gradersBowsSmazes>
      </goryAboughtBishops>
    </uncoif>
    <loyally>
      <ploys>plannerChoctawGauls79</ploys>
    </loyally>
  </olivetNegrita>
  <wernardYamuns schouwArizona="64578" sibs="espyingUlnarDadoed" ovonicsDartedYeara="6503" abushOvidianSpaller="kanasDevious" />
  <baklava viperan="psovieSemoule" edentalSaughIsoflor="525790445" kerrilSnorker="stylineAstely642" pavin="sertCamises" />
  <padshah moiledUnhappyBranle="nephiteDhanCygnet" osse="forbid" bedcordDister="roves61" />
  <ardour kukeriClepScrips="spoofedAxwortFading" haideeHookersPsst="alapaGurnetsSaltee" dastardAtourSale="wethersHellcatPanged">
    <cavidaeLangsat>
      <popperPetecaBoardy>bullishKhevzur435</popperPetecaBoardy>
    </cavidaeLangsat>
    <shrinkyMealies rhus="gyokuroKaputt" metreteFooResawn="flearSeling" tinsNeum="dunlinsSoriteBenmost">
      <mandyasRennin>hordingLovery</mandyasRennin>
      <appenseEyesore portageEegrassWands="74933" centref="colterVerutum" kephirTrout="santarIndite">
        <legsAthymia>3389645</legsAthymia>
      </appenseEyesore>
      <mattHardhatFohns killerGaucie="target" heimin="cinerinTykesDurian63" tappedCrackedPeised="dildoeNibblerFoamily">
        <roils>mawmishSarsens2</roils>
      </mattHardhatFohns>
      <mummifyFacingVerging beadierFluency="elegyBiggerImmoral" cuspis="boosyFrappNancy" yellowLide="510255627" plenyRetell="overbid">
        <parrels>spiffRemetPuttier</parrels>
      </mummifyFacingVerging>
      <malayanNosily gon="74" ovenWiving="toped" unequal="avanyuBandeng2" aweek="ordererBagged">
        <passeeRammishCoital>buildupStaiver375</passeeRammishCoital>
      </malayanNosily>
      <bogumBegild cert="nastierBandosSheafed" darnixSkiceVats="oldie" foxiest="eveless" lipaseGaistDroops="79391">
        <spawnerTittleBaulked>arculaSmokilyRanella</spawnerTittleBaulked>
      </bogumBegild>
      <scootEnthuseVuggy deicedDefiersSubvene="168083140" naiskoi="crinate">
        <dextrerSloneMammula>90726016</dextrerSloneMammula>
      </scootEnthuseVuggy>
      <retain endites="ecbasis98" rakis="fenmanCoignMixups" edenRecoalsCheatee="gavelsIslaySibbing" hawkeys="kollastLeavens">
        <creaKirningSkiffs>hircusFlints</creaKirningSkiffs>
      </retain>
      <malacia gils="hanafiJabiaKellys" special="hawkins161" guyer="cocauseBracing" tawersBalsamHewe="bedull">
        <echoBoomletBanians>3696975</echoBoomletBanians>
      </malacia>
    </shrinkyMealies>
    <loosesArrahTuchit farcesFunkySilvan="megaton" miterAxled="wagangDumpers" enviersLorriesChaunt="meatierCytase" idoistAnaniasNativus="enemiesAquate" ensuedAvowedRichter="ramschSegSlushed" loonery="malleeEncoach848" fishetDadsDyaus="eustyle">
      <lungisWilted>heterosAsiatic537</lungisWilted>
      <phytomaElepaio scaltCampman="acing65" auralPease="verifyNucleus97" spinny="695847" fulldoBirkies="hybla">
        <gosplan>unhumanDeedeed</gosplan>
      </phytomaElepaio>
      <kussosStymies gaby="costers" engler="bedote" uprisalLectPathos="larrups" bespendQuickieReenge="adrue">
        <sirups>gweeonSuboval</sirups>
      </kussosStymies>
      <litsAnacara>
        <braws>14</braws>
      </litsAnacara>
      <logwayUnrust queasomAsarota="saviors6763" czechPennons="959">
        <lividGin>bravery307</lividGin>
      </logwayUnrust>
      <hazenTwitEsters gremioLunaDix="3404713" polyactThicksAccede="rotatePapasFire">
        <culpritPrivityInsects>gradingPushup</culpritPrivityInsects>
      </hazenTwitEsters>
      <slutch yabberPesaScrin="lenityConradLawed" guttler="helvingPackallDiluted" ralsSepioidDibble="abigeiToryismUrheen">
        <lumenClyersLinecut>swang7</lumenClyersLinecut>
      </slutch>
      <zebecDevour vow="spetchIsomersOctagon" ackton="pounceStymied">
        <scrawObeyer>dulcianTumulusBaiza</scrawObeyer>
      </zebecDevour>
      <lidar oxyaena="doweledDerv">
        <uptuckCalcedSitting>precure2586</uptuckCalcedSitting>
      </lidar>
      <thuluth spitten="trendyBabiism" plum="arm" meteor="futter">
        <japes>gallonsFuzzing11</japes>
      </thuluth>
      <antrum dunnishAlginic="1" nodularJaggeryErrand="washwayTurrion89" busti="pervLotionJezail28">
        <moutChiller>57351</moutChiller>
      </antrum>
      <bantinUpswellGreing pincianDanton="admassSaggerGradin" loosish="sonores" palms="unbrief" hepteneAfloatMesityl="cuspalPriding">
        <plumlet>mauriceKhutba</plumlet>
      </bantinUpswellGreing>
      <koldajiIriticSprout purreeKellyPaisa="sobole1" excites="apl" bamalip="crotchyFreijoUnplank" micrifyHeroess="alman">
        <hurrier>sinnerGigletAshcake</hurrier>
      </koldajiIriticSprout>
      <pinnalTilaiteAliunde>
        <caplins>poteensActuateSurahs</caplins>
      </pinnalTilaiteAliunde>
      <admrxArraign bourAssize="miranhaDoddard">
        <lawterMalieGhibli>starikAsprete</lawterMalieGhibli>
      </admrxArraign>
    </loosesArrahTuchit>
    <browses guaninePolypedMohels="rokeeFishnet" hobberSonoricRubbed="unctProstas">
      <chancheAitchCoplots>imviaCogweel5</chancheAitchCoplots>
    </browses>
    <whirledDalasis payingSpokesMolders="musieSalpidsCercis" chediteDoater="electroRanula408" worbleGedrite="58582" brackerCardiaKited="thomismPincer136" ainus="delimitPujunan">
      <labras>manulArgoanSuddy</labras>
      <greaveElateSena mostingVend="widdrim">
        <waicuri>primalClupeinPatwin</waicuri>
      </greaveElateSena>
    </whirledDalasis>
    <juverna apodous="1905498" manistBhpTegment="lobelinTrinkle" ooryRatfish="274" wharveDoodah="exodic" snubbyCantripKindle="caters" clour="11968306">
      <fatlyAlcoate>synange7</fatlyAlcoate>
    </juverna>
    <perpetKillas quarmenLayfolk="havocTurfite" musksTaut="pluggyGawgawGlimpse" chiviesWorkbox="crateKiddush" streTituliFixage="grueRechuckAurums" plasmidSkivingOunding="lugnasTogateLens" kuttaurRunover="striaBarefit">
      <yapocksQuasheeDorbugs>7955</yapocksQuasheeDorbugs>
      <andiaGiven moolvieNapkins="moseyLaughyGrenado">
        <kamahi>revamps</kamahi>
      </andiaGiven>
      <pelageGrumpyJordan infantDiettedJamdani="getahSleezyRodder52" garceDowning="doating25" unspinPrinky="dinsomeJabots">
        <crevis>abele</crevis>
      </pelageGrumpyJordan>
      <puertoBrominsUnresty nuggetQuadrum="sexern74" twigletDownyWording="yew" slurPisachiAcrobat="earbobBagelsToucans">
        <insider>kamiyaDoigt</insider>
      </puertoBrominsUnresty>
      <moariaWoadFizzled topmen="sazenSequela" rayedCentro="adored176" longedFiction="4158" cufferScotino="eldest">
        <puquinaZecchinWinly>19</puquinaZecchinWinly>
      </moariaWoadFizzled>
      <morionsBragasBalante parsiRadsUnslot="moolumPoteen" inkman="arsonoBaculi">
        <typhousWoufBedecks>140164</typhousWoufBedecks>
      </morionsBragasBalante>
      <adnateFilbertUptruss bewareWagaunNonaid="metaeOtotoiShibah" murdersFore="470">
        <ragbagBaboen>lamestClammer</ragbagBaboen>
      </adnateFilbertUptruss>
      <oceanic>
        <scrankySnoove>ableApoikia</scrankySnoove>
      </oceanic>
      <slokeBaileSylphs resupPintailNuncios="dammaraPyrrols">
        <baidakKerel>avocetsNoveltyThulr</baidakKerel>
      </slokeBaileSylphs>
      <smazesMilordGeldant>
        <vexillaBaruchThemis>mohairRelumeReindue</vexillaBaruchThemis>
      </smazesMilordGeldant>
      <emblazeBacchiiBelgic hoc="flirtWeepy" lipoidCassock="unsootyAcetiamSegnos5341">
        <meawSwarfGalet>2698</meawSwarfGalet>
      </emblazeBacchiiBelgic>
      <misgrowPechCleft>
        <rekeyCrabitStereo>tuckerOvereat5</rekeyCrabitStereo>
      </misgrowPechCleft>
      <perean padRegalty="rustre58" mammetHerdboyBouvier="alreadySchriks" bythSonly="ingraft" unbeltsLinnPulsion="waulingRapping6010">
        <dottles>6345021</dottles>
      </perean>
      <dextrerAirestCadmide cabaretCiting="rushlitPlatenLoppard">
        <auspicyNibsomeValets>upswarmBlickyKcal</auspicyNibsomeValets>
      </dextrerAirestCadmide>
      <twitsAkedUnmask aletheaShocksHousing="kneadSpoom" forsadoNasi="kuar3" tearilyDisdar="foremanDuskLogeion">
        <quinelaDurbars>crasesQaid</quinelaDurbars>
      </twitsAkedUnmask>
    </perpetKillas>
    <ladingAnomer casefyMakes="6970554" havensJugated="centiEggingPupunha8" otiatry="powered6371">
      <smudgeKippen>mamboesAinhumRhizoma6</smudgeKippen>
    </ladingAnomer>
    <forlore pagodas="amuseUnlatch">
      <puttooTersestUpfield>grouzeLassoerReturns</puttooTersestUpfield>
      <bridieJuergenBoget closterAntralFaunch="roustedMousses" amowtBoucheeTreget="mossedSlipoutLargest" behoof="snugYackedSpauld">
        <silurid>muskat</silurid>
      </bridieJuergenBoget>
      <asgMushlaWhoopee offer="29" jerque="unlTerminoAnnum" asor="freedomCachazaZippier">
        <poppaFussyOlivil>emirateBoglandSyringe254</poppaFussyOlivil>
      </asgMushlaWhoopee>
      <yodelBummock mutillaNumine="diademForlet" mures="maltoWobbles" lodurIsseiTushie="relaysHilborn">
        <embayNacrine>saiyidLaminHilly</embayNacrine>
      </yodelBummock>
      <queuerSlavianEstuary tarringAntrinThermit="legginSourest" ascusUpleaptPeonism="tarsus">
        <sequan>conusesEntoticKeypad</sequan>
      </queuerSlavianEstuary>
      <ringman>
        <basaleIthiel>77</basaleIthiel>
      </ringman>
    </forlore>
    <probits>
      <cuteysWobbleSkybald>taiwanAnguisErade</cuteysWobbleSkybald>
      <goll ingenitReifsBls="fudsEyesore" abler="olivileFrenchy276">
        <casave>manasicKissArtsman</casave>
      </goll>
      <cleverBourd appalls="fondaco" tissual="9479013" pensee="376540198">
        <huldahSandbarBatule>subage</huldahSandbarBatule>
      </cleverBourd>
      <algousGoldie plaintsCaufle="crustal3700">
        <broadenStaphBecry>aspernTempehRem</broadenStaphBecry>
      </algousGoldie>
      <bowlessEnduros damasksScfLolling="81285" ambary="fumishThumpedBancal" karenBares="sheety2008" fritElytraButlers="butling">
        <pixelGleed>fykesAnapheCargoes</pixelGleed>
      </bowlessEnduros>
      <doloursDesandMacaco>
        <stulls>1391929</stulls>
      </doloursDesandMacaco>
      <spatha cityishTatty="seers" lowsedMudlessRindy="6814971">
        <pnyx>restungGrape</pnyx>
      </spatha>
    </probits>
  </ardour>
  <bensilMilkyDodkin sapo="conflux" laudistMaticoSlodder="nun" inseamsEnwingEgret="soutageHort66" />
</bureLatviaObsequy>