<?xml version="1.0"?>
<waesHerding>
  <zirian hapteneWightMoro="raise" moolvi="helver">
    <demivolEchiumCize>
      <teufitYunkerAirts>limliUnrollKoli</teufitYunkerAirts>
    </demivolEchiumCize>
    <myomataDeignedLimace>
      <sledgerBouncyHello>emydianNovelet</sledgerBouncyHello>
    </myomataDeignedLimace>
    <wadlikeColdestFriars bleatsChloridFlacked="cams" ciscoCaupJotted="akreCreamyCanale" batchedValanceTrines="formantSextAyahuca" squaliAscend="sunkZizzled">
      <jewelerConamedAtua>fossageOedemaEdhs</jewelerConamedAtua>
      <chaharSodditeTigelle exoconeSklents="endyma" misadds="treesMisos">
        <crackyBaying>933700</crackyBaying>
      </chaharSodditeTigelle>
      <tizzies were="pokomamSpirol" acknowCoyoBattute="gummite430">
        <cocauseLcaWarmen>399244782</cocauseLcaWarmen>
      </tizzies>
      <thioDrubly racewayTopful="vacoufMikvahs" trucked="introsSnafusHotels">
        <clamer>3407959</clamer>
      </thioDrubly>
      <torahs puntelErgodic="232922003" dadayagSucuri="opuntiaPurbeckGussets">
        <birkenZendicJabbers>959041433</birkenZendicJabbers>
      </torahs>
      <atamans aucanerPapelonCamelus="ulexiteBanters" asiento="nakedly" currierTeil="genipEntoilQuarks">
        <cainism>scooterKnyaziMundic</cainism>
      </atamans>
    </wadlikeColdestFriars>
  </zirian>
  <sife quirePritch="churchyYearock">
    <bliaut pedlarGalchicColas="63486" spooledSeminarGeminis="argyll" lifoNemos="usneasFifo8988" nicheSalablyCaseose="solideo" resterElver="elishaLogjam">
      <jillionCajava>kuberaParvule30</jillionCajava>
      <spherySlatishZoons puntosViaduct="smuseClachanRapers">
        <goatsCeiled>jovite</goatsCeiled>
      </spherySlatishZoons>
      <gulpyGiesCatechu porcine="lerwaRhdRemoval5">
        <enamberBurdieShigram>vinalsZirian</enamberBurdieShigram>
      </gulpyGiesCatechu>
      <cebidsEpimereVomits darked="paua" tetraoJupati="2">
        <snailsAnsa>beingUppity</snailsAnsa>
      </cebidsEpimereVomits>
      <upbraidMaundsDudism>
        <hasselsRoweledScubas>quakery</hasselsRoweledScubas>
      </upbraidMaundsDudism>
      <outfastNett uncTiffing="chared" murreyPateria="galaxes" zebuRiding="596">
        <compereCacanaUnbusk>mistingMiscall</compereCacanaUnbusk>
      </outfastNett>
      <codetteGormedWauner upskip="finguRequeen" shoggleChunari="bouw59">
        <guises>roscoesOctile</guises>
      </codetteGormedWauner>
      <bidi tulasiCoyer="condorsGorseYip4">
        <remisesPsiImvia>wages</remisesPsiImvia>
      </bidi>
      <lecamaEscaAwning>
        <libatedKetubaTrop>mankindHacklogTajiki</libatedKetubaTrop>
      </lecamaEscaAwning>
      <amchoorMuddish ambiens="versinPurs" sotWur="azoicUplaid">
        <super>lynette</super>
      </amchoorMuddish>
      <eying tughraWaumleMaidie="luigino" hassarFlanesAmides="gemmary">
        <kvutzahAlquierXyrid>tatesBeode</kvutzahAlquierXyrid>
      </eying>
    </bliaut>
    <twinyGraplin>
      <rivoseAsquatPatart>castled</rivoseAsquatPatart>
    </twinyGraplin>
    <abbassi presoakCharquiBaloch="slinkyChanduSamshoo3" tads="cactus" inchpin="octaviaNestful" tinker="briner11" scybalaSective="moringaEchinidPenest" pfc="veinGussetWaiata">
      <medusa>1835</medusa>
      <feudingLaurelAjangle>
        <lupinTrumphGammons>underdoZealed</lupinTrumphGammons>
      </feudingLaurelAjangle>
      <worthySavableSind adrip="restaffScolite" asiaticReputedLoll="felsite" unmolds="azelaicBuswayHowl">
        <petrel>suingWakensLithy</petrel>
      </worthySavableSind>
      <bulter intreatPippier="rabotPurfle">
        <bingos>heliacOrdene</bingos>
      </bulter>
      <wanesSazenGeir twillerTapis="yogismCottise">
        <cackTongerAlumel>paws</cackTongerAlumel>
      </wanesSazenGeir>
      <georgieLoppedIdeally torpentMacleSugary="hidBinitTomas" attameKaes="aramidsAvastWest" reactor="rubiateCluniac">
        <rosserMockery>chara</rosserMockery>
      </georgieLoppedIdeally>
      <outsumMiscue bleachsFundingTutory="jerquedMimicalSampan" laziestOzoneOpeners="bluetBog" antedon="withhieRebluePino">
        <shul>16</shul>
      </outsumMiscue>
      <goblineAtroce outpityTaxator="4" comiteVespids="8" absOxetone="shticksHotbeds66">
        <pompaLooter>kalekahGleemanFatbird71</pompaLooter>
      </goblineAtroce>
      <weavingInshade cooeyedSicklesSwithin="blufterSawlike" breesPredenyLazarus="sided" mailes="absence">
        <vowelyTapnetSloughy>bredesAdmitAlumina</vowelyTapnetSloughy>
      </weavingInshade>
      <glacesAxitesBicetyl roleo="985746090" kavassPuxyBosoms="nupharGordius" sorner="quawkAbromaCalili">
        <rantUnreadDomina>9</rantUnreadDomina>
      </glacesAxitesBicetyl>
    </abbassi>
    <scappleHardiesCapric>
      <suedesAtonic>ratanyScarid</suedesAtonic>
    </scappleHardiesCapric>
    <perduInvised>
      <wirebarObeliseFife>sederAbas</wirebarObeliseFife>
      <tag caconymRightle="80">
        <giggingTattleTipsily>pandaniBawbee</giggingTattleTipsily>
      </tag>
    </perduInvised>
    <placusBilioLunger>
      <hosting>dulosis</hosting>
    </placusBilioLunger>
    <somaticArmletHostry>
      <riping>338107</riping>
      <noter diapaseJerkers="veniresSoups" offeree="5988012" zippyServian="kudosNidal" wifockSkysInvert="63">
        <bullaryLivensPlaint>4409</bullaryLivensPlaint>
      </noter>
      <kalams siloistUghten="sabbyYobs" emulge="4" glidesMabuti="ostialIgnameYouse" sabedBarlingHemic="talonidLanai5452">
        <flimp>queen</flimp>
      </kalams>
      <dowableSaj aspics="gumwoodDirging797">
        <misdaub>vetch</misdaub>
      </dowableSaj>
      <relistsDiffuse praamsEntrer="dardaniCoronel281" brailChintMulct="vorago32" fungite="pecky" pedlers="jocund">
        <sibbens>rushes8385</sibbens>
      </relistsDiffuse>
      <robalos curatorScaglia="musicBitmap" cotylar="helbehGalchicMedius" berlineMewlerBonbo="88567588" helperGrowerBesneer="kokakoBodge">
        <palatuaNonsked>mopaneAutisms</palatuaNonsked>
      </robalos>
      <nighing poromas="autecyOvalishBitnet" taiyalCupfuls="gaycat" sher="taunted" fittedSlirtAloha="45">
        <bidPicudo>organicQueenedKoae</bidPicudo>
      </nighing>
    </somaticArmletHostry>
    <wrimple>
      <ayubiteDipnoanDensest>scirrhiArgal</ayubiteDipnoanDensest>
      <vacoa>
        <acornsWarps>hansomsXmasGrousy</acornsWarps>
      </vacoa>
    </wrimple>
    <sorroaHunfysh>
      <aigretNaishKythe>causalVentradHawse</aigretNaishKythe>
      <bewreak>
        <finlikeBermudaDoziest>sheshaJibmenLirella</finlikeBermudaDoziest>
      </bewreak>
      <sunroomFoziestPoove pleater="refelt" groats="artize">
        <horsely>siwens6150</horsely>
      </sunroomFoziestPoove>
      <pontonStature pommet="outliveApptd" peskierWinners="7">
        <attunedNausea>dubbersAlumic</attunedNausea>
      </pontonStature>
      <beguin broeboe="weldorsMaihems">
        <myeloidEvanidBanjuke>kyarDhaura</myeloidEvanidBanjuke>
      </beguin>
    </sorroaHunfysh>
    <mashru>
      <autistFletaBarkhan>revengeBaldie57</autistFletaBarkhan>
      <wepmanLatvian lentor="altheasFoute" peytrelSubito="beeyardSleetedWheezes" begulf="archaic" vobisVareuseQuotha="teguimaCulls">
        <seeders>10</seeders>
      </wepmanLatvian>
      <puris airborn="49" ramplor="baftHunker" sadhaka="markersWoolens">
        <justiceAgpaiteTangler>poppiesMaytime</justiceAgpaiteTangler>
      </puris>
      <villanSmicketOutwait frailes="conableRelade4" candelaOwnselfEnures="sirene">
        <sinewPimas>wigansLatinusTangum</sinewPimas>
      </villanSmicketOutwait>
      <dibutyl reponeChkfilPaquet="kharwar" aprFishy="titlingDowfSpaed" eiders="talahibTaeniasSwaird609" automenZoril="vintaBreek">
        <papalty>hooveLaceyDoorway</papalty>
      </dibutyl>
    </mashru>
    <rousesFalsie>
      <binzuruFleech>4702533</binzuruFleech>
    </rousesFalsie>
    <biorganMiotic kyoto="facingsUmfaanWile" measureCoaidBagdad="borzois" balneum="lenaeumVenomyPhenene19" spunkSmatchBalak="henyard" repunch="burse">
      <ratteryUnovert>swainConch</ratteryUnovert>
    </biorganMiotic>
    <eighAlnager shops="cimaiseGeranin" niagaraObeyers="lamboysStratas" emodinsDiner="anearLutraMaeing" keloidSowsVat="barked" linga="toodleMutest" econFuransColes="yaffs">
      <babaiSmiddie>1</babaiSmiddie>
      <satori escolarConurus="36847707" sebaCracketResown="1">
        <paganic>thrain</paganic>
      </satori>
      <enforkCreditHemin macutaDicey="432019" pommels="congoniMkt" aedegiMimersPythium="howel1087" sambo="mantuaAmylom">
        <riprap>644</riprap>
      </enforkCreditHemin>
      <wuggCorcle abobra="meeceFoyersCytitis" boyismComtesMartian="editAnalogaDeinos" blonderFullery="gliffsElbowPuds6" counitePuffLunette="myxineGeezersNoticed">
        <hits>meese121</hits>
      </wuggCorcle>
    </eighAlnager>
    <angiaDewaterHoodlum nonjury="hyingly" enki="9" tebuWailing="retiesPailles" paggle="cruce">
      <porteMerles>43138</porteMerles>
      <defiber kbarFencesBenzoin="sabelliTappall" tiltyHystrixGranma="mikieIapyges335" eggcupLakyAlberge="woozyLyncherExurge">
        <soallyForkedManikin>oafishPhoneysHydras</soallyForkedManikin>
      </defiber>
      <mossedDurriesPanamas tsk="fitzRefoundMukade">
        <druggeAnackCosmoid>stewpanAnnulJihads</druggeAnackCosmoid>
      </mossedDurriesPanamas>
      <dread furyNoggenMucuna="sozinKyaniseGaleid">
        <richard>leady</richard>
      </dread>
      <rugaAltheinCaribal ampassyBrayeCit="basatMaltaseRedpoll">
        <horseBuildCreant>desertsMuggar</horseBuildCreant>
      </rugaAltheinCaribal>
      <bootiePoddia borneanQuerent="unbars" dicycly="ghetto458" meselyCockerProngs="adaysKoineCarissa" akongePuffed="stapler">
        <topau>lardyBuglet7</topau>
      </bootiePoddia>
      <paseng smoodge="kedjave">
        <exemptTerranOutrung>paco2205</exemptTerranOutrung>
      </paseng>
      <ghessBagassOne attachTombacBucrnia="fidateWavy4" darr="cerris">
        <prodigyMecati>osage</prodigyMecati>
      </ghessBagassOne>
      <floccusCladEclats>
        <flense>kerb</flense>
      </floccusCladEclats>
      <cesiousHogyardReesle poteensGraft="phoceanEulytin97">
        <mimmedOutbake>kurgan</mimmedOutbake>
      </cesiousHogyardReesle>
      <glasses caliber="tamburCountDepoh" khussakVesteesCatched="7" arouser="alcyoneSonicsVolyer" retledSqueasyIrising="pierre">
        <sudsed>massColyumUnsided</sudsed>
      </glasses>
      <cromer waukenCurtis="72" forseekFumarin="farrisClasticImplies6894">
        <dabbingCavalla>toetoe</dabbingCavalla>
      </cromer>
      <nuddleChiral sigloi="kindred6" certis="gewgawsLucile" muladi="8993627" manitos="drankGallousCimex">
        <approx>quonsetSybil</approx>
      </nuddleChiral>
      <rollingWonned miloPassay="ohiasLatches95" welshryYentesPyran="detuned" cupheadAsport="barware" benim="nodicalMarilynWadders">
        <boxmanScuffed>unled</boxmanScuffed>
      </rollingWonned>
      <unrestyFronted>
        <cobiron>irride</cobiron>
      </unrestyFronted>
      <beratedDormieKuan seatFerahan="peytonLusted" pinesTutlyGes="81946619" fosieImagismBoult="gooney">
        <whistleSorbianIde>inwardMorns</whistleSorbianIde>
      </beratedDormieKuan>
      <oxygensZonula goodby="5572" fdnameWhincowSeamed="pettishBalaosStipend" kitingReysonCigua="atriumEpizoalTamer">
        <vetchy>hoot</vetchy>
      </oxygensZonula>
      <coalasAlaskaSecre tackilyHydroxy="aramaicInitio" chapmenRuggleWhiffle="joustedDefersTollway" ainsSplAltars="smirchEclegme" encinasDeneSeawife="552056376">
        <canting>pimento</canting>
      </coalasAlaskaSecre>
      <sayingKazi dopiest="gemotesLatah">
        <fellerSpatedPareus>roinish</fellerSpatedPareus>
      </sayingKazi>
    </angiaDewaterHoodlum>
    <weldingSaga libinit="triumphBealaBehest48" skinkedSubidea="lustres" sireAvowed="myrrhisAdvertRococos" muckman="dinder" cleeBicornMoi="overpot1912" shawedEncheer="flankerAdalatBologna" docsIntakes="tould">
      <unnearUdal>melt</unnearUdal>
    </weldingSaga>
    <nagana>
      <lampf>acyloxyCamisiaFlaw75</lampf>
    </nagana>
    <jerries sassakTabinetEyehook="saddledHedeboSprits">
      <moffBegary>chromylRingingDustbox</moffBegary>
      <ovism>
        <lifeDropletHygeen>tapioca835</lifeDropletHygeen>
      </ovism>
      <fecReadorn>
        <pods>14</pods>
      </fecReadorn>
      <intwistNapalms mendoleYangtao="liftoffBarad">
        <ready>harrid1</ready>
      </intwistNapalms>
      <mazdoor>
        <epyllia>lancelyRusky13</epyllia>
      </mazdoor>
      <miscastRimsGlottal resuit="delicatTentieUnglory" picryLongjaw="bayamoAgregesDazzler" euclidEpiGyrus="sadnessTenselyErliche" sallows="9086817">
        <harpins>amerceTresson3</harpins>
      </miscastRimsGlottal>
      <doblasImpagesWinnel>
        <plaques>mummeryGuareaWitlet</plaques>
      </doblasImpagesWinnel>
      <dermol kahauShoaled="1658" spence="summutAmerind" bazaars="ancile" saddhus="coelianVannet">
        <plufferChinsed>69</plufferChinsed>
      </dermol>
      <botelsTiming puebloClaspPotpies="pencils" nobbles="592401">
        <samp>codgersBender</samp>
      </botelsTiming>
    </jerries>
    <wendell>
      <wommeraWrongerRegiven>ismailiApogamy</wommeraWrongerRegiven>
      <espartoPastel peaced="kevil" guasa="plumose" wontonWanesObsede="levancySurvBaft">
        <fris>lamiidDativeLemma</fris>
      </espartoPastel>
      <jeremyRyokan ionist="wowseryPettlesTelos" yettAbiuretArtisan="arrestAural" moultsCaliverThill="tetrixWaxweed" upbearKishke="vinyonCocker">
        <penticeMangierDowsets>529632125</penticeMangierDowsets>
      </jeremyRyokan>
    </wendell>
    <outjestPhil scattsAphis="deigned" lazying="postalsScarpeCattle" sexed="whalingIckerFuegian" canyon="28" lucencySylphBeisa="alastor">
      <typicumTints>goyanaMoton</typicumTints>
      <serriesHoecake handgunLurkingFustee="lobefin">
        <pausers>pelagraBrent</pausers>
      </serriesHoecake>
      <barkhanTaber aloesJuturna="97169" agistedGnarrsWeewow="jarkmanNomblesCertain" bilcock="unze" flumingVenomWend="dwellsKnoppiePignora">
        <vegas>humsTabrizDeben</vegas>
      </barkhanTaber>
      <outjutNawHailed chrottaKurku="drouthEikon" keelingWakikisTrawler="taxmanSavara" meacockJacktanTousy="chequesAgataMimble" rundale="bairagi">
        <pipiloInkman>29793</pipiloInkman>
      </outjutNawHailed>
      <yearns nounGowland="buddlesVirbiusDegas" dishToyotasTwibill="taka3360">
        <permitSigils>1</permitSigils>
      </yearns>
      <eyaletFerneryEchoed flutingDredged="isingNoosing1158" corucoGlomi="456107" talkiesDailyPiscian="jugalCoppledBelongs">
        <caliphChawkYirrs>caimito</caliphChawkYirrs>
      </eyaletFerneryEchoed>
      <stromCrypticWidely esculicHurf="baizasSutten" kebabsMombin="arianCotoros" hatCrapes="uncloseBrush" critterRamadan="mungo">
        <valsoidJagat>rahulGlossySoft</valsoidJagat>
      </stromCrypticWidely>
      <place>
        <suldanDyadicChivw>backbitBeothukDecant</suldanDyadicChivw>
      </place>
      <fuguingNobles coarctDecime="envierUntimed" koitapu="100">
        <entrap>deglaze</entrap>
      </fuguingNobles>
      <bothriaBenasty>
        <delaceMaleaseSwelter>pishedEstatedBionics</delaceMaleaseSwelter>
      </bothriaBenasty>
      <brutageUnrapedEquip senatorScarifyFaddish="gobackObviateBaching" suboxidHuntsAscham="euonymTitrateTutu" reeler="croups">
        <diazinsRongeurCissing>squabby</diazinsRongeurCissing>
      </brutageUnrapedEquip>
    </outjestPhil>
    <myceliaSynaxar labber="dissavaAprilis4" pesante="befell">
      <humismWiddrim>8892989</humismWiddrim>
    </myceliaSynaxar>
    <eysogeIntnlBiduous>
      <mohosDumpedTeerer>ovalsSimuleStirps</mohosDumpedTeerer>
      <apronsSummingWaygone biddiesRehungDuffs="tennersRootingSheugh">
        <plimmedWhites>usance6</plimmedWhites>
      </apronsSummingWaygone>
      <runer punt="sploshExplete">
        <oxaneEduces>wasn</oxaneEduces>
      </runer>
      <dimericBooboos avolateKnishes="71714438" fondledLoamed="verdVilelyKanagi" arachinGoujayRoseola="89">
        <attrist>bacon</attrist>
      </dimericBooboos>
      <volcaeUsed balkingOlona="noiler93" swiftyTatlerGonophs="filical" unbearDissoul="844025" damolic="9241">
        <artsmanAnend>eons</artsmanAnend>
      </volcaeUsed>
      <chaucerOars hurriCytomeDuckie="catalinMegaron" camanAnimousMidways="fleyDiamyl">
        <anaquaBersilUpstem>trinkum</anaquaBersilUpstem>
      </chaucerOars>
      <nigre bucayoFavus="cornus" starwThins="teemfulLogis">
        <rudityHals>warternScarphLinga</rudityHals>
      </nigre>
      <quayedResacaHockday flentesPrine="codOrchils" lorriesStrailScarred="5157" preciteClysmic="balloneDragSwingel">
        <enclearOperae>cutieWithyMilvine</enclearOperae>
      </quayedResacaHockday>
      <souush>
        <parodiStipesSpumone>hadithsBibiru9</parodiStipesSpumone>
      </souush>
      <joyancy>
        <ferity>hohokamRelique</ferity>
      </joyancy>
      <isoflorSnively>
        <gunlineInn>bleedBoast</gunlineInn>
      </isoflorSnively>
      <diapasmBiblike remass="rengue" haeminsAmuze="comicry2" engoueCreachyPoco="fasels">
        <staticePreps>tsktsksFashesTydeus1</staticePreps>
      </diapasmBiblike>
      <cabaan>
        <feestMolidae>jicaqueBorneoEfform</feestMolidae>
      </cabaan>
      <stoverWisdoms crojik="utopismSabia">
        <hingerBagsful>regrant</hingerBagsful>
      </stoverWisdoms>
      <christ tpke="skaw" endarchBladBatlan="washierManchusTitles" pyrexSplayed="toyJumpyImprest" sharper="5">
        <neroicOssicleSensify>smitingGuaduaGlucide</neroicOssicleSensify>
      </christ>
    </eysogeIntnlBiduous>
    <joylet phonyAnimoBemouth="subbaseEvict17" hottingVexful="quarredMangery" aristViroses="grousesBrush" lied="818">
      <fausen>635</fausen>
    </joylet>
    <ragbagsYouponSycosis>
      <ransesResters>tyeeFrushThrived</ransesResters>
    </ragbagsYouponSycosis>
  </sife>
  <antingSerinSanka limulusSyrphus="smecticMelaCrisic503" prat="stonk" />
  <umpyTassahSipper harnessLoselryRased="katcinaAxiomChyloid" />
  <hoggedStumper goonies="115678" rozener="goyleSkimpedPubl">
    <muridCopiedArcuale>
      <slantly>wrestleKachcha</slantly>
    </muridCopiedArcuale>
    <hoistedUnseen atabalHorde="534407" roupet="dilliskSpawny" scorpiiArgonsCheated="chainedVedana" lamiaeAzoPanamic="gregg" penningBirdeenScrawl="erectorSnurlyPoiser" stowYexLimbal="ancolyXerus">
      <seawaysPsaloid>hemoidLounSwoose8</seawaysPsaloid>
    </hoistedUnseen>
    <fersQuadiDizzies wipe="shrillsBluetopLoupe70" tax="domerFuzedWarmest" padnagsPyrotic="singfoToelessThallus" daltonCausticWither="erratasBackenTiffany" unshowyHagdon="unpentGulleysNecton">
      <cheir>74188</cheir>
    </fersQuadiDizzies>
    <gird>
      <inhaler>mobberDatism</inhaler>
    </gird>
    <coilerAnosiaMaxixe gilverSolachBlur="smiterPounceGawking">
      <hurlMarla>coveEtiamLigulas</hurlMarla>
    </coilerAnosiaMaxixe>
    <odaliskAtriaHalicot masaiSubduce="opahsDirgie" burgallWielder="5602" kersBedcapSeagoer="commove" dimbleFrocks="eureTilikum40" mutates="sorgho">
      <brevisWattest>gilding</brevisWattest>
    </odaliskAtriaHalicot>
    <salamiSegetalDisard scrushCooboo="oglala">
      <navete>diiodidPnce</navete>
    </salamiSegetalDisard>
    <silLifoMorcha>
      <atwoRasenna>deckingMoulinsHijinks</atwoRasenna>
      <sieverGrandsRum boshasSkewly="yee" kimuraIntimas="witneyZoogeogNerol858" persismMotive="smeeked" misuraArcite="swankerBeluchi43">
        <arblast>68</arblast>
      </sieverGrandsRum>
      <dentata odonateInfers="outjetBreathePorous">
        <seamus>zombis83</seamus>
      </dentata>
    </silLifoMorcha>
    <balloenWarier>
      <ritesMuddiesOutlive>6788</ritesMuddiesOutlive>
    </balloenWarier>
    <millineLuralTugrik>
      <cuticle>temeneOjibwaCystose2</cuticle>
    </millineLuralTugrik>
    <ascones sindhiUnsolve="77302" beepedTariffYlem="dregHelldogReffelt" permiak="wapacut42" polearmRepaperYirr="559" tombNaamanLogie="wokenMealiesHeroism" serranDemies="teaingParangs" albeit="hissySnipsPepsi">
      <toluic>mohursYajeninScopine2</toluic>
      <eseSugars seeweeAroliaCodder="glamSecos" dicolic="tristSailageThirls3644">
        <acerliUnhotAtomics>terpineGironWagaun</acerliUnhotAtomics>
      </eseSugars>
      <roxieRajpootUnusual caudex="8361">
        <itchPaizedPorty>redos18</itchPaizedPorty>
      </roxieRajpootUnusual>
      <escopetSharif abscessCamaceyBetween="coix91" chancedCrusted="noexTubae" keglerAbs="838667">
        <chattedAuguste>idesiaCronet4</chattedAuguste>
      </escopetSharif>
      <adoParah>
        <taipiYulans>jagHoodful</taipiYulans>
      </adoParah>
      <oretic nucleic="thumber" peyoteSignore="tongueFervid" genualFormelt="compoerSuba">
        <akoasmaUglisMekilta>langoProsers</akoasmaUglisMekilta>
      </oretic>
      <inside custodeBaleful="9740" quidSwagers="thinnedJotterSelly" atopyUndecylPolar="cuittle3110">
        <sniggleSipid>refusalIncreptSpigot</sniggleSipid>
      </inside>
      <deceitsAriotDraba belated="anglosHause" hazanimToilerObeli="6" slyerKainah="beknownBaals">
        <ladinKotos>knubbyQuinyieHowled</ladinKotos>
      </deceitsAriotDraba>
      <deviletCorbeauBlucher oakboyMyxoHodman="ischuryCurtate" amain="turkenEnmew">
        <nether>273118032</nether>
      </deviletCorbeauBlucher>
      <escarps>
        <condomsOrnoiteCervix>trawled</condomsOrnoiteCervix>
      </escarps>
      <bricklyBertatZocalo pentolLotan="codexCarid6" gallantTercioLoather="nek" aludra="fenny">
        <kurukhGuides>trefleeLadderyIliacus</kurukhGuides>
      </bricklyBertatZocalo>
      <bassiPairial cayucaTitano="mgalDildo">
        <hemoidGiunta>seniumMedialsMarsala</hemoidGiunta>
      </bassiPairial>
      <tumphyLarker>
        <seclude>4567</seclude>
      </tumphyLarker>
      <pisgahDreeghGangues gofersApter="391761" firthsAtabekEdaphic="tinierChangs">
        <andreas>shavianThunor947</andreas>
      </pisgahDreeghGangues>
      <bajada gretel="asianRotal25" envenom="48329315">
        <brelanKoontiSpousal>77655544</brelanKoontiSpousal>
      </bajada>
      <shelaRedeferGorble perceptLacunarLood="inheldeBemuses" postils="lino" bugling="igloo45">
        <evenest>62044</evenest>
      </shelaRedeferGorble>
    </ascones>
    <racewayMycPoetics tabersAhuula="chobGropesFeer" standup="herpetMizzly" uvular="209301">
      <nilgau>clauchtRenewedIonone</nilgau>
      <drumTibetanPose bunkersCrs="indwelt" gatlingBromateCalinda="jerkyOctofidKlaudia" frappedEvertsUnsteps="urged">
        <duckPikeman>cubagesMoralsShruti</duckPikeman>
      </drumTibetanPose>
      <smartyLicheny thimberGiedPaisan="mantraTankman">
        <dukker>pouletDon</dukker>
      </smartyLicheny>
      <raveryDoctus hebrew="calzada">
        <stoiterOleana>beewort</stoiterOleana>
      </raveryDoctus>
      <burnout coffers="vendingClammy" brothel="cunditeGiving" manchesStands="habeLessor" metersCacodyl="stroamFurores">
        <fulkGamming>keddahUnfound</fulkGamming>
      </burnout>
      <allicit pokily="smallDoleFinnick" detenueDotherCnemis="630">
        <lowanKodakryCatwise>teian</lowanKodakryCatwise>
      </allicit>
      <railwaySodiumsToted proker="rubbish81" gretelCraniaNorn="411" redos="dessous" thrower="pheninAmadisBatak">
        <heinie>emporia</heinie>
      </railwaySodiumsToted>
      <sciage vialingSinianWhisks="545595" fleamyIceland="trommelFenetre" epoche="ironersSplit" tidesWampleLingala="nejdIncord6137">
        <tibias>poind</tibias>
      </sciage>
      <imbe>
        <modallyGallies>twinismUnfloor</modallyGallies>
      </imbe>
      <sturtAoul fraisedBelgicTurfed="curdooNouldChylify">
        <limpest>pabalumSkrike</limpest>
      </sturtAoul>
      <upmoveTriazoLst acop="graveryRattusWaifing" rerigCourageGregg="397105467" barillaBensellBarfs="614857" brechamSenateAlthea="paveSeqqDecury">
        <bawtie>beseige</bawtie>
      </upmoveTriazoLst>
      <wiveVagnera barakaSubslotDekle="cladRiviereReread">
        <sashaysHumblieChoking>sieringWoorariCytulae</sashaysHumblieChoking>
      </wiveVagnera>
      <telexed>
        <decisis>9847782</decisis>
      </telexed>
      <presselHammer repaint="214791844">
        <formene>gazellaHanceFuffy</formene>
      </presselHammer>
      <greenukStonyIvywood relyingDocksClowre="loricVicinalGliadin" hypesRantockGulping="introitYuki82" topsGaslit="sabot">
        <gimbri>winslowRokee</gimbri>
      </greenukStonyIvywood>
      <anburyAngioidDegums bunchUnlocalSahras="trayfulActinsCulgee" laddersDrawnly="eyemark1175" ossify="acarian">
        <proxenyRodman>appayWindingVases</proxenyRodman>
      </anburyAngioidDegums>
      <filmize piggle="pacific" tubuliWyandot="let" batuquePerdix="kalongsHalfmanZonated">
        <flinchBalker>mukri</flinchBalker>
      </filmize>
      <foamsTuri tmemataStamnoi="908214942">
        <chide>9015901</chide>
      </foamsTuri>
    </racewayMycPoetics>
    <clapnetVolvellIdiotry>
      <piningGrecoue>xviiHidableWilgers</piningGrecoue>
    </clapnetVolvellIdiotry>
    <shownHapticsQuayed icecapFreezer="zoistAgitant" suffeteBlumeReunion="654413433" eneas="doubty" nettyTackles="29487117" kirpanReroseDossils="49155420">
      <fetterOctuorYew>whun</fetterOctuorYew>
    </shownHapticsQuayed>
    <exulateBleezyYawping>
      <philol>styrylMasoner</philol>
      <chancesJetportKingu sconces="burkingClaimedHain" arylateIronic="ristori922" tubmenTrovesDerve="75849">
        <rection>worldlyCussesSimool</rection>
      </chancesJetportKingu>
      <suffice yoksWaviesSebait="umuPochardAsarone">
        <compted>lyricPoditesBarbute</compted>
      </suffice>
      <audibleRotuletFellers ymca="affinedTroue">
        <stubber>carosse</stubber>
      </audibleRotuletFellers>
      <pajamasBetsDew jaggDismalsSkean="2" coxTwingleScarred="2972">
        <loathyGloatedPabble>logilyGoliad</loathyGloatedPabble>
      </pajamasBetsDew>
    </exulateBleezyYawping>
    <pavier pricedUnhuman="964331141" breciaHurkleCheaper="2">
      <pistic>predenySheep</pistic>
    </pavier>
    <oglalaCarbineGerbe djinnyNudest="tornit" irpexStandelHon="2279025" pealed="psychon" mulla="7" seepy="telium" sutured="sumple" illyIsmailiXerotic="1">
      <weaken>birlesPangasi5156</weaken>
      <lamishPinkeenForage pumaMurkier="brosot" tortorSubzone="mynahsBespateUnboggy" ankus="330323">
        <yogiSkillyBrios>windled</yogiSkillyBrios>
      </lamishPinkeenForage>
      <khakiLophine gowkitOrthal="manulVeneticApatan" baclinGrippes="138978" bussyTripeBalloen="jumbuck">
        <awfullySneers>ligulaUnbegot</awfullySneers>
      </khakiLophine>
      <acmes wallerLyingly="pinkoes" kennedyTurbary="datisiVendis">
        <elicitAbigeatUnfixes>retrimsSorrierGoujat</elicitAbigeatUnfixes>
      </acmes>
      <reina fraps="899192">
        <arccos>enables</arccos>
      </reina>
      <frizzVasal gamierCordantKrithia="codiumFasBegonia" outeyedChitsScouts="sirpeaChevise9701" chymase="celtuceSlurpedCushat25" rsvp="8689">
        <falcata>302</falcata>
      </frizzVasal>
      <vallotaEnamine beamsBlitumFooted="anonVarsal" genista="oldwifeWands" ripieniUnlargeSativa="arching" outpartNeathOkehs="oftestWraiths">
        <jouksBuoyantSternum>kendySozolic</jouksBuoyantSternum>
      </vallotaEnamine>
      <gyrousMebsuta khotHontish="1166368" molluskBulkage="soggily">
        <poonsHeaths>hyenaUncheckBablah</poonsHeaths>
      </gyrousMebsuta>
      <onciaHermesAtar>
        <illapse>bastion</illapse>
      </onciaHermesAtar>
      <enchest matlowIronist="7348">
        <frogged>phoebePicket</frogged>
      </enchest>
      <beamletScouse maidenEthical="paraUnleal8" begalls="tealScout">
        <surfmanPotboy>scoupOmbresCusser</surfmanPotboy>
      </beamletScouse>
      <myrica acinetaUpasSkatols="cordateMossesWullcat" chobdar="81992968" begunk="cramelAdobo7">
        <satesTummiesBrattie>310795</satesTummiesBrattie>
      </myrica>
      <curinChouleHyena>
        <mapucheCoelar>tricaFogo</mapucheCoelar>
      </curinChouleHyena>
      <queuedGibesUnnoble organyVidamePrimsie="2283844" rick="pardoDromonsPatrick" adsorbs="bleachReatusHavered" painterKudizeRevalue="fumish">
        <entourMetopesLues>850065419</entourMetopesLues>
      </queuedGibesUnnoble>
    </oglalaCarbineGerbe>
    <arikaraFamille>
      <stromedDunnageStaph>thickPulmentSusans</stromedDunnageStaph>
      <tyum laugherEesome="mohwaPishingMajors669" whumpAribin="asmokeVarioleChives" qursh="tapererGoyleTruvat">
        <natalieHelly>fanyIotaSospiro</natalieHelly>
      </tyum>
      <labber metringAllyl="coyoDoggieExocarp" partitaDinicBertie="manter" coetusOffalRhila="teecallHemmer">
        <hammy>biribaTub</hammy>
      </labber>
      <forlornNeep boardy="poljeClaps" bissextPechysAcedy="awesomeUplaneMane">
        <apalitSparusHosiery>dodgesPrevues</apalitSparusHosiery>
      </forlornNeep>
      <myosesKnarlAtomity kanaujiNeebourSperms="cooeyedGiaour8374" shazam="83">
        <sipage>hairyInanityBalkis</sipage>
      </myosesKnarlAtomity>
    </arikaraFamille>
    <staticeBedellOsamin>
      <ladyfy>culebra</ladyfy>
      <enounceStero wawsStadialDern="awanOmitsManini" tivy="gaudsRemoteSession">
        <bloused>throveSnaggedUnrowdy</bloused>
      </enounceStero>
      <frot niloticReimpel="surma">
        <extolsMairie>lowbornFurrowyMisfit</extolsMairie>
      </frot>
      <doux geripLullerNothing="cloner" abada="rei" jammy="wagedOftensTunicae">
        <sacoPantCrusher>threaps</sacoPantCrusher>
      </doux>
      <nautics nay="zooids" shariraLannyLoggers="shalluPumeHamza" voluntySculksDivvied="beerageGlazing" elmier="tinoBilin">
        <kerugmaCoquet>eddieRimpiCottrel99</kerugmaCoquet>
      </nautics>
      <bourock sagoinRoomful="braccaeSonnyJemima66" poisesSpiroleRel="foal" purline="6204" daidledUpsteamWaggon="mabolo">
        <mein>edemic6841</mein>
      </bourock>
    </staticeBedellOsamin>
    <mozing quaiTroper="prelatyCrooseTeary" bambaraLamaic="909659135">
      <lagwortGaedYiddish>titulusSequa793</lagwortGaedYiddish>
      <foinsRoridPotus>
        <radeau>642195174</radeau>
      </foinsRoridPotus>
      <hirstiePharoRuff dokoUnshot="opsonic" frayne="hosemanOctylGnats692" burrito="3">
        <pondful>reelJahve</pondful>
      </hirstiePharoRuff>
      <touche>
        <revokerIncra>9395</revokerIncra>
      </touche>
      <pursualApopyleGyrated tibia="wonnedBadassCapra3529">
        <upshootOoplast>boniTookNaveta</upshootOoplast>
      </pursualApopyleGyrated>
      <limneryDitto tungosJapery="coulieGodsent" loosed="6768825" advisoPaeoniaTithers="graveryCaroledLams" demonioSnots="hichuTressed">
        <dianderPhobiasWhereis>gadbush</dianderPhobiasWhereis>
      </limneryDitto>
      <favnMmfd mobbieLinseedRabbits="arockPilings" teste="1647050" fours="teazeCitolesFirkins" dioxinKartvelMashlum="rosinsAbarisJoeyes">
        <glyoxylDarren>144</glyoxylDarren>
      </favnMmfd>
      <podder bonanzaViolasEphyra="daynetTehseel" wirdAchime="witotoDandles" badder="stivyLiss">
        <fetaFudgerCabbie>worthed7399</fetaFudgerCabbie>
      </podder>
      <tracksFulhamIcho moonjahSegar="fistingEgency">
        <addedBogymanElayl>78627726</addedBogymanElayl>
      </tracksFulhamIcho>
      <hibito>
        <updateEngladBawbees>60905</updateEngladBawbees>
      </hibito>
    </mozing>
    <taxa>
      <wools>fatless</wools>
      <chincha nudesBruja="argiopeBlowierUpraise" jamdaniScherzi="53" funebreAconine="genoas2609" anointMobbleDelphin="9">
        <kerygmaThreadVenomer>folkishIvresseAtamans</kerygmaThreadVenomer>
      </chincha>
      <pechysSaltineFacture mastageCalami="2" gansa="snigs">
        <catterUnhate>887</catterUnhate>
      </pechysSaltineFacture>
      <flirtedErgodicUncinus techiesOphir="dornPochoir109" cymlins="cozeStethy75" talonidPodlerWinnow="subnudeElsinPersis">
        <brinsAddison>impones</brinsAddison>
      </flirtedErgodicUncinus>
      <squillaLienor tapperProetid="arizonaTatu" gidStipel="accloy" rontgen="retanSagelyWigtail" dahoonsDazzlerAdmove="quintadByously">
        <allectNabu>hundiJunglesNizams</allectNabu>
      </squillaLienor>
      <chevauxDaintyAhungry>
        <crural>tenguOverfagNibbled</crural>
      </chevauxDaintyAhungry>
      <powdersTroupedRabi picrisZinzarHugged="55764361" file="holia" jobmen="nahum">
        <mayhemPreknewRubbed>racialTylarus</mayhemPreknewRubbed>
      </powdersTroupedRabi>
      <campholCensersLandmil gotched="116" mudder="reshear80" bastoCharco="86812">
        <wurleyShakers>octoseRookWat90</wurleyShakers>
      </campholCensersLandmil>
      <pascolaSquamyDiable inertMixibleRetomb="liquet" renga="pterinAfdechoInbowed" saracenPalestHoorays="sennettFueledRacial" penitisVisiteeTenore="21226504">
        <dualiForeranAssisi>genomicHallali</dualiForeranAssisi>
      </pascolaSquamyDiable>
      <amisEsmayle tufts="marketsWiserFeelies3" shirred="brockleUnpent">
        <puppifyTaylorGrice>degust</puppifyTaylorGrice>
      </amisEsmayle>
      <sprier>
        <cavatedAlkanes>begeck</cavatedAlkanes>
      </sprier>
      <curetWurstDecreed dibMuskets="algine">
        <cymoidPlacardRetund>fidgeClutterCartful</cymoidPlacardRetund>
      </curetWurstDecreed>
      <abordAghoriBathala arpensStelaeAylet="gallnut">
        <airparkSailyeToran>yawps</airparkSailyeToran>
      </abordAghoriBathala>
      <lobberCuisineYourn garnishZamorinInexact="reemitsMacchia41" armscye="ralph54" omniumJarvis="pondy" feudingEuroKahili="5">
        <patensNidedGuergal>duncesPompons</patensNidedGuergal>
      </lobberCuisineYourn>
      <ourie podex="prionidScroutLative" lebhaft="148" okinawa="136161" nashgab="ditting">
        <comfreySahuaroGekkota>bemiresLobataeEluding9</comfreySahuaroGekkota>
      </ourie>
      <thinNimbler enzymic="5" aubainVadium="stubeFavored" sonants="855">
        <lansonAlkennaBugler>coelho</lansonAlkennaBugler>
      </thinNimbler>
      <napLavChubbed echoicLidar="warful72" gundeckGames="mondegoAirier1">
        <lyristsSpahees>lirClogs658</lyristsSpahees>
      </napLavChubbed>
      <failingMenace gainset="stewpan94" unbeltsKurmi="tautingUnsavor" publicsIresineImam="ravenCaudate">
        <hezronOuvrierOsmetic>808249921</hezronOuvrierOsmetic>
      </failingMenace>
      <hordingProven alogyUncages="forevowSpy">
        <thyris>8211073</thyris>
      </hordingProven>
    </taxa>
    <youngFerialFussily>
      <reamedRandalSpells>glossedTabutFilings</reamedRandalSpells>
      <aloid baggersFoxtail="hearts" whoresAscribeSouchy="unseams1" umgang="viroseTucana">
        <bondonNaviesGoracco>hausensShooi</bondonNaviesGoracco>
      </aloid>
      <flecky>
        <pampeanSerta>636484</pampeanSerta>
      </flecky>
      <alsikesFowledFilose fanny="helomaDrovy" vincentJaga="papayan" gosainKernel="wormilsStogy441">
        <soutarGuaryDisable>annihilGleeked</soutarGuaryDisable>
      </alsikesFowledFilose>
      <anywise>
        <daudingSongleUngyve>chkfil</daudingSongleUngyve>
      </anywise>
      <siftsPume>
        <duplon>azons</duplon>
      </siftsPume>
      <alexine butanes="penialAryl" zeroCramper="gaupingForgers" frothKerogen="clotAnanism">
        <colombWaddied>mortice13</colombWaddied>
      </alexine>
      <haters fifed="viridEffendi" awhileJervia="defame" anademsOddlyKudize="sejantPorrChebule963">
        <turiResorbSmilax>vendisJer24</turiResorbSmilax>
      </haters>
    </youngFerialFussily>
    <norryCaelusShita sciathSinzer="amebean" meijiBanchi="tejuCourge" unrust="pallarSaxonly" altusScreakCossie="9008951" intends="languidScytale">
      <koranBakraMahajan>anent</koranBakraMahajan>
    </norryCaelusShita>
    <baselyCalvingTrojan mannifyKal="116429817" diddy="ake" upsweepRoundleRatchel="diminElflockNoil">
      <isogyreRidgelKittle>preceptDemonsMatross193</isogyreRidgelKittle>
      <slumsOssuaryRevues mythismRainierGains="duoviri">
        <gleemanDetachs>itemPolaric</gleemanDetachs>
      </slumsOssuaryRevues>
      <finingQtam>
        <skipperBedashUnireme>496328</skipperBedashUnireme>
      </finingQtam>
      <towneeUnknow sursizeMasooka="79" morelleOkie="fdtypeWoomeraChank" jilted="cashbox" mahantSwanpan="twankyCraps">
        <craping>93618527</craping>
      </towneeUnknow>
      <reknock teashopBurker="vikingsCharon17">
        <hilloaLags>carapoTricksyTiki</hilloaLags>
      </reknock>
      <snoops iridicSashFusile="picidae">
        <somites>pedatedTrickie49</somites>
      </snoops>
      <intime chaouaKokopu="antreUnowned">
        <cloop>2846</cloop>
      </intime>
      <hereofPutonTried roucouGunsman="barbateFablersBeclose" queueOmao="forlayRipstopCedilla" tribeAlls="basanExp" zoosInforms="diet">
        <snew>lantanaBonism</snew>
      </hereofPutonTried>
    </baselyCalvingTrojan>
    <vic>
      <masse>heavens</masse>
    </vic>
  </hoggedStumper>
  <orbicleAthumia>
    <dollarsRaperCaum>
      <paxEsther>villeLawsuit</paxEsther>
    </dollarsRaperCaum>
  </orbicleAthumia>
  <desiresOtitis badderGarbureUnliken="lloydLoun" pesadesHormigoSparily="54247397" posiesVioletDendric="5737470">
    <gillied reverts="75530562" leggins="fogrumGrooms" bijasal="32" jarmoBulbule="blowoutAburton" straySpirted="doucBhandar" lakeHtel="rasperScaroid" slackenFerox="fittageCorcass">
      <aselli>abamps2157</aselli>
    </gillied>
    <sultry>
      <cahowsRicket>soleil</cahowsRicket>
    </sultry>
    <lysines>
      <locus>8143149</locus>
    </lysines>
    <dismaysHunderValva>
      <aretesKingu>telemanDicotsRegales</aretesKingu>
      <gerardBaba woofer="sagittaYukRhynia">
        <loangeBorates>470171045</loangeBorates>
      </gerardBaba>
    </dismaysHunderValva>
    <ammoSwaths>
      <lond>suramin</lond>
    </ammoSwaths>
    <dbrn>
      <sotol>antigunLamblia17</sotol>
      <dksJoeyesWochua niteryItoubouDungier="ponent" findal="groomedBinoGynic">
        <scanianKainynSemiape>whampeeMisdrew57</scanianKainynSemiape>
      </dksJoeyesWochua>
      <goalie>
        <sextoleSaltine>matador</sextoleSaltine>
      </goalie>
      <dashedFiatRadicle orthite="9" disroofBeslab="nabak" odz="unshawlGrsHermes">
        <alerted>324</alerted>
      </dashedFiatRadicle>
      <taulaSodasWourari>
        <whorageQuadrumDiffers>septaveMikvahs</whorageQuadrumDiffers>
      </taulaSodasWourari>
      <wafer apperilBoursesOnan="alecupFuroidBeblot">
        <castroNincumLiasing>lingua</castroNincumLiasing>
      </wafer>
      <comerBuvette tyronicActualRamlike="lagunaFleme">
        <seasKoines>56</seasKoines>
      </comerBuvette>
      <agriaCoitLockful sinsGila="asciansHarrows" pupatedCoemptChrism="manitBanged241" gieingGuanine="dentaryRsum" crcheFoliotWrawler="poling4">
        <pikaSmashHobber>bourseFlokiteAlmsman1</pikaSmashHobber>
      </agriaCoitLockful>
      <tabidlyAstrean adagios="heinous" dizain="avenidaRenerve" resewMutingTurquet="coproseHamaulsCroises36">
        <hartlyPetro>mashieCaudles</hartlyPetro>
      </tabidlyAstrean>
      <plimmedMashers>
        <uphoardAvowalCation>goitresCyc</uphoardAvowalCation>
      </plimmedMashers>
      <ledenPetemenFlongs borneoWemHumbly="27410988">
        <pleopodWeiSuccor>wingtipTakinRyotwar6</pleopodWeiSuccor>
      </ledenPetemenFlongs>
      <roke arcella="peyotesImpetus" loochDefassa="manzasMakoua532">
        <pekes>gata</pekes>
      </roke>
      <junkerZanZibets>
        <scissorEddying>thrift</scissorEddying>
      </junkerZanZibets>
      <pocketyShavies siccarKoomkie="81051">
        <summityTarpMustang>oneiricMummiedThrinax</summityTarpMustang>
      </pocketyShavies>
      <mozeMoundsMeeds keeperSoleret="4" taluka="10532394" oneselfProbalSurma="beteachYay">
        <jamdaniHeaverRaun>typesofAlary</jamdaniHeaverRaun>
      </mozeMoundsMeeds>
      <sortyButyrTripper>
        <leangle>peloria6</leangle>
      </sortyButyrTripper>
    </dbrn>
    <outdoorOctavia>
      <senhora>ischium1396</senhora>
    </outdoorOctavia>
    <labrys ruffs="roughed" restaur="dopantsUpshove" pukrasGallopsWarked="jingalsLimnicThrip">
      <coladaFibbers>xerogelFilmily</coladaFibbers>
    </labrys>
  </desiresOtitis>
  <baalDivineCalifs overfitPittoidOrpheum="enjail">
    <peitrelRosinol>
      <waffsAiel>670</waffsAiel>
      <semolaComournRinch ageneReisOrganon="argosy" typhlonErava="oolitesRoungeRedare" sellerSilly="527449408" trionalLisaBounden="pipa">
        <fonding>hygeianNockSeder</fonding>
      </semolaComournRinch>
      <doggeryReassay propmen="woo" cottySteddle="156408" irising="186755538" ferdUnidlySanhita="rifeTophphi">
        <kilo>10978041</kilo>
      </doggeryReassay>
      <iserineForesee whimsy="lakmus" gayety="7447589" pizaineCeiling="7">
        <boodledVetustyKumis>barfed</boodledVetustyKumis>
      </iserineForesee>
      <spirale>
        <ideasXref>culicidTaphria</ideasXref>
      </spirale>
      <bamah>
        <cannelSmiths>borneanFriskAttaste</cannelSmiths>
      </bamah>
      <hafganActuateSteep widgets="spalax" qts="yangPaucityOvercry" baskishBrensBackers="talterSlatter">
        <fordeal>tissualLicourGypsite461</fordeal>
      </hafganActuateSteep>
      <refloorGoogolsRemend splores="hourlyBitonalFaddism">
        <rethawBorg>siccity</rethawBorg>
      </refloorGoogolsRemend>
      <zurichPomace inducedWreakerCinel="puquina" hawaiiPatuSawbwa="sakesRobigus" swank="cantoonFiry">
        <wap>acridicKeckleFellic</wap>
      </zurichPomace>
      <suntrap caneRetallySliddry="thieved" outcry="jacobinWeirderGabies" fosterVerdea="chkalikHyssop">
        <antigun>elogiumStrickSaumont</antigun>
      </suntrap>
      <virls weaponDyelineFoozle="42" infamiaJupiterDiaster="manakScurvyNorth" remitsChacmasDecals="sextulaCantishDourine874" rampierLamb="jussel5">
        <unsoul>oarfishOviger</unsoul>
      </virls>
      <morusDipteraIdite>
        <awebandPrimelyTensely>19061</awebandPrimelyTensely>
      </morusDipteraIdite>
      <brayersDivata tumbly="towsonDigueStems" ordinesThimble="humpingBarge" sewlessMidmain="6432797">
        <aretHyssops>baikieVenero</aretHyssops>
      </brayersDivata>
    </peitrelRosinol>
    <toryess patientArdourBicorne="pekoesSwimy88" terrarSeisersIxtle="moderneFeezing31">
      <missangProsing>6</missangProsing>
      <wabbyAwe yesoBubble="spink">
        <malist>rutiles</malist>
      </wabbyAwe>
      <endomeVefry khepeshSpirit="hdbkTawtie" prexy="lattice">
        <noshingSlickAgha>quango38</noshingSlickAgha>
      </endomeVefry>
      <exotics bahamPiskunOpalish="visier" cavdiaFlummer="kilneyeJounced">
        <timerHocus>stages</timerHocus>
      </exotics>
      <golfers>
        <blanderDentateAirers>eonismsJataka</blanderDentateAirers>
      </golfers>
      <slantsKoan whulk="2091" didalFrocks="bakwiri425" potterUmiakGuacin="866583">
        <reariseStifflyDitties>soodledSpaltSestet</reariseStifflyDitties>
      </slantsKoan>
      <bathmanFucosan multure="agnomenFangerByssal">
        <fordealCogenerChypre>606567</fordealCogenerChypre>
      </bathmanFucosan>
      <ferling chamite="ruppiaSondesArc" decidua="myrtBad" crombec="eratoSeps">
        <meanersSevres>brinesNils438</meanersSevres>
      </ferling>
      <foilingDiskingLauter tirlLascarNatu="shapedSprucyFlame6">
        <polyveSciuridStand>furiedScappleHecco</polyveSciuridStand>
      </foilingDiskingLauter>
      <ceduleUmbra>
        <seoritaMaySiti>abac</seoritaMaySiti>
      </ceduleUmbra>
      <gaffEngarde opacousHaute="aswash" pedleryKetenes="apionolSaynay" windy="merfold" clodAkin="clitesElamp">
        <tientaWholelyAmala>stashie</tientaWholelyAmala>
      </gaffEngarde>
      <jibheadPortio jorramZincic="218836604" fenksBoggedScrolar="9">
        <greaserRaguly>ejectsWagoner</greaserRaguly>
      </jibheadPortio>
    </toryess>
    <sulfaCatodonSkiddoo>
      <lescheMesivta>begsterPosher</lescheMesivta>
    </sulfaCatodonSkiddoo>
    <glout>
      <skyfteSnooty>pumiceManrootUnurban</skyfteSnooty>
    </glout>
    <keddahMidstsGnash>
      <cludderBurrApplot>jeeredTouficMino</cludderBurrApplot>
      <sirrahsHarking>
        <reshear>bethumpSniveyUreido</reshear>
      </sirrahsHarking>
      <urolBerFremd>
        <chequesNullCoddled>2</chequesNullCoddled>
      </urolBerFremd>
      <stacket>
        <onzaShipsAdinida>2690</onzaShipsAdinida>
      </stacket>
    </keddahMidstsGnash>
    <proprKokio duckyTwint="hartal" axseedCanangaCopyboy="haggeisAcumensPolyose9007" tramps="940068" haveredLavecheSpart="warseDockizeSailor5761" polypodUnbasedFaked="sturts7">
      <kettle>838870</kettle>
    </proprKokio>
    <minSolarCorcir>
      <zorilleReginApogeal>spiraneNaght</zorilleReginApogeal>
    </minSolarCorcir>
    <wigeonsSteakQuadrum loxicIllustSicer="hankySturnusCaliga" capa="pastesSkedgeGravata" uncoreMank="loriner" panzers="whalesCyclerBehowls" tornadeMennon="plucky" unadaptSneezy="abyssalFicoidBobet6108">
      <zooglea>saravan</zooglea>
      <ponceauHottie palermo="8261">
        <favored>nabalusEaning</favored>
      </ponceauHottie>
      <opaquer millingAccollMinster="1859146" spreadPetaryBesagne="wendedPunger660">
        <aisle>169</aisle>
      </opaquer>
      <scaff>
        <marteleSwayed>happingBesplit</marteleSwayed>
      </scaff>
      <florealTideripCuret rangerMenialsFieldy="earlap" wath="gyvingCitrene2" furrierTonlet="anopsyCuss" loops="mikrons">
        <patmianGushy>tungahWhizWearier</patmianGushy>
      </florealTideripCuret>
      <rollEndrinsFishery>
        <foreset>troussIndiana</foreset>
      </rollEndrinsFishery>
      <latakiaGutsierBurgoo metall="sheaveFixatorSthene8" wommalaShrillyGrides="tearcatDegrade">
        <drunkerCordy>finnocScatt</drunkerCordy>
      </latakiaGutsierBurgoo>
      <fabesRetoolBakshi erthLettCompear="584352" flipingItalianGujrati="navigRedcoat18" mumpsOutroar="burel" bacabaGabrielMetump="9">
        <oersted>penesPorusStunt898</oersted>
      </fabesRetoolBakshi>
      <cumaru>
        <nanosecAfreetPeskily>cirrose</nanosecAfreetPeskily>
      </cumaru>
      <hexaceYahvehAsserts>
        <mulism>fremdly</mulism>
      </hexaceYahvehAsserts>
      <mordvin foistsCringerSkeptic="exodosTingent9268" sergioRandiesChekhov="risuses">
        <droopedHoop>reginaCreeks</droopedHoop>
      </mordvin>
      <pasesHewableRustles hawsingRepeal="974" timers="euphemyBuvetteBasest" raffias="eckleinPomesLuxury" shaftedTonsile="mayaYankton">
        <beedgedVodGnatho>wisedRequitLaddish</beedgedVodGnatho>
      </pasesHewableRustles>
      <rebatedHougherGarbler fleakCribsInturns="mictionXenic" scuseDepeche="tussehPellard" jubesCaamPronota="brevete107" aliquot="thrymsaCockedFlutier">
        <dhamnooBocalCoterie>54</dhamnooBocalCoterie>
      </rebatedHougherGarbler>
      <theelolPeneidGandum disbarNeoneds="cellsIxiasBanca" morosis="dilutesUnlaughAquarii" aredElvan="ecclLumperSirkeer">
        <gluckeTeabowlAnama>driftGuanin</gluckeTeabowlAnama>
      </theelolPeneidGandum>
      <boscMumpersWhidahs>
        <entiresGalliCaveat>whilterBreba688</entiresGalliCaveat>
      </boscMumpersWhidahs>
      <juncos>
        <cleekyRoachedMuggily>piasaba</cleekyRoachedMuggily>
      </juncos>
      <ovenly feltsPotgirlSubmind="hinging" excel="bonducsQuintad" parlorsBoolUriah="haspsDiodont">
        <sinnersExtollsMirish>rivelDittFconv</sinnersExtollsMirish>
      </ovenly>
    </wigeonsSteakQuadrum>
    <sidlinsPrewarmEssoign>
      <fulcral>odorateBeerilyCloseup</fulcral>
    </sidlinsPrewarmEssoign>
    <canalis>
      <shearer>podalThrongs</shearer>
    </canalis>
    <markab hacksJoropos="strutLakh" soughs="sofia" keasUpfly="pastedCousiny">
      <fizzier>69487993</fizzier>
      <outcastCraftsAssyria syciteDrunkerFeeing="tawsesWrath9" dangedCurtsy="isomeryTonantBiotins" emotesKousinLindera="ischar99" kimchiKippers="portatoFileaAiolis">
        <debarFloeAgonist>cheaply</debarFloeAgonist>
      </outcastCraftsAssyria>
      <tunesSigill charingSquired="ingenie">
        <kerel>368916</kerel>
      </tunesSigill>
      <reemishAhetBeblot roadmanFellani="educand" sensismPoetito="picalPoother">
        <warlOccamyFusilly>928391</warlOccamyFusilly>
      </reemishAhetBeblot>
      <braveryChoringLarick nasabSubgape="mangona596">
        <sanjaySidlers>steppedGrieceMarket</sanjaySidlers>
      </braveryChoringLarick>
      <wrixlePupas skillsHivePhonier="tregohm" worrel="asquareOxysome">
        <fini>stingeCursors</fini>
      </wrixlePupas>
      <ailantoWelsherPlaidy>
        <sheuchUpped>panmugWordierSanjeev</sheuchUpped>
      </ailantoWelsherPlaidy>
      <suclatZigzagHewt gershonTreadKooks="unpapalRebribeInsuree" bassets="1" ephraimTarcel="18194">
        <enjewel>sambuca</enjewel>
      </suclatZigzagHewt>
      <barrulyYacked poindGoenAlkane="ennuied" skycap="biggestResat" patmianRefixesAtaman="kirstenFurors384">
        <sarScarrerHeired>indogen</sarScarrerHeired>
      </barrulyYacked>
      <dap scans="teughBurials" redansPontac="waunsReclean" maoists="19">
        <wellGhee>outcaseResmeltLoper</wellGhee>
      </dap>
      <trace osmious="deasilWen601" dish="87" exuded="termenSabres">
        <giroDiagram>epactWareman</giroDiagram>
      </trace>
      <gossansErvil whidderEntomolRemerge="maydaysAlpsMawkin9915" illumesDayroom="hexadesHoofer" hightedZoogeneAilsyte="chemin">
        <smokiesTannage>frillyDishrag</smokiesTannage>
      </gossansErvil>
      <sizzleJezailsFlidge tokamak="858" remopYonkerAula="yetter" cruetRelier="shai">
        <peckingOverarmExtancy>franks</peckingOverarmExtancy>
      </sizzleJezailsFlidge>
      <mitchPercurAnomal dillisTampangTheist="docks" jam="eolithsImpales">
        <chanter>beldameStylite76</chanter>
      </mitchPercurAnomal>
      <apodSatdYern hitsOnes="waxbushHadawayDineros" salival="riffedSloopBrigue" coenactRoomingBrownly="norwayVangloeUnwig">
        <slurbanRockingWadable>trilobe</slurbanRockingWadable>
      </apodSatdYern>
    </markab>
    <dhooleyJaponic ufos="ardeae" moasTeiidaeObese="5694547" woftGilguyLungful="redSteelenHasher" misborn="chaw1" icker="harpinsLivyer" adepsSoutenuTomcats="odyssey">
      <airmenPawnees>offlet</airmenPawnees>
    </dhooleyJaponic>
    <recusedDemodexBrolga>
      <boboPilarGlutted>upstoodGarret</boboPilarGlutted>
      <jhoolBram pranktAshy="coxiestAyin" cipherHomelyn="ballotaDays" penury="sleeve" ungraceMurryDiapasm="16">
        <faitsOakland>gomastaInlake</faitsOakland>
      </jhoolBram>
      <camayDegrade cabletCluffLobbing="45">
        <cadgerDray>bedeman</cadgerDray>
      </camayDegrade>
      <sojourn pickier="ijoXeriff" himawan="hettyUntreed" strettiOversum="unmanedMinaean">
        <thulr>38</thulr>
      </sojourn>
      <tailpinIntents souchyBrimseTupiks="punceAnfeeldColima">
        <outgnawHumanerBisson>5079566</outgnawHumanerBisson>
      </tailpinIntents>
      <weakenCons artists="lenth5045" orlageColinus="bogumUndaredChopins" cort="essayedBibbersFlustra" cardoonWoozy="cheekedLacunal">
        <oughtedBahaismSwelter>bunnyDarklePooches</oughtedBahaismSwelter>
      </weakenCons>
      <wame begorrySimous="shilpitClowderGean" vermesEcphorePondful="channelSkycap152" tamaraoKuldip="aimerTampionAvoutry">
        <moatedWeeda>slouchyAtren</moatedWeeda>
      </wame>
      <subicleJubarbUrartic spayardTolowaTranced="417868595" pirogenMightnt="wagenerNollePossies" oriyaMoonset="9" minnowJalap="7">
        <bogeysAnions>opahsGrudgedNapead</bogeysAnions>
      </subicleJubarbUrartic>
      <ginward plew="wooedPurfles1333" shanty="nuttish" rigsmalSandal="methKalpakSofas" furcula="polersWagersCortaro">
        <gaboon>innersAspacePertuse</gaboon>
      </ginward>
      <bender whelksNgai="suimate" afoundeDiscumbClemmed="remenePedeses577" mentholBade="latents6161">
        <iliadDelimerSeduce>mandan</iliadDelimerSeduce>
      </bender>
      <oneSymVigor>
        <tollersFascist>ufologySeniors</tollersFascist>
      </oneSymVigor>
      <pagers rasure="dubbSewn" airboatMaguari="podatus" kanauji="trumpedMulls473" verdunSpulzieFurfur="montemPerryFlaw">
        <beclipTangham>echinidIsotopyUnsweat</beclipTangham>
      </pagers>
    </recusedDemodexBrolga>
    <barqueFoggishVappa>
      <batoka>barnfulCompileSaw</batoka>
      <patgiaNizams boric="quavers9" avoyerBouet="nellyKurtMiting103" valvulaOutbud="presawRajab" lemnianMinisubHcl="rumoursVeinuleAccede">
        <vivendiLatched>817406</vivendiLatched>
      </patgiaNizams>
      <yeesArpanet affeirRipperAkepiro="471453682" ebraickTils="shamerPsiaRoseola">
        <toponym>coccousInsight</toponym>
      </yeesArpanet>
    </barqueFoggishVappa>
    <emuleHoggins lebhaftAssPonce="razzed" carrack="exalte" pertenWawah="diporpa" creesh="untine" zinnia="368556192" nuggetCoannex="dujanDageshXyst" chubsDecast="breirdAgon128">
      <satyricScares>78807708</satyricScares>
    </emuleHoggins>
    <forvayIrrate leaver="svelt" kinkNibbler="mismazeAmphidExtols" lankierStonePeened="5818" trishaw="becivetAdvena" crazilyLabours="baunoAcerval" movablyCopprasAponia="fishnetBargeDonut">
      <ploukWidishToweled>kiangan</ploukWidishToweled>
      <bugshaFray adulateErrantsAnareta="sipple" tropesLogilyArchy="7275" roupieCulpRespell="workbag">
        <pondo>boiseScottyAnatoly</pondo>
      </bugshaFray>
      <nailyBaile>
        <dardChap>joylessStuprum</dardChap>
      </nailyBaile>
      <malm loaning="whisted" leppyHussy="fadgeFoetureAnaxon">
        <tatbebBabiRoyale>cornuteSetwallCremes</tatbebBabiRoyale>
      </malm>
      <orleBananasPitapat>
        <nigreTobeZoaea>kiangsCullerTortie</nigreTobeZoaea>
      </orleBananasPitapat>
      <baniJerHool bessieSpissus="upbreakDunting45" endured="ludwig188" wringedZoopsia="bardish" poodle="uncaseWadlike">
        <gladifyReadersFlitted>nauticTiningNubbier6349</gladifyReadersFlitted>
      </baniJerHool>
      <slangsDashCrucian>
        <dandierZibeths>slipman</dandierZibeths>
      </slangsDashCrucian>
      <rumble lichamPabbleFanega="rebukePonders">
        <defoamLegist>gandulHanoMonomya</defoamLegist>
      </rumble>
      <phrator crureus="mislledKotoko">
        <femGrape>deburrBilks</femGrape>
      </phrator>
      <spelmanGratiasSaury>
        <amtmenKebar>gattineQuasheeAllelic</amtmenKebar>
      </spelmanGratiasSaury>
      <susian>
        <titresEstus>skit</titresEstus>
      </susian>
      <gliblyZiram cytode="murrainRiserva305">
        <cost>62908</cost>
      </gliblyZiram>
      <enrootPegging>
        <sepultNip>burrelDragman1787</sepultNip>
      </enrootPegging>
      <nicelySarcous pepsCabbieNurses="encomyMistery">
        <beefCartage>59222739</beefCartage>
      </nicelySarcous>
      <flumpWolves>
        <blatsPure>metronInurned</blatsPure>
      </flumpWolves>
      <ozonedTaipo ligated="iodosoOswegan">
        <roterMateleyRomero>95300</roterMateleyRomero>
      </ozonedTaipo>
      <ketosesFudgedEpulo mumblerCoercerNitta="sonrai">
        <canidae>patrial</canidae>
      </ketosesFudgedEpulo>
    </forvayIrrate>
    <fluentSmashDunair>
      <maughChypreGanglia>24</maughChypreGanglia>
    </fluentSmashDunair>
    <refaceVendors>
      <hematid>outrankWiremen</hematid>
      <inpoursArterinRehangs kindredMorgues="thorpe" nowyOrcanetPistols="603882769" proddleSlifter="rsumEnwoodDogvane9090" horreumSlickedTowzie="5200">
        <thereMercury>152</thereMercury>
      </inpoursArterinRehangs>
      <ozophenSoberer yirrsSacatraCheer="318643">
        <caoineCoif>growth8368</caoineCoif>
      </ozophenSoberer>
      <winkelEcumeneChamos pindCstAdossee="recheat">
        <chiffonHeikum>cupfulsRoutersCotset</chiffonHeikum>
      </winkelEcumeneChamos>
      <titledLoosed haymows="abregeCaelum" milden="aramidsMaucacoJustly" hackers="7692807" polypedSalvoedRemits="viewers">
        <hubb>frowyProdderAstir</hubb>
      </titledLoosed>
      <bladerFurileAchuete antiqueHaiksUpgoing="926" hire="5" strokerAljobaInjury="outfeel29">
        <luteicQintarErases>9</luteicQintarErases>
      </bladerFurileAchuete>
      <brolgaZamiaIceni uferMurids="badlingLucresSparage" maxixesCaddis="poggiesChafingKaolin">
        <mimaBrucin>jatos</mimaBrucin>
      </brolgaZamiaIceni>
      <tripy pellockWebbyMonarda="voicersTuguria">
        <wolvesSelahGurdy>nearer</wolvesSelahGurdy>
      </tripy>
      <lubeVary dryopsButPraham="45650" wrecksPairtDidact="fossilsPshawsHachure" jookNaphthoOxboy="gnarEvase">
        <roomers>8</roomers>
      </lubeVary>
      <shanganDispulp lacks="preciteSpunge" wae="221553" dialogs="aroid" banjaraBorak="infused">
        <sunsetsString>impvBunnia</sunsetsString>
      </shanganDispulp>
      <lombard>
        <camblet>amices497</camblet>
      </lombard>
      <oculusAvernus fretfulOdonateDerobe="lungeRenigs" spermic="6358852">
        <moggiesPterins>allyouBakeout</moggiesPterins>
      </oculusAvernus>
      <skelpsKeelfatGigaton buckingVetus="apereaOutpryChalked" pesaRococos="1" desma="lommockButch">
        <semiape>chichi</semiape>
      </skelpsKeelfatGigaton>
      <potternMyriadsInulase vanwardAppayBiotite="655633636">
        <dollied>caraunaDelyAgata</dollied>
      </potternMyriadsInulase>
      <mismadeRastledShocked>
        <frauenWodgy>remiRewaked</frauenWodgy>
      </mismadeRastledShocked>
      <lowedTritestPleuric blaineZebulun="chortle" zitzith="minimisDingar" knasterManesSand="dfault" tombacsReneged="upblazeMohrFeoffee3">
        <profitSpermicJustle>gyvesCypriot</profitSpermicJustle>
      </lowedTritestPleuric>
      <spairSpares>
        <amoraim>mizzens</amoraim>
      </spairSpares>
      <dashersMorelle lewOrca="baselyMorgenStoga3914" gallopKaph="boogie" huzzaed="gaelicKnapplePanders" abutNewsmenBoyhood="ceilersStadda925">
        <corvoidBestrutFultz>spiveryMotonTrustee</corvoidBestrutFultz>
      </dashersMorelle>
      <meatilyCorgi>
        <sentineGowanyUnson>buggedBesidesJiff868</sentineGowanyUnson>
      </meatilyCorgi>
    </refaceVendors>
    <lieges>
      <roon>286941</roon>
    </lieges>
    <bedebtArleCurua>
      <kammeuLaxlyPewee>besmokeLockup</kammeuLaxlyPewee>
      <athyrisDejects dismayLesion="glowfly752" torpidTabidSlough="895" bekissHeavilyScyphus="boatlyGuinfoMagyars" phippeBrisker="45500279">
        <boxingsHitcher>canalerPheonGeonim</boxingsHitcher>
      </athyrisDejects>
      <gentesSlash kirsch="mazardsZaparan">
        <pulasRushed>aircrewSterope</pulasRushed>
      </gentesSlash>
      <suing triazinPledgesBookism="dette" votiveSaumurClarina="incraOrcs" bargir="holiestHoboed" docmac="624261010">
        <begeckClarity>balatSalmin</begeckClarity>
      </suing>
      <noma algate="eddoesPortals" eighty="poggyCornbinPlacers" teaselsZigged="surfieSulkersHights" unbaseYorkishGillian="dauriOutwith">
        <pleonalHayband>ripplySoughVealing</pleonalHayband>
      </noma>
      <obadiah ziggerScreenyAreason="434983133" sharersJangada="wedelEdemata" jinnUnmewed="hasslet">
        <bigaeStashesLitten>chaunts</bigaeStashesLitten>
      </obadiah>
      <tangerRicked>
        <pausers>taurean</pausers>
      </tangerRicked>
      <jupeGemmoid sacianAlvinStunty="bedot" orricesGlobe="vaire" spicaeDsp="vestureAlophas3309" sevensCheapoEmbog="courted4">
        <sworeAlbumenCorbeil>gularDunningBonanza</sworeAlbumenCorbeil>
      </jupeGemmoid>
      <properGypsumsMeedful>
        <biggins>lordy</biggins>
      </properGypsumsMeedful>
      <chowedGratten witness="spinaeImpelZeroth">
        <honksVari>2089667</honksVari>
      </chowedGratten>
      <arbacinCiao>
        <leapfulKoussin>648</leapfulKoussin>
      </arbacinCiao>
      <iyoMangeCopain>
        <coupureOctdra>puckaMistico74</coupureOctdra>
      </iyoMangeCopain>
      <dinka narc="44564">
        <pilesBookies>gibbersPreenerFlex</pilesBookies>
      </dinka>
    </bedebtArleCurua>
    <nearer>
      <runch>beevish</runch>
    </nearer>
    <chaberKismats creticsTonnCerin="sken" taxemes="gozzard" chihfuCasernsCurate="finedPlum" attack="unseelArrgt" bonnnes="ladlesMidgy">
      <normal>tidioseSautoirKanwar</normal>
      <unwebBarfs birdedAtar="annerreBenamesBhd">
        <vittleKulakiToyman>elkSoam</vittleKulakiToyman>
      </unwebBarfs>
      <zocalo mumming="doabMiscue" preppyRetore="lokaoTumeAdobes541" becapCising="preps" apathus="215">
        <beepsReaudit>27117</beepsReaudit>
      </zocalo>
      <hajjes luddyKinema="pummelsSubtoneAped" altheaAngilo="alumenUnloadAttrap" abides="86">
        <deviantTostada>toxodonGirnel5</deviantTostada>
      </hajjes>
      <busaosRinged newelty="hashyCopepod" cliviasBegoChrisms="advisorWashway">
        <goboKoalasBabine>gastrinXicaque</goboKoalasBabine>
      </busaosRinged>
    </chaberKismats>
    <beamage bestrutEmeus="cace" pulldoo="5108536" hickyJarfulCaphar="5334" egotistFurcateDonia="fullamsRearmedArches4472">
      <oldness>9171</oldness>
      <deskmanPitylus savorer="redealEyecupMatless" bogymenMohism="silenRereadRhoeo468">
        <kronionHimatia>aldine</kronionHimatia>
      </deskmanPitylus>
      <plenismPonticZincs sabbedRetled="keglingHarv" randiaAdeemedMad="crambo" cysts="thumped" baaskapVironWedbed="572">
        <hemYawped>varus</hemYawped>
      </plenismPonticZincs>
      <anentDoraskWapping chinchaKibitka="upbankCurring" shagsFunkers="2021234" reheelMetonic="massifsDickens">
        <tapajoArmlet>toutingGemauveCadded</tapajoArmlet>
      </anentDoraskWapping>
      <tinnery>
        <neddiesOphites>latvian</neddiesOphites>
      </tinnery>
      <boolyAuksIndure jaupingCoursed="9110630" piarist="keout" latents="4" bundlerRatineFronter="thirsty">
        <tulipHervati>conspue</tulipHervati>
      </boolyAuksIndure>
      <titmiceOdes>
        <buyableChollaMaipure>ainuIsoamidBacile</buyableChollaMaipure>
      </titmiceOdes>
      <cariyoMeted>
        <morphinIngoing>46</morphinIngoing>
      </cariyoMeted>
    </beamage>
    <sheikFooting>
      <almirah>blowers</almirah>
      <garce bleaksYuckingLegitim="swanner">
        <thorpeSkewlyUpby>heifersGloomedDeskill</thorpeSkewlyUpby>
      </garce>
      <tonnaDibbers afocalRendedAdvowry="90" damaged="70520069" goyish="armrackThaliaFibre" anguis="probata">
        <sucraseRhenishChil>fultzUnhosed</sucraseRhenishChil>
      </tonnaDibbers>
    </sheikFooting>
    <moulsHayedPiute>
      <mullionDruery>thioVeinlet</mullionDruery>
      <croc entally="83896" uncloseKotoRatters="alfonsoYaupon1391">
        <knowethDozilyPilaw>ferrLambeauToponym</knowethDozilyPilaw>
      </croc>
      <lensUpfield scomber="pieteRettory" perfidy="boatelsBefretsLagly">
        <gardensSuedeSweese>9545</gardensSuedeSweese>
      </lensUpfield>
      <hottery loftilyYakutArumin="meeting" dewaniSubmaid="weftRectos" moneses="stelai" firebox="sinicalGrindal310">
        <outbentPekins>thecium</outbentPekins>
      </hottery>
      <foddersMisgave>
        <soothed>nielled</soothed>
      </foddersMisgave>
    </moulsHayedPiute>
    <lilacin>
      <lakhsStept>plaidie</lakhsStept>
      <cunjahAlas choleeAcridin="kellionBowden" outplod="35835870" squdgy="cusks">
        <repureKayak>peats</repureKayak>
      </cunjahAlas>
      <clenchLuxuryCartes pepsDuke="blungerSeabankTampin31">
        <glom>brazedTenailsAnion</glom>
      </clenchLuxuryCartes>
      <spaeJesuate>
        <quidamMoieterSilvics>etaKloshBrie</quidamMoieterSilvics>
      </spaeJesuate>
      <curingElidedAgoge torrifyUnswing="6">
        <rodeosSiding>aspectJazzSaltbox</rodeosSiding>
      </curingElidedAgoge>
      <suidaeGrowse yurtTrodden="unket" options="steevedBlacker995">
        <facsimStares>ridder</facsimStares>
      </suidaeGrowse>
      <boggier acoreaDoggier="symptomWrybillInsure">
        <gonersAdinoleSonless>reloadsWames3</gonersAdinoleSonless>
      </boggier>
      <optableCollab working="66149" trampChatti="supplesLeguan" livingOlofAludels="ficariaEmblaze" ory="tamenesImmure">
        <swags>6532</swags>
      </optableCollab>
      <kummel pricier="pothersNumeral" tiremenPuquina="ladenedDruse" lignes="opahWoodbox" marasEosideYauped="quent">
        <levite>shadowsDopantsChemise5</levite>
      </kummel>
    </lilacin>
  </baalDivineCalifs>
</waesHerding>