<?xml version="1.0"?>
<groundsUnites>
  <leveePelotaHygrine hookaDemain="13" issedoiFunebre="freebie" arclike="ptotic372">
    <knorriaManana>
      <faculaeVaisya>mobWiddle263</faculaeVaisya>
    </knorriaManana>
    <ethylinDromosRives>
      <unmanly>satiate8267</unmanly>
    </ethylinDromosRives>
    <cazimi>
      <foothilBismeTempter>avowry73</foothilBismeTempter>
      <jimboEnvaye oakumRockaby="howelRedbugPeaveys" obside="client" pirn="tumorsBalloon" rilledTriaryl="hazardsFess">
        <larchen>searsGuileDeemie</larchen>
      </jimboEnvaye>
      <playerCyrilJem asorUnpilePalatua="escheve" fovillaMilsieSpangly="brahmiUnheadyRiles" ecrus="loftmanHoist" clivusDrawkSkeily="telergyOoftishFlurn">
        <druidsUsquesDozens>flche</druidsUsquesDozens>
      </playerCyrilJem>
      <bagmanManolis bleeps="vailingMalter">
        <coweredGangues>buyableSabakha</coweredGangues>
      </bagmanManolis>
      <camlaSign>
        <embrues>maquisJovial</embrues>
      </camlaSign>
      <prehendNutpickCothe pannam="thistleLocableSlogged">
        <fogleCrip>186</fogleCrip>
      </prehendNutpickCothe>
      <sawwortBejade scoke="wrothly">
        <infairMallee>owenize</infairMallee>
      </sawwortBejade>
      <loonies iglesia="slavinDimmyBocks">
        <baguetSkirpAtoned>aeronatTourHatlike2034</baguetSkirpAtoned>
      </loonies>
      <unamply agencyBardie="multoInvokedQuidder" arrasesLinacs="alumna" babascoOxazineAptly="surbaseNutteryCrypta4">
        <carnifyDiddles>succoth</carnifyDiddles>
      </unamply>
      <solacer spelunk="tineas">
        <soritesRobhah>156201410</soritesRobhah>
      </solacer>
      <ovaries monethFanHearse="halitesGabbed" rearlyAnodize="nakederZionismPassed" sizableVesselsEyesore="avalentPhenomPenrack" jockos="yeech123">
        <puzzleNoires>beforeRedear</puzzleNoires>
      </ovaries>
      <orion>
        <approof>280090</approof>
      </orion>
      <lampmanPalatesSocks shune="seqed" teamedTeet="miminaeHefters">
        <sheevesGoateedCavalry>5011218</sheevesGoateedCavalry>
      </lampmanPalatesSocks>
      <pukesStands postman="fontfulApass2" kuficRoach="zincideAlign" athenaRarely="waxweedWuffRefight">
        <fantPasengKaramu>scornedRaisinPouting</fantPasengKaramu>
      </pukesStands>
      <tjaele>
        <haupiaCreadSots>street</haupiaCreadSots>
      </tjaele>
      <frutexCorkRambo axonesSapient="melada" scrailyAmour="857388" beretsPongees="rufusHockersToddler" belliteOvigermContect="wottestDoatMelled3271">
        <ninety>gooders</ninety>
      </frutexCorkRambo>
      <marqueMeaned ainalehJoropos="rankle654" fustianUnnaked="nibsRauliBrogh" faculae="muconicNebbedIncivic3" spaked="95801">
        <bavaroySylvia>pugareeDisjoinSardine</bavaroySylvia>
      </marqueMeaned>
    </cazimi>
    <vinicClogs meacockJamadarAspern="713164397" gothics="yelmAporosa">
      <alkalicVirtuesRall>pale7</alkalicVirtuesRall>
      <degustBlazedOxyacid dobraPravin="skimmiaSlugged">
        <partitaAbioticVimpa>baffed</partitaAbioticVimpa>
      </degustBlazedOxyacid>
      <wrungBulbil metifLinoDilute="gazyRfree" prion="greithPutbackNilgaus" coyer="gestesAssentsTsadik" winey="thymele">
        <gassy>wuspAudrey</gassy>
      </wrungBulbil>
      <damasseLaudismBalunda gelantMallealDramm="kellickDefrostSynaphe" laudedEnnuiPaged="hunderDaglockBrowns">
        <poral>atwixt</poral>
      </damasseLaudismBalunda>
      <entwitePleads helenaBahima="frenneNrittaKeenly">
        <shannon>41</shannon>
      </entwitePleads>
      <catalosGonakieChidden prexiesHordes="22639" sebificCretize="trannieUmbone">
        <crenelsRefill>4</crenelsRefill>
      </catalosGonakieChidden>
      <backupsCretionOutwent>
        <gnomonsElderOtyak>10046589</gnomonsElderOtyak>
      </backupsCretionOutwent>
      <sorrel>
        <amorismFormula>mousmee</amorismFormula>
      </sorrel>
      <outwit sagestLottosTchi="stereosRepewStripe74">
        <scoggerAngst>plotlibMushlaDelft</scoggerAngst>
      </outwit>
      <swarty adenSativaeCipango="opticsKyke" chizzSternnaEcuador="mildewyEchelleMaint" onychinTritiumBuzzed="20615139">
        <lacunes>mooseCagily786</lacunes>
      </swarty>
      <baulksHolerPoil neutralOrgyiaAdiated="opposalAbrosia" sittingNainselUniced="whealy" overeggAnimes="heaperGuddler">
        <aminoidEyra>ragisTekke9</aminoidEyra>
      </baulksHolerPoil>
    </vinicClogs>
    <peoples>
      <septiRedeAmbon>melaniaZippierCrowdy902</septiRedeAmbon>
    </peoples>
    <outly>
      <amiga>1475</amiga>
      <entoireDampang unheartTlr="848823">
        <everichSquatly>tiber</everichSquatly>
      </entoireDampang>
      <trepan folioleDielManas="slubsPacchaShag" swahiliChaetaeIgnify="girellaObscure5" quintaPiloti="mentary">
        <lapserEmendedTwait>neuroneOlpZiega126</lapserEmendedTwait>
      </trepan>
      <eggcup>
        <carsonYokutsFirms>middesKalpisAcepots</carsonYokutsFirms>
      </eggcup>
      <clootCuminsCouvade sailyeHardtopUpsmite="jeelTsarsTret" demur="tightDoggerKhalat70" scroo="effluxDozened" wiverBassaPorer="tootedEching">
        <dogbaneKorecHums>8</dogbaneKorecHums>
      </clootCuminsCouvade>
      <sisalsVersineFameuse assoinUngodly="noddersOrlageRegt" foxchopMutase="outhits" hurkleNubilumTubar="albeAnions" uneaseBilgedTaraph="697">
        <doddersFumetReekier>alpaxAmita</doddersFumetReekier>
      </sisalsVersineFameuse>
      <nerver orgicPythias="azymousPeitrel539" browst="anattos" ruttedChiasm="4" profitOlds="avocets60">
        <skirty>77808</skirty>
      </nerver>
      <truancyWhalyVexable>
        <chamberTotting>semensRosehip</chamberTotting>
      </truancyWhalyVexable>
    </outly>
    <sheuchs>
      <orchShoutsPealing>upgushAgraniaEmigree5</orchShoutsPealing>
    </sheuchs>
    <heaversPlusses>
      <upgorgeUnrufePlatens>lucres</upgorgeUnrufePlatens>
    </heaversPlusses>
    <elodeas>
      <philter>1554605</philter>
      <licitlyTrytDustbox snoozeDivotoPailful="labrid" alertedDraysGlaring="mowraShylyDraft" aglanceOmnianaBatta="septimeGaurianEntal" enheritAlleleu="mnium">
        <sayers>signetAscomaReagin</sayers>
      </licitlyTrytDustbox>
      <ungraveWarnage athriveResiner="309065681" natty="8172" spathaHelmageGiveth="sickledGreenlyDummel" pipaFlatus="dermolSubmits">
        <serpigoIndowsKoussos>skelterArbtrn</serpigoIndowsKoussos>
      </ungraveWarnage>
      <irmaAbrosiaVeadore physicMuffle="circleHolloesFono" irruptsHirers="cfh">
        <circlerUpness>42</circlerUpness>
      </irmaAbrosiaVeadore>
      <ichthTauriFever jelled="roosersBendaysVitra">
        <lapsersBigrootPittoid>reearns</lapsersBigrootPittoid>
      </ichthTauriFever>
      <celsius zekFlukesIof="hooktipMaybush6" ratiteAbsey="dozy">
        <organsButtBudzat>hussarsCopsoleNastier</organsButtBudzat>
      </celsius>
      <indue cuviesCholerOpened="3" hugestAzothsMonody="65142">
        <varanidPropman>58</varanidPropman>
      </indue>
      <feelersConfuse bigam="turkizeMorrow">
        <effortsGlial>fretize93</effortsGlial>
      </feelersConfuse>
      <babelic barbuleElianCerago="oncetPrevizeSea" tummockUswMap="refight">
        <daseweBroach>seicheGainage</daseweBroach>
      </babelic>
      <assume gaybineGalaxDrifter="tooths" rakuHumulon="petwood" ragboltSds="860" cymenesTurnups="715">
        <ponziteRebudFindy>44589</ponziteRebudFindy>
      </assume>
      <kiackOrganry>
        <rubrifyElucidBianca>malice</rubrifyElucidBianca>
      </kiackOrganry>
      <tradersGiggles>
        <imperAssartJagra>unwiveAssilag</imperAssartJagra>
      </tradersGiggles>
      <connsTilaka flappyBenda="541541859" shedim="ketteMascled" grisled="aracaBoomers7950" swep="cyclaneSteatinScreaks9">
        <indra>proton8381</indra>
      </connsTilaka>
      <myriareButtesBarkle junksTankardObduce="limoseUnsex">
        <sokemanReverso>7507824</sokemanReverso>
      </myriareButtesBarkle>
      <ashierDurityDeploy maragedDefraud="texasesBurgage37" castledDogsled="buckTuaSmickly">
        <voidlyMiseats>banket</voidlyMiseats>
      </ashierDurityDeploy>
      <cascado>
        <reflet>bungingPlankedAlids</reflet>
      </cascado>
      <frats panneManzana="6015191" geomantNervate="5660" parisiiUncock="6679">
        <corderGlumousBerycid>prologsMuralArbith</corderGlumousBerycid>
      </frats>
      <filmdomBezoar aikaneLarlike="7" reflowsFusilDotiest="dirityAmazona" lumpy="obstet">
        <jowlishRefitsOutyard>loaners</jowlishRefitsOutyard>
      </filmdomBezoar>
      <tribalGoozle belait="upstick2207" mailingAmatingGodsend="wit" raunYankees="lasiusUpchokeIchibu">
        <zebrasSlaky>494484672</zebrasSlaky>
      </tribalGoozle>
      <untrend>
        <alloteeInhibit>chasma</alloteeInhibit>
      </untrend>
    </elodeas>
    <miljeeWombsClysis>
      <rosularQuakedOrexis>hahMogoteEldern</rosularQuakedOrexis>
      <gadsbud>
        <geldsBifaceToadlet>41</geldsBifaceToadlet>
      </gadsbud>
      <mimusPocan misteryCineoleDidus="cixoAugurs" accableAphidsZooids="4780342" labredtAgasRaffias="pounamu">
        <sowlikeBizelSankhya>anolePulleys</sowlikeBizelSankhya>
      </mimusPocan>
      <sagsBilch genros="9" ashwortBimanal="yammerUndone" tekedyeBrissKazoos="absorb" tintageGauzy="oleinsNapalm">
        <redans>offtypeOkapi</redans>
      </sagsBilch>
      <befogs escapeeOarSteel="692927" sipes="joieHydroneDysnomy" tildaUnhentRehone="kadayan">
        <radome>isatideChalkosMagadhi</radome>
      </befogs>
      <gestorVicaire>
        <kamassiUpwindUnbe>hapuTichelProstas</kamassiUpwindUnbe>
      </gestorVicaire>
      <gemShotten>
        <mutatesGlosMunge>autocabInscape700</mutatesGlosMunge>
      </gemShotten>
      <wannish>
        <triplyCreepEnlace>leatmenKairin</triplyCreepEnlace>
      </wannish>
      <submit>
        <ingangReaffixRorid>cantsMovableIcicle</ingangReaffixRorid>
      </submit>
      <mangPapulan boggier="763">
        <diffide>cuffy</diffide>
      </mangPapulan>
      <briniesFructusRuddied urunday="yapnessFucoid" donzelAmericaFrisure="258">
        <commataBasherSurfuse>rumbleLeve</commataBasherSurfuse>
      </briniesFructusRuddied>
      <theoryRunways regesAjointCleaved="dishleyAnunder7" daystarPugetCrony="adorersTercineHilsah">
        <kidnapsApple>tectaMyonemeBushman</kidnapsApple>
      </theoryRunways>
      <monoazoPodzol>
        <passee>43</passee>
      </monoazoPodzol>
      <bufidin extrude="hieronPeakilyCancrum" aditioReflameRata="resingPickeer">
        <meson>fallalsWarnothPinatas</meson>
      </bufidin>
      <diatoms gozillFungian="bidensTeresa" wavy="uzara" yttriaKyloTaikun="anamaTovarChairer">
        <darr>pranavaYamamaiRiblet</darr>
      </diatoms>
      <iveMor carshopStrivyEssie="1594" damning="lampsEyasKnack">
        <enwombAdzer>daseweMaltolIgnify</enwombAdzer>
      </iveMor>
    </miljeeWombsClysis>
    <copilot galiot="bioseWauner">
      <sighful>pollanBestuurTietick</sighful>
    </copilot>
    <liquidyCediWidu elusion="rawboneBracerSnazzy" burnyAfocalSplenii="hushtCasquetOxhide189" quop="2" fdnamesZira="omentaTarsi">
      <ourebi>kief</ourebi>
    </liquidyCediWidu>
    <requizStelic legis="somitalLiederChirms" robinetJuvenal="577">
      <kabarPredamn>cnida</kabarPredamn>
      <avowter vetoed="pickageLyrics" overatePopulinElysia="minkishCapra90" gyroseScamell="disally" paginaeBarwing="684">
        <alkaminTishriEthyls>internsCinemasMyxomas1932</alkaminTishriEthyls>
      </avowter>
      <sordSpret panyar="kiefs" lincolnHankle="113658002">
        <rfreeEnvBulgurs>celebreKanagi</rfreeEnvBulgurs>
      </sordSpret>
      <cuevaPrudery colouryGodshipLege="metraTougher" cyphersStanly="horsier" xystum="rioterUintaAmoke8076">
        <pareve>blickVarnishSynaphe</pareve>
      </cuevaPrudery>
      <cutlets siftsOkimonoHulls="exshipSensizeMuck" dioonHeughsPoets="854033018" bladderUnisexAllies="boughCharkedOsirify3">
        <barboneKorma>3745187</barboneKorma>
      </cutlets>
      <luces>
        <scarierFriskle>674465484</scarierFriskle>
      </luces>
      <poster wowsersBittor="gemotNicerTymbals" arenousUnhomeUptown="oreodon1660" walkedElsaTroys="listerCaiqueHiate5748">
        <dehuskStrae>wastsLadykinOrganon</dehuskStrae>
      </poster>
      <shebang bringal="bazoosDyarchy" outbulkUngelt="meristBoletes9">
        <sextons>caviareFlutedBildar</sextons>
      </shebang>
      <palmingTaupes alteza="sestonRefractNettles153" rapanea="miffed">
        <hogyardGrainNagaika>crawleyRhoncalEnstool</hogyardGrainNagaika>
      </palmingTaupes>
      <missays jerboasSuwandiBaluba="slat">
        <goonyOdinismBarde>2</goonyOdinismBarde>
      </missays>
      <melinaeHoople realmsMaghzen="wifedom1" phaseunHafnyl="boltersHypnodyRegaler" sellar="adopteeAntrinNeurope">
        <howls>ambosFthBajardo</howls>
      </melinaeHoople>
      <sigmasFillips clews="lychee">
        <dualismSmutchyEpocha>oilVentail</dualismSmutchyEpocha>
      </sigmasFillips>
      <worset colleenNeoteny="madoc38" meaw="foveolaIslandsCoween1265" yawpers="iredDrabber">
        <andevoBrookieBarbre>airTucknerBatling</andevoBrookieBarbre>
      </worset>
      <outbatGrizzleCereus defeise="waleAlkoranAutota">
        <staningEpicly>fossick</staningEpicly>
      </outbatGrizzleCereus>
    </requizStelic>
    <cacasYechsHaec>
      <sawingSharn>jampani</sawingSharn>
      <tekedyeNaily sawpitSererEarly="ramiroLarineUnlawed" genialReflows="feods" heirdomUrodela="arabyZoileanStores" everts="spydomSliwer">
        <cuve>suiones</cuve>
      </tekedyeNaily>
      <wellsLodha niogVerbena="seriVinyon">
        <gawishNielsenUrbian>decatylJove</gawishNielsenUrbian>
      </wellsLodha>
      <brevierIchuUnrip herniaeDiane="305053796" eysoge="jibbah" osazone="43" zygiteNighsHeedful="bienly">
        <rappeeSugaryRetints>outran</rappeeSugaryRetints>
      </brevierIchuUnrip>
      <chacunCrannel wouraliMatacanFanga="unpaganLimulus" forgift="achillArgonon" lotas="46" tetania="355">
        <scaurMayhemsDelf>pharUpbelch9</scaurMayhemsDelf>
      </chacunCrannel>
      <alewifeSubbiasOctagon zoosRyenBuck="awedlySuburb886" omaguaBewit="edder" tibbieArmors="65597987" tailers="capriceLocumsEthnog">
        <mumblerGanched>unbefitScrath</mumblerGanched>
      </alewifeSubbiasOctagon>
      <skeilyTrammed gowlBlowenAwardee="adoringArmarySottage">
        <dewaniClaversRemise>seracs</dewaniClaversRemise>
      </skeilyTrammed>
      <kwela billingPhysSoapy="nurtureHamular">
        <engladPhoria>tichelRems</engladPhoria>
      </kwela>
      <lobs wastryRogues="tibia" maiaDevalueVesbite="uncoopLunkDackers" pompist="2307014">
        <yecchy>5173234</yecchy>
      </lobs>
      <inlyCollut uloid="3734" pervTilapia="amines70">
        <stenogDunairFreir>8008</stenogDunairFreir>
      </inlyCollut>
      <suezTaxideaBorid creHowdiePrepare="ornifyBainieSculper" utickCatnap="4180">
        <actinsWillier>willedWeism</actinsWillier>
      </suezTaxideaBorid>
      <caimitoUngild>
        <chevvyKetonesScope>tutees</chevvyKetonesScope>
      </caimitoUngild>
      <snideSloke surelyKabakas="apogeicPulses" quinkBloused="117183732" pekans="gruppoMidge" tjosite="mouchesDavies10">
        <blissAlogism>48</blissAlogism>
      </snideSloke>
      <synedraIndra pentAchyliaAunty="stupesErkePorger" missortCystose="nullifyClo" dbrnOgygia="fretteAgrufeCodder" bleachBeginsScrooch="dehusk498">
        <batlingLemnian>lotteryScions</batlingLemnian>
      </synedraIndra>
      <latentsPigs teihteLinkman="bannedLeadinArgh" critismFumier="hadntTallolsFontal" eductor="chowsedAlbeeYocks" ventoseEndoreFetors="84943">
        <portatoTheist>slane</portatoTheist>
      </latentsPigs>
      <gleetedAttuned>
        <decals>melonsFlecker</decals>
      </gleetedAttuned>
      <bourdScalped kvasesBolelia="7864153" spumoniPraiserDawns="winks">
        <niantic>titanoTwankay</niantic>
      </bourdScalped>
      <orchil fugacyRyes="44860202" barcanValours="grantha" sackageOcularyRennet="pechayPeerdom" pachtJed="basale">
        <koansRebuts>keens</koansRebuts>
      </orchil>
      <colours hockleTuart="axwortFrateCurcuma" shafty="clubbedArak" cabiaiLullaby="unwindsStrobil">
        <johnnieMuffed>fameuse</johnnieMuffed>
      </colours>
      <gomerecWogiet>
        <impheeDuotone>perplexCloyedOncetta</impheeDuotone>
      </gomerecWogiet>
    </cacasYechsHaec>
    <cossidAtt>
      <soutter>tilRusineUntawed</soutter>
      <backersKronion>
        <quiddle>earthlyRecour</quiddle>
      </backersKronion>
      <dingoesOutwell kossEnuring="buqsha">
        <dsectDibble>xicak</dsectDibble>
      </dingoesOutwell>
      <zizzMurillo pktLobbers="22" allayerLatrias="hernialMotived" nullsTubbal="auntySeine">
        <daekonDali>plowter</daekonDali>
      </zizzMurillo>
      <reincurStyliAscill metring="yamClaval37" birdman="seriosoYeuksDogmeat" programExaudi="goliath" cameralBenamee="begulfs">
        <gatesAmino>darnixGiglotAlezan</gatesAmino>
      </reincurStyliAscill>
      <operaEgriotHymen>
        <mezuzaTrifledAmebian>undeify</mezuzaTrifledAmebian>
      </operaEgriotHymen>
      <innuateLapel adoDeducts="adorno">
        <reladen>hepaticHolibut</reladen>
      </innuateLapel>
      <statuesRecours stadialViron="subtendSybilManace" brinkRabandTickers="73054996" avenin="lepteraFlaggyHaiduck">
        <circueQuack>fagerHobbil</circueQuack>
      </statuesRecours>
    </cossidAtt>
    <pettoUrtiteDwight solesCaching="wickyupManiusBeroll" musmonVisagesTone="athrobTewingFords" bilk="holdingLarundaEncy">
      <sommiteReavailFixate>bluntlyCaplins</sommiteReavailFixate>
      <prorex rodsKhond="plewgh" ovaNavewSawway="pianolaTrances">
        <hilbornPetrieBrose>pyx</hilbornPetrieBrose>
      </prorex>
      <arthron nintuMegabar="sawarraMesquitKousso">
        <simoons>chalahsSaucingDeuces</simoons>
      </arthron>
      <restep gripeyMaimon="narcoseGodwitsPhobos">
        <kilnedLumens>doweralYerva</kilnedLumens>
      </restep>
      <kragKraalBonzery jalapinKojimaStagers="genekiStoory" semicup="emulsicStithyCardona8606" yuzlik="earlobeChiv" komatik="amidols5">
        <groovyDirgie>hellimBeatasDaily</groovyDirgie>
      </kragKraalBonzery>
      <berettaSnow>
        <towelsYawnfulNears>verutaSeltzer29</towelsYawnfulNears>
      </berettaSnow>
      <otocyonInrail sagamanAmotus="pixelToughsShaktis" amidolsRattail="menyie" evelineNormans="tergumEndew245" bowser="steres">
        <duallyJourno>vector</duallyJourno>
      </otocyonInrail>
      <cowpatsStraikTrey caseinsCombatPaar="ouraliMaillot">
        <caliper>gambesTomtitExtol</caliper>
      </cowpatsStraikTrey>
      <collingPetalSkers slimilyMarmotaOutdoor="dharnasTucanaOctets">
        <awadhiKimmoMoc>pupilar</awadhiKimmoMoc>
      </collingPetalSkers>
      <amiloun bowwort="fijianSpaughtStogey">
        <yeat>prore9</yeat>
      </amiloun>
      <amnion gauchosThouedArcady="snowl">
        <moonery>danta6735</moonery>
      </amnion>
      <unheedyAliterVastate cockilyFeuarMux="amaniaGraving482" batcherLisAhaaina="spillyConsist" girn="pairing">
        <purport>1</purport>
      </unheedyAliterVastate>
      <lyticBlowBoggin purdonRuddier="9">
        <ululantCalcinoLhb>ojibwasBhavanSpirts</ululantCalcinoLhb>
      </lyticBlowBoggin>
      <hermaeBodle khalsaLasingModus="forseenPledWart" windersGre="25482">
        <dui>sixth</dui>
      </hermaeBodle>
      <layoutsStarve sciapodTribadeBeefer="sleavedFiendsSorrel5" quivery="mumblesRoses" whervesReviverIberes="1">
        <babiism>baghChicha</babiism>
      </layoutsStarve>
      <dejeuneCanelas sonicsPerataeHips="vermixEstats" clinkumAerope="porkpieTwain">
        <benzoin>tenth</benzoin>
      </dejeuneCanelas>
      <gathicFoetors grolier="caribal">
        <waxwing>lidia8</waxwing>
      </gathicFoetors>
      <amylsPowterAgrilus>
        <bathyl>42</bathyl>
      </amylsPowterAgrilus>
    </pettoUrtiteDwight>
    <campionIlluded>
      <aerobesTimidVeinier>cottidSlouchyKenneth</aerobesTimidVeinier>
    </campionIlluded>
  </leveePelotaHygrine>
  <skeel yelverWeroole="kenoticOxysalt">
    <germany>
      <ensuredNdodermNangka>culler</ensuredNdodermNangka>
    </germany>
    <hummaulAsphyxy jingoesCorvetsVowess="7989748">
      <triasAdviser>ploatManzasSnoops</triasAdviser>
    </hummaulAsphyxy>
    <connote jemmyKudoAssembl="unsober">
      <balza>awakes</balza>
    </connote>
    <malfed>
      <cumaraAlpeen>fotchedCantareBidens</cumaraAlpeen>
      <patriaPrunedSettimo tiponi="279" aneuricStuffUntaxed="taichRodolphHallali">
        <scabrinRoble>lucrousBoweredFrsiket</scabrinRoble>
      </patriaPrunedSettimo>
      <grow falculaGoofedOutbat="4">
        <sleets>hunkiesZogoGesture</sleets>
      </grow>
      <arbalosChronol>
        <cosech>neogaeaFalloff</cosech>
      </arbalosChronol>
      <viertel asmile="shearedSeraSwedger" phonolUndyingVenere="halte">
        <caritas>dentexRingatuBartram</caritas>
      </viertel>
      <negrito cannaLessorsTradal="julio" sibyllaJestingPays="pariahs3150" varusesRoggle="sextain52" irkedZeolite="tectalDriddleWhereer">
        <moste>meropiaChargesMulder</moste>
      </negrito>
      <exaunOniscus pedule="theyll" recurl="staypak">
        <azulineAppereArsono>8</azulineAppereArsono>
      </exaunOniscus>
      <thrums>
        <himp>694218</himp>
      </thrums>
      <acridinRetch yederly="amplexUhlansAfoam" moonjahTaft="stand" asaphic="gladdedDrouksGlass">
        <behavMocock>855527</behavMocock>
      </acridinRetch>
      <repulseJocksAumaga shatterToiletsBrattie="cobrasConnex26" double="whealyAbacayNonsuch" myariaUnbledDolling="796143735" erthJava="6">
        <whewtFoiblesBargh>5</whewtFoiblesBargh>
      </repulseJocksAumaga>
      <awkward suliote="wanning2" showup="perseNursesQuieten31" strungRoots="bondoc" presser="23469800">
        <coenoThouedSachet>deirdreMoaria2508</coenoThouedSachet>
      </awkward>
      <guldensMannideWhuther>
        <daphnesWoops>5366081</daphnesWoops>
      </guldensMannideWhuther>
      <totems sulaba="dantaLeuGarum" eeyuch="barlowsResownTombacs" towies="172" analystWannerFittily="94566415">
        <peartlyKnawelsIzzat>dobber</peartlyKnawelsIzzat>
      </totems>
      <glassedNeilah tittleGloatsOtium="farleu">
        <terzinaFrizer>brucinaSoulterRissoid</terzinaFrizer>
      </glassedNeilah>
    </malfed>
    <kiwachBespend>
      <beknave>tai</beknave>
    </kiwachBespend>
    <rudderEboniseYarthen>
      <nitric>35893</nitric>
      <amorphGawby birnRetractArchery="spooneyLacking" aboutBrasseyNaf="atroposParries" voarCocker="gharryMafurra" sdump="chiderTyloma">
        <thrope>trustorShree277</thrope>
      </amorphGawby>
      <guinfo penancyLousily="punnierStrawsParidae396" pois="waesome">
        <slivers>delfs</slivers>
      </guinfo>
      <urnlikeGillarKulimit famble="743795" combustMacadam="niggedCoaster">
        <mesallyYum>54208448</mesallyYum>
      </urnlikeGillarKulimit>
      <wisping>
        <gellert>3</gellert>
      </wisping>
      <empusaMarrowyAnaphia loggatsVoterProg="stretchUxorialShrink85" youstirVouchor="spirula">
        <discide>boortHelical</discide>
      </empusaMarrowyAnaphia>
    </rudderEboniseYarthen>
    <coyure arillusCapsule="snooseRaveledVicilin" isoamid="undeeWowwows" faucial="hakamim98">
      <illsByrledTwanker>agist8</illsByrledTwanker>
      <tasBagieTimetrp hitchSpheres="kiwi" siress="carletCyamusCadge247" claps="rohob">
        <petalsCicaleWheaten>cycling</petalsCicaleWheaten>
      </tasBagieTimetrp>
      <sagelyCodes perfidyTwofersGrainy="fermisCopsing" deices="pitsawsTalles" echinusVitrial="yenned314">
        <tenderRakijaBrekkle>chumpsMufasal19</tenderRakijaBrekkle>
      </sagelyCodes>
      <soapers lineal="36018" decryptLexiaAttics="moulins">
        <anoli>179</anoli>
      </soapers>
      <crotylCoelin>
        <grayer>shlock</grayer>
      </crotylCoelin>
      <crocksIndri choralsAshramBeltway="76696">
        <fezzanWhopperReify>ethered8312</fezzanWhopperReify>
      </crocksIndri>
    </coyure>
    <ockster>
      <sublineBebackCulling>rimous</sublineBebackCulling>
      <exasper ionicJaupsNodders="chippyPinkeenMatrah">
        <setheadSnathGitanos>2163438</setheadSnathGitanos>
      </exasper>
    </ockster>
  </skeel>
  <gossanLibitumFounds kand="cheveys" roadsDabbledMetro="helibusGazefulCrumena" />
  <sutor />
  <unlimpGratton poh="grippitBasicMiked" protonBravoes="blimpsErectorDauted58" />
</groundsUnites>