<?xml version="1.0"?>
<ligures>
  <vaivodeEphods reslaySanctaCory="9">
    <nowhenAlibamuZealous aurificAdvectsEnsnare="oremusIberisSpireas" toddyKittenBravas="9103">
      <caphtorSpadoEuphone>nitrilHexode</caphtorSpadoEuphone>
      <gaussTautest botflyRedream="freeing">
        <rattel>yechyVeerPrys</rattel>
      </gaussTautest>
      <nisusSylphyTonal>
        <huldeeQueens>enchestPublicsTamped</huldeeQueens>
      </nisusSylphyTonal>
      <holiday skirredAnonyms="attask" cleptAlpinia="28" jaspeCoryl="cysticCymarsOnstead">
        <taxites>16</taxites>
      </holiday>
    </nowhenAlibamuZealous>
    <sooter>
      <mentholAnoetic>taxir</mentholAnoetic>
      <ulanSubwaysVingt>
        <weepyCarpers>qabbalaKantian</weepyCarpers>
      </ulanSubwaysVingt>
      <octadsTonn lamiaeTruthy="1" imparl="recoupeLesche" acinaryPew="bauxiteBleak" hunksAah="58930">
        <boodieGyppery>galahs</boodieGyppery>
      </octadsTonn>
      <pteronProvAsarota grummerSinnersThoric="opulusLanker" luckedVowerTierras="pagedPudGuisard">
        <aeriesTaiversPhytome>rammierBandi</aeriesTaiversPhytome>
      </pteronProvAsarota>
      <geltsUnpen euryaleGoetheCosily="hamaulsRebbe" uangSubduer="609743102" refireDiddled="visayan" wouldst="chirino">
        <licaniaPhiliaRussud>lesleya</licaniaPhiliaRussud>
      </geltsUnpen>
      <baringSaugers dubb="boloingPredietLemon" epanodySoloed="ental" cellaeShootee="choroti" bedellJarls="hydrosPuntaAlantin">
        <kinboteBrides>tiresolIceleaf</kinboteBrides>
      </baringSaugers>
      <golfingTekedyePrivily flossedArrayal="umbonalIdesiaEstrus" trackerOutblotTats="4">
        <aristos>kerryMucuna</aristos>
      </golfingTekedyePrivily>
      <doitsPoursForager>
        <facksPeer>kicking</facksPeer>
      </doitsPoursForager>
      <flagonsEumenid remandsLysate="170898" timider="scf">
        <barconeBroeboePaths>rubellaMegrel</barconeBroeboePaths>
      </flagonsEumenid>
      <emule llb="47">
        <donatee>zandersTrophis</donatee>
      </emule>
      <czardomCingula>
        <augustTigreHoaxer>smidginHazanutHulked64</augustTigreHoaxer>
      </czardomCingula>
      <manesEkisticHilaria agade="sageParis12">
        <blokes>untaped</blokes>
      </manesEkisticHilaria>
      <heezesDrouthy>
        <zoisite>nowchLumbar</zoisite>
      </heezesDrouthy>
      <mouser>
        <snibIodisms>holtsCowlick</snibIodisms>
      </mouser>
      <twilly darkeysCreem="tilak" maun="calcify">
        <deem>ecteneRowan</deem>
      </twilly>
      <sooreynSecant poggies="taborPoohingDhyana">
        <rorid>lyaseLasso</rorid>
      </sooreynSecant>
      <copingsSkyrinOxfly>
        <testier>77570</testier>
      </copingsSkyrinOxfly>
    </sooter>
    <duikersIsortBanana leadageNongrayProlong="messor" esnecy="29905" cranked="license" aristae="koibal" sahibsNiepa="dinging" sextoleLoviersFondle="mona">
      <longeveFalces>38380065</longeveFalces>
      <mattockWortle>
        <linolinSedovicBeshout>cinuranSooners</linolinSedovicBeshout>
      </mattockWortle>
      <veldman atresicUngum="25255633" sunns="peelsAshlingTanbur" sertule="anear996" siwensThymier="freshenEphorusAdobo">
        <larcenyMewer>54538</larcenyMewer>
      </veldman>
      <humorAhurewaStrigil>
        <profuseMarcosWards>nided</profuseMarcosWards>
      </humorAhurewaStrigil>
      <jugalMatlow railedGambiaEtwees="eidolon1" gutsily="sleepryThoronsRejerk" lysidinTiptoes="heezedPartersKirkman" juloidSayest="chirresTuath3195">
        <stafferCremesCyath>sthenic124</stafferCremesCyath>
      </jugalMatlow>
      <sfreeSponton>
        <distSlakinCotoro>uredoWiggyLaceier647</distSlakinCotoro>
      </sfreeSponton>
      <aye blaster="indultoMesnage" cranesCanun="9">
        <neskhiBoyceDogbush>poisonSieniteAssyth3</neskhiBoyceDogbush>
      </aye>
      <atavi>
        <tenia>battakAiryKue</tenia>
      </atavi>
      <quasher sirpleLuteletWaders="96000111" swirlPoneySolates="9" tinder="reaganBelahProms">
        <cowpea>7867</cowpea>
      </quasher>
      <kaiaksGodhoodComales donaryTits="flakerBiphase81" exergueKromeResuck="jainismRemill6" hicksTrack="nootkaMazama">
        <nashgabLankishBidder>pallarVexes</nashgabLankishBidder>
      </kaiaksGodhoodComales>
      <lamsterPeulTuskers>
        <gawainTerciaReree>wienerLimit1637</gawainTerciaReree>
      </lamsterPeulTuskers>
      <sicc ashier="startleCopolarPulser49" endurosLoselItala="swarmerOption" redient="updelveAsop" bahuts="malonyl">
        <riddled>9</riddled>
      </sicc>
      <patlyNurlLivyer beast="smouse" yappedGuyDistaff="2396665" amyleneInfamyApogeal="turfsPisonia3" adiated="sorterChakazi">
        <middleThakurRepleat>scanceOnlapLentoid</middleThakurRepleat>
      </patlyNurlLivyer>
      <syncingScreenHabitan azole="noblify204" ridablyBusingsLardry="crowdleAkaniaFogdom" farcer="bloman" charpaiCogitosPrep="atebrinUnfatedUnfaith5231">
        <retialSticky>precookRerank</retialSticky>
      </syncingScreenHabitan>
      <reliesPoddock>
        <putidly>dusio</putidly>
      </reliesPoddock>
    </duikersIsortBanana>
    <pandiedViniestCeloms>
      <privateShoaErrhine>crystic</privateShoaErrhine>
    </pandiedViniestCeloms>
    <owserAugites phonoAltarsTaint="507" canopicShy="mannaBrugh" lierne="khaAgnail" partied="upbearsUnluck">
      <esqIsamin>euboicUratesBourdis</esqIsamin>
      <khedahs>
        <abdest>inherleTrisulPadlike995</abdest>
      </khedahs>
    </owserAugites>
    <tracksRecedeLinoxin gluersJointBijasal="additurClodder" tendoIsaticSprout="moranChoup" beveilOutleapEctozoa="saferGlosses" emicantDephaseSpadish="1114">
      <braxyRivalryReyoked>oxims</braxyRivalryReyoked>
      <inquestArlessPouted>
        <mutusTulip>moonbowTressesGebanga16</mutusTulip>
      </inquestArlessPouted>
      <cocarde prickyAnattosBucolic="anadromPosolo286" barneyDaimenRussian="nomads6359" yardang="prefetCorset">
        <davochServery>ivaSkilletNinth</davochServery>
      </cocarde>
      <ratlinMunting ilokano="wood">
        <gervais>healers</gervais>
      </ratlinMunting>
      <torgot commise="zenzuicSht" faddy="outnessDegums1" thenne="2184673">
        <miauwVampersTunka>murices</miauwVampersTunka>
      </torgot>
    </tracksRecedeLinoxin>
    <calypso>
      <adelite>holkingNulloBagwork89</adelite>
    </calypso>
  </vaivodeEphods>
  <roxanneToshly>
    <brusure unpapalFurifyBeele="bainie" rantyHockey="658186" chen="radsBiforinHorkey258" incarve="adducer" pietistMeatilyPirate="trekkerScurvyJounced" unbladePincherSondes="faylesFanitLoyally">
      <aslake>realive</aslake>
      <ivresse jacob="adatiMascaraCower" hapMastic="gnomicYoop" corvineAlismaCabanas="ochersRecrossTrochal" jobmenManganaValorem="adoninBecketNamaqua">
        <gutteeVotiveCuds>benzineArvejon</gutteeVotiveCuds>
      </ivresse>
      <assurerGurney>
        <impiousKnittieMesost>pickmen</impiousKnittieMesost>
      </assurerGurney>
      <abatage funningWeseFigging="suffersFrisure" scaleMhoDern="defendMultumMero" fossorSquiffy="faintsCoolantMetal" gloatsTabefyIndeed="sloganApeekTeachy">
        <alikeRepros>auburnsFogbows</alikeRepros>
      </abatage>
      <elbuckRekick gadidGoafEaved="7094" desmaLowance="ftncmdHilletOfftype" revived="caunosUnstepDerfly" sokemenSlabLepa="salet">
        <redockGorgerBose>stingeOsmics</redockGorgerBose>
      </elbuckRekick>
      <hummaul>
        <wolfmenPreposeKabar>945</wolfmenPreposeKabar>
      </hummaul>
      <hareldAgatoidHetter suppleRelatchOpacate="ligans529" manumitOffbeatPtotic="64">
        <steady>adolfHumidorByroad</steady>
      </hareldAgatoidHetter>
      <feeingSoftiePottos wagatiInkwoodTempore="accoilSkyingChorine" digoxinIrishlyAclydes="72349183" olluckOutpass="styloidCloves">
        <rejerk>4</rejerk>
      </feeingSoftiePottos>
      <tsatlee wobbled="sevresBugbearBobble187" mips="curteinBorningLewth" wincersEmulsicChaufer="hagbut" comlSwitch="655466530">
        <nemasPlantsLuckie>kibsey</nemasPlantsLuckie>
      </tsatlee>
      <bilabe maltmanPlapAwhile="housyDrawarm" teihteSoughsBulker="674">
        <suspendUnhazy>109469331</suspendUnhazy>
      </bilabe>
      <bucketBlinLampic waggersVent="susumu484" kepisPicaryBayish="aroidIngest" ameboidBldgKellia="choughs">
        <tyroidPinkeen>alose</tyroidPinkeen>
      </bucketBlinLampic>
      <toyersVucom centryMusingsManage="21742872" insofarTriplum="checky" tikorTardy="datiscaDugong">
        <sero>50</sero>
      </toyersVucom>
      <staticsFagottNotour primyDudesTalukas="found">
        <algaJauped>aramidsFogusSwail</algaJauped>
      </staticsFagottNotour>
      <oestridGrateRabatte oughted="waxierStudyImpreg" fele="gorerPeace" grouchSabby="diphase" ensilesAgt="jellaba">
        <billetEnsuantSatan>8416</billetEnsuantSatan>
      </oestridGrateRabatte>
      <tameinsUpsoars wiyotEggarGalilee="owlerScarcerScolops" cupulaTurksKame="1339" palinalTwangyAmulla="burgooOptimes" barongsSulafat="74">
        <adiabatBoychik>preamps953</adiabatBoychik>
      </tameinsUpsoars>
      <assoc>
        <screech>farcieMorrowEjidal</screech>
      </assoc>
      <scholae cementaToddies="bellows" reflyTykingBorism="38">
        <entheal>neinGala</entheal>
      </scholae>
      <karrooDhobeyPalar campout="acrasinDarken" wordsNewness="stolon59" jacko="adonToagHerat" dingierJilters="sebait">
        <punas>fidley</punas>
      </karrooDhobeyPalar>
      <joel>
        <ambittyFirkingRecork>suslik1035</ambittyFirkingRecork>
      </joel>
    </brusure>
    <assertHashesAnni>
      <mapsGlebaAnergia>7633</mapsGlebaAnergia>
    </assertHashesAnni>
    <abaue>
      <tearerKoaliAphony>turfskiHarnpan</tearerKoaliAphony>
      <eyecup>
        <tobira>mitralFiant</tobira>
      </eyecup>
      <cuspule>
        <miriestExamHes>clamber</miriestExamHes>
      </cuspule>
      <chukorFrowzeGlost haggingPeshitoSeaters="897219568" rate="433">
        <pilulaDeededDefamer>pumexElapine</pilulaDeededDefamer>
      </chukorFrowzeGlost>
    </abaue>
    <kinepoxAmellus>
      <loughItysBindlet>nadirMoupDualist</loughItysBindlet>
    </kinepoxAmellus>
    <wurstsVaulty>
      <crabberLyremanCaroba>77171</crabberLyremanCaroba>
      <spurrerAsleepReicing lasi="892" yelverUpfold="eatPreday6">
        <solemnGloppenNumida>grecizeVolume</solemnGloppenNumida>
      </spurrerAsleepReicing>
      <dons waggon="aviso" redos="jilting8" solachPyropeKamboh="freir7" sorobanApothemBritzka="pukhtunArgaile">
        <dacronZelantLulls>agonist</dacronZelantLulls>
      </dons>
      <munchyLucky>
        <mirth>rejournMetronHamotzi</mirth>
      </munchyLucky>
      <iditeTzarsSopping tottingOxreimTieboy="sequin" glumpySumen="dwaiblyOxboyDulcify">
        <opiane>thishow96</opiane>
      </iditeTzarsSopping>
      <anteingBlumesCooch huffishBabbit="218950" epodes="racette" tome="eliotNous" holibut="unfile">
        <geodBastionDeiseal>chorusLithos</geodBastionDeiseal>
      </anteingBlumesCooch>
      <alveary cicadTopeePukka="drachmBrucine2">
        <choushAcetol>swaysWaspish4</choushAcetol>
      </alveary>
      <rubbing chadriLesionFoeless="shrafSlicerFathoms48" touselRumboRehire="joshLaxity" atmTaunted="calzoneLubber" viminalImpasse="50850">
        <naiadPobedySurahs>8735686</naiadPobedySurahs>
      </rubbing>
      <bauttaCroppie rushee="pinmanAlquier" bygoingBalcone="lingas3915" thatUpheal="664">
        <poulard>blondes</poulard>
      </bauttaCroppie>
      <shavian hasidicDiomate="year63" haze="latcherBeggerStrikes55">
        <beatsAcrityLimace>oryxBurrerChiave</beatsAcrityLimace>
      </shavian>
      <streitSnaggySpooky charactJud="waveletPyemiasSump" urohyal="unsonsyCalyonGavages">
        <mithersRenig>jainismRoripa</mithersRenig>
      </streitSnaggySpooky>
      <digynia>
        <thapes>rubaceUrman</thapes>
      </digynia>
      <bockingTatianUnmate klutzes="375268176" cornify="rangpur3">
        <frivol>pangas359</frivol>
      </bockingTatianUnmate>
      <clonosMealer stairedCuriosaCurtal="flota" usable="devilerIncivilBarres">
        <pisgah>694</pisgah>
      </clonosMealer>
      <outvieNighterLibr>
        <breakaxAosmic>jubbah</breakaxAosmic>
      </outvieNighterLibr>
      <mktFinbone mitchAshamnu="clonism" nervureWeirsCutcher="996082076" dibbles="carks" fodSingedHymning="cooeed">
        <ferliesRemote>5418786</ferliesRemote>
      </mktFinbone>
      <semsenFrilal neback="pyropusBrasilJowpy" lolledShammosSillies="97" urotoxyFerulesZonal="dumblyGlassy">
        <asmackWobblesClips>malloyAbles</asmackWobblesClips>
      </semsenFrilal>
      <spreath freshShaky="radome" amus="8" multumFamilic="500699" sweetsMoires="lums2">
        <laichsBromals>galluot</laichsBromals>
      </spreath>
      <middaysAirn carroty="moraineTriers" manxRanulasBonser="pusztaExtentAdc" yenisei="956477610" weccheSericon="duranteDoesntToyful">
        <teethyToolsi>thiram6</teethyToolsi>
      </middaysAirn>
    </wurstsVaulty>
    <satron nadirSkatesFoliole="drake7" corrigeTiver="varella" aspcaHummel="39860162" slowish="futuric">
      <ungluesDarreinSkins>malheur</ungluesDarreinSkins>
      <almanacGosainDisazo affret="bhilSonant" hardingDemoticKnowhow="nidorFowlersWiling" chummed="replaysSeasanUngues">
        <mesonyxThicksZings>aphriteSpeller</mesonyxThicksZings>
      </almanacGosainDisazo>
      <dautedHornierUnau>
        <hoarily>ayelpOxhornUrea</hoarily>
      </dautedHornierUnau>
    </satron>
    <nidulusChirres>
      <canulasEmpresa>snobol</canulasEmpresa>
    </nidulusChirres>
    <crowds larkyPremierArbores="refiresAdsumErnest" grazers="exorGallera" dudishBeaune="semsemSkeinsTacky1616" clippieAsianic="mannyAtripCecums" teucri="tarringLintenKef" smudgyAristaEcarte="retreeUrol" thenar="chaser">
      <impaintRouthAgatoid>491731525</impaintRouthAgatoid>
    </crowds>
    <togueRimose scalzEmusiveRelance="ratansAlachahDugdug391" stratusSlatifyYeaning="zmudzTitaniaRhesis" congeryUpriserJowar="9">
      <pix>reparelWamblesPhlegma</pix>
      <argyles wonkImposts="68379" jovyPapain="hakimsFronts" spassObscura="smiled">
        <gosmore>uninkedVoce</gosmore>
      </argyles>
      <rasoirZoogeneUncore>
        <drizzle>orderedJuncat85</drizzle>
      </rasoirZoogeneUncore>
      <evertsWabena garotedSedged="soliGemmelRoils" bobootiIrrate="acuterPinnule">
        <lysogen>841</lysogen>
      </evertsWabena>
      <isiacal huggers="acacinZanyish" heinous="curiesNibblerLumbus" recombs="2239092" nazism="7370">
        <ciboneyHaman>doublyAlaunt</ciboneyHaman>
      </isiacal>
      <debitedMenthanVivat>
        <yellDivort>gizzardMarshsPandemy</yellDivort>
      </debitedMenthanVivat>
      <oylet>
        <outgrewOotAnilide>smatterDispels1</outgrewOotAnilide>
      </oylet>
      <cubic monicGantryYoker="merozoa77" ruptiveKenyaUndam="fletBlanqueOnymous56" fifty="outgun">
        <debutEpidiaDyce>henbaneBesmellGuiro8</debutEpidiaDyce>
      </cubic>
      <fleasHomburg sperma="peltry" unhardyPicardJabia="elegise" grousyCozey="46" academyOdorsOxhorn="castanoBalonea">
        <anhimaeCarlistFaery>923758</anhimaeCarlistFaery>
      </fleasHomburg>
      <jato ullagedTubmen="snobolMurrain" stowsRedrapeAttunes="greyish">
        <comity>fotchWeepStepony</comity>
      </jato>
      <embower artless="70241800" ionicWhirls="8397363" gaudily="978" retestEleaticPulton="ghetti6">
        <ovening>tursio</ovening>
      </embower>
    </togueRimose>
    <mabelEmerodKolkhos>
      <neterProbed>ramonAstaPoohed37</neterProbed>
      <deucingOralogy styxianRallies="plightsNigella" balloen="42292">
        <obligeeStuckSimmons>lin3</obligeeStuckSimmons>
      </deucingOralogy>
      <sirBelapZeta sievesNorselVineity="natale1652" lygeum="pirner" nighed="72" toco="bagelsGrouchoSevres">
        <goupOperclePungs>yabby72</goupOperclePungs>
      </sirBelapZeta>
      <huskily wadding="gesturaTrotterScalz" levanto="dautieSeaweed" grouse="411253274">
        <latches>tresche</latches>
      </huskily>
      <liepotFerriteFining>
        <balauRivellBurkite>saultsLawnedAthodyd</balauRivellBurkite>
      </liepotFerriteFining>
      <havocSarsiAllan contesGlycin="chandiYapokEarflap" rolpens="daffQuean" mentumMewl="gur8" concheUntakenInfixal="dongsScomber">
        <tressel>fibrinsCreamed</tressel>
      </havocSarsiAllan>
      <vettingMaghCineol eyemark="airfareSingly" cyclingDottore="tirledEbraick" trumeauElritch="physidSubbase623" decimus="hectareIcicles1059">
        <nonfactEnsuing>mitosisYuruna</nonfactEnsuing>
      </vettingMaghCineol>
    </mabelEmerodKolkhos>
    <paining>
      <hypural>972175815</hypural>
      <rankestMerkinAughts bug="artelPlasmid" serosa="ensues" iyo="riffiJabbersJustice86" tonsor="9416146">
        <percoid>pingingScuddedEdenize</percoid>
      </rankestMerkinAughts>
      <keylessNewgateRuner>
        <emigate>sabora</emigate>
      </keylessNewgateRuner>
      <raptlyAortaTaigle summandRonin="480144976">
        <chevres>miki</chevres>
      </raptlyAortaTaigle>
      <mindBlurDefects idolishRidentNovcic="879448" sault="yoyCuriosoSkylark" skagCultchTundun="arrameYochelJornada">
        <oblast>choralsSraddha</oblast>
      </mindBlurDefects>
      <carisaDetnLangley tabidFrogged="ahmediGhi" overcapTenDeice="wieldedAppalsManhood" archwag="853" heiledSuboval="rouble">
        <brollyVaulter>primalDentale</brollyVaulter>
      </carisaDetnLangley>
      <hwanDiecase>
        <tine>elysia</tine>
      </hwanDiecase>
      <teras>
        <proddBedemenAshed>biuret2</proddBedemenAshed>
      </teras>
      <appertFizAcidite>
        <quinseGaleasSunbow>unsmoteFerdTekiah7</quinseGaleasSunbow>
      </appertFizAcidite>
    </paining>
    <gippo>
      <maxixeBarware>thimberRooferHilloa2176</maxixeBarware>
      <pinch>
        <assureBootleg>hybodus</assureBootleg>
      </pinch>
      <chopsRetrackCrinch egotizeDemyUnder="takingsGaleyWaggish" polios="lontar">
        <zumaticOdology>46</zumaticOdology>
      </chopsRetrackCrinch>
      <augurerShaivaRecrop>
        <selfs>soldoIleusExport</selfs>
      </augurerShaivaRecrop>
      <seeds ogamicBirds="egoists" joypopsHexonicRudity="hoaxing6" baggageRitcheyOctanes="crickle" lactylPeriMash="obeJemmies">
        <sorely>pupil</sorely>
      </seeds>
      <shreddySirra acornTath="dotersSphere" hakes="90" bared="expand">
        <cajetaRoils>12083</cajetaRoils>
      </shreddySirra>
      <fcpCastoff punchesIncense="semmelBegrayXosa" kaverMorgay="rishi">
        <india>cooperyVinyl</india>
      </fcpCastoff>
      <collybaDreynt amutter="8891561" robbinsKylIsolate="rorqual9">
        <erredMoneran>852227</erredMoneran>
      </collybaDreynt>
    </gippo>
    <pabaMammutFags>
      <antapexDtente>fluibleLoxoticUnfull</antapexDtente>
    </pabaMammutFags>
    <mirish>
      <skirr>56</skirr>
    </mirish>
    <aswirlSeggarsCough redder="tapetal" stavingDelfts="guyots" cottas="coarser" hiltBulbletThouse="fannersRemeant" primped="8">
      <regleObeah>podsHilsaMoringa</regleObeah>
      <byganeFoamedCongos ayont="ecotoneCarle" upheldBenton="domajig" elijahSighful="jimjam">
        <spuke>tekyaDisruptKodogu</spuke>
      </byganeFoamedCongos>
    </aswirlSeggarsCough>
    <inhameClaps milsey="315003" bringedSalletsMauby="prior" diswitOutcull="recuseCashaGambiae" shahinSwoons="arbutinGildsLongan">
      <tenuous>salterWaasiIntake</tenuous>
    </inhameClaps>
    <siemensAbator cerias="6" primersImposts="purfleBalkerVarical171">
      <syrensDevvel>femursInhumeFlume</syrensDevvel>
    </siemensAbator>
  </roxanneToshly>
  <rebesetRerunAlcanna skeeingPippedOtalgic="gemseAsian3047" invokesPyrrhicDowned="412">
    <ferventPoplars>
      <hamatumIllyAmores>dumpledOlivilSagy</hamatumIllyAmores>
      <grandly>
        <djebelBoveyMester>leteCodetta</djebelBoveyMester>
      </grandly>
      <crojiksYaupConcave kenya="inquietTuismXylitol">
        <lecternPenangsAttn>kleenex</lecternPenangsAttn>
      </crojiksYaupConcave>
      <appairMadding taino="cloaca" stoppelAdipsySneezy="322909" montjoyMohwa="kudzusSchwas3">
        <lank>3</lank>
      </appairMadding>
      <chaster bergModiste="caches">
        <yetterSwaleArmoire>purrone</yetterSwaleArmoire>
      </chaster>
      <achar divort="artwarePontify" meatApayaoOrgiacs="peartenMonth" carinal="jumperEndentDafter">
        <suprExtrudeCausus>plenismDealsAscham</suprExtrudeCausus>
      </achar>
      <ivy margeBustledCastral="zamenis8479" facette="18710955" cassenaSejeant="lacunesPropugn" sotsTeamsOvately="choelSwisser">
        <belled>hobbit831</belled>
      </ivy>
      <leerily swirdOribi="bukshiMooches" pratersWildcatSimkin="ftnerrDoty" disgigPlyers="whiskyBey317">
        <uronic>swigBayards</uronic>
      </leerily>
      <shewnHushaby dodding="youveCuriumsShad" ribozaBambino="48831" tokyoVia="yasnaDistrEluvies" enluteIlissus="yuapin">
        <damning>578494</damning>
      </shewnHushaby>
      <rescoreAmberReseeds leeshyy="gownlet" fudger="peiserLaos">
        <hipless>497</hipless>
      </rescoreAmberReseeds>
      <glassinOffenseShowish>
        <resack>waught</resack>
      </glassinOffenseShowish>
      <babbler kalisPetrelsPitomie="nessusBhut80" mangonaSables="7" serangWinch="sharers">
        <nizamatAyuyuIdleful>50231</nizamatAyuyuIdleful>
      </babbler>
      <kamiya akimMorglayDanced="bogydomDoseRaid" rifting="sapsago">
        <tzaamMarramsRuing>evelina</tzaamMarramsRuing>
      </kamiya>
    </ferventPoplars>
    <monieLandmen balked="leechesFuneralTipi" hotta="glair" wiyatOrthron="inta" sumacPiquingWritter="ophrys" ehrmanBungleDeasil="preamp" ellagicDerobeBasoga="quoteLapsana" idigboJuiceThixle="westingPraisesManeges">
      <isolateSemper>jemimaSizzles</isolateSemper>
    </monieLandmen>
    <ceinteMackinsNoxally>
      <anuryRibosoOlent>beaumeBrayera</anuryRibosoOlent>
    </ceinteMackinsNoxally>
    <iodosoKankrej>
      <repay>doxa</repay>
      <comoidCullies browsesYaru="avnDaffishRomulus">
        <townDiscinaArefy>hazzanSart</townDiscinaArefy>
      </comoidCullies>
      <advtSalungPteryla peacedMadrih="bedgownLosingMisterm" glacialVelungeWust="haunterLachesTerete">
        <grenatWintry>liangle</grenatWintry>
      </advtSalungPteryla>
      <vinoReh mpretBecloseMisadd="sashimi" floccedWungeeBrecia="quireNaricSwag" tabefySconcesHances="bilstedPuckTahona" carlins="asculaWhid">
        <whaleDonnickReset>theorZiharAttrist</whaleDonnickReset>
      </vinoReh>
      <venkata bureGrooper="dreamsy" tehuecoBogeyed="engoueeRestrip" garbledWinker="hassle">
        <havingCopepodBurred>histie</havingCopepodBurred>
      </venkata>
      <smazeReducer>
        <wiggyTreater>sawishBarging</wiggyTreater>
      </smazeReducer>
      <pasting coumara="yonicSartor" sandix="pleb" valets="8">
        <mildlyAsariteLessor>najaSpelunk</mildlyAsariteLessor>
      </pasting>
      <abilityKayoingAdding kirantiUnpaledLoggers="benzoSpairgeChild" microbeRajaJot="plumuleDipsos" batino="jimpyDiscampMohave" testDebacleSaiyid="pristavGaelic">
        <serran>mournerTutto</serran>
      </abilityKayoingAdding>
      <rippetFloreta radioUnworthKishke="humin" succorShadowsSybow="totes" santolsSenegas="fancyUnrural">
        <grazers>dependTiding</grazers>
      </rippetFloreta>
      <moroneUpslopeRockaby rotularAdipousPrevent="musardSouariInbreed" vigogne="fromAmniote">
        <nervier>ureides6876</nervier>
      </moroneUpslopeRockaby>
      <peeliteFeetageWillie filaGlotumMongoes="biosisFeted">
        <volaticBlowzy>54</volaticBlowzy>
      </peeliteFeetageWillie>
      <meeting positum="92256" jakesFealtyAtophan="yominUnaimedLatrial6754" dryopesSurcloyMimmood="43">
        <ofttimeArmure>fleetedBetingeMacular</ofttimeArmure>
      </meeting>
      <sheeWarrokTiara griphusGrufted="statingArgyllsScrear" dondiaRewarmScobby="quaffer" sewless="ashmen">
        <palooka>elses</palooka>
      </sheeWarrokTiara>
      <aerWinches talaric="5505835" gleetsDewret="lacto832" pyransChainedBrim="genysStringsUngirds68" cavusCadmeanAspish="2">
        <ferliedShare>tewsUgroidShames</ferliedShare>
      </aerWinches>
      <acetose abdariaWitess="diallelSavvy142">
        <intrunkPokiest>catwiseTobiahViolist</intrunkPokiest>
      </acetose>
    </iodosoKankrej>
  </rebesetRerunAlcanna>
  <furzier corners="15885" awadhiExpanseSultan="aruminOveyDesorbs">
    <marry>
      <pollGrike>retamaMiaowed</pollGrike>
    </marry>
    <yezzy>
      <turtur>desorbsHumpierBibl</turtur>
      <bourdisPleromeBesing>
        <nomesFrogbitAmylase>befleckMenatCowiest</nomesFrogbitAmylase>
      </bourdisPleromeBesing>
      <rosebaySeinedBantu yawnfulEthylin="smartPesaAliner179" milvago="crasher" debasedCortileExcided="ilokanoPepticAnadesm6761" oxfordsElytrin="aptestHoblob">
        <wharvesChrism>awakensGroynes</wharvesChrism>
      </rosebaySeinedBantu>
      <enos outpull="pollardGauzePhallus" zananas="ochromaStruts1638">
        <knox>ginmillKryptolOrdains</knox>
      </enos>
      <yawledWakhi mootmenGarrotTarge="aesopDiedUhs" hobbian="parisii" moasSludgeScotize="3718726">
        <pierDermad>ingrain</pierDermad>
      </yawledWakhi>
      <filippoCaratchEntify disowns="horsteAtipCutch">
        <mosIgniteCalesin>bossesAnoxicMonofil</mosIgniteCalesin>
      </filippoCaratchEntify>
      <subringSorrily inroll="lakhs" ceromezUre="helco" sinismBacilliSneaky="untiing" taaTardiveEnsues="couthHaunter">
        <lipaseRaukCadding>5441923</lipaseRaukCadding>
      </subringSorrily>
      <ashweedBashkir acephalGonads="piercedDew" dhurnasSquireWamus="47528805" diptNonpros="gawnHuddledAvestan">
        <afghanKenaiPhasm>snowed</afghanKenaiPhasm>
      </ashweedBashkir>
      <direclyZacatecGlowing>
        <saxishEpioticUlmo>couloirPerkedSwails</saxishEpioticUlmo>
      </direclyZacatecGlowing>
      <shriftsLugger>
        <craningRille>568</craningRille>
      </shriftsLugger>
      <outdrew peartly="boatersRhabarb" betulinQuietusLogania="666500727" riperHaggledTolu="braizeGibblesLappets">
        <woompWoaded>rattensNooPongid</woompWoaded>
      </outdrew>
    </yezzy>
    <malapiBalitaPanisic>
      <morongPandaniCharta>maidenWhart</morongPandaniCharta>
      <ciphersDisnest unbesetGugliaNathemo="endable" manqu="lotaMontaukCuruba" daintyUnpacedSharrag="794028438" redoes="daoEarmarkTerek6272">
        <sabinaMiconiaHydros>banghyStomps</sabinaMiconiaHydros>
      </ciphersDisnest>
      <middler galore="oraryChineeDiehard" ingluMalaria="exempliMeccan" soakersHoodmenFenks="navarchQuaeresSpilth">
        <zyrianCharcia>troggsCrumena53</zyrianCharcia>
      </middler>
      <brumeAddrest coif="limaceaBrindedArmied" gish="abscessDeviserSnarl">
        <crissetCoatersClouds>12648</crissetCoatersClouds>
      </brumeAddrest>
      <seatangErie seen="differsSaugh">
        <ramadaArabeskRocolo>moroResitLenient</ramadaArabeskRocolo>
      </seatangErie>
      <azafrin corninCoct="jutish">
        <naggedSparageSkyte>mustardSisten</naggedSparageSkyte>
      </azafrin>
      <sinjerGillionDevolve borsht="pippierFaecula">
        <outwoodBandsaw>magadhi</outwoodBandsaw>
      </sinjerGillionDevolve>
      <potsie crashLawingBenthon="avenant1">
        <thereupUrchins>scog</thereupUrchins>
      </potsie>
      <sangerBleak unglazeKiddush="trophis" lippingUngull="taskingAttackAlicula" smoosFarfel="5336">
        <laudedIncor>976031521</laudedIncor>
      </sangerBleak>
    </malapiBalitaPanisic>
  </furzier>
  <fetch futtahUfo="revuePadnagGloater" />
  <samburu />
  <rageesSennetsStichs remaim="intoSudoric" smeuthFricti="thripsPilar7">
    <lowerBhowaniSikhra>
      <hash>idolistMadroa</hash>
      <coshedSmuts>
        <pinions>morsalUnplug</pinions>
      </coshedSmuts>
      <puteleeHastier devonSethBaboosh="lobbed">
        <vidkids>vixenlyPartoLvalue</vidkids>
      </puteleeHastier>
      <laystowHulaChallis>
        <eileenOctad>santii</eileenOctad>
      </laystowHulaChallis>
      <kousinArmletsIroners afreets="vaidic" bewitDigMulier="gentoo60" looser="closureCestui65" reblameRests="paar">
        <bespend>chicerSabakhaJollies</bespend>
      </kousinArmletsIroners>
      <tindPistle ponentRigorsGila="nrarucuKokos832" leak="impresaArctoidBayamos" tubig="credits" impeachCadgedCetid="bostonSably273">
        <clitheFacit>dogly</clitheFacit>
      </tindPistle>
      <eludingMowingSpad>
        <piluleBosunsReckon>atumble</piluleBosunsReckon>
      </eludingMowingSpad>
      <alodTabbied mutants="barsac" figwormCeders="rougedChichiSkail" inertsCorbans="khatibNoirGinney">
        <airnsAxils>69</airnsAxils>
      </alodTabbied>
      <steveKilergLusian taxemicSvelterNed="unceded">
        <dochmiiRetted>kiutle</dochmiiRetted>
      </steveKilergLusian>
    </lowerBhowaniSikhra>
  </rageesSennetsStichs>
  <jorgeReetam dunganSteppes="outingsFlche" golding="8" tatter="fortake" />
  <pungiDrablerBombora triglyUltimeHammock="atingle" />
  <holilyBowelMehari nonplusIntrant="706710200" suavifyJhow="lavaretSusuHebenon" garehPizzleFends="tooshMarmarAbove1" seawardEgoity="hottaIsopolyResumed">
    <onanist>
      <lungans>flytesItacist</lungans>
    </onanist>
    <awedly readier="24442" papulaeBemixesYeuks="kentiaBromid" catheadCordis="50" tombacsBedotFogrum="hobWharfedAni3" virus="pinked" riancyDrinky="nouveauRunoffGamier4">
      <teopans>nacrineImam1</teopans>
    </awedly>
    <dweebleDakoityHanker>
      <infillKairin>528565</infillKairin>
      <clarini hyphalMishapsKerat="78199" outroveTarsi="legalsHyoid56" annoRefilesBiriani="idylize" kerveSkimosAbduced="agapaiKiters">
        <eosinicSpayingPrecel>subitoBogfernWired</eosinicSpayingPrecel>
      </clarini>
      <lushedImidic fanam="cabulla363">
        <titter>sookeWroot</titter>
      </lushedImidic>
      <couthie shat="yobiTipful" kellysGaum="was" folial="faujdarVilloid204" ensnowCazique="67286855">
        <speal>pashedColosso</speal>
      </couthie>
      <rokaCrosses infamedDoobBumaree="gaumyHornety86" dilosMutchKavas="yaje" plumach="3">
        <enhydra>replaneDezinc</enhydra>
      </rokaCrosses>
      <damping reswear="iridinRuach" goddessEvictor="14355908">
        <palabra>38</palabra>
      </damping>
      <cerateCrunk newlyWanruly="baycuru" akinVespers="5429006" ecphovaJewsRunlet="serootMhzFieldie1839" sumatra="dolcinoVilestTarlike">
        <beshineImplies>dillisYarded</beshineImplies>
      </cerateCrunk>
      <weve unlathPernodEmbira="henninCortineStours" learnsIncrestGirders="polityNunce">
        <tainanOversewCabouca>lamaist</tainanOversewCabouca>
      </weve>
      <koonti honersSlashesSoorma="motif1">
        <sagbutsAvestaZingers>besewGrunion95</sagbutsAvestaZingers>
      </koonti>
      <croftsBrucinsTundras>
        <prigsImageryFenner>38585</prigsImageryFenner>
      </croftsBrucinsTundras>
      <fallwayToitedRobbery>
        <buttonBlindly>irisingSaltpan</buttonBlindly>
      </fallwayToitedRobbery>
      <presets rainilySyrens="2410117" sneersManletHounds="payers" drainsPannelTittupy="definer3366">
        <yannamCfsGagging>tangaAbyssesAglow</yannamCfsGagging>
      </presets>
      <gimmickCledge>
        <ship>ballsyAmesite</ship>
      </gimmickCledge>
      <legends>
        <obus>seppaOddsSavoys1</obus>
      </legends>
      <hottestVulgate porus="65">
        <ictuateBarton>wanhornOutwaveHeister</ictuateBarton>
      </hottestVulgate>
      <idiasmOogleaJcl>
        <faailk>inquireCarrollLettern22</faailk>
      </idiasmOogleaJcl>
      <aldmDost>
        <pateriaFuzingTachist>780973</pateriaFuzingTachist>
      </aldmDost>
    </dweebleDakoityHanker>
    <barongByliner>
      <slumgumBlowzeDaysmen>jellilyRetinue679</slumgumBlowzeDaysmen>
    </barongByliner>
    <vorpalChaine>
      <uranion>kinin</uranion>
    </vorpalChaine>
    <abovesAdverbs pilaffInvect="enriveScapelAnodize">
      <quoin>pinkifyTronesCraped</quoin>
    </abovesAdverbs>
    <torpent strutsSocko="pistilsGobblesOcciput" guzulLoiterEjusd="unshentJalouseUrethra" zigsAzymiteQuashee="768">
      <refed>estralOmnibus</refed>
      <minsUngumSatin halidesMorulae="brachetAbsciss4" hesped="moronicToywortPratap" tequila="genette2302">
        <azygos>bufaginViddui</azygos>
      </minsUngumSatin>
      <pimaric beglueDynastsCivism="preculeVikingsFavous" cotwistScogganBurials="pandersBespake" aneuricFueled="malieUnsew">
        <gearingDiaryGrifter>laputaCuprousHarris9</gearingDiaryGrifter>
      </pimaric>
      <teneral vicaHartailFhrer="sarkarCabuyasCrawl">
        <wod>kathaGarbledCarboys</wod>
      </teneral>
      <refires amma="grumlyKorrelAgree" chillsEwererToupee="picamarNomeusKnoll" chomerChacmas="17549">
        <sweetie>speedyBoutons</sweetie>
      </refires>
      <jazzbow hoodie="lirotOxbrake" santolsCutheal="clitch497" moieterGrocerRauraci="71445">
        <gean>daledhArauan</gean>
      </jazzbow>
    </torpent>
    <zoogamyLemnad>
      <cattish>poopsJako</cattish>
      <charliePootGulix hodmenHijacks="157282">
        <sayerYarningCronk>outbendKrosa10</sayerYarningCronk>
      </charliePootGulix>
      <dextrerKalkvis tummed="orphanOutrayAlpen">
        <chandui>713</chandui>
      </dextrerKalkvis>
      <spole lophura="68" satem="planePelmetChaluka" twists="peste">
        <uranionImpoor>firms53</uranionImpoor>
      </spole>
      <maltedsCocain genal="zoon" tuttis="jumbledEstabColeen" uphungRamsonsBudworm="spawnsIdrisid298">
        <outknee>yelling3028</outknee>
      </maltedsCocain>
      <venustyAlertsLinins wachna="rammageBework" wamaraErgsPorcine="fungousJad" spavieBellowsFlanked="pinfireCicharBovidae">
        <boringBrie>shegets</boringBrie>
      </venustyAlertsLinins>
      <usuressOffendsDoatish bogoSpektProwl="39443476" astelIndivid="brighidMoiling" globuleMiragePungey="surfierUnrimedTarfa" clipsGertie="40760364">
        <undarkChiclyUaraycu>conniveLigate</undarkChiclyUaraycu>
      </usuressOffendsDoatish>
      <potass bottledSandfly="xenianTaleTigelle">
        <xenicusReguardSynop>miliaryMyriadsAhom</xenicusReguardSynop>
      </potass>
      <nielsenEncaveEnghle grieceHeavies="24558">
        <scanianMondosCaged>reflushPilaws817</scanianMondosCaged>
      </nielsenEncaveEnghle>
      <agatesWalnuts pavisorCuprousParale="agmas" sellSprightStaree="suppler">
        <gregorMusersScanter>9468740</gregorMusersScanter>
      </agatesWalnuts>
      <cohibitTabbiedRibwork ripcordDwarferShab="4510270" charelyYetaCineast="unlooseLaralia83" miscuesToitoiCumhal="bugara" effumeWandyBlarnid="nought">
        <miltonGony>666913347</miltonGony>
      </cohibitTabbiedRibwork>
      <chakaziGorgetsPinlock riflerDaylily="elvishScythes569" prancyUniRollbar="lobingTilsDavach" tromplePulseCaup="ordo" torvid="friller3">
        <overcow>482101200</overcow>
      </chakaziGorgetsPinlock>
      <wrings dioeciaPulvicChacma="1" cedentMidribEgoize="260">
        <decodeFriseur>appealRivery</decodeFriseur>
      </wrings>
      <assentToning paintyGastrinAnitos="bozosJunkman" squashWurly="sulkyBedawnPlicae" gaffsLukeScian="longesRamark">
        <shamerTriodiaTerre>yeggsDallas</shamerTriodiaTerre>
      </assentToning>
      <carbineMasaisRedbay aidingDafterThoft="bettorYolked">
        <alible>kohls</alible>
      </carbineMasaisRedbay>
    </zoogamyLemnad>
    <blinker>
      <emodinDazzlesGrummer>dayflyStellaTenace</emodinDazzlesGrummer>
    </blinker>
    <cofane>
      <catella>rehboc</catella>
      <nakederOctdra>
        <shakierFirmed>roundHome</shakierFirmed>
      </nakederOctdra>
      <unchairOutgrow ngaioMetingVinet="fixiveVedika772" frondeDotless="avalentProport" limniteToxifer="dogeBryceGuara">
        <yockingWrassesCestoid>wageredKarsts</yockingWrassesCestoid>
      </unchairOutgrow>
      <baddock teevee="raukleBossboyLouk">
        <fattily>maladyZygoidVising</fattily>
      </baddock>
      <apodousBaboosGibby artlikeSleeverPaneler="arsGaga" attrib="ramplerAxoneme" caserAnaryanBound="79">
        <bumbledMendigoRenes>probataUnornAdmires</bumbledMendigoRenes>
      </apodousBaboosGibby>
      <notify soueef="mavises" onkosNaggers="eyersZippers" gaulicCockClears="tongueInfants" evokeHalite="tonnOpposes">
        <jowery>diodon</jowery>
      </notify>
      <uster caseumCayuca="outZabism" owldomMoriche="textAgsam66" coronerBename="beparse" flaff="669545">
        <shaglet>weaklyPanzersSpency</shaglet>
      </uster>
      <yaplyPanelerBhar fujis="hotelsGulgul" logman="prosFelonyTigerly">
        <coonyBochismPawnor>staminaEmydCrannel7755</coonyBochismPawnor>
      </yaplyPanelerBhar>
      <createsRebuff splunge="faceteStretteTaluka" ladroneSubmitDopant="macagueGattine" suetsNervineDrumler="leanedKonakLounge" stroupNapless="dover">
        <extolMealedZoril>671292</extolMealedZoril>
      </createsRebuff>
      <aworkExlaGaybine scouch="nothingOnly" eyassNumbly="etoffeBuncher" harmoutImploreLyrism="otologyRachisSwinks">
        <hdweCantors>bombBeseem</hdweCantors>
      </aworkExlaGaybine>
      <matie police="43100" townifyCovey="pottahFossors">
        <yesesLogget>73907</yesesLogget>
      </matie>
    </cofane>
    <mongeryGruesDozener odorous="33" bobbersUncause="lingam6" castersEjurate="sirexNyalasResort" uppityAsianicJacktar="blabs" internsPoditeSeemer="lantanaScarierDido" calyxesBogey="petherTightsJhvh" handel="osperm">
      <rachelCorydonCouril>tinyBugletMurshid</rachelCorydonCouril>
      <naviBeylic riddledVijaoTievine="9">
        <tarringSandeepPrecess>tweesht</tarringSandeepPrecess>
      </naviBeylic>
      <grahamCurriedNavvy upcarryHelmetsKent="bottoms635" gookyJageerNuance="storer429" erratic="taliped">
        <traceGustingCornin>redrug</traceGustingCornin>
      </grahamCurriedNavvy>
      <ellaNouselMolts unvestKenchVoucher="bonedog6" damierManchet="48943">
        <ergatesTzigane>geastWodSpeeds</ergatesTzigane>
      </ellaNouselMolts>
      <tremble>
        <quilletJumbyLouise>hurdleAdeonaMoonite5614</quilletJumbyLouise>
      </tremble>
      <waesomeDetdViscum foiter="haydn" len="8017545" muscoid="261">
        <codline>86088</codline>
      </waesomeDetdViscum>
      <rindedYaudNonjury suggan="choak587">
        <rangierGildersPillows>stock</rangierGildersPillows>
      </rindedYaudNonjury>
      <pottagyFillCuck ticketsBurls="insack">
        <seacockRallye>yetterPolyadPassion</seacockRallye>
      </pottagyFillCuck>
      <vulpicCreedsSlued jarmoDrily="dedanimSitting" flanky="82" undustSoapersOsmosed="bythJitro">
        <unpipedWiyot>babbageSmiles</unpipedWiyot>
      </vulpicCreedsSlued>
      <deessJingu halloed="meggyBacchus1507" bawley="mavis" serries="747712" dottingFantailManuka="bauleaGild">
        <cappy>latahMurraya</cappy>
      </deessJingu>
      <mare mustntUtopiasJazzed="marcsBesirenHowler" ketimin="dulcite" bender="toetoeConsole">
        <tritium>balteiBoyauxBoylike</tritium>
      </mare>
      <striolaRelatorTremors>
        <blisterJennierExopod>kniferPrepack</blisterJennierExopod>
      </striolaRelatorTremors>
      <briskerTunicle recheck="azafrin" mankieTutu="agleafDidicoy">
        <ages>99522</ages>
      </briskerTunicle>
      <aerobee arrangeForbs="decrial82">
        <shastriBelongsOpp>92473</shastriBelongsOpp>
      </aerobee>
    </mongeryGruesDozener>
    <wearing frapeFurilDiorism="isiacalButyl">
      <fuguAkaniaCucule>tankerHethingCachets</fuguAkaniaCucule>
    </wearing>
    <blendor>
      <clipped>7</clipped>
      <sallets>
        <ameboidCabane>slapWotted9</ameboidCabane>
      </sallets>
      <bushelsPilosisBaroco migsArienzoChilion="fendCampout827" pinkest="antaraAbogado">
        <axseeds>luckies</axseeds>
      </bushelsPilosisBaroco>
      <regrownLardierUmbrine apology="mird">
        <ruledom>95</ruledom>
      </regrownLardierUmbrine>
      <lawyeryPechys amyrolSlimes="vanist11">
        <yankedMeasure>upgiveApatelaPapule</yankedMeasure>
      </lawyeryPechys>
      <tega kcal="fundalWhizz" bouffesFannonPeanut="hiringsWarison">
        <politerTobaCancan>burgaLaicRatchet</politerTobaCancan>
      </tega>
      <holcusBiniouConveys unwhigAlameda="yearockCiscos" pascola="whippyOphite" sloush="votingPyrrolBuzzing">
        <ubcKetches>raster</ubcKetches>
      </holcusBiniouConveys>
      <lettern manjelHubbCue="619024" mannetCherelySup="3741522" budgersEnvoysBasilic="22818" flotson="1968233">
        <plautus>madameJove</plautus>
      </lettern>
      <baccareMissangYese binFog="proofs7" tropFatsoNiepa="decarchCytula">
        <sycite>wishramPaulinBoidae1</sycite>
      </baccareMissangYese>
      <whiggedAtonic apocyteMintierHoed="conedExudes" ervumGibe="shellumForb" firstBizet="perlidRetying">
        <soupierEightsCruety>comboy</soupierEightsCruety>
      </whiggedAtonic>
      <baldy cootCymaeChancey="chainsPinwormHoopoo" piecing="wolver" verbate="dryfoot" ammos="gramas">
        <kangSteamyPteric>94082</kangSteamyPteric>
      </baldy>
      <reignHabenalThegnly knopper="reichSert" inland="uaupeReapingMarinas" daubs="farina908" nanaimo="douperWaysideBirding">
        <surfsOxgang>803263</surfsOxgang>
      </reignHabenalThegnly>
      <mermisKefti elmwood="capersLobeRasty" yvonneKotos="reeper" aphemicSaintly="earthedFliped">
        <dewer>jutesPoloIodize</dewer>
      </mermisKefti>
      <lampong bibbyEyr="beclown" perusal="hagigah" agujonAshy="coptisChiviedHomish6246">
        <enamberBubonic>bullpupZumaticGravely</enamberBubonic>
      </lampong>
      <wilgers unwarm="humulus" overcap="unliken">
        <hoodedMussilySwamy>detectsDuplexsEme</hoodedMussilySwamy>
      </wilgers>
      <glimedWurzelsKaraism desandsBasyl="oxonicEcesis" ithacanElaylFrailty="bayong">
        <hemDoigte>pokedFosterHoldall</hemDoigte>
      </glimedWurzelsKaraism>
      <talcerCotanStey>
        <yokelFrenNombles>shovedGormanBecloak</yokelFrenNombles>
      </talcerCotanStey>
    </blendor>
    <moonilyIstles autismsBelied="egglike">
      <bumboKelpyWaget>anagepZoosisBolt</bumboKelpyWaget>
    </moonilyIstles>
    <weightHarping montonDown="26" lieneeJumbuck="dau" philyraKnottyWhereon="81" isnThurnia="neozoic15">
      <hagmaneKolamiFlyman>butIvan</hagmaneKolamiFlyman>
      <icterusSerial mullein="inhale" rochetPsorous="flingerHeirs" sulfa="4494" fuzilRiden="ileClefts">
        <coyos>945976</coyos>
      </icterusSerial>
      <potrackReloanKraits senecio="atacticLazed" ligatorPunHarp="852245814" leesingNikolai="817925187">
        <porkpieDragade>soap</porkpieDragade>
      </potrackReloanKraits>
      <theyll>
        <strakedFidleysChive>67067152</strakedFidleysChive>
      </theyll>
      <waysideFennyNews beltedEnghle="vergersLamnoidDyked" emprizeBarkedScad="avitalAnciliaHoodoes3373" fisk="outgateAkania" hod="moonsetQueazyBaffler">
        <anoxicWayworn>gallianNiggun</anoxicWayworn>
      </waysideFennyNews>
      <hurdles adopteeModule="jishengUnscaly" ferulaOxhuvud="gabbros">
        <lolaSkitedCebatha>ruining</lolaSkitedCebatha>
      </hurdles>
      <ourangsPingingResumer pyrToweledOutdoer="scag" manaismEndia="feraeGossips" unlentDoodiaAscus="jaguey" emittedDemesLimpers="muskratSequest">
        <retin>acheat</retin>
      </ourangsPingingResumer>
      <brazeraDoted>
        <peloidLallandGoober>labileWarmishMiddes</peloidLallandGoober>
      </brazeraDoted>
      <tejonHitchedMongo loopedSycheeTecum="goleeAvidity" anitaShowing="bisie" ectallyFlokiteBlinker="962532955">
        <microSitkaAgonium>psig85</microSitkaAgonium>
      </tejonHitchedMongo>
      <tricae yeeuckRemiped="incusedMarked">
        <yowdenShaughs>sakersYblent</yowdenShaughs>
      </tricae>
      <dangledHookies>
        <babel>gearboxUnshortDipody794</babel>
      </dangledHookies>
      <jussel jeddingEdea="bavaroyUpbredGagaku">
        <rundlesLogia>wooshedBaggage</rundlesLogia>
      </jussel>
      <onwards walterFlukeyPowitch="jimpCoelectJockos434" gaussesLuckedPitomie="pebblyCafetal" shapyGnawBarocco="haptere3" kalmuckMustersRectum="pseudChanger">
        <pardieSpout>rebillCobbedBritts</pardieSpout>
      </onwards>
      <strobicExplore pudgierAnjou="6726">
        <tolas>888013364</tolas>
      </strobicExplore>
      <coydogBooleysMelote retral="ikona" pureStunk="neftgil" tubuliPuslike="pumas">
        <beslapFrilal>whensoRecco</beslapFrilal>
      </coydogBooleysMelote>
      <spainIntentsGossip>
        <masherSquinBribe>briningHakSkibobs</masherSquinBribe>
      </spainIntentsGossip>
      <ramulePilaued>
        <bunnPitterInfern>28446269</bunnPitterInfern>
      </ramulePilaued>
      <graversFeofferAgawam lallingRaked="plumetePalestEasiest" gunge="449" gorgingBringer="dhobeeNaiadsRunkles" otcDupes="nuchals94">
        <nanceTwonessPlatan>tinchel</nanceTwonessPlatan>
      </graversFeofferAgawam>
      <imsonic chaco="fmtFloorsOpalina9195" monty="humidlyUnfactPraiss4" soars="586607" gimlety="habutai">
        <smockerRechurnSeptile>mazdaAfifiUndealt</smockerRechurnSeptile>
      </imsonic>
    </weightHarping>
    <mayapisValvule>
      <reenge>outrootFroes</reenge>
    </mayapisValvule>
    <titarTravoisGrotian>
      <stereomGeerahUndevil>foyboat</stereomGeerahUndevil>
      <agonia clewsPlatys="glutin" poxSwa="95">
        <stainBlowse>moultStorer</stainBlowse>
      </agonia>
      <impregBerobed peltsDerm="raked" likin="roundyStuddleRedeem">
        <protonVerilyTalisay>taconicKabuki104</protonVerilyTalisay>
      </impregBerobed>
      <premoveSizyNipter urushiTipitRotanev="56" preknow="flap" spacedWilga="kulakiRebutsArnotto">
        <trulyTheory>bebotch</trulyTheory>
      </premoveSizyNipter>
      <shortieDoigt>
        <sisters>unfittyPledged49</sisters>
      </shortieDoigt>
      <bioral outlies="repostAmirs" shaders="rechawAmetriaDelater489">
        <rhodingThumped>hickeySteevesGnoses436</rhodingThumped>
      </bioral>
      <atloid inciseGedackt="91" miurusCateyeTorsel="humpingLowbrowNubilum" tabors="cavu">
        <howbeitDrillerSlavify>bargingRestsDisnest</howbeitDrillerSlavify>
      </atloid>
      <animo ouselValiLaminar="sightyOven" cageScorkleGinnet="geerahNixe" servalChanco="41">
        <elastic>shreeveThack</elastic>
      </animo>
      <fucusesChaucer>
        <tommed>44945599</tommed>
      </fucusesChaucer>
    </titarTravoisGrotian>
    <frontis>
      <spurryUnlying>fugard</spurryUnlying>
    </frontis>
    <wudgeBohYecchs glaceedAedile="chimere1203">
      <butanalScolopsQuintad>4383</butanalScolopsQuintad>
      <nutletReccoHatband weedingStarchyBandle="7690700" zendik="seroseClubMuskat7">
        <caliverGuaque>alexius</caliverGuaque>
      </nutletReccoHatband>
      <mucigenReet filtre="citrinSectorsProbata" gospels="austricContraRecco" bordun="erma">
        <wauchleCoupeCadged>alapaUpheldAscill</wauchleCoupeCadged>
      </mucigenReet>
      <awshar>
        <adenineBemuses>bulten</adenineBemuses>
      </awshar>
      <progenyTunoBorder goadedVaad="5284">
        <norths>sandflyAngareb</norths>
      </progenyTunoBorder>
      <nemean unfiery="lallUpwaftStowse">
        <coxes>tastenLearierBuenos</coxes>
      </nemean>
      <phrasalTulwaurBalled>
        <horsesCurvyRok>upblazeGruft</horsesCurvyRok>
      </phrasalTulwaurBalled>
      <tutaniaCascol jambed="438879" baconerEchoing="leaper">
        <coronetFinderSawer>renewer599</coronetFinderSawer>
      </tutaniaCascol>
      <ditolylTorsoesRfz avivesFenchylAready="goralCuries" roofersPunica="2723">
        <album>booteeAlani</album>
      </ditolylTorsoesRfz>
      <framesTappoon herolaHexyne="littler">
        <seiren>dulcetSnorts</seiren>
      </framesTappoon>
      <unteamMogote canossaArchlyBrunets="dbrnFasces">
        <brutismDancing>sludge</brutismDancing>
      </unteamMogote>
      <riserFlaggedStrey iwaDarogahSerbian="peaceMothyRadish">
        <dvorakScarierPiercel>99564</dvorakScarierPiercel>
      </riserFlaggedStrey>
      <dogVassal saltus="51302067" woolly="untewedAtenismAreolas" spewierImbarksBricky="shornAbying">
        <afforceDrablyEnderon>82878140</afforceDrablyEnderon>
      </dogVassal>
      <galvChayotaMunify hicht="58839">
        <chaganSimaba>497801839</chaganSimaba>
      </galvChayotaMunify>
      <girseIndraft peles="malleus529">
        <lammieUnpackPard>whomp70</lammieUnpackPard>
      </girseIndraft>
    </wudgeBohYecchs>
    <guacico>
      <lavable>9118820</lavable>
      <paroled quoitedCoalbag="289086516" cli="trishnaRepaceFasts">
        <pumpsSwedger>viqueenBisagreBulb</pumpsSwedger>
      </paroled>
    </guacico>
    <ziraCupreinHicket>
      <ponTawingBalked>6179238</ponTawingBalked>
    </ziraCupreinHicket>
    <mooder>
      <carayan>elemeSwinker</carayan>
      <poundalAss drageeHade="showFitzroy" raunPhylar="hangtag" cosaqueSepiary="proveneLimped">
        <yapockSparyHordes>lyeDells</yapockSparyHordes>
      </poundalAss>
      <halticaTreeful>
        <cotonamFrore>octavicOrbiteAlcippe</cotonamFrore>
      </halticaTreeful>
      <caballo darkingFlunkerDemits="effudeTubaeGervase">
        <upendsEyelikeSimurgh>divoto465</upendsEyelikeSimurgh>
      </caballo>
      <keeperWeeds outsertLevantTuth="24031939" bighaNehruSpumoid="bibbled">
        <unbrent>croseItalicJed</unbrent>
      </keeperWeeds>
      <trfPipra reviverRoister="46" caitiff="lungsFifo">
        <dixy>lechesDobGamene</dixy>
      </trfPipra>
      <exactorBitchy>
        <houtingSpic>899</houtingSpic>
      </exactorBitchy>
      <menisci>
        <kyschtyFussy>vatmanEcbolicPayee1363</kyschtyFussy>
      </menisci>
      <syleneBraeman biggies="454928132" costly="andevo2" bravishSqueak="fogdom" uke="73535369">
        <giles>titres</giles>
      </syleneBraeman>
      <gemlichClericOronoco paraphCasern="5" menacesReined="krooBenzeinButtals" faucalShikimiKlipbok="mellsUnclewPurs" uranylOptablyDondia="6417">
        <redenyEclogue>spicose</redenyEclogue>
      </gemlichClericOronoco>
      <foraneConfestJetton deiridVeridic="erizo" maddle="debeQuass6" furdel="elfkinDossetyPrankle">
        <sakersRicrac>73</sakersRicrac>
      </foraneConfestJetton>
      <jigglerSotnik upbandObeseSeah="62">
        <melons>skiting</melons>
      </jigglerSotnik>
    </mooder>
    <moultedAntewar outpushInturn="coheads" curriedCanali="citablePeckleDeckers" evoeBepill="37" bedpansHoubara="rox" temUnnet="sunnudEuler" ackey="shinkinColy" sighted="lensedEdpGarble">
      <testbed>baht9</testbed>
      <genetta craiseyCleft="urdee9">
        <wiccaErmine>besin3</wiccaErmine>
      </genetta>
      <costedKunbiEndseal scad="drongosBidery" decerp="otateAxion" civicUucpnet="chirpyDonshipGoosy" decreteBradsotMinos="armsBikingRemudas">
        <unrivet>recount</unrivet>
      </costedKunbiEndseal>
      <gemelsHaslockAgush>
        <hounder>hoof3</hounder>
      </gemelsHaslockAgush>
      <nockingTalutoUndear croceicFatless="mastingCiruses14">
        <triamidFoxerKopec>87960073</triamidFoxerKopec>
      </nockingTalutoUndear>
      <anconaTrophonTambur wauchle="alumnaeSkuse" meanieLucanusTuth="501609939" skyeyKhet="grapeysEerierCholeic" mosUnlike="noisesShooledPreaged">
        <morgensMoireed>60</morgensMoireed>
      </anconaTrophonTambur>
      <codesAuratedSnailed ceps="golachBiophor" tribes="courseTartest" trampedImmiss="rubber">
        <woofsHerder>3977</woofsHerder>
      </codesAuratedSnailed>
      <manikin>
        <wrought>playpen</wrought>
      </manikin>
      <alapSwiving>
        <bufonid>hinoidTalipesSinters</bufonid>
      </alapSwiving>
      <belsCoccyxBhagat>
        <lienee>meg</lienee>
      </belsCoccyxBhagat>
      <wegaRepAprocta dispopeRamneek="segosBroiderQuayful179">
        <bockeyNovale>loanersTaperly</bockeyNovale>
      </wegaRepAprocta>
      <writeBoeoticWhorage clots="kiowanWodgy41" cappyBlok="lizards" leerierRuskFrats="bogman" pyruvil="860797">
        <rawHirse>retunesOpiism</rawHirse>
      </writeBoeoticWhorage>
      <fineerIxtleRouse>
        <proudPinningLalled>crypticCockpit54</proudPinningLalled>
      </fineerIxtleRouse>
      <zinsangBadagaScaroid pasul="larum" rosetySprits="jatkiJinkingOrdeals4976" poochesWagaunOxeye="servianImpalasRuen8" splitTickleInleak="fedity">
        <pawditeMocoaDrugget>tembetaConoid</pawditeMocoaDrugget>
      </zinsangBadagaScaroid>
      <laglast>
        <disciBlanks>2459</disciBlanks>
      </laglast>
      <cowherb>
        <contendFroggy>visaingAcerinJussion</contendFroggy>
      </cowherb>
    </moultedAntewar>
    <telopeaKitishKallege>
      <chmnZeatinVoyeurs>laccaicNutteryLarrup</chmnZeatinVoyeurs>
    </telopeaKitishKallege>
    <chubbedCayugas>
      <pandectRanulasFlappy>unfelonDrapeCuisten272</pandectRanulasFlappy>
    </chubbedCayugas>
    <terriesHore>
      <chiwereJiggetManless>771</chiwereJiggetManless>
    </terriesHore>
    <ascriveFoilingMorts>
      <sfzRosetsBanks>noctuid9177</sfzRosetsBanks>
    </ascriveFoilingMorts>
  </holilyBowelMehari>
  <cozzesJoyrode tigella="10036359" />
  <prosely univied="whealInsider65" drawout="consterDuffel">
    <cholic>
      <sawneyPapriksLowlier>1</sawneyPapriksLowlier>
      <engleimVultur bond="unsowedGlutoidNemos" thapesPugetFrosk="handsBootmanTinsel2270" gos="brocardReused726" citoyen="1678">
        <cysticAria>45716</cysticAria>
      </engleimVultur>
    </cholic>
    <vulgar piscoRidgier="bunkingEobiont">
      <damozelTaxedAzimin>belueAspisesSnabble</damozelTaxedAzimin>
    </vulgar>
    <gainedMoiest airwaysBendelChip="blaredRedug5220" eczemasClawingDroved="pitpan" whoosis="arnica" mutulesLagers="colobusSongy" motetsUppluckAnsu="setigerTewsomeCanard" tendidoSievyDowered="propomaRude">
      <gracile>kinguAnnetteTakeout6</gracile>
    </gainedMoiest>
    <ballets>
      <obviateGoteAbysses>659</obviateGoteAbysses>
      <freddie veliger="syndoc" pupalAclinalRosland="but" assuade="kokum" enraged="iolite">
        <odacoidMossy>broody</odacoidMossy>
      </freddie>
      <beakersBegumMosgu>
        <bathmanRivinaStyle>garblesAbatingTagal6</bathmanRivinaStyle>
      </beakersBegumMosgu>
      <pawedColorum satingUnhued="clochanHermsAsper">
        <syciteSentsHawkie>beseeRand</syciteSentsHawkie>
      </pawedColorum>
      <tuchisCareFogged tropeic="garoterOghams" nodedSweal="goldic">
        <inolithThomite>caramelAmidsNeeze</inolithThomite>
      </tuchisCareFogged>
      <dingmanRedodid>
        <adams>944</adams>
      </dingmanRedodid>
      <ambe>
        <keyman>sweepy644</keyman>
      </ambe>
      <servos solfaTeedArabize="55162569" roversBell="subhero">
        <judder>sey</judder>
      </servos>
    </ballets>
  </prosely>
  <namatioGoblets exclSeabirdAddicts="stoai" bedarkShogsSamgha="16412992" comismGrissetGourmet="59399055" leatman="macumbaFellen" />
</ligures>