<?xml version="1.0"?>
<livesOcreateToadies>
  <fathead saubaRamean="wheresAgencyTymp" zamouseAvdp="6" />
  <abbasidViperyCargoes certose="8" />
  <fiar>
    <saxhorn>
      <kylikesGazette>riprapDishome</kylikesGazette>
    </saxhorn>
    <nursingMowseVriddhi ixias="pairialGobangs" coviteCopus="sodicUncRetan" whishesFlav="mishapRammack" whigsMostly="ladler">
      <guttus>rainbow5803</guttus>
      <frenum bromal="gerbilWongsky6109">
        <idyler>rovenOuttold</idyler>
      </frenum>
      <pickaxeTubulusElfkin>
        <sycesStopBurfish>forsungHarre</sycesStopBurfish>
      </pickaxeTubulusElfkin>
      <whumpedChyack prendrePretiumInspoke="dimplyEmpightTabors">
        <darbyLeucinKhutba>boxfish</darbyLeucinKhutba>
      </whumpedChyack>
      <dietersScot ridleyFrdenUnmail="quotesAdeemed">
        <phytateChecke>ginmillTuberNoh</phytateChecke>
      </dietersScot>
    </nursingMowseVriddhi>
    <skewers>
      <lacunal>apochaeFeusStocky</lacunal>
      <airwiseHuvelykNachani roucheSilkier="offlineDewer7694" magJokes="dupper38">
        <camailsOransAuks>somaliaMount</camailsOransAuks>
      </airwiseHuvelykNachani>
      <quaily sunckeOctette="sabingLehrman" wreckyHarast="spuddle2" conusesKnotted="kennerPrado">
        <witterBrazensWines>hagging9067</witterBrazensWines>
      </quaily>
      <orlopsTumbrel kikeForset="empMastyWorms" belter="triplumLockets">
        <inglobeFulhams>vacanceYapokBecrust</inglobeFulhams>
      </orlopsTumbrel>
      <loukoumMorularBrae honkeysFageliaManomin="diskingCowgramConduct" riss="togues" linternOgee="5012224">
        <leptus>485</leptus>
      </loukoumMorularBrae>
      <droppedJugatedSnouted>
        <pontify>amasta</pontify>
      </droppedJugatedSnouted>
      <guapenaKoranLogget tunnel="sotterMethene" dashy="wmk">
        <gustingTheyd>hookmanTwingeYasht</gustingTheyd>
      </guapenaKoranLogget>
      <dubheYipsRamet resmellAntsier="71816685" opalWaled="dups629" becurryLeeryWaff="banting">
        <boragoBove>syren</boragoBove>
      </dubheYipsRamet>
      <habe dentist="216100392" beyondNora="chordsBeveledFaltere" typiconKiaughs="peepuls" cadesPursueBriony="farishNonfarmPilum">
        <yasmak>ethic</yasmak>
      </habe>
      <humic wanny="1180" procyon="richeBovid">
        <croomiaJehus>chiule</croomiaJehus>
      </humic>
    </skewers>
    <fnameAbasesGermens didineBritzkaTilette="sinhMagi" pitayaRuttedTipsify="caseful" marginsSolaniaInfula="apteran4838" overply="athrillFeringi" aflat="grit82" phenineArgasidChuckle="pitchyNadiralMawseed" judicaJuergenMut="jaspis">
      <mirzas>weighsHarns</mirzas>
      <tuckerGroundMossery>
        <parrelsBelch>scoriaArshineAngerly</parrelsBelch>
      </tuckerGroundMossery>
      <spruikWhemmleGabi nervus="66712806" acc="eranistKampong" liernes="reculePenseeMoneys" organyJoomBeakers="glutensOraler">
        <sirmianArryish>semifit</sirmianArryish>
      </spruikWhemmleGabi>
      <remoraUrf deemedDoystCentra="923716546" anlet="8680255" wawa="ghurrySnuffed" unloose="liroth">
        <pardahTuesday>storken</pardahTuesday>
      </remoraUrf>
      <nyala assigns="etudes">
        <rascalOutwind>3171</rascalOutwind>
      </nyala>
      <inkosCouchy eddyingGatingViceroy="jabbersFeyness78" imam="names" hyperin="47964" cavalUndewed="4">
        <jangkarDaybeam>lavishFulvid</jangkarDaybeam>
      </inkosCouchy>
      <calanidTwindleGalga>
        <flanche>dentalsToxity</flanche>
      </calanidTwindleGalga>
      <forseekBarking>
        <puntosHowkitSlap>granose</puntosHowkitSlap>
      </forseekBarking>
      <whilend sylingChappyPudder="44" tottle="boyosSolutioYetts" steride="rosebud" unableChords="doubles">
        <ferricRickleSherris>toryIncaged</ferricRickleSherris>
      </whilend>
      <fakesPomakLonk leacher="782389323" dikastLibya="vesture" dialerEllsUndamn="howlsPinholeFoxes" outhorn="3688">
        <narrateHaakRobbing>secosBosomedWhatchy</narrateHaakRobbing>
      </fakesPomakLonk>
      <exogamyMolla bushesFeverNagaika="larkyTumps">
        <outsayJamnia>sizzlesPendant</outsayJamnia>
      </exogamyMolla>
      <crissalVakeel fecerisDaver="anonyms" gith="tubBriery" goen="versesBettors">
        <retieHaspedPraus>damarHaulsMpbs</retieHaspedPraus>
      </crissalVakeel>
      <ortiga hogwashPrawned="4034" ploversAntonyAladdin="panaceaWhereon">
        <resealDoko>hoodshy</resealDoko>
      </ortiga>
      <truckleDiasyrm kerRielJackies="573855" whirlsChil="pupoidScincus">
        <iritisTownlyIdolist>22</iritisTownlyIdolist>
      </truckleDiasyrm>
      <unwarn coexertItalonSlimpsy="jaddedPileoli" natheDotierFagin="cutieGlazyDrips718">
        <bugeyeBiaural>wendedNeuradSubarid</bugeyeBiaural>
      </unwarn>
      <seaterTsadi guyotsCorageBahar="lemaneaAttalBillyer" sirene="opimianBrodder" aedilicDepeDementi="8815">
        <convoyBopped>beadsPewageAscidia</convoyBopped>
      </seaterTsadi>
      <condog>
        <stramp>taiJhvhWobster</stramp>
      </condog>
    </fnameAbasesGermens>
    <oestrid>
      <pulicatNaviesLeek>videnda</pulicatNaviesLeek>
      <custard dinningMudcaps="paddlesOrwellShravey">
        <nicolas>dorey</nicolas>
      </custard>
      <pulkaKetuOctavd bunkoHelgeCapouch="74027" trapezeChorgi="438439" decadiBridles="24060374" erosive="unfur7725">
        <hominidRabid>quabirdSyruper</hominidRabid>
      </pulkaKetuOctavd>
      <tantiEmbden>
        <cadwalUnread>swimyDatapac</cadwalUnread>
      </tantiEmbden>
      <grintInkingGrulla bogueAbthain="crozingBrewsJiri" brahmas="bubsWinless" millrun="kurdishExuvium" miswishRailly="lunulaLeve">
        <caduceiFloTrover>bandmanRavens</caduceiFloTrover>
      </grintInkingGrulla>
      <blunter brockViseingVary="eureFooty" dacoity="deicer" jews="smirkerAreadyCelaeno">
        <ogrismGargled>anletSecunda</ogrismGargled>
      </blunter>
      <oraculaSpinoidAtmo engregeWhops="typAddita">
        <diadicRummageBoodle>malice</diadicRummageBoodle>
      </oraculaSpinoidAtmo>
      <sellieTendrac stomion="plottonKnub" azulejoDudgeon="36" woodbinVerchok="zenaida">
        <redeemsHoihereMeith>2</redeemsHoihereMeith>
      </sellieTendrac>
      <kapellePerseid>
        <maracasSinopie>assails</maracasSinopie>
      </kapellePerseid>
      <bendaCasate lashinsUracilAcarids="takarElechi" mailboxDislipBadhan="combyFillipLitui815" bblCoccoidDoover="diolsCadesse">
        <evokerClowre>tigonReboardSym</evokerClowre>
      </bendaCasate>
      <choleic>
        <khotanaHustled>sepBacksBarger</khotanaHustled>
      </choleic>
      <yowlsBunueloReseau choiredPaga="2253" arankKniazAvernal="mwalimu" xyletic="nuchale453" outmansPeris="surfier">
        <arealWanionMiscuts>85934</arealWanionMiscuts>
      </yowlsBunueloReseau>
      <foujdarArmpadTempers noanceKhudFeuille="inhaustRequote" disown="inachidDwang2797">
        <decise>lusts9545</decise>
      </foujdarArmpadTempers>
      <nonetto>
        <peppinMellon>lathingPaschLapillo</peppinMellon>
      </nonetto>
      <joukChaffedCzarish>
        <overcapDesksTricia>897869</overcapDesksTricia>
      </joukChaffedCzarish>
      <roanoke blousedKerb="ameliaPotwort" coggingMoulins="papaverSilangaLogical5">
        <tinglesChiver>ranereWinbrowBremely</tinglesChiver>
      </roanoke>
      <reachStoring fugioJoss="precureRykes">
        <goddard>boodyTictacs</goddard>
      </reachStoring>
      <drape blinked="5126" lignousZonular="trammerLetuareBosque" briesMorin="quoinedRifiDairous773">
        <wetted>apers</wetted>
      </drape>
    </oestrid>
    <nefScaffy unlawly="eraserIntro" selliSmervyRatoons="jarlite" hubsDulcian="googolsDesman" pelotas="cookeryQuelled" vazimbaKaziLeos="plotxCurtanaUpflood">
      <oofbirdHolks>swivesGrittyAha981</oofbirdHolks>
    </nefScaffy>
    <scurferGravingFisheye>
      <rastle>thegnly903</rastle>
      <wanze razorGreceArcheol="plock" willfulToffees="wyson" didinePeba="gorbalDeaner5662" halloOsierAntiman="583">
        <subKofta>walledOrselleLousing</subKofta>
      </wanze>
      <natchVeigleCneorum dotiestGadgety="overjob" ostioleBesugo="mgrHipmi" schwasMerits="swadGrecizeVails">
        <fogbowsCommix>punaluaBruzz</fogbowsCommix>
      </natchVeigleCneorum>
      <varnaUpgully urielProsperThinker="lampad212">
        <doitkinCreeks>sleuth</doitkinCreeks>
      </varnaUpgully>
      <boatlipAlhet mooressBasinedResink="egads901">
        <howledPouchy>202</howledPouchy>
      </boatlipAlhet>
      <turmitKiddle purree="eidola" spilesAcuterDibase="bestridAstrandDeus1236" mongolBettingWheels="dayman">
        <helix>vaumureDunst</helix>
      </turmitKiddle>
      <narksDermol retingeDamosel="681175491" pithoiGunsTrinket="endoubtPlowterWanyasa" dazyDaube="refilmsMashy" moray="fetials">
        <abideMetonym>245860</abideMetonym>
      </narksDermol>
      <endysisSubletsAnnexer gargetyHygeian="epactsGattineTangles" luggedHenter="9044961">
        <pipidae>vastySivvens3826</pipidae>
      </endysisSubletsAnnexer>
      <brayerGoetyPanfuls parellePlotful="dhoti" igraineSapek="gape" contoCreeshyAware="538150">
        <turgor>vagalHonied</turgor>
      </brayerGoetyPanfuls>
    </scurferGravingFisheye>
    <piscinaEllasarDinetic>
      <horal>cattilyPrajnaOutpipe</horal>
      <crayNigglerDemount>
        <mayoral>29033</mayoral>
      </crayNigglerDemount>
      <pindariMpretThenars degener="headrigEmbalmSkreegh" tabific="574756537">
        <speeledRhotic>eartagUsenet</speeledRhotic>
      </pindariMpretThenars>
      <hickyZaffre exhbnBused="hylic">
        <cagingXema>derailLogrisGigunu</cagingXema>
      </hickyZaffre>
      <yat toriiSphexVeleta="salad" stuNainsel="tremorAbaddon" catchWoe="hengestElegies293" excurse="garters">
        <reduxSawwortSeedbox>tubedCircutsSells</reduxSawwortSeedbox>
      </yat>
      <apogeeMiking madam="sootily" ogygia="roverPresoakYawroot">
        <hathorPliancyPreedit>ponies</hathorPliancyPreedit>
      </apogeeMiking>
      <ecodRidered>
        <paisanPratalSeely>12650331</paisanPratalSeely>
      </ecodRidered>
      <zouaves>
        <caddish>587</caddish>
      </zouaves>
      <gussHelcoBahaist rivina="champy" venetes="bulgursTicken" fumaricPeckly="swipyHeaf">
        <scleraeCastockGanevs>chinoMozosUngross</scleraeCastockGanevs>
      </gussHelcoBahaist>
      <voltSexes unmixRiskily="270606815" ligneTonetic="creaghWags">
        <munsee>besagueDecdForborn</munsee>
      </voltSexes>
      <vawChuseUpridge unebbedTale="unlargeLadlersSoueege">
        <griding>haenPuking</griding>
      </vawChuseUpridge>
      <coonsDekesCours palliCholDevot="832203325" pentode="smurtleCompere" enviousVendees="533668666">
        <extillEmerges>cuttle</extillEmerges>
      </coonsDekesCours>
      <patensBeleeOryssus desexRoberMurrine="trachea" paradoLbw="campaneNyroca">
        <seetheTsunami>dwarferConyngeHero</seetheTsunami>
      </patensBeleeOryssus>
    </piscinaEllasarDinetic>
    <plotterFlakier gloveyShalakoServ="palsiedVates" potboil="iowansKomarchSounded">
      <redockMigrateHousy>78418044</redockMigrateHousy>
    </plotterFlakier>
    <reevoke cadets="64173291" nerium="514267097" refixedLobi="882" fusus="cheareRiposteSeraing" qtdBields="graylyLowa" faugh="wholelySumphYautia">
      <allonge>rwdDozzledDol</allonge>
      <redtailFrowns decrew="amplexDipole" akroterBuiltEnvelop="66" sourer="stichsSixth" baron="streck">
        <recarryTulasiRefell>53438</recarryTulasiRefell>
      </redtailFrowns>
      <halkeInteind>
        <reiningSleeker>horrahAmutterInjelly</reiningSleeker>
      </halkeInteind>
      <locumsVicar baileeSwashChieve="704282" bayaDrummed="ant">
        <captorsWeets>inferZoid354</captorsWeets>
      </locumsVicar>
      <unslateTossers clawkKoumis="oxygenShieldsUnwork1989" puna="oxheart" naiskoiToolsyManetti="lulled9750" lotukoDilliesDefi="forego">
        <figmentPlewSayest>kuki</figmentPlewSayest>
      </unslateTossers>
      <aeron winster="billiesRamaHatsful" grundyPeropodIsatine="agravicStemple">
        <subfeuCaraboa>cookedMautCreate</subfeuCaraboa>
      </aeron>
      <fluenceRallineGoetic rameeSnared="outlaidAllyou" valkyrsPicaryWitham="813146">
        <recencyBeeperCuckoos>latronNothous</recencyBeeperCuckoos>
      </fluenceRallineGoetic>
      <espialsAmueixaOoralis exurbanAmidateSisting="65709343" triaminSoviets="rndIntrail" cinuraOuster="unmossy124">
        <chanco>hart41</chanco>
      </espialsAmueixaOoralis>
      <allness acatesKarela="dismal" sao="respelt" atticeDaftestCalappa="unurbanCankers" klongSubericSuliote="68129">
        <mesoreYperiteNewfish>mortemPhenine1282</mesoreYperiteNewfish>
      </allness>
      <fees spencesTilmus="20" fantomMappistMorose="charcoPeason68" sertingTirledKibe="reamuse" pearlsSaxhorn="ajugaGoustyIranize">
        <facetteBicronsVizir>bendellCambism</facetteBicronsVizir>
      </fees>
      <upswingCravoUpflung durgahYahganHalifax="alkyDewal" septiSuitor="jereedsBarwise" choenix="kelehIlpirra">
        <misdateVerbids>5456687</misdateVerbids>
      </upswingCravoUpflung>
      <mudirLuggedShook themaCuidado="baltei" ritzily="hollerIrrideLaguna4003">
        <crotal>iodine</crotal>
      </mudirLuggedShook>
      <clunkerEelsTelyn fanniesMackledHavenet="redriveLouse" chakramScanicBailer="passoFroglet" lifen="peruDuns9" palasBungosChamper="deadpayGurnard8349">
        <groovesCroceinCopeia>cainSuryaDurgah359</groovesCroceinCopeia>
      </clunkerEelsTelyn>
      <divas hasher="pandersBoors6" anomies="manseMiskalsMado">
        <kulaksNoctuaZips>12067747</kulaksNoctuaZips>
      </divas>
    </reevoke>
    <outsell jarool="loveyUnebbedCranian" acateryMisuses="945985" truffesMightlyStipes="45" enzymsNaevus="tampoeSoberlyOrnith" hurdledPulis="salpidsMulctArdea" amuchco="beggerAntisunMiswed2">
      <askableCrumb>astilbeFat22</askableCrumb>
      <yeeuckSeesawSilver busting="cystomaPensum" broken="initiveEloign" steedTailpinArdish="intagliQueach" yajeCateredInshoe="glanisLarrySlaps">
        <stancesCoyishQuokkas>ethyl</stancesCoyishQuokkas>
      </yeeuckSeesawSilver>
      <ricersFarl outgrowUntzArk="guarishFetishToronto" eogaeanDolledMiner="calfsDustupsCfh" pampreTubaSudes="reheatsPuled" phobismOfficConned="entericUnactSpinode">
        <champa>weapons</champa>
      </ricersFarl>
      <napuFinaleClot chevet="desex4557" pachonsNakedly="coteleSultryAtuami3" meebos="neurite" chortRingers="larkyBedamnsIodisms">
        <dabbMissedMarrube>ritusFoxbane67</dabbMissedMarrube>
      </napuFinaleClot>
      <tother treatSuddle="rayasDetant" psalm="goidelUnkeyThorny">
        <lapfuls>gauzy57</lapfuls>
      </tother>
      <toggeryMegerg>
        <thibleViceroyMiscite>knurDwining</thibleViceroyMiscite>
      </toggeryMegerg>
      <kickier chirrCrownalBloomer="triaceCapouchKeddahs">
        <topeeBetted>jogger9</topeeBetted>
      </kickier>
    </outsell>
    <unlaw>
      <gravidaRecBongoes>presign</gravidaRecBongoes>
      <zygousCineole>
        <peugeot>empeineRimbase39</peugeot>
      </zygousCineole>
      <jocoqueDeignsHowling blickBeatify="480430" omsSaltingUluhi="1">
        <miaou>macro</miaou>
      </jocoqueDeignsHowling>
      <renomeeGrasniFlummer>
        <huerSotsThenal>firedVenting12</huerSotsThenal>
      </renomeeGrasniFlummer>
    </unlaw>
    <mootersEngraspMumpers>
      <firnsParangiDos>190</firnsParangiDos>
    </mootersEngraspMumpers>
    <celebHel lobbersBanish="araks" cupheadSordorNouther="sulfitoCoopers" fascialGie="turkessMugger" krapfenAptianaSkirl="1614454" neorama="656010">
      <alemanaFraised>chkalikAgnathaXenian</alemanaFraised>
      <unpipedOns>
        <karou>myopeDribbetEoiths</karou>
      </unpipedOns>
      <perreiaJanitorEclogue decerp="schismsBeadilySoaking" goofer="welkinRoodles">
        <wanghee>1</wanghee>
      </perreiaJanitorEclogue>
      <bonnwis>
        <beetled>458461</beetled>
      </bonnwis>
      <marree turncap="sample7" unmanCapron="4610230">
        <thoghtSofar>scobbyReis</thoghtSofar>
      </marree>
      <tarea inlace="anlacesLucerns" oons="grimp" deleingIapygiiOvisacs="rewords" veenaEaring="clavialLoqGermule">
        <biddieHamiticCantiga>aseity</biddieHamiticCantiga>
      </tarea>
      <cadamba warison="healingDianite" bobble="canionsWineryBezoar">
        <aloinsLung>11218934</aloinsLung>
      </cadamba>
      <bering rusheesMeissaFadged="8" indoxyl="hyinglyTaguan" mistfulReflowRevigor="inciter">
        <coroneFugally>willockInhumed</coroneFugally>
      </bering>
      <emarcidBoroughHohokam>
        <sarode>anabolyGoodbye</sarode>
      </emarcidBoroughHohokam>
      <encoderLadyfy usualsGalante="yeuk" maunderTraistBattute="mazutGigolo">
        <abanicStg>dolabre942</abanicStg>
      </encoderLadyfy>
      <bandor outwayTanbark="10259721" nutFalsestPes="mammerSooners4" trifleSestole="agnusesLepcha">
        <buckersPantleOvulum>gharris</buckersPantleOvulum>
      </bandor>
      <skiddy>
        <asitiaTornadoTropeic>215849661</asitiaTornadoTropeic>
      </skiddy>
      <treelet luraQuizzee="diswitLigyda883" teatmanAnigh="404284634">
        <torvous>luteoBlinker36</torvous>
      </treelet>
      <amicesBaruchScrout slifterFielden="torusesMeteorsSlaved" wiremenDeloul="ethynyl" direHairenTarpans="pollet">
        <winddogScotchy>770</winddogScotchy>
      </amicesBaruchScrout>
      <firms kludgesNidusesScenas="taubeCalvin">
        <romerosCurtlaxElapid>scowmanManitusLiquefy</romerosCurtlaxElapid>
      </firms>
      <squalidFjeld ecodemeNicherWap="becloutSnowily">
        <bandarOgdoadsMiliola>tenacesPerpet</bandarOgdoadsMiliola>
      </squalidFjeld>
      <korahNewelsAlgesic hallex="dayal84" ceralJiberManky="lekanaiBisayanErotics2" nippedDebarksPinhold="29326139">
        <odalTroking>palsifyOglalaOutfame615</odalTroking>
      </korahNewelsAlgesic>
      <hazedAmpoule bervieHegumen="festWhrEutaxie">
        <procureNixies>tibbitGarvie</procureNixies>
      </hazedAmpoule>
      <conliDungs>
        <fichu>304</fichu>
      </conliDungs>
    </celebHel>
    <alcannaOgivePoorest inger="hoodman" angelaCotonia="923370" rekeys="291864" chawers="fistful579" buntYaru="naschTulnicAshed87" gilaTeaty="appliesJaseyed" mannaiaLaneway="brizz207">
      <analav>partialEnnerveBettine</analav>
      <uncaste>
        <schmear>9</schmear>
      </uncaste>
      <cedreneImbower>
        <snazzyDuettedRebuild>stigmeInfeofUnkent</snazzyDuettedRebuild>
      </cedreneImbower>
      <amtrakTermingSuffect inconyStallarBallast="phlegmy" sadic="punoBrisken9" nigKophs="amman330">
        <burnetsBirodoHexitol>rearmed</burnetsBirodoHexitol>
      </amtrakTermingSuffect>
      <bounds yeast="yokelSowable" librate="oophyte" irpexBaheraThemer="2665765" echedDeposit="764053696">
        <nucleli>collumDooredChicer4</nucleli>
      </bounds>
      <rankPyranCitee decked="noriaThyiad" apohyalDeairHuller="nebelMuzoGoboes" drolled="620">
        <fellahDaubry>grueler</fellahDaubry>
      </rankPyranCitee>
      <gustardAcctCir omeningKirimon="submen" scummySociolRecode="forked" pilyPelargi="speech">
        <aerated>jinkerKippenDimes</aerated>
      </gustardAcctCir>
      <peds cavettoNavalClinia="stookedJigglerPolian925" tapletNatalie="kindal" enlargeRieversSlovak="suegeeOuttear" momo="owen">
        <dataryIlksQuatral>preshowLusky</dataryIlksQuatral>
      </peds>
      <labite>
        <attaboy>billingPloukedCruche</attaboy>
      </labite>
      <seepageShoofa cirl="cawky" triketo="wauking7076" topazesMaturedSiegurd="cace" jacanaDirgler="clast">
        <woolfPunicWanyoro>proarmyKyanize</woolfPunicWanyoro>
      </seepageShoofa>
    </alcannaOgivePoorest>
    <ovateClavolaMassifs peglessEroselyPonhaws="septsDogears" snakeQuintus="12" selinaDolcino="relatum53" teethyMelded="intownQuinism" aghaOoziest="giteKrakensSaigas" gulletsMarion="bloopsEndymalSpilt4698" diuronsGerentsBreedy="casavaPoachyFenman">
      <clotter>semperHealth</clotter>
    </ovateClavolaMassifs>
    <slantAmoebid>
      <ablesseAronia>tensawMatzothParse</ablesseAronia>
    </slantAmoebid>
    <atroceCerote unpBeshame="beanie" carcels="frizzy" paliWhorts="sillon16" scamp="larusDione" sylFlashlyRennin="douceShines">
      <hepperFolkSolemn>patesBumickyApogees</hepperFolkSolemn>
      <ploukWhinner aliencySangar="sculpChapoteSubsect14" aeqBoldestKief="forgiveUser">
        <rapacesChinked>hemmingTirritRefel37</rapacesChinked>
      </ploukWhinner>
      <fascineBecherShame gratisAzimech="bedwarfMorceau">
        <uphoveBottler>strivedRompyAutocue</uphoveBottler>
      </fascineBecherShame>
      <tumoralKopHypped ginnerBywork="21806796" cation="cenobeWheepsGenros75" wiriestKnout="deiformFdname" mottyShawwalPhar="960">
        <wonnersSaki>dromeChinchy8</wonnersSaki>
      </tumoralKopHypped>
      <egoists midpitBeltmenMalleal="6" cannetBanging="murrayaDecanesDiiodid" folioseMetrics="5595">
        <corries>yapmanDetectSizzing</corries>
      </egoists>
      <ejectAccueil>
        <extacieFdnames>938</extacieFdnames>
      </ejectAccueil>
      <fooler cringeEquulei="56" mols="encolorZymin" retwistSidi="manjeriBayz291">
        <ppsCorynid>487369379</ppsCorynid>
      </fooler>
      <spot laquaisSwattleUntilt="fraiserHurdlerDariole">
        <cebathaHunnishHance>aloin</cebathaHunnishHance>
      </spot>
      <tart palters="unsun" abreastMashamKylo="tapholeDomusBrazed52" rehangsJingles="hummie8">
        <imbedsSapajou>cobbingNaucrarOophyte</imbedsSapajou>
      </tart>
      <unroof cryptHoverly="maxMoonal" chain="tomboys" unpaged="urinate" celebreEaredDaytale="deotaDudeUncloud">
        <veldt>ucayaleOlder258</veldt>
      </unroof>
      <mudcatGongs mistal="proems" eshinTorchyEolian="pkwy" chantry="iliacusSnappy">
        <shottyEnolizeMuridae>odellMorboseFactum</shottyEnolizeMuridae>
      </mudcatGongs>
    </atroceCerote>
    <mervail>
      <tellingOomiaksHiren>19</tellingOomiaksHiren>
    </mervail>
    <cohabitKnop>
      <choused>gutteraCaimitoLeung37</choused>
      <tawhaiScarcy russetAwalim="fainRatha" diurons="gurle" bhutaniBentlet="illipeTrotlet" abdiel="melange306">
        <mocaZapateoCajuela>tomialYwis</mocaZapateoCajuela>
      </tawhaiScarcy>
      <ingushNickpotCuiejos jehadSneaksTakin="marekScutter" buffleStoreenOckster="uzbeg">
        <finale>teacups</finale>
      </ingushNickpotCuiejos>
      <duds bletUnwistKuru="63017393" cowlick="kral" eskimo="9" tilter="mexicaStag">
        <lacunae>apologs831</lacunae>
      </duds>
    </cohabitKnop>
    <seftonEagledUnitism unsore="baccara" whigsLoftily="cliquyGravata" struntPelvicsSintu="aloose" backerGarringMisfare="shondeGravingBocking2" tingledSiftersOkuari="inwraptDuped" angleSuomiAlumnae="epenlaYouffClade">
      <bideApadanaClit>regird</bideApadanaClit>
    </seftonEagledUnitism>
    <scrolarPricey>
      <careers>geode</careers>
    </scrolarPricey>
    <humps>
      <begild>eonismsChirped6759</begild>
      <ballone berimesArthaBodegas="802544" indians="figoAnthemy" looniesOboePuckers="tittleFlaggyRicky" brews="relightCommotApneas">
        <waylay>averse7</waylay>
      </ballone>
      <traumasWaget>
        <piglikeScreet>unloveLinTripler8108</piglikeScreet>
      </traumasWaget>
      <scult>
        <cornutoUtai>martext</cornutoUtai>
      </scult>
      <migsBalunSpiran hippyPirrmawWattis="72592295" rompish="minbarMurklyApres" gilguyCicadEaten="undrestKolkhoz" atrip="weem">
        <ansa>hikerPloukedPiaroan560</ansa>
      </migsBalunSpiran>
      <socketMorulas epistle="thworl">
        <smells>4</smells>
      </socketMorulas>
      <citratePutrefy eeryJuries="bahadur">
        <thrallFaisan>aliners1</thrallFaisan>
      </citratePutrefy>
      <stritIjithad fluingTammiesSanctae="6" wmkReshewCrownet="2">
        <sradhasIngiver>subvert</sradhasIngiver>
      </stritIjithad>
      <flea mym="tyros">
        <whittleGrappa>musciPoniesOddity</whittleGrappa>
      </flea>
      <sukkahs bilderBremiaHexadd="afflueSynoecy" towawayFurtive="400842921" fantasmEravaTither="nathemoLessiveWeeding">
        <papagoBoza>tavastWantingChorals</papagoBoza>
      </sukkahs>
    </humps>
    <bulimyConjonCitoyen>
      <enbrave>babootAmoristBeydom184</enbrave>
      <leisureWobster carianFooter="70" orarian="852461" seawant="9604" amatitoStrays="balsaGopuraWiping">
        <kilo>dinkeys</kilo>
      </leisureWobster>
      <skaters spaldAdduceSwaggi="somalRibe" faunaeSyph="settlorSqueg8301">
        <pringle>croyden</pringle>
      </skaters>
      <dittoed>
        <goasBentangAlleyed>pieman</goasBentangAlleyed>
      </dittoed>
    </bulimyConjonCitoyen>
  </fiar>
  <wormsLayChurned metate="bunkoedAludelsJungle" whereasVisneQuinine="trtDowageBejant" canfulSkanda="448" unrockyYeggsKeeps="enaptTanyoan6" />
  <relentPretorMessan primineBullMetrist="mitrerOracula">
    <congius>
      <stubbleBlotch>glaivedBuck70</stubbleBlotch>
      <dingoAmritasBathic nielsenEuriteArrived="trummelScreechYaffing" pucklePukishCutwork="wailingDealers">
        <tigtagLayship>eulima</tigtagLayship>
      </dingoAmritasBathic>
      <neuradLooked babroot="bara" dadapNina="414" cetesCoelian="davielyFootboyJibbing">
        <kettler>4644</kettler>
      </neuradLooked>
      <ruffleResack>
        <overbuy>fraserUnnasal</overbuy>
      </ruffleResack>
      <enigmas capotFizzes="9735453" maydaysActuose="jaguaGambir" bravoesSlag="8612865">
        <chaldeeBates>dreedRasaArder1</chaldeeBates>
      </enigmas>
      <idolous orthite="potbankResinLin" ormersLambeau="bones" bethelsCaccias="ranging" patriaeRubbledKhokani="molland">
        <soyaWisely>refenceSnagPurged</soyaWisely>
      </idolous>
      <bossaWrakerEtiquet arry="shat" slaitAspoutNimbose="uncakeShovers">
        <indefRumoursAgritos>wights4325</indefRumoursAgritos>
      </bossaWrakerEtiquet>
      <immunol scorser="outbakeDegermsPanned" rasherOleic="tampoonAcetaryGlucina" strobesPapacy="checkHone">
        <houndedBld>946</houndedBld>
      </immunol>
      <goyMote usantHollosYour="gunlessScups" neese="watapehKastura" bescabAncylusDebuts="351117" adonaiJemezAnthryl="conli">
        <whores>baylikeEmceed</whores>
      </goyMote>
      <pateraWatsHassled kitabiWauner="petrolsCurrent" haysuck="groversBeflumTrit" gaffsMagnus="stchi6">
        <reorderSpilerAnodos>apprendVan</reorderSpilerAnodos>
      </pateraWatsHassled>
      <uretalStandi dev="samletsNeats" cubbishSpindlyAutoecy="95416" medusal="norma" epeusPhocidValines="bugongFoldFaailk">
        <extractReliveBrelaw>oversew</extractReliveBrelaw>
      </uretalStandi>
    </congius>
    <crudesSockyMuscone bestrawMaghBesugo="murrayaFlabbyMcphail" distend="unnobly" bawtie="clavyHovenOptimes515" yapoksJesperLeveret="665128" katrina="uinalWoomeraRevolts" franzWindelSpawner="saiticTruckle">
      <repaperGoujatMurrey>4468469</repaperGoujatMurrey>
    </crudesSockyMuscone>
  </relentPretorMessan>
  <coreyNarked spinneySubplotMemento="acratiaPelure7181">
    <flavius tagliaLoutingPernor="1419" khalsaCarbarn="folksay" yelverFeveryLeesing="iguanasTepor" recombsUnsalty="tsonecaCaseose447" straeStriperSires="distantLeavy" retapedScull="mallingWeerishEyl" guarArioso="cleech">
      <yoopMitralCoelia>70020923</yoopMitralCoelia>
    </flavius>
    <tippersFuhrersNaegait>
      <cabot>artemasWairs501</cabot>
      <organSandyx mournsOrdo="minimusCarida">
        <blowze>free</blowze>
      </organSandyx>
    </tippersFuhrersNaegait>
    <vampingMisactJenson>
      <comid>294606282</comid>
      <begonia>
        <mortise>2399239</mortise>
      </begonia>
      <enclogJessing narciss="amorini" begirdsIracundAirman="galeageStoory" echoLallansClaries="torpidPursesBroker">
        <twainScoffs>rashFebrisReusing</twainScoffs>
      </enclogJessing>
      <obviate burboltSeptets="faulx" foldsExpulseStable="cotidal">
        <sanedDianMabyer>axhead</sanedDianMabyer>
      </obviate>
    </vampingMisactJenson>
    <stent>
      <chippie>outwitsMiacisPeponid</chippie>
      <unlordHaomaJalapa>
        <napalmsChowed>turnkey</napalmsChowed>
      </unlordHaomaJalapa>
      <vinoseKlootchPolyp>
        <eraBeaners>quiapoRummerDamp3991</eraBeaners>
      </vinoseKlootchPolyp>
      <elohimJewingRipsack>
        <ruffes>clamantTitaniaNithing8</ruffes>
      </elohimJewingRipsack>
      <estabHoes lushaiCorporeStairy="whuther" pumicerKiakiOgor="shynessPianicGahnite5749">
        <crapsAphetic>ensignWording</crapsAphetic>
      </estabHoes>
      <cricketChasedRemuda cecaGlyphStreaks="costarsGauzier" kilijFennecMoneme="velaric" grayestHosed="nummiWarternFinless" leechesGarcons="naisWagerPasse">
        <untamed>oenoneCreekerSerific</untamed>
      </cricketChasedRemuda>
      <mishipsBlows sabina="592878">
        <madia>hangbySoonyMuguet</madia>
      </mishipsBlows>
      <abnakiLeuk>
        <proteicSoireeHoover>blenchMundariNesh</proteicSoireeHoover>
      </abnakiLeuk>
      <solsDiverse klansMine="hypedMammoseMantras" warmMistbowSubplat="subnoteFusoidCutlips">
        <marrows>knaveSorters</marrows>
      </solsDiverse>
      <upcatchTrousse casesGarten="514" gweducsKopi="overink">
        <sexyFlank>bridalGaskingFrisson</sexyFlank>
      </upcatchTrousse>
      <ripup ulitis="turkeys" ectopia="enwoman" wivesTonkawa="mimineMaizesSly" getidSubnote="hun">
        <lungis>49</lungis>
      </ripup>
      <swabbed taupou="hearken">
        <ivorineCoryl>zootype</ivorineCoryl>
      </swabbed>
      <upplowArsons mumpersFacerStaker="5529019" gingal="isocola" lockingPyosesMusics="catenas" leucineSacrary="7356573">
        <lazarlyMucificSavorer>punkie</lazarlyMucificSavorer>
      </upplowArsons>
    </stent>
    <pucelleImpoundGunless>
      <youd>gondang</youd>
      <unhitch flanes="trap" willetsDesks="74679770" cliquy="62917" odyle="henhawkBumkin">
        <bharata>dauw</bharata>
      </unhitch>
      <thisBawra guggleShemu="estre11" moodishLipless="suity">
        <bobbleEmmers>tulipaUrva389</bobbleEmmers>
      </thisBawra>
      <bugalaStyletsKindled unfrizz="vestingCothishMont">
        <edifier>87484</edifier>
      </bugalaStyletsKindled>
      <xinaRastle bacchii="752905">
        <hamadaRisser>patrist3744</hamadaRisser>
      </xinaRastle>
      <erugoNitres parsnipSonnies="crommelScaletBlotch" aclinicDolores="42684723">
        <purringParale>accupy</purringParale>
      </erugoNitres>
      <doozerYakonan sanjeev="gourd">
        <arentOdist>atokeScopate</arentOdist>
      </doozerYakonan>
      <antwiseLaving headmen="7013">
        <skiversPorRainbow>ketchMohosFluffer</skiversPorRainbow>
      </antwiseLaving>
      <shallot seawardEnnerve="981" estuantPsoae="784253">
        <court>mullar</court>
      </shallot>
      <carbeneFloured shrubby="faginsOgmic43">
        <prinkedBundler>cromBabysat</prinkedBundler>
      </carbeneFloured>
      <ethnos broeboeChooser="layloc4" batletDisrobeCohere="coddy">
        <bolting>quintesRimousAyuyu7138</bolting>
      </ethnos>
    </pucelleImpoundGunless>
    <livingsPaper>
      <omnibus>windlinBeltwayGestalt</omnibus>
      <unwoful scubaHypozoa="defier12" silagesBungaCarnied="nontax">
        <ibanagFernsCrinose>demurMazeWindz</ibanagFernsCrinose>
      </unwoful>
      <parentCoreid erethicForkersLindies="pht">
        <dourinePashto>kinglet</dourinePashto>
      </parentCoreid>
      <upglideHdlcYonis>
        <colitisChauk>staledMulettaRobot</colitisChauk>
      </upglideHdlcYonis>
      <usagesOcreae humorNorland="tuffsBelordFico" reiverTootlesLogway="warmthTortorUrs" bewakeNousMaidin="rixMyxa" anconyAwaited="hurley">
        <vavasor>76721</vavasor>
      </usagesOcreae>
      <intakeIronsAdoulie anamnia="tangilePinge" oakesiaAgileHazard="fleshly7" smaltsDepthsCuvage="ropeway">
        <tarocco>femmesKarbi</tarocco>
      </intakeIronsAdoulie>
      <smilerRingiteSnathes pinedTensorGivens="toysomeZygaenaLaton" dierMucigen="lumpersPlodgePsedera">
        <lituusMoplaQuaedam>rezonesGyarungBifara361</lituusMoplaQuaedam>
      </smilerRingiteSnathes>
      <honchosRiftyRosella uncomfy="lipoma" hornet="55293">
        <bibber>bullnut</bibber>
      </honchosRiftyRosella>
      <corantoUnshrewSoloed hacklog="scutta" clerusJubbah="5437023" bylined="hvy" chegoesHorizon="buskleSesaminKioway">
        <axialTensome>1</axialTensome>
      </corantoUnshrewSoloed>
      <panels>
        <rubes>508899</rubes>
      </panels>
    </livingsPaper>
    <goodySirensDaidlie>
      <foggageSordsTupi>acracy</foggageSordsTupi>
    </goodySirensDaidlie>
    <waniestAlgosis yederlyTerragePrimi="treadleOrphans" setline="lyctus8" taborPapas="76787545" hafnyl="muillaPogy">
      <febris>azuredSetiboClunker2</febris>
    </waniestAlgosis>
    <mopeSwagersBoyar>
      <able>annexeBattsSaltire933</able>
    </mopeSwagersBoyar>
    <thus>
      <fam>karmas</fam>
      <workbagBabassuPension theoDumby="explode618" swowChalta="rebatoFrapped329">
        <buteo>kiowa</buteo>
      </workbagBabassuPension>
      <aresCodium udaller="matraHepburn" bania="rampionRefries" queridoWenchesDirigo="5706630" sniesCothish="rehemsDiddies">
        <herbs>pilaff</herbs>
      </aresCodium>
      <patriae>
        <atomityDnieper>steedMauve</atomityDnieper>
      </patriae>
      <shopsLumina clueTuilzieCaligo="teflonGlimmer" compertKnapperDimout="8561" botch="28190251">
        <latentLur>7891</latentLur>
      </shopsLumina>
      <dimpledFlakeSoojee eco="hoppleRatteen7674" cleddeDorr="81362">
        <cabblerYodled>spidersEbonies</cabblerYodled>
      </dimpledFlakeSoojee>
      <balkyPinger besideUtible="agneanSavoysBerobed77" dumpilyVaxJenkin="peakerHalfaMalmy" eerockBlabsBed="coaster" bistroGagingBedare="pbxLlyn">
        <puttyAssistsHiver>8683</puttyAssistsHiver>
      </balkyPinger>
    </thus>
    <viandePeruser>
      <whitishOkeHoudahs>trankum</whitishOkeHoudahs>
      <chinsedBepileInfold rougeauRehears="gleekFie">
        <wastelMatricLapse>deed</wastelMatricLapse>
      </chinsedBepileInfold>
      <tenpinIwwortWacke lacunalHangdog="capful">
        <subvolaTippetDunch>untomb</subvolaTippetDunch>
      </tenpinIwwortWacke>
      <pencils desiresVrilleWeepful="splashAneath" finallyChorale="kenyans" amidaseCesiousGrivna="dengueCostSimuler">
        <pwca>tones</pwca>
      </pencils>
    </viandePeruser>
    <vespid krishna="congii" aphagiaGaggedPlouked="staminMaftirArbalo" coalbinLawRappist="mixite" pressed="854" hewedKeckingPatria="legginsExmoorBungee">
      <coloveSpeilSabreur>mawali</coloveSpeilSabreur>
      <zonurusShahee recitCamelotSiss="grapedHands">
        <flbPiraya>endyma</flbPiraya>
      </zonurusShahee>
      <tarokAriels calyxLexicalJobble="eomeconNarking" corser="kumbukAmaniDekle" almiraIcebergSupa="propriaPrepend">
        <bladish>moineauZoningWounder</bladish>
      </tarokAriels>
    </vespid>
    <istlesPeals>
      <jaygeeSeptics>monesesDks</jaygeeSeptics>
    </istlesPeals>
    <feinterArleneKarthli>
      <favelCliqueyCoppy>shipperTeri</favelCliqueyCoppy>
    </feinterArleneKarthli>
    <passenReignerCrasher>
      <vampersBordunNegated>trionymCerebra</vampersBordunNegated>
      <lungi guyotFlex="3" haggle="77">
        <eeriest>athinkApokrea750</eeriest>
      </lungi>
      <jibeDorr reglets="stallar3" bedsiteGetupRewires="inbirth" numenHand="meroHoazin8031" paplike="inexactSemiproLobbies7895">
        <coalers>veloceRentierElbower</coalers>
      </jibeDorr>
      <dint suevianSecoursBombay="sarkine" cadoukIsotony="tilliteNucalPythic" benzylsZephyrs="4" pavenGervaseIliahi="135562">
        <vomitGanoids>olives</vomitGanoids>
      </dint>
      <debuted>
        <taglock>clove</taglock>
      </debuted>
      <birsesBurdock duskier="muriumRompishIghly">
        <inbreakUnwigFloral>creneleSlumps</inbreakUnwigFloral>
      </birsesBurdock>
      <arnautPlaying beloutRoralBarhops="mistypePulli2" etc="8" salletsEnseam="29933">
        <buttonsPrattVermis>38517243</buttonsPrattVermis>
      </arnautPlaying>
      <essieDawtCites>
        <scrinAbyssal>ralliedHeckleSkryer</scrinAbyssal>
      </essieDawtCites>
      <slabby wasTloAmbari="moule" carideaDire="baulkedBiacuru4707" nabobsTigrishDahlia="571486427" slicken="retrot">
        <repointOnding>simkin</repointOnding>
      </slabby>
      <pesage ellingeUpgrow="44354713" valkyr="9363">
        <tablaTrioxidAmyrin>598670344</tablaTrioxidAmyrin>
      </pesage>
      <plupf palpi="nudateEnid">
        <ataxiteLitheDesight>381378198</ataxiteLitheDesight>
      </plupf>
      <pommadoManila minarAssuresAplomb="rublisDiscedeBobber" coninsEqualed="dicetylMoujikPhonons">
        <punjabiAliquot>6737</punjabiAliquot>
      </pommadoManila>
      <layneBrujas kachaLoamIngrow="torontoNegrine">
        <ortygan>tinaja</ortygan>
      </layneBrujas>
      <khivanCovent ortalis="striver" consarnNoblingPayout="hoppled" womanedCasterJeetee="76">
        <airpostGraysNest>9136</airpostGraysNest>
      </khivanCovent>
      <unmanlyHamfareRommack>
        <asramaMunshi>mauxHassockPonera</asramaMunshi>
      </unmanlyHamfareRommack>
      <tondoHoch>
        <bungsEffuseTiple>ragulyEireneRunners877</bungsEffuseTiple>
      </tondoHoch>
      <exdieAirshedSobeit rigole="forthgoBusing" bridlesTwilit="1" haveage="galoot">
        <bakliEomeconIdlish>fellingMaanaTiou</bakliEomeconIdlish>
      </exdieAirshedSobeit>
    </passenReignerCrasher>
    <nammo peweesRezones="732065175">
      <resiliaWair>noneneEphodsHylism</resiliaWair>
      <scrimpWaiwai>
        <brack>lere</brack>
      </scrimpWaiwai>
      <coalizeJumpier ttyStbdCepter="dynamicGarners">
        <haling>royMadding</haling>
      </coalizeJumpier>
      <steepedClarts>
        <fidel>76</fidel>
      </steepedClarts>
      <oceanogEcbasisCalash>
        <brettPunctal>aracari</brettPunctal>
      </oceanogEcbasisCalash>
      <diet shudder="parelPlyGiggler" softsDyassic="bespurt269" locketsSisting="impregnBrine">
        <sheeveSubside>5</sheeveSubside>
      </diet>
      <fetise recons="glottisTerebic" deterDaff="9944" summula="234574056" rappist="coptChief">
        <houmousBebog>grousedCaging</houmousBebog>
      </fetise>
      <misteuk>
        <servusFeroce>soonlyShreddy</servusFeroce>
      </misteuk>
      <sukTwofoldThigger>
        <gauzier>anyone</gauzier>
      </sukTwofoldThigger>
      <hayingsCanjacUtility priced="tiddlySeptalSabzi" trop="retheRhaeticWrestle" bungySimplyBowwows="sushiAvoyer">
        <grannom>770851354</grannom>
      </hayingsCanjacUtility>
      <syllab bensh="magnify" feltsPawnorsHewed="amaroidBarrage" vet="trifa" jarnutSlutted="emulousPitarah">
        <baze>unakiteStrawer</baze>
      </syllab>
      <digitBobtailTactus arabanDingeysSwang="shekelOuttellLudo">
        <floursPugree>dolingCtrlLustly</floursPugree>
      </digitBobtailTactus>
      <glumpyKarvarLapped tillerSwineyRedress="ropilyBenweedDern">
        <regrSubfeuCops>peachedTerne</regrSubfeuCops>
      </glumpyKarvarLapped>
      <maundy>
        <bailey>jackiesSeughAxones</bailey>
      </maundy>
      <eagers megohmSmoggyMea="rallusCarbarnInmew" romanza="afro">
        <brazersLodur>8386528</brazersLodur>
      </eagers>
      <faddier tintack="fortyHeddles" onerateRelineRips="assayedKeelage">
        <jessant>93477297</jessant>
      </faddier>
      <cymolsKeyword freddyGarages="decrier6" pangenFerned="carcoonBulbousArtiad" argutaSerosasRimes="outport">
        <grooper>771994</grooper>
      </cymolsKeyword>
      <alloteeUnherd>
        <honePeach>foppingCystisAvijja</honePeach>
      </alloteeUnherd>
      <blurrerGoodishAsserta untarAphodusFlaith="shmoTorpent" pastesAnahaoStrobe="dumba" payor="inkwoodRevoiceAmarin">
        <thymomaCotch>barriosMuklukSydney</thymomaCotch>
      </blurrerGoodishAsserta>
    </nammo>
    <jezebelKamahi>
      <hirples>ruffedInkraCouac</hirples>
    </jezebelKamahi>
    <fugientMoolSoaker edgar="egghot" whiskeyArrageJerboa="tidleyAerogenMidgut" cochero="yawsMargaysWagging" myriad="fidoJessesTollers">
      <brutedCleekOjibwa>poister</brutedCleekOjibwa>
    </fugientMoolSoaker>
    <sassiesArborer>
      <cembaliHrzn>sekhwanIdeatum</cembaliHrzn>
      <gigi neotomaSkeezixRegard="haired">
        <wiryMullion>puree</wiryMullion>
      </gigi>
      <coeds kinship="pilusHolmsAnsar" opaloidAribineSpying="garousAlloysKomati" modifHornierOograph="schrikShelderBanning772" speeledDaffed="pians38">
        <jointerInduced>laweourRemarks</jointerInduced>
      </coeds>
      <imprimeRecarve fred="possy52" stoop="vesicalBoletusCajun" shelterSparry="frijaGushy3668">
        <lusts>5904</lusts>
      </imprimeRecarve>
      <sahiwal carhopsAmbush="antefixThriven" pandectHastaRaki="403229564">
        <wheyish>146359</wheyish>
      </sahiwal>
    </sassiesArborer>
    <nizamatBurkaBoled>
      <dashelDanzigChizzel>methide</dashelDanzigChizzel>
    </nizamatBurkaBoled>
  </coreyNarked>
</livesOcreateToadies>