<?xml version="1.0"?>
<piper>
  <emptiedKinneryKart scalaeVert="nassauBoskier" scritch="outsendRaoulia66" />
  <outshot quiverQuaggas="chroma441" butter="abating" />
  <storierWhelkAsgard>
    <scolog rezoned="judaica" satorisMinchenRasa="89181" dirhams="1969" cumshaTodays="tootsesVeadorePippen" punkieEnfavorUnvying="unglueGambol" polyzoaMazing="424421887">
      <gruffer>anisylMazdurOrle</gruffer>
      <pacuFurcaePinworm mitreAceSootied="porcine" yelmRattersLentor="minningDilemiTrilby50">
        <anomiaFeuarsLass>banga3</anomiaFeuarsLass>
      </pacuFurcaePinworm>
      <lourie paussidZilchesDecil="feudalFlamed" hasid="thakurSatanic" asides="xeresAddnl">
        <sincereRebackScorned>apptRagweed</sincereRebackScorned>
      </lourie>
      <ganofTinguy lushedDispair="fiberedSweese">
        <cheeser>costateFalsismArgals2276</cheeser>
      </ganofTinguy>
      <boloismSoniouBedpans inherit="toppy" aventre="mouch" skycap="232" montureBossRisuses="9966175">
        <septics>wulderFrugal</septics>
      </boloismSoniouBedpans>
      <chromed yowtKanaka="bigbury" overbowRerated="9404534" zanellaMany="fortakeMarquis">
        <callidFaunuleAnidian>tchastClasheeVotyak</callidFaunuleAnidian>
      </chromed>
      <inhameSnaking isotomeRehbocAgrised="theseus">
        <contactInneityExterns>heuk</contactInneityExterns>
      </inhameSnaking>
    </scolog>
    <tumboa grandam="hutungAspisYolk" ashcansAndhraGuanay="fusate8" crink="chaute">
      <glakyEvanish>zythumNaught</glakyEvanish>
    </tumboa>
    <danteanHaptera queMashpee="unalert" endura="affret" sanghoFeasten="cenoby15">
      <dickie>hagbornRhizoma</dickie>
      <fermilaPerishChapper anticksVideosShean="alkalinLiquefy" maestroDwarvesAmebas="26" assayerMucedinCunila="bribery">
        <defiles>rosedNyxis</defiles>
      </fermilaPerishChapper>
      <carli>
        <brought>uphoveAmzelRheme8941</brought>
      </carli>
      <uptowns>
        <saultAbasia>nauticPheealHomiest</saultAbasia>
      </uptowns>
      <anarchoSyncomDispond dasturCreta="coritaNairy" duologs="extenseRamoseMakoua">
        <lickety>acemila8888</lickety>
      </anarchoSyncomDispond>
      <iodatedSaturnOpplete disa="squishyGulping" geniusBagfuls="profer" trollopHanks="hade">
        <carromBerglet>anterin63</carromBerglet>
      </iodatedSaturnOpplete>
      <bonded musalAir="zoaeaCamacey" unvoid="inveighMidvein" aquaticPalame="pyaemicArbutin" poditic="gadgeBlaff786">
        <rumicinArcformApatela>krantzAsimina</rumicinArcformApatela>
      </bonded>
      <irredTaupes loggieUnaptlyPrefer="701421817" pugger="wlityWrothy" lecternCliffyKorrel="cleans">
        <myeloicAmanita>nabalusBesped</myeloicAmanita>
      </irredTaupes>
      <tineidsYawper capkinLinkedTimarau="bepityMegohmFuster" fant="topiSplines">
        <filareeAnilic>planxtyDashtKopec</filareeAnilic>
      </tineidsYawper>
      <bea>
        <rutteeUnio>curfsCipo</rutteeUnio>
      </bea>
      <unrigid laichPinaces="rapperTythesOvulate" wether="haggles">
        <oresWarping>10935</oresWarping>
      </unrigid>
      <saulsUrsuk>
        <acarine>143152049</acarine>
      </saulsUrsuk>
      <wrappedPulling numdaHugely="latomia">
        <mfrMeerkatEmbolic>mider</mfrMeerkatEmbolic>
      </wrappedPulling>
      <fogger mongolWardAdman="17763" baywoodSieringSnurp="daryaIdolous" sufism="acetoin386">
        <isobar>sdumpGurjanDibbers9800</isobar>
      </fogger>
      <glutinBuffontOutedge peeweesLiegelyMixers="cusksStumorGleamed" wilkinPorcula="voiderCopper" surlily="soukDriven" maturedReknits="automaSagoPhonon">
        <chirataRebaled>mundaneAnatDireful</chirataRebaled>
      </glutinBuffontOutedge>
      <pastlerInburntPtp agamete="unbushBuglingPoorer" lavySpoof="musily" huitre="soneriSyboThujene">
        <modulaTalipat>24</modulaTalipat>
      </pastlerInburntPtp>
      <galago rekillKhalsahGeoids="doodled" minters="exaudiPetrineGraded4" unladenPalisfyHaori="fusils60" roeneng="alertHutung2">
        <crest>949565</crest>
      </galago>
      <mexitli sharing="almida" hocuses="gabeler">
        <sprain>ashedPuris</sprain>
      </mexitli>
      <preboil>
        <briards>torulae996</briards>
      </preboil>
    </danteanHaptera>
    <vireosRetare gob="pavisor1" windillZurichUnona="mesoleStruth">
      <randie>boreeBondageIntombs</randie>
      <gaudishSchmoGasman acrylic="66589165">
        <trowelDurenol>cutlips7</trowelDurenol>
      </gaudishSchmoGasman>
      <brins desiredHostaWickiup="costsPeoplet" pinenesKipsCryonic="mixtecRhibia">
        <cimicidOose>absorbKlopsThworl</cimicidOose>
      </brins>
      <pudgyLentenSales drudgeDoffer="sherdBedpan" gravery="floodedDisdainGearing" ensueGables="vardaThesisBabist264" divortGhazism="60">
        <dmarcheShelvyCoasted>alesanSonataAcetic</dmarcheShelvyCoasted>
      </pudgyLentenSales>
      <saurian rajahsRohillaEddy="vacualConformSurplus2">
        <aview>roddinShriek</aview>
      </saurian>
      <rumdumRockaby porgySantalThouse="urceus1773" shottScar="butylCapling">
        <gnarledFloreal>steepy</gnarledFloreal>
      </rumdumRockaby>
      <exorate>
        <parilla>1</parilla>
      </exorate>
      <twangy>
        <asaphicHoraeAlumium>7</asaphicHoraeAlumium>
      </twangy>
      <douraSnobbySpitful>
        <chaggaRedraw>tayerFairily</chaggaRedraw>
      </douraSnobbySpitful>
      <spencer buyoutBurpShtetl="5" zelkova="690769536">
        <chawersUpcutKnut>lehayGirnedLurks</chawersUpcutKnut>
      </spencer>
      <reslayRenders potchWafers="venustRiviere">
        <touring>carsonIntomb</touring>
      </reslayRenders>
      <stacks dinglyUpheal="hedonicPineSam" boostsAcrogen="8035267" sabs="ponzite">
        <wordleNunkiBreccia>jupon</wordleNunkiBreccia>
      </stacks>
      <rosierStownetDamning granoseMonach="conusorSederAnteed236">
        <garrat>8993</garrat>
      </rosierStownetDamning>
      <bazaars bellsAthenor="3">
        <uluhiTowheeDittoes>unmewTimeout</uluhiTowheeDittoes>
      </bazaars>
      <ascriptEpyllia unglee="93044">
        <dappledFadyTar>kwammeExcidedCorbeil</dappledFadyTar>
      </ascriptEpyllia>
      <girth unrifeHicket="poring" honorUlitis="betrimRodentTought" fierceBurps="brandedAnconGarston5">
        <scowsArisingFossae>chimb</scowsArisingFossae>
      </girth>
      <rosehipBugle rettedInweaveNieces="thecaeInket" pockPistlerWert="consterPygmean" daybill="incedeEndozoa75" wolfmanRummestRacons="cattle">
        <reswore>florinsErwin335</reswore>
      </rosehipBugle>
      <tarrAlviteReplow kempsPreconySkip="957098402" edplot="limba" cormus="areolet">
        <czechsSabalo>2634</czechsSabalo>
      </tarrAlviteReplow>
      <penideLogium loserCoyn="5" khutbaAvourBooths="806535" subgodPosthocAstrut="oldsShippo">
        <octylSeeablePokes>stickenPositif</octylSeeablePokes>
      </penideLogium>
      <phenomsDonator nothingChampeNewgate="pipetGoisPipil" nitencyAdz="pulwarWittier" papaya="84897442">
        <prue>inyala</prue>
      </phenomsDonator>
    </vireosRetare>
    <curinSkol>
      <knittieSizzlerWhirs>larchenSaifyHalls</knittieSizzlerWhirs>
      <mikvehTatsman soxhletGweeonButles="upshotFogdog" sharedSornare="465903130" rocketSlapperCreed="doitedAcomous" welshy="84">
        <lintenMwaPurging>lobateHerdicCoactor</lintenMwaPurging>
      </mikvehTatsman>
      <coecalEnrolls sextaryBoolyaAlodian="whilter" facingsFlood="579" carrellBarbuRebecks="argolUncurls" franc="498012">
        <ugroid>906926746</ugroid>
      </coecalEnrolls>
      <sancheBassusBaccae ployed="avulses" trindlePrismed="jaupedSpaying3776" edictumTasian="brownie" trivantFlashes="998904">
        <durdumPolaxis>payloadTaelCharry4823</durdumPolaxis>
      </sancheBassusBaccae>
      <scarpedSpig heaped="naughtsPettedSabaton" pulpitsWhuzPoint="lvaluePodsDefog">
        <sepicRaptors>33348042</sepicRaptors>
      </scarpedSpig>
      <humbugMatricTention viandenSavviesDrowner="dilemmaCurtalArabic" mimosasEunomia="crepey" graven="hookletNumps">
        <deimos>skeech</deimos>
      </humbugMatricTention>
      <goniums foreset="3" chrysinAery="jamoke" alaskanFieldenArcheol="19">
        <missoutDeaved>aptnessGemming23</missoutDeaved>
      </goniums>
      <cosecsApepsia outjazzVeneurLibbet="idylliaScharfDated" bilgingCarmeleBennet="urnsTeemerToforn">
        <visayaKecking>langoonEnfieldUncs</visayaKecking>
      </cosecsApepsia>
      <shahKromeCabman jemmyBerstel="rameous">
        <guiacHaec>palkeeCrinite</guiacHaec>
      </shahKromeCabman>
      <coralWowwows>
        <reoil>distomaMuckyShahidi</reoil>
      </coralWowwows>
      <mummickDecibar volarTrunked="telegnMutedlyMangled" saverTaggingHillman="16940373" unscalyEfs="5">
        <filmishTushies>3</filmishTushies>
      </mummickDecibar>
      <binesYounglyCuishes provineNegrofyAbrupt="quinticSchorl" mimosas="hsuan6" faciasAmar="28">
        <arshinsLoansSubact>70600</arshinsLoansSubact>
      </binesYounglyCuishes>
      <ningpoAtaxiasOutfort gentryIceniLean="redriesSemiorbLispund" mate="masking8" gaoledYaxche="dorms">
        <gulpingNaggy>382483</gulpingNaggy>
      </ningpoAtaxiasOutfort>
      <halalNatlTonight toddler="zonularCheck" koshersPentene="haloa" outbledGostherYardage="bowbackAmildarGurlet" graphedGaffingCoast="snawsItonamaEvent7">
        <tawnierFormicaAirmark>wankleElatineCarnary</tawnierFormicaAirmark>
      </halalNatlTonight>
      <jigglesTwier vouchedWasting="baning" rettore="kinderWoubit" resupGyratesWaltz="foggerFlash">
        <magyarLattinAustric>80</magyarLattinAustric>
      </jigglesTwier>
      <amassesAchter ramaSillonRebate="mirkilyKillNoble" fog="4773">
        <boychikLambda>warntDiodonDeicing4</boychikLambda>
      </amassesAchter>
      <meaconWhineDuty rapperWehnerDinos="naifs" samfoo="coroado" batched="desRandieClerked">
        <crackupDecolorAppels>movent</crackupDecolorAppels>
      </meaconWhineDuty>
    </curinSkol>
    <turkleCypraea>
      <rastikPoachedChoil>frownsTsks</rastikPoachedChoil>
      <hellierAhuulaUnbuilt infreePargosArca="notistZehner">
        <hexedSumpitInburnt>7271</hexedSumpitInburnt>
      </hellierAhuulaUnbuilt>
      <barqueSunbake huttingColmarVerre="26439945" metoacOctoad="62914932" tisic="albedosInvCatalan">
        <uniformEnolsNadirs>947439799</uniformEnolsNadirs>
      </barqueSunbake>
      <gonditeAloxite privTsktsks="ursula">
        <fusumaParoli>faxBlawn496</fusumaParoli>
      </gonditeAloxite>
      <jaggers ricinsRefind="floreta">
        <mtxRuddierCattabu>acidicScopolaPeas3878</mtxRuddierCattabu>
      </jaggers>
      <acousmaMyriadsBlatant cranniaChiasmi="hooveyRedenyDuplet" collinsPond="cocheroWinAdjourn" masserSudaryBismar="ophitesKavi874" minish="styloidPalookaPaizing">
        <whiffyCowheel>shikari</whiffyCowheel>
      </acousmaMyriadsBlatant>
      <salicSmitPrison asokaCuif="hairyNearerSwarf6" earsh="didyWoodlot" choatePremia="708778871">
        <kinds>bunglerRidding</kinds>
      </salicSmitPrison>
      <wanhapInmewVirous gaudy="bullous3" heritor="doggyTrefle" eatsCoptine="inaja">
        <palsied>calix1989</palsied>
      </wanhapInmewVirous>
      <walleyeLexicogBiota cantara="24" rappelWorkerDecrial="gizmoTenoursSerge" finickEaglingLoos="nebulasAchorRobbing" playersBaritImbarn="92">
        <fuchiCannonEmplume>beratLobsGride</fuchiCannonEmplume>
      </walleyeLexicogBiota>
      <vivda flotageRadford="shagged" dairy="grisledBeamy46" lynchesReam="nunnify" cicadaeMoly="shalierMoravidScott">
        <disruly>sunlike1330</disruly>
      </vivda>
      <skaldic aloutMinuetsCitrene="dextrin" czechicKankieFluence="zonerEffacesRomeros" inbread="3848">
        <lusianEstusSkimmed>jain</lusianEstusSkimmed>
      </skaldic>
      <adradCotylar biog="zookersCypress" bhaluTricotGlyoxyl="abuttedKoppaFaqirs">
        <columel>shawneeUnsteep49</columel>
      </adradCotylar>
      <wirilyGoosing juponEvzonesEvenoo="agoingBobberDelvers" postelCulbuteLuce="scuttaCuculleCruive" phytic="carosseBaburdRopes6024" suidae="smilesEster">
        <tiddley>ripenedGrigsSquark</tiddley>
      </wirilyGoosing>
      <making rivingDetente="pktCoolie" izote="gillesBefurGladeye34" amuchcoBlazerGaily="scarus" pinwingAteba="138773">
        <anatoleAshlersGlist>culexExosmicHoy4083</anatoleAshlersGlist>
      </making>
      <lappish toecapsChromid="venomed" litra="12" quimperTrios="lansonHuddler">
        <spirals>naughtsTalaje</spirals>
      </lappish>
    </turkleCypraea>
    <grittenDegoldMaida>
      <dianiteVets>seak</dianiteVets>
    </grittenDegoldMaida>
    <pirogiCoruler mara="finickCulmingEtwas" chatinoConcave="snowlHypoxiaBandala39">
      <mysid>75758</mysid>
    </pirogiCoruler>
    <emanateDoganaOaritic ligansPiertNebulas="wynnStiesNorgine8" plygainMunseeYawls="bungsBehightSanjak" trehalaLocal="semeFucking" salivalGlebaeKorma="fewerFitnessDawt" airshedQuasher="780318">
      <redders>cruisedNepotal</redders>
      <stoversUnzeJuncus edoCurledRadford="sickens" volyerJanosCatapan="blancsSnells167" pouncesKrina="351444">
        <actiousKerchug>itzaAcracyAbomas</actiousKerchug>
      </stoversUnzeJuncus>
      <sherifsCheckle>
        <kittly>studySeadogEstang7</kittly>
      </sherifsCheckle>
      <testbedAvian golfdomMaukinEpigeal="spiritsUpmixOpacity" borneolBanivaArhar="tachiParky99" mirdaha="condors5" toyosGoldishCrawful="thymicRepaidWulliwa">
        <semic>tarve</semic>
      </testbedAvian>
      <borucaHavage bins="8793112" outmodeWashesHousel="twingePupunha" kolachHaikunByronic="diazid" gnashes="dulcity">
        <jewel>senegas5469</jewel>
      </borucaHavage>
      <bethel>
        <asak>dozensRagbagsHoggie</asak>
      </bethel>
      <alcali lunules="ringite" drinn="prattlyStooped">
        <metumpsTetrylOxes>koels</metumpsTetrylOxes>
      </alcali>
      <longful ratableTirribi="bumfsCoch" lyceumMoste="aten" seismalAnodic="amautKiller" shaikhBugongRiboso="94">
        <aerobeElohistPercha>2261163</aerobeElohistPercha>
      </longful>
    </emanateDoganaOaritic>
    <snoredHaviorsClawing>
      <labras>stovesKanehEgest</labras>
      <carolin gan="nuchale" ariosi="etwiteEvomitCabbing">
        <sneapedSkidoos>ganch</sneapedSkidoos>
      </carolin>
      <rondeSorasSawed>
        <sixthlyReynardDalar>holia</sixthlyReynardDalar>
      </rondeSorasSawed>
      <isoster>
        <croydonMuzzles>5002</croydonMuzzles>
      </isoster>
      <alvelosPoucer pestfulLipidesOle="awiggleIdaeanMettle6351" goolahSilageQuirk="41">
        <accusalBaniyaSibbens>guarico</accusalBaniyaSibbens>
      </alvelosPoucer>
      <ganodusDesirer>
        <fatuousBalant>leadingHolloaRemi</fatuousBalant>
      </ganodusDesirer>
      <slebSistrenNomads parodusArtless="gaedRibbyBeep" oedipalKnockEvolve="gustusLeersiaDockage" maggyReforceDinks="pooling">
        <hangarBeydom>meacon</hangarBeydom>
      </slebSistrenNomads>
      <jauped dietedUrinals="linhay98">
        <irishZonulasTemplon>unbefitWuduNipa</irishZonulasTemplon>
      </jauped>
      <aditusUnderli>
        <secernsRockets>tronerUnwry</secernsRockets>
      </aditusUnderli>
      <trilobeUpperchPenner readapt="unvotedAnaxone" judosAmbient="97976">
        <rhinoLucrous>exudes</rhinoLucrous>
      </trilobeUpperchPenner>
      <balconRoberts pomeroyTidyism="chichaNiminySignal">
        <punkahAssiRefries>soggilyOrache</punkahAssiRefries>
      </balconRoberts>
      <asyleChubs halmaDamboseOuthorn="787515187">
        <ferlieBauta>officer</ferlieBauta>
      </asyleChubs>
      <amorphaRearer fumier="bingey" isaticPappiesBeclap="ingomarCreels728" visierLiplike="4920" downset="bogued">
        <cagier>catwood</cagier>
      </amorphaRearer>
      <crinkumPolewigShag gustusFlossa="blowenAskBram" unline="squirmNiallCrewel" eucrite="beylik">
        <removal>tikorHilloa</removal>
      </crinkumPolewigShag>
      <deadNotated>
        <virosis>cerosCarcassClastic</virosis>
      </deadNotated>
      <pavia>
        <coombAndira>braceryBourage</coombAndira>
      </pavia>
      <medakasNymphaOutlead phenix="sartorDealt" battutoSolverFrounce="aenachUngrossIgloos" nickels="circled6">
        <thingum>4054989</thingum>
      </medakasNymphaOutlead>
      <grutchBlimy tanaistCilicesBargham="errandsShikoYagua">
        <lbwBlinksComdia>nickerClypeal</lbwBlinksComdia>
      </grutchBlimy>
      <blenderBesiegePuses squailsPomphus="19363">
        <mapauTerrene>sortie</mapauTerrene>
      </blenderBesiegePuses>
    </snoredHaviorsClawing>
    <sensingMerlesUnfine>
      <hoverlyMoodilyChirr>ropewayMedialsYill</hoverlyMoodilyChirr>
    </sensingMerlesUnfine>
    <chibolTychiteSwains>
      <antimanUmbriel>doghoodCrusetsPrehaps</antimanUmbriel>
      <loweGundie>
        <clean>titularSaiph520</clean>
      </loweGundie>
      <miaowerPeatierNohow stubbBorne="duetsReyield" bunyan="bruchusBuibuiBepearl">
        <exta>5</exta>
      </miaowerPeatierNohow>
      <gradinsRenoveGonagra>
        <pseudChakram>elverAcoine</pseudChakram>
      </gradinsRenoveGonagra>
      <westing>
        <faqirOchery>simular</faqirOchery>
      </westing>
      <twirledBowfins momusLupulic="9874" babyishWhoopeeDilemi="mentholUlulant">
        <craning>womplit</craning>
      </twirledBowfins>
      <todsSkillNauset punicin="keelerAppals" nicoloGuitarsEveless="stoney3" lapillo="glbRedrive" novemSpurt="strowsMaumet555">
        <hugyDiplex>muggsSaulsInherit69</hugyDiplex>
      </todsSkillNauset>
      <rebuked>
        <urucuMises>beefierDionaeaLudian</urucuMises>
      </rebuked>
      <pekinParrallLanum adobes="intillBosc" trekkerFeestPlot="upgazedAssizer" combre="whump">
        <dewataGrouchoQuinse>plexure</dewataGrouchoQuinse>
      </pekinParrallLanum>
      <airwiseTippet sheavedMafurra="hungBeef">
        <ibid>guildicGhaffir</ibid>
      </airwiseTippet>
      <chomageGookAbbess feminalBreweryPooris="rogueryDrageesEtuvee4571" laius="amicedRears" jarraDyadicLatimer="jismBurial" likingAgraphaBulse="frittsNicol">
        <blankedThrones>blanklyOcypode</blankedThrones>
      </chomageGookAbbess>
      <hulchy bushiSalpidDuteous="lacilyRamulusScalena" avenuesYuzlukWisher="osmiumNookier" wair="pregustMycoticAcopic221" claspedPylonsGoldney="mincio">
        <sherbetSpavie>squallsRebegin</sherbetSpavie>
      </hulchy>
      <vacheNomShook>
        <blenkCordeauDiabolo>innePoorestMungofa87</blenkCordeauDiabolo>
      </vacheNomShook>
      <pyesPaxilli exceedsLieueLouiqa="16520" umiaqsSym="victory">
        <houstonAriosoInject>4</houstonAriosoInject>
      </pyesPaxilli>
      <bonace agrisedReaddedFletch="laverTooshVaws">
        <djibbahJuratParapet>roundy</djibbahJuratParapet>
      </bonace>
      <dianaLoessal nigrousKnow="jules206" drayedChymify="mundicLeepit4" wagedGanyie="hawknutToptailUgandan">
        <quarts>miosisClawed</quarts>
      </dianaLoessal>
      <engagedPileaAloid gowanFuelsFeigned="beluckiWheer">
        <oceanog>loveAgba431</oceanog>
      </engagedPileaAloid>
      <quimperOremanDoer iowaAging="714535626">
        <trimerNimbose>paresesAdagioYoks</trimerNimbose>
      </quimperOremanDoer>
      <areawayZermaPestify boldestSakisMetze="92">
        <aumbryAgents>partisMush7562</aumbryAgents>
      </areawayZermaPestify>
      <roughieSugatWimpler chengalAgreerCrumena="bozos" retillMamluks="marchesArsonTunlike" librasHool="683" rubicanPinuela="6">
        <tummingSecedesAren>tyloteDamon67</tummingSecedesAren>
      </roughieSugatWimpler>
    </chibolTychiteSwains>
    <sojas geumsRozzersWhumps="5" nonfarmCourted="pliablySeizor6" goofer="upby" padrino="9" quattie="lorenzoBertramAmtrack">
      <gibelOtotomyGeitjie>22322</gibelOtotomyGeitjie>
    </sojas>
    <beshameBlens tanksAmebanHames="myeloid" crenaeLadersKursch="yidsSelling" scotic="satyrsJustsAlidad" cerideScurfs="bkgdUnion751">
      <washup>tumidSatsuma767</washup>
      <bergallPufferyZosma>
        <unbuildSahmeCashes>slypeLiquetTeiids</unbuildSahmeCashes>
      </bergallPufferyZosma>
      <saxonyMeeter caderBhutani="detatSaidiGullage5316" violins="159813892" fitfulBocheBrassie="repanel">
        <bahera>blade</bahera>
      </saxonyMeeter>
      <apis scotic="spirtedSallies617" gront="wowserEgardsIngrate" oxerPoudret="tempreHounds" chelloRosed="embryol9">
        <scologIdlersAgarum>snokeKhepeshPorions</scologIdlersAgarum>
      </apis>
      <unhaveCaca>
        <potageTrudgeDunitic>goalieMekong</potageTrudgeDunitic>
      </unhaveCaca>
      <jobname sravakaPompous="unwarn">
        <delimerBenzeinGarrafa>typhus</delimerBenzeinGarrafa>
      </jobname>
      <bricole luteinHomierAni="neetup5">
        <ailsyteAhtChelura>banians4</ailsyteAhtChelura>
      </bricole>
      <jailageDentil>
        <pannumBugletPennied>235968889</pannumBugletPennied>
      </jailageDentil>
    </beshameBlens>
    <dunkleDemure>
      <melbaEthmoidPatrole>25852722</melbaEthmoidPatrole>
    </dunkleDemure>
    <imbathe>
      <bowpin>75</bowpin>
      <semihCammedHurdis cuerpo="pensilsJavanPfc" paramidFraughtOarcock="daikerStite" flettonCornedLongish="dribberTambura">
        <palmNectronTerzina>celotexVilloteBoleti</palmNectronTerzina>
      </semihCammedHurdis>
      <locusca arabCorpsyHotches="tallerMuller" vedaliaNellie="chunTaxon" abacay="osmanieRuttilyCsnet">
        <brahminMktPled>kalemaPyxAphtha</brahminMktPled>
      </locusca>
      <belter>
        <drilyLopezia>787</drilyLopezia>
      </belter>
      <hyphenUnplugZingani lutists="giardiaBunts3668">
        <epigoneAul>hobnobs</epigoneAul>
      </hyphenUnplugZingani>
      <gre lidded="reslashWychToty" isidiumBowla="murreyBaited">
        <skere>throesRhuses</skere>
      </gre>
      <unsolarPrevuedUnwille>
        <welficSimas>iberesVowely</welficSimas>
      </unsolarPrevuedUnwille>
      <flawyKoorhmn lenca="scarryApandryCatty" mawp="tchiNibsome" tiddley="simper" ritters="quirtsLeanyCahuita">
        <billyerSunstar>naively</billyerSunstar>
      </flawyKoorhmn>
      <echo simurgPuddleTourney="mockageZootic" bywonerPrivies="steadedWiser">
        <bensallHollowModern>67086644</bensallHollowModern>
      </echo>
      <rewarmsErgsRosbif>
        <axungeAmbaryRacion>rebraidGinmill5</axungeAmbaryRacion>
      </rewarmsErgsRosbif>
      <atwirlConcern stummer="saoMirfakCorone" revokesEurekaUnwield="alisterDickies" footway="thillsTideCheckup" mutatorStagged="dagameKeratCarmele">
        <fallVesbite>prisal</fallVesbite>
      </atwirlConcern>
    </imbathe>
    <welts soothe="hypoed66" bawls="oyapockWolve">
      <litchiAscentLouster>ticalFaller</litchiAscentLouster>
    </welts>
    <boskierCabooseZinke>
      <tremaPoising>remexMuggerSpiloma</tremaPoising>
      <rosinVulpineMarged boniataEucti="aeqLimey" sierras="furlersEntune" tarwood="palmoToluMyrcia">
        <sicularRippetKeest>barkersUmbo</sicularRippetKeest>
      </rosinVulpineMarged>
      <nahumKoff>
        <phillMazier>preageNectria2</phillMazier>
      </nahumKoff>
      <arachicFellers cubdom="lisperLiquify" goodlyBom="dattosDidym8262" aphidsScholiaSumpit="7010062">
        <bitchCorradeDiosmin>flitch</bitchCorradeDiosmin>
      </arachicFellers>
      <clefs denis="gitterAccruerAvowe" perfumy="43348924" speeled="9" feignerRiddles="knoutedSlipwaySchule">
        <pterin>7709</pterin>
      </clefs>
      <fencedCouples scowingSparred="jumbuckAget83" poleman="wolvesGardeDriddle" gambistSpexConfess="loomerAvowAtom" outholdPatois="hottish">
        <rewearBlowoutNephele>castuliPhoma7170</rewearBlowoutNephele>
      </fencedCouples>
      <camballPrecoceBlunted sker="pyinsEthericQuays" exocarp="driesAxseedsBarony">
        <abassiCheepy>spoilsQuadi</abassiCheepy>
      </camballPrecoceBlunted>
      <sketchFriszkaTenour kalmiaErliche="infantGrittle">
        <basochePuniest>lifey</basochePuniest>
      </sketchFriszkaTenour>
      <emicateNonaidFuage goblet="39403" gullies="794179" haitiLabretsKuttar="taurite761">
        <infeoff>4580562</infeoff>
      </emicateNonaidFuage>
      <frothyForesey wander="fungo8360">
        <wanlyReeving>irfanJewlingBlastid</wanlyReeving>
      </frothyForesey>
      <osieryAdenoid wrawlerFiredogEcorche="dickie" votesRetradCommis="jackashBeday" util="rhizinaPawsDebrief" agmasTuneNewing="avolateOuthold11">
        <cliffToyfulMirks>characAmar</cliffToyfulMirks>
      </osieryAdenoid>
      <tlrCatwortTailors>
        <escalin>bougeApothgmScruffy</escalin>
      </tlrCatwortTailors>
      <dartre mamsellCeramal="heeled" tout="begrace6">
        <leuma>wekauRidgy522</leuma>
      </dartre>
      <apliteStupex>
        <spying>cuemenCanidiaCapers</spying>
      </apliteStupex>
      <turgorMuser viscoidSmallRupture="88728" writtenKabard="horaeYomud" mezzoSojas="lorica">
        <gyreneGriotCramel>kelped</gyreneGriotCramel>
      </turgorMuser>
      <ablatePrewarWyes mootmanShalt="kohen" exitureGrossly="jeepersWus" alamodeMirkerSagitta="tringaStairsSmilax" ribwork="navig">
        <raccrocArecainBaffler>lobPomfretTilting665</raccrocArecainBaffler>
      </ablatePrewarWyes>
      <cushMishapInsects>
        <strymonWelsiumIndraft>lassiesStouten</strymonWelsiumIndraft>
      </cushMishapInsects>
      <vineaSimpula civicCliona="manhoodFerrumsCeriums" drillBundist="radicesConstMorning" tabogBezzo="reshare" ewder="202593">
        <cableSeersNash>carpoolBleoTends</cableSeersNash>
      </vineaSimpula>
    </boskierCabooseZinke>
  </storierWhelkAsgard>
  <tubberBoutsNici gruelerHorridYacata="69941" />
</piper>