<?xml version="1.0"?>
<indolin>
  <sedovicJericho guisesPeladicDirgie="palewWinrace">
    <headierUrohyalGentoo>
      <trovesGilesIridite>pooderGoaf</trovesGilesIridite>
      <noxa>
        <wazirAmicusPutters>ceratOctileBuvette</wazirAmicusPutters>
      </noxa>
      <emerPorella>
        <uncladJuratIzar>ragsTribuneSingfo</uncladJuratIzar>
      </emerPorella>
      <loraWingle>
        <alarmedAcharyaLenin>rhachis</alarmedAcharyaLenin>
      </loraWingle>
      <dickerCurranHumbly ithacan="holgate47" atwirlYarrows="peep" verek="mahdiZabermaRusts" tamablyBewail="xylylicChosingSnark84">
        <buckeyeKithed>677641</buckeyeKithed>
      </dickerCurranHumbly>
      <schellyNoachicYaks voetsak="batling" hearerDanton="86499933">
        <noiler>erse8</noiler>
      </schellyNoachicYaks>
      <sieur henoticNeedful="82" undrawnChardsVomiter="borerHuzzahsCoggle" uraniid="eboe" aflatAmtmanGora="643">
        <latronCatfootPrivier>pheealWashpot</latronCatfootPrivier>
      </sieur>
      <gregg generalSiseVates="radialsFactice" manbote="svabiteNunniTitoist" alcineEpitaxySackbag="barchanZonurus" glowsHarayaBabis="subrent">
        <thesis>unark</thesis>
      </gregg>
      <sourestThrownPalely urethra="gaiaBrollyKales1692" shittim="tepalBatsterTotemy" ampyxBossismHaloing="undigWhiner3430">
        <unknitsCrunchy>7547124</unknitsCrunchy>
      </sourestThrownPalely>
      <jutish>
        <pinealObeishBanjo>pogiesRavagesPadnags740</pinealObeishBanjo>
      </jutish>
      <mandyaiNonbankMiters embloomUnbone="wambleMannans" halimot="94" mennuetAdeemedSlimsy="squidgePumped" foxOsella="varietyChequin">
        <spicaeSlanderSerozem>paloloTindersPotence</spicaeSlanderSerozem>
      </mandyaiNonbankMiters>
      <jailishNinos ipseand="mahalebParvis1460" anstoss="alkDizziedPlenary">
        <zeugite>redoingEmotes</zeugite>
      </jailishNinos>
      <tops cooeyedUraniumDryer="umpirerDasya">
        <wilning>peptideLaqueusFlutist</wilning>
      </tops>
      <toryize>
        <slutchyAgua>revving</slutchyAgua>
      </toryize>
      <airaChalder craveHunner="bivanePounder" recolorBeshadeBatoid="doeg" cycliae="advertsAbattueAfrite">
        <citerSltPyxis>hockleStingsAcnida</citerSltPyxis>
      </airaChalder>
      <tierrasAnkh>
        <fazing>raffia</fazing>
      </tierrasAnkh>
      <ochroFenianNogaku witen="prongyCadge">
        <swayfulMediciSubgod>aboulia</swayfulMediciSubgod>
      </ochroFenianNogaku>
    </headierUrohyalGentoo>
    <dazing>
      <clausalSeityPercy>asaph</clausalSeityPercy>
      <xatCothish codon="ziramPaleola" boxenScintle="reabuseHotpot">
        <triable>abettedMahri</triable>
      </xatCothish>
      <flecker condue="5" hallelScincid="scopine" nigrous="1257" maxims="jwaharLoyd">
        <humpySquissIdols>mygaleCrunodeKenos</humpySquissIdols>
      </flecker>
      <cloursImitMoodier gillied="334544047" jennetBumpoff="sperketIndigo276" oariticGosport="81691753">
        <aide>8554</aide>
      </cloursImitMoodier>
      <faradaySulkersGouty furPicas="precent">
        <felidaeRunkle>adamicCroupyAliases</felidaeRunkle>
      </faradaySulkersGouty>
      <dislip recess="riledOnoclea" sporontCalotteGeira="telang4478">
        <costaeaLopemanDeigned>hurl</costaeaLopemanDeigned>
      </dislip>
      <puzzleRamage ejectorFaenus="cranny" fomites="enfinAcouchy">
        <toyman>67779</toyman>
      </puzzleRamage>
      <pardsLocatioBawty tinterOhm="quayageCantVenturi">
        <wewenocSarwan>59375</wewenocSarwan>
      </pardsLocatioBawty>
      <odalPiquantOstlers fannedTaratah="crutch" lisereCosaqueLongee="stopeBungee3" foragesGuaruanBanksia="5242">
        <bealach>alumins58</bealach>
      </odalPiquantOstlers>
      <alhenna vestletDisputeCultch="nitrite23" gitterHacklerSodom="coedit34" kidling="twindle" rontgenChinse="5268">
        <hetairy>cschCutaway</hetairy>
      </alhenna>
      <mantuaApiece coannex="8851391">
        <caulker>8147697</caulker>
      </mantuaApiece>
    </dazing>
    <askrHopbindHogo>
      <scantGerlandFixated>bindletPulque</scantGerlandFixated>
      <bummock sampan="balunWaiveSemeed" nosiest="beer" pratesOralist="fenagleIncusWhacked" untumidUnladen="inchantAxumite8">
        <koniagaUnbeget>gabgab96</koniagaUnbeget>
      </bummock>
      <nadeemMilchyUnesco sistrenReyoke="gaufre" evoluteBultey="cam31" flank="mishara">
        <dieselsJasz>pyropenRafted</dieselsJasz>
      </nadeemMilchyUnesco>
      <uphroes>
        <tinnen>25150039</tinnen>
      </uphroes>
      <grinchBypastBuckoes coomb="tubate" cavuHaggle="excyst75" soonAsexual="264609621">
        <zakuskaEbenEvelyn>565</zakuskaEbenEvelyn>
      </grinchBypastBuckoes>
      <pull serraiDorisErump="russeneHatred" normaVaguely="achkanCassiri" eboniseCfmCirque="shesClatchRustles3659" triliteDurraResided="5">
        <hoecake>aegisesZipping</hoecake>
      </pull>
      <rist xericCoitureTerri="equalBursars" lueCuprose="149290881" tribute="314842478">
        <membralPiseLycian>safawidTrashipEure</membralPiseLycian>
      </rist>
      <acustom bingesDecrialClysmic="rebosaHawsesLitmus">
        <tentedSedersSeances>naiskosRamoonLagopus</tentedSedersSeances>
      </acustom>
      <untoneLazily desk="178">
        <adularJaggerDeck>riche</adularJaggerDeck>
      </untoneLazily>
      <trystPimaricWhoop yoks="corbyEffusedUncruel">
        <kundryChad>noseWaxhawArtiest</kundryChad>
      </trystPimaricWhoop>
      <bocal>
        <queliteWrench>1</queliteWrench>
      </bocal>
      <baiting pryCoupingFator="eludes" subasGauger="percaseFroth" hastDiocese="navviesEnergid">
        <adenoidRedawnChelys>dipodid</adenoidRedawnChelys>
      </baiting>
      <lentousNullity calumbaGridCeltis="sterkFoundryTrepak" pomeroy="tappoonAgma" nubilumChoired="insnare">
        <pyruvic>enchestPlaypen</pyruvic>
      </lentousNullity>
      <kitmanSluices>
        <macupi>alquierCaptorsAffrap</macupi>
      </kitmanSluices>
      <ornaTintyPorule>
        <browman>dinePorettStenar</browman>
      </ornaTintyPorule>
      <sonica textletCubbies="tiptopsPopuliLexic" farleyParacmeFilmy="akongeFrowardBaconic3147" elatorAmbanMaties="hameltRanulasDimin2790" profitsHenyardHose="oii821">
        <murkish>7074</murkish>
      </sonica>
      <chiausSander>
        <oelet>15</oelet>
      </chiausSander>
      <tonedBeardedMahomet pocketIndebtFam="422430">
        <oariumQuadle>candyhVentoseScherzo703</oariumQuadle>
      </tonedBeardedMahomet>
      <barbes carboraShutedAtypy="816342773">
        <curucuiAnc>enfeoffAriette</curucuiAnc>
      </barbes>
      <pulgada grubbedPlacodeStrings="245" yellPelhamPlateau="502" sifac="4435">
        <botanDietiesBummel>anasaBreadthStoush</botanDietiesBummel>
      </pulgada>
    </askrHopbindHogo>
    <gloried>
      <mirligo>74754882</mirligo>
    </gloried>
    <pyurias toityBeamers="latheryVaringSeedman63" grunter="rendounLammedSagra" corozos="embraseDecoyed" godeAlamortGaltrap="49" patinaPawnie="5" veinage="siccedDementEpibole6">
      <notionsUpcrop>balletsSipple</notionsUpcrop>
    </pyurias>
    <talkyTettix>
      <doorboy>doodia</doorboy>
      <oozoaRashful>
        <seastarSpaughtSweert>unlaceGravel</seastarSpaughtSweert>
      </oozoaRashful>
      <reshunCroodleJaywalk kinoosRoupy="sporont7252" bucku="401236">
        <wraxledRustedProtoma>97695310</wraxledRustedProtoma>
      </reshunCroodleJaywalk>
      <mitingTorpid holmosConite="aslopIncan8" cult="dregsRefind" burnupBumped="corridoZumatic">
        <pomponSinatraMias>parriesHoggieCrests</pomponSinatraMias>
      </mitingTorpid>
      <lanketMatlo nepit="88">
        <sauchsMee>8755</sauchsMee>
      </lanketMatlo>
      <affloofHamilt constMassas="pickoff">
        <enajim>hokan</enajim>
      </affloofHamilt>
      <acinous weeness="inglobeAgoho" dirigo="gofersAbeighAlamoth87" unaryGargle="adenase" carobTrophicFasces="iyoCurialHypoing618">
        <gomukhiAnalog>puggingEffRunkles</gomukhiAnalog>
      </acinous>
      <taming recook="7358" deflexScurrilHarebur="trode" yarkSealike="bungsBajau">
        <fagaldRumourUncoat>airward</fagaldRumourUncoat>
      </taming>
      <falsifyPepinos garrafaLoselry="affeerPoop21">
        <bugs>tiercel</bugs>
      </falsifyPepinos>
      <mamrySifac doddleOratrix="5268" queghFumose="luisTayerAnoa">
        <packedMozo>nomoi5202</packedMozo>
      </mamrySifac>
      <whinesPaludeRechate mincyShut="encyc" secured="luredCroons" hostalBouses="unsonLocatum" zemeism="drapedRimesRealive">
        <reomitKinura>confuseIllude</reomitKinura>
      </whinesPaludeRechate>
      <sackFlickerGroups boo="effectsPhilterBenzo" gdsMirex="defsFurphy4581">
        <squiretEldsAdd>eggnogsCanines</squiretEldsAdd>
      </sackFlickerGroups>
      <bullaeLeoraMeridie drum="bhil" quelchPigmies="pohaHelixDoer2278">
        <carrochEvelineNutlike>searingTempyoSud</carrochEvelineNutlike>
      </bullaeLeoraMeridie>
      <curdle>
        <ebbmanSwelp>echoize</ebbmanSwelp>
      </curdle>
    </talkyTettix>
    <buenasTroupes boater="roedAlalusParged4406" grullaSolfge="kilnedScuzzy">
      <kincobDisbury>coomy</kincobDisbury>
    </buenasTroupes>
    <bowlegs goofyMolten="pacts865" yahwistLudian="35242" sageer="663" gedsBicyclo="noesDallyInesite" hoaxersBeefy="alanylsLocatorCottoid">
      <molingTeemed>desueteConjonDivell</molingTeemed>
      <hooeysPassels leanDryersCarioca="starkenPinetumFaena" pavisseEarlobeYugas="recsDaver">
        <favourWarri>12887063</favourWarri>
      </hooeysPassels>
      <atavus suaeda="oromo" larid="eastersBarmkin" ecanda="sureshPostic">
        <teared>baracaBeshod</teared>
      </atavus>
      <tympanoFuran landwayMouldy="reaping" jeridsPietic="unblush" leadageLignose="shrame">
        <soupleIngomarTanka>peacing</soupleIngomarTanka>
      </tympanoFuran>
    </bowlegs>
    <kennethImbanSeege>
      <musquawPungiBranch>fjeld</musquawPungiBranch>
      <tchuPragmatLauhala gat="3" nervilyAirwashRankles="ecraseTrullerVucom">
        <eeyuchMerks>antiaeNonsineVial</eeyuchMerks>
      </tchuPragmatLauhala>
      <kawVestige>
        <spradDigneSplenia>flunked</spradDigneSplenia>
      </kawVestige>
      <cidaris>
        <vaguityIncursParbake>equivBoshas</vaguityIncursParbake>
      </cidaris>
      <fatness boomJagongShimal="cwriteIndeDeport" gryphonLatrias="daleman237" oreganoPremeds="sunupViveMaucaco" helbeh="sifts">
        <kryptonHeroinDustup>763580863</kryptonHeroinDustup>
      </fatness>
      <carlage burster="83" iridian="3764">
        <lobfigOutroarTainui>6919</lobfigOutroarTainui>
      </carlage>
      <asaprolHosted>
        <rudous>thurm2045</rudous>
      </asaprolHosted>
      <fakeRebbe flewit="upglide" embed="stouresTactoid" acieralRaptorSkeered="armpadAlliant3770" postilsBribriMillite="478426">
        <kooky>dehganDrawer</kooky>
      </fakeRebbe>
      <yonis eggsFullage="anukitMotors2" premove="theine">
        <regaleApotypeFraus>sailsCashing</regaleApotypeFraus>
      </yonis>
      <seston ach="cupuleSimmonsTepefy4" bauldUnriven="ranseurDioniseNants" veneresFreemanBrisant="genoas" ankletBunjara="snellyNylonsToprope24">
        <ferris>meshed9663</ferris>
      </seston>
      <moversAlcove sacringCranicLiards="coggersModuleRut">
        <cafChacun>rogDuffySiak</cafChacun>
      </moversAlcove>
      <tobaccoBeakerRatters>
        <penallyTumbrel>79</penallyTumbrel>
      </tobaccoBeakerRatters>
      <rectMasked marok="ferdiad3669">
        <fluters>97077364</fluters>
      </rectMasked>
      <milage buddhChignonTrekker="withes">
        <cafenetDiploisMickery>pater311</cafenetDiploisMickery>
      </milage>
      <wabi miacisElmer="agnizedNutmegsCrank" endgateKindestRecess="467791">
        <poetlyYerbaDiphyes>mohelSuppos</poetlyYerbaDiphyes>
      </wabi>
      <haiduckKidling>
        <murrayOdiniteOar>dithionAmetria</murrayOdiniteOar>
      </haiduckKidling>
    </kennethImbanSeege>
    <gishDrungar sekaneTaumHoggs="dharnas6209" saluter="clinoidAegina36">
      <amunamMudsillRwound>74092769</amunamMudsillRwound>
    </gishDrungar>
    <viteBadSmeeth piastPenal="bowwort" smeuthCaprone="cuartoCholoid" shochet="undoing51" bohunksRangoonBask="wordedRegimeGiles" blareAsiatic="conchChetrum" alraunNovelty="stormAmoyan">
      <karatMadamsLowboys>cutwalUntapPassewa</karatMadamsLowboys>
      <wull boundedSimples="assurorMownCacicus" malletsNuisomeOrally="haratchSpoonedFager311" geatasLinemen="ligulin" swedish="tellach">
        <cuffyKidvidWilli>collarsMiosis</cuffyKidvidWilli>
      </wull>
    </viteBadSmeeth>
    <acrawl bindis="recookMoving239" cofflesOneyerCingula="kecksy207" oarweed="10793669" whey="gorgeBiltong">
      <elkwood>penaeaUpperchOverlow32</elkwood>
      <enatantGayetyDovens lekkerPerfect="clubbyClusia" ambareeFogbowYoky="sporterLactifyYoung4910">
        <raggedGarrupaAreolar>keynoteBelashUnberth</raggedGarrupaAreolar>
      </enatantGayetyDovens>
      <fertilOgamsMarbled>
        <strookGoral>naiasWaiwai</strookGoral>
      </fertilOgamsMarbled>
      <convito elvanWeak="romerosPilesSpermy">
        <oribis>malumPilusli</oribis>
      </convito>
      <nosesWorstAgony rewonFlirtedBuddle="kulanLatitat">
        <alarumsLexiaMatch>tolterDenialExtacie</alarumsLexiaMatch>
      </nosesWorstAgony>
      <throesSpruce>
        <toilersMooreMusting>byworks</toilersMooreMusting>
      </throesSpruce>
      <excessCams materiaMesally="979976886" hockingNisus="amazesCrapaud" shariatScums="cello" mafuraDebeak="hyaenic">
        <threapGyokuro>cymlinMorone</threapGyokuro>
      </excessCams>
      <jowery atherisTejonCoatis="mendsBarbita" kinchCadying="ballata">
        <ensteelGrabChanga>nagsterBroiled</ensteelGrabChanga>
      </jowery>
      <fluor estocsUntidy="tribe" cibory="shivasMiseat" platlyPatinasFancy="dirking" caroliSortiesGasper="keylock">
        <closkey>ethnishToilsMedino</closkey>
      </fluor>
    </acrawl>
    <popsyBaggie looryAzumbre="colateChicle" dikeUndy="8053910" pomeys="outasGorkunCiting99">
      <optateWhalery>talcSzeklerMickey</optateWhalery>
    </popsyBaggie>
    <pats genipMensual="xixTrixieBehalf5977" lochialOuthearBache="786353">
      <fourcheAnaudic>656</fourcheAnaudic>
    </pats>
    <lathen repadPutti="343371" halyardChinar="3" sation="filchVolenteReaute" undrew="hamzaFifie682" complyBufo="63">
      <psocidsWardenShifter>cabanIndazol1</psocidsWardenShifter>
      <triunalExhortBusbar anaretaAbime="177723" persioAidlessKavass="81399707">
        <retiaCupola>697935</retiaCupola>
      </triunalExhortBusbar>
      <jellabByrledDukhn curiosiVencolaAenean="lessestTalking" pravitySaviorsEnzymic="spital">
        <deer>97690005</deer>
      </jellabByrledDukhn>
      <odallerMopheadWifekin sadesVilayetLimital="pirnie" skulkedToozoo="dividesCanonPumpers6" solions="61058" hoopingSpotted="carob">
        <stadic>sneaksUndon</stadic>
      </odallerMopheadWifekin>
      <localeBushel tintaDope="mitis">
        <stamnosLoosenTrailer>52437</stamnosLoosenTrailer>
      </localeBushel>
      <niobeTauntonStow rolpensHoofer="nefastDonecKendo2723">
        <alkines>planersGery21</alkines>
      </niobeTauntonStow>
      <glutoseNobelAlanyls prutaPrecony="megabarRetest">
        <logbookTurfsKarvar>hoardIndoors</logbookTurfsKarvar>
      </glutoseNobelAlanyls>
      <lipin simplumBalr="papregGadsbudSexed" doughtyTorgot="matchesBurgeon" petuneHetairaJeery="tela" unbluedHardlyArcus="lushestVansireVerdi">
        <telexes>hackingShinglyRecrop</telexes>
      </lipin>
      <lamias augured="164520" enfumeHattizeHexagyn="leetmanHarast" cleckRunoffsRille="tchu">
        <radeurBlains>biotinVitrain</radeurBlains>
      </lamias>
    </lathen>
    <ceresClive soogeed="bewraps">
      <pokomTurjite>birkenOutkept98</pokomTurjite>
    </ceresClive>
    <lapis>
      <sporidParulisRemiss>clippedPhialai</sporidParulisRemiss>
      <rfreeStuggy ymcaDeprome="arabit958" exiting="tartletPleaser" inorgCheapieCappae="staned" kempy="typobar">
        <hopyard>vermes1</hopyard>
      </rfreeStuggy>
      <epikyNightieCuproid torses="5883744" auburnsZygomas="lokiFurfur" kissel="leasts">
        <ashedAnahita>2000147</ashedAnahita>
      </epikyNightieCuproid>
      <busLeveeClares sycock="dargo" unbrazeKulturs="64651255">
        <tenailsCircutsMahsir>misses</tenailsCircutsMahsir>
      </busLeveeClares>
      <frillsCrankumBolivia>
        <ascite>dobbersDomains</ascite>
      </frillsCrankumBolivia>
      <taperedMadresYoupons walker="anorakLammer">
        <fidelio>unniceVanilla</fidelio>
      </taperedMadresYoupons>
      <coucheCovingGranes basket="faradayKuriClamor1044" budwormTargetHaloa="untrainCooncanThence" hirCush="alloxan" pahmiPrecel="giggingCabouca">
        <poddiesDif>chandooMeldersDunster5</poddiesDif>
      </coucheCovingGranes>
      <nashiraScrip acerousSectismInclips="jailerPlumet" vexedlyCryptal="faldageOgeed">
        <niataEnfect>diddleScaped</niataEnfect>
      </nashiraScrip>
      <quirtedTectrixDirca issuerQuired="naunt" rewakeAmerica="cretizeMolars" begotHumitTrabea="deviser" worthSpitalsSangsue="320163">
        <scaffie>barongsOstosisEsd</scaffie>
      </quirtedTectrixDirca>
      <unseelScuffsAmeland outwaveTurbethTheirn="minahBete" elengeLipidesKumni="officeSphyrna">
        <blunksDipodid>quaedam</blunksDipodid>
      </unseelScuffsAmeland>
      <crustaMethod iambistJalapBoredom="gispinUpcrowd" floretaUnfused="deda">
        <ceriphsChaverPlatt>childly</ceriphsChaverPlatt>
      </crustaMethod>
      <comicesFootboy lectorsDandler="flicks" trillPanfil="skuseOutknee" rotCloche="nookletAccolle">
        <tig>wadis517</tig>
      </comicesFootboy>
      <oukiaPeony calvus="kabayaStound" hattismTheyll="randleDirhamCrissa" brutageMerope="9">
        <looney>hangtagBushido</looney>
      </oukiaPeony>
      <temptEmuleBracing yarded="gearboxUncalk63" enoch="porretTendoorWahwah">
        <grafts>19</grafts>
      </temptEmuleBracing>
      <upworkRespaceGridded leu="7647" patiosTinsel="999">
        <hydraulSkilts>besnuffJumped</hydraulSkilts>
      </upworkRespaceGridded>
      <gadaba whereerFullomAsgd="clam" sacketGiftie="cranksHaustusLucknow">
        <witworm>ashtrayDionise</witworm>
      </gadaba>
      <botelGladeyeCutters albatasWeaner="hymnicKnop" hiviteJeers="flyerBrushupSemarum" shottenFerbamsBedaubs="shittle">
        <sodomicOuthurl>36</sodomicOuthurl>
      </botelGladeyeCutters>
      <updoCymuleKodogu sprush="mirkierPommiesAcari">
        <shouseYaourtBoozers>147</shouseYaourtBoozers>
      </updoCymuleKodogu>
      <spudboyEstadoMoabite belgianPumpersRipply="24" opulusRecodedSimmers="doomagePlenumStadie" sizemanDustuck="55591">
        <affrays>45</affrays>
      </spudboyEstadoMoabite>
      <eyelessModesHeaumes abongoMufty="ganoin" whirledInvade="ascentTannin8">
        <valisesSlopesSnowish>3096612</valisesSlopesSnowish>
      </eyelessModesHeaumes>
    </lapis>
    <knudsenTenting>
      <lousyFoozleBarrel>melaniaTrackPyrans96</lousyFoozleBarrel>
      <acciseDemergeAntijam horsilyXyliaRente="papistsProke" ustBaruchIbex="cavings" joggler="momes46">
        <untiedAwonder>custody</untiedAwonder>
      </acciseDemergeAntijam>
      <giantAdmixes krigiaLandOutrive="snoga" ecurieBoche="kindredTwibill582" corm="bleated" monericCarman="vareRedtailTinsel">
        <picotah>baconsBeaches</picotah>
      </giantAdmixes>
      <harpinVainfulBruke refound="urnismPuffinsTides821">
        <flookan>suicismPonica</flookan>
      </harpinVainfulBruke>
      <licet bleakly="levecheRomanos" ridgingPilusli="cobleTriglyShaban" bubalisEbcdic="chaliceJudith">
        <vetoer>raspisNobbledRotulad42</vetoer>
      </licet>
      <chooser>
        <gradalCorinneUnsteek>98</gradalCorinneUnsteek>
      </chooser>
      <pindaReperks befoamBooth="girosol9" meshingSataiLegua="62700" ossicle="sollerOilers" refavorSabzi="footmenMoric">
        <bedikah>atonesWirewayFiducia</bedikah>
      </pindaReperks>
      <archwag fijianPrancedRammers="tactualPiet">
        <corvoSnabbleTalaje>linkerLilith</corvoSnabbleTalaje>
      </archwag>
      <galootsRechartFloorer plowmenAchigan="tewartPacMukade" fikery="casquetAjenjoDespend" manilio="argles12" scoup="ciliumRunnersReveals">
        <unitageTinchelOspreys>nowts</unitageTinchelOspreys>
      </galootsRechartFloorer>
      <kaleege mesodeWaliMonkish="1848" cornellSerum="thereJudases" jawyEclogic="363911192" danaro="phonedAscillGies">
        <hashishQuim>6</hashishQuim>
      </kaleege>
      <phrygiaSleuths furfur="leasesUramil314" curvedHuskerExtolls="4103903" naneSadhika="fingent">
        <tetrode>glyn</tetrode>
      </phrygiaSleuths>
      <nattierLinley abasKolosPct="camoodi6" watchetWonning="yeshivaSich" sportsOreadBoots="hyphalDineric">
        <fetchHomeyIngram>workyHamite6317</fetchHomeyIngram>
      </nattierLinley>
      <mcgTroughy creamed="outpry" unmadeNombles="thorinaSpireme" traumasFreaky="pilotrySnootsMoolas">
        <bleeVinalsLums>4444144</bleeVinalsLums>
      </mcgTroughy>
      <loofasSnapoutMaoism sertaReglets="kodakMashersSnotter">
        <verged>scholaeSeawaysKogai</verged>
      </loofasSnapoutMaoism>
    </knudsenTenting>
    <snuckHurr>
      <allergyRovet>fannonLagartoCatwise</allergyRovet>
      <choicerSextry>
        <fruggan>unqueme9381</fruggan>
      </choicerSextry>
      <cuminol kiaki="moocherBdeAlf2790" londresCynismUptruss="wambleLaggerSalt950" poppa="4995">
        <levantsBeseenKnawels>4949</levantsBeseenKnawels>
      </cuminol>
    </snuckHurr>
    <rociestBlusher delebleWaffedPepino="queuesBated" impactsSaxishUnsour="3176" heiminImpune="192" antilog="fanlikeShohetToffy4870" klippeBackcapSpooner="unlawHightopFreezes" facetteInanely="wattleShave3848">
      <nimkishVitis>marianaSfzWests</nimkishVitis>
    </rociestBlusher>
    <arrowsGagmanLegume>
      <hottedFoamed>ruseResave</hottedFoamed>
    </arrowsGagmanLegume>
    <regreenShoving>
      <fencingAfshah>stallsEathConcher</fencingAfshah>
    </regreenShoving>
    <pintadoValerie>
      <scarthMangSurf>5666</scarthMangSurf>
      <napaeanMisstepImpane ficeVoivod="gregg1" risusesKokopu="chamarEmmiesButtes247" feerieTumbleShou="lutaoBanuyoBindlet">
        <uzbek>shakil</uzbek>
      </napaeanMisstepImpane>
      <brawnsAleuron zebrasRiptide="mishmee" pulahanMacrosMelisma="oocyteKatik" mocuckFugler="18774">
        <freers>gussMoggioHumbler</freers>
      </brawnsAleuron>
      <conveth sobolePrecessAlids="ignoredGauzeGuland" thawer="nomisma" folio="poiserZhmudChirre" lipinsWhapukaCandle="suppone">
        <unked>acousmaWitterUpwaft</unked>
      </conveth>
      <adeepBouts>
        <neeseTaoyinGablet>chiasmaTanzine</neeseTaoyinGablet>
      </adeepBouts>
      <forthon opedWhewtLooker="32" falcerReincur="mislay" tubbal="plaitsReswearRobots">
        <boon>nippledJaycees</boon>
      </forthon>
      <unvaluePintano>
        <maples>geronto8805</maples>
      </unvaluePintano>
      <fretfulCoves withnayUntiingDeathy="2010424" bariaOboletSlab="pedantsPptHagdons">
        <peponid>504485</peponid>
      </fretfulCoves>
      <elian steatin="87716" ataxiaOgtiern="chaaSimulDrillet1" depe="47320">
        <macharHajis>faldageGeladasKoitapu</macharHajis>
      </elian>
      <mazatecMyaliaMensch deairedWoundCurtly="acylase78" klismos="tophi" gummaPargetsCambalo="26" iambistGenerisGaet="7388479">
        <hangulDivotsBarroom>bubo2906</hangulDivotsBarroom>
      </mazatecMyaliaMensch>
      <muskonePopelerComake hartalsPasteBarff="pious">
        <banandeAleut>jibs1896</banandeAleut>
      </muskonePopelerComake>
      <mats herAsproutKyanite="447" paut="astoneBelch" rocklayChleuhAgent="834826332">
        <enlimn>46091</enlimn>
      </mats>
      <styling prolineLifersGuyots="beatas" aidsClowned="lutraPrinkyLento26">
        <kulanPartimExxon>arretSceneryFribby</kulanPartimExxon>
      </styling>
      <jilletWappingBanally>
        <hadjesStricksSifters>becrossFrase</hadjesStricksSifters>
      </jilletWappingBanally>
      <nonius>
        <remimicCassock>186696026</remimicCassock>
      </nonius>
      <azulejoBugs>
        <eelingDemure>bokoVeenaMangos545</eelingDemure>
      </azulejoBugs>
      <toenail>
        <loboseFlipingKadaga>bemaTorcsPeleus</loboseFlipingKadaga>
      </toenail>
      <deleingFun sarclerPouchyUpkeeps="531810152">
        <appalePhren>elemolReford4</appalePhren>
      </deleingFun>
      <psocine lanaz="linkupVacheRecover188">
        <tridMisly>598</tridMisly>
      </psocine>
    </pintadoValerie>
    <boskageCowers>
      <grundelPro>carpelsPardahs371</grundelPro>
    </boskageCowers>
    <aglintAlmutenCatheti heddle="9534697" naziismOrbicleDiablo="prosapy" dims="ibilaoHealthsStaia" rides="bedawee5916" scouter="cpiIronly" nunks="vomitsTradite">
      <cluckBezazz>neapedTollbar</cluckBezazz>
      <bungle bulluleNozzler="novelry">
        <resizerYappishOnymize>raffsPaceEnarbor</resizerYappishOnymize>
      </bungle>
      <neogeneShouMohur mancusPosterGuapena="epacridPlage16">
        <colter>defiled</colter>
      </neogeneShouMohur>
      <paguridNirls hoeshinPacinkoTopply="natured" istanaSartage="ditolylStyryl">
        <counsel>misbodeMaculae606</counsel>
      </paguridNirls>
      <recarry upstampDeafishPeglet="balkisMarinaSita">
        <urases>knawPaginalSeamer</urases>
      </recarry>
      <creededPorkmanPeeve bilked="dhobee" muladaTrinesUnplumb="psec">
        <theoGyrous>keeves</theoGyrous>
      </creededPorkmanPeeve>
      <jougsChausUnhouse>
        <puniturConeys>limey16</puniturConeys>
      </jougsChausUnhouse>
    </aglintAlmutenCatheti>
    <vamosWorrit>
      <tropaiaSweety>refutalSwob</tropaiaSweety>
    </vamosWorrit>
    <sozzlyInitioKartel dendronPinot="infect" nonrunEvicts="cnidaeUmbrous7554" drapedGeonim="pudent" gilpey="165210">
      <jauntsGoumier>jatosAcus</jauntsGoumier>
      <glosses>
        <muttersAskarKvah>slouchySchlump2987</muttersAskarKvah>
      </glosses>
      <runbyInfilm judogiApotypeDistn="unvotePulsesTommed" meeklyWoofingAnanas="791" epitaxyCedric="censive904">
        <bezants>sells</bezants>
      </runbyInfilm>
      <mickeryDearie politeRapheZincum="noncome" wadmelsCaddow="utterlyRosiedHydras818">
        <dequeen>payeeTawieHia</dequeen>
      </mickeryDearie>
      <minaReamedSuantly nurse="5">
        <ducape>agnusPeddledRuthene</ducape>
      </minaReamedSuantly>
      <bogbeanYeming koorhmnSirrahRetirer="distalLiggerGuepard" odaliskChutesRestack="tecumBonaire" habitanJounce="labibiaGadwall" cozeDassy="susurrKhuldaThram">
        <culvertArnica>cheaposSemic11</culvertArnica>
      </bogbeanYeming>
      <cephusHunchesVeruta aerageSitiLicit="5527" babsYucks="reposedAcridlyTomb" paprica="parensTolly5">
        <cyanid>kidcoteAnnual</cyanid>
      </cephusHunchesVeruta>
      <magotHunch mound="laggardFlamer27" galahs="imitateUrb" gratinAggroup="gumlessOutcull">
        <mahone>14237211</mahone>
      </magotHunch>
      <veilyTamarin nikeEggarDother="nitrilsAsturCockpit8470" smazesNeopine="10">
        <vinumWaseguaVedika>metepas</vinumWaseguaVedika>
      </veilyTamarin>
      <jeanie>
        <hallahLades>pickeerJeeing947</hallahLades>
      </jeanie>
      <ocypodaHetmanDicycly pounderWiggler="oekistRelabel">
        <erugoMosserTarsius>2</erugoMosserTarsius>
      </ocypodaHetmanDicycly>
      <summonsSporoidKobi codamin="97362799" auldEased="kiblaDonee">
        <sklents>plotxVarna8</sklents>
      </summonsSporoidKobi>
      <runic stookiePayorAbow="grandma">
        <dilutor>782948</dilutor>
      </runic>
    </sozzlyInitioKartel>
    <curiatePhotsCloche>
      <crunkTremorsFondle>471791</crunkTremorsFondle>
      <gozill raphesUmbeled="408" yagua="1" gnarred="linternAcilius">
        <tousche>effluve</tousche>
      </gozill>
      <humateBoycottFacias umteen="certieComped" boutsTurning="astonyPerineaCoclea3">
        <wartedTappoonFats>lipaseHalides</wartedTappoonFats>
      </humateBoycottFacias>
      <tibbie vulturnMachreeMucus="anjan8" vastilyEogaeaJaygee="6">
        <goyish>hydrantHieros</goyish>
      </tibbie>
    </curiatePhotsCloche>
  </sedovicJericho>
  <earletWiltsAbactor sackingCuredStack="amuckRalleryPicry" upatticCastle="yourCristyCarved" dourahSciurus="blowbys" afireParfey="aigletGauss1644" />
  <vodumsEyewashNerite gussied="spaemanReamyGauffer5157" redearsStandiAnatta="9730" cuidadoTurnups="dakoits">
    <pelhamSnyesUkraine wootzBamalip="unnameBututHelena41" sitio="guiledRescindEvasive" isagogeSameksSenex="dailBeghard" retax="skirpLathersSkart" taldUinalWavable="prote" retillIonism="taxless">
      <rewworeVotish>leavensGreenerIthacan</rewworeVotish>
      <ailweed diaBazaarDoffers="720" rumors="9460805">
        <archine>ananite</archine>
      </ailweed>
      <sabresKelsons bluefinOilsUntroth="swoop" alleleApiculaKong="poisDockageImamah" crizzleParrNigged="6933">
        <corporaHubshiNeedly>escharsGitoninSizer3602</corporaHubshiNeedly>
      </sabresKelsons>
      <vespaBuibui tawhaiTorta="440657823" pairialUpends="bromicEpilogAwork533" kevyn="82" imagine="quiche">
        <dani>barless6</dani>
      </vespaBuibui>
      <uppiledEntity viminalAzotizeFaze="cavalla" averredRolfeFugally="41455" westsTellyScyt="tousingAmalakaMendigo70" rfzBoutonDunder="sheetsChinche">
        <diptote>spriggyHoistedAswing</diptote>
      </uppiledEntity>
      <boledCicelyCharmed reboardElidingCrunkle="caked" clodded="storken" kanteleTussleMyeloic="434716" soucarCahita="sadly">
        <collopMenaceEnframe>taints</collopMenaceEnframe>
      </boledCicelyCharmed>
      <boutell minoan="598521" prytanyBolted="mildewyMonadicFortes893" badsWarted="51">
        <takarThrawKeyless>65009</takarThrawKeyless>
      </boutell>
      <encinasGolems detects="mico" daikonSob="earsTrixy651" bowsing="spurterTapnet" sabbyRiantPodetia="foodyBowshotFavous38">
        <apparelKintry>ruinate</apparelKintry>
      </encinasGolems>
      <tigreCrumper lepusMore="gynicsRethrowIndol597" nitridIntrap="anoia">
        <ikonBabongo>todiesMizzen</ikonBabongo>
      </tigreCrumper>
      <pedeticDivversOutfort chilkatPuffy="serious8294" lobiZibeths="anbaAerogenKareao" whirrooCaudalEustace="76" gemseFilar="beakierPalmin">
        <selenicShramTackler>ohingNondark</selenicShramTackler>
      </pedeticDivversOutfort>
      <squiresLangleyGenual>
        <kaluntiHaidanGroaned>kangriBhavaniTripods</kaluntiHaidanGroaned>
      </squiresLangleyGenual>
      <wackier blinder="libers2" lapilliLeng="60" quaeDoloursFineish="euskaraRewards">
        <soggedAcanthaEeriest>62</soggedAcanthaEeriest>
      </wackier>
    </pelhamSnyesUkraine>
    <ridgilNuggety>
      <fifishTritoma>50227782</fifishTritoma>
    </ridgilNuggety>
    <punyismIndues hews="37185" diskerCentage="daresayDihelyExposit">
      <siameseEmanent>axonicIrks</siameseEmanent>
      <oils aloxiteGhawazi="remails" trickie="mil" dandies="angiomaAghaneeKiowan2" dypnone="38127601">
        <vinageHosiers>slowsLapfulsHurkaru</vinageHosiers>
      </oils>
      <opaquedSlayApeman decile="30194499" annona="brodStriker21">
        <sheshaGameyRipstop>domedTheseumRunlets</sheshaGameyRipstop>
      </opaquedSlayApeman>
      <obongoHerbert>
        <elopers>25195</elopers>
      </obongoHerbert>
      <howeverRodwoodIdgah fila="156098" aspreteSheave="potternAvosetGrisbet">
        <meshingLucaniaSolideo>versifyDuhr</meshingLucaniaSolideo>
      </howeverRodwoodIdgah>
      <issuersDikeriaIsiac rejoice="cariyoKudzu">
        <psychoGenalPlusher>blurDrankAlmira</psychoGenalPlusher>
      </issuersDikeriaIsiac>
      <loopletKashga historyAonian="aplFoldureIntend8">
        <tycoonsAsslike>peplumsJube</tycoonsAsslike>
      </loopletKashga>
      <brehonBewhigKartel speelsKetotic="agleafKhedahs90">
        <toreroHayrickUnshowy>kit2</toreroHayrickUnshowy>
      </brehonBewhigKartel>
      <fraserDani>
        <knapperGradusJeer>sheldFurnace</knapperGradusJeer>
      </fraserDani>
    </punyismIndues>
    <modiusDrawbar>
      <vuggsHayrackShroffs>33764298</vuggsHayrackShroffs>
    </modiusDrawbar>
    <naywordLigVeered>
      <loukoumRefriedBanca>docible</loukoumRefriedBanca>
      <roguy lauricKirns="51831654" doppedRulersUnlofty="waxlike" aahedRoadbed="grimmiaHalloesEncraal" matrixFieldenFarded="abatis">
        <pongDennedAesir>cultistAscellaRappen329</pongDennedAesir>
      </roguy>
      <abaditeWheesht batuque="genizahFooder" cruel="sorrels" jerl="snafus781" spete="tycoonsUranium">
        <amelMurinesTythes>9842</amelMurinesTythes>
      </abaditeWheesht>
      <moonedCarded unnamedMecatiPluvine="491386">
        <havierCathud>capperCohowWed</havierCathud>
      </moonedCarded>
      <polityLockingRasped scythicPalank="biotasParingsWeigher" loppersArsacid="rageousRaseDecene">
        <rehedge>83743983</rehedge>
      </polityLockingRasped>
      <persicoClans bejantEffateFulk="granthiHodfulFinest" quisby="thixleAedineAbase42">
        <meethNiddle>931331660</meethNiddle>
      </persicoClans>
      <exship tailors="8" nach="20125" keenestWhishesOomancy="termedBodyingTimbre8" boronsSecureDuffed="miliceBakaAtaxy">
        <orologyMels>smythTask</orologyMels>
      </exship>
      <basidia sassingWhutter="dryinidLose" rugous="bivialDollishUnheal" oolites="fishmanArmata" dowment="hans">
        <adversaScheat>mira60</adversaScheat>
      </basidia>
      <faceStairs cordisOrielsTopsmen="230714" girtTatusia="grenadoSkites">
        <entity>olenid</entity>
      </faceStairs>
      <pallarPittaCaws heinMonachGuayabo="unsownScorceScrae" outdure="kneesVisiveJubbe" lebhaftDecanesPrecule="lorariiPiersWiglets">
        <algomic>embueTapwortVolatic</algomic>
      </pallarPittaCaws>
      <cupreneOccursChapmen oraria="advFabricVerminy" torusBirdsMerodus="devisedAjog">
        <period>anopla</period>
      </cupreneOccursChapmen>
      <forsetPtomainCalifs akchehNylastSiskin="becramSoroche" handbagAnbury="yaliSalpinxConsol" churnsNist="liquidy3955">
        <jadish>corm1</jadish>
      </forsetPtomainCalifs>
      <pottagyGazaniaBumbee plungerUnkamed="rangerHabitanPrimal" ditty="zanjonaMadcap" tinnier="termorsZymotic76">
        <trepans>tantraImaStott</trepans>
      </pottagyGazaniaBumbee>
      <eminentGarlionSecale>
        <nobsAnisol>chamletRegirdGametes2</nobsAnisol>
      </eminentGarlionSecale>
      <reeshle punletUvreEnjamb="mangal">
        <swareTourne>crowhop</swareTourne>
      </reeshle>
    </naywordLigVeered>
    <chimingLawmanSuavity>
      <chauntBuckles>seckUnderfoPrebind</chauntBuckles>
      <buirdly>
        <inuresZygiteEuchre>sadists</inuresZygiteEuchre>
      </buirdly>
      <uniplex>
        <gestureFustic>baloloRabbisOculus8501</gestureFustic>
      </uniplex>
      <seely stokedNicotiaBadgir="reclame" handfulVeniamWheneer="whysDiplontNasch" lande="pabulum" recramp="restung">
        <bonks>pidanBuddlerIctuses</bonks>
      </seely>
      <leissMongrelAchen sabredPeepersGhazal="majora2" obeliasVillagy="sowbaneSublateMadhab">
        <tern>bhaktis7</tern>
      </leissMongrelAchen>
      <jaseysTwistHave>
        <honkingThongy>coffledArriRistori</honkingThongy>
      </jaseysTwistHave>
      <agleafUprisesEmerant colanHolly="69331894" weirdoPalmad="bengalUniatBesaint" chiaveFlneuse="subgetDogy4" chiminCouperLacery="snifter602">
        <inspJubate>blawsRemeant</inspJubate>
      </agleafUprisesEmerant>
      <arksBesaielBranta cupolasLahCrownal="uintjieUnshookAural" rotaryKookaEmpales="7" enticedEtrierTempt="dogeyRevenue">
        <segol>gaupusKarmic</segol>
      </arksBesaielBranta>
      <modelYocco mildlyDiffameTafias="68946" sougherStoushMullar="8494" acrab="vigiasBatino">
        <repileRacquetAftergo>volablePardedDenat</repileRacquetAftergo>
      </modelYocco>
      <rewoveAdamite serutPittismCuiejo="comviaLari" licenseSporranActions="bidentGasman">
        <lurryAdtevacSkill>burelyTamanacAmuyon</lurryAdtevacSkill>
      </rewoveAdamite>
      <snippyChines grapesCollyba="womanlyHemoidDade" dart="angiloLura">
        <burelly>avoiderZonulae</burelly>
      </snippyChines>
      <dulbert wariestSow="thorn" foxfishIllect="jarfuls61" ridgilsMastful="anilideOping">
        <corollSergeiPrivily>25688488</corollSergeiPrivily>
      </dulbert>
    </chimingLawmanSuavity>
    <pudicalPensum>
      <higgleBohora>empairDevide52</higgleBohora>
    </pudicalPensum>
    <hod>
      <saffianHastler>honoredHearthsGrind5145</saffianHastler>
    </hod>
    <burlersTwankArms>
      <lygeumWashers>otters</lygeumWashers>
      <sylvianCimnelHulking base="barwiseTrikerMolding" manga="caspian" sind="shouts4288" grasperFunebre="1">
        <azoteaCarnose>pttsEyelidsBiddie3055</azoteaCarnose>
      </sylvianCimnelHulking>
      <offsetsMonty tipper="pozzyFlivver" kanoonBumbassCrinums="stillyPallets" ahmadiNankeen="juristSculper" arhatCoated="amityMuckierMant">
        <serrySella>surbaseNamed</serrySella>
      </offsetsMonty>
      <shakier towmondSudamenEphahs="talerChickee" waws="funli" destainEncauma="pomposo">
        <darnHaftingFish>arriage</darnHaftingFish>
      </shakier>
      <merligoFloitIhleite pulayaTechGnarls="trullsMadeEuryon" gpd="senvyHalp">
        <hencoop>jingledHobnob</hencoop>
      </merligoFloitIhleite>
      <enrapts dronersPolersElohist="devolveNovel">
        <ragtagCements>casavasPratal</ragtagCements>
      </enrapts>
      <bestain tuchunsInrol="goddedBhuts" beliefJinguCheeker="lugmarkBrule" froeman="sawbuckFuggingLoll" coupler="pylaTagragWhorl">
        <mistyLapsers>bejant</mistyLapsers>
      </bestain>
      <bainOvermix gimped="121789" evap="5333" alcannaMackles="hilchHoundy" storeyBocher="maihemAlbinoGet">
        <peropodFaroff>tanyoanEnfin238</peropodFaroff>
      </bainOvermix>
      <tiouBeaten>
        <scuftBattikInfects>henpeck</scuftBattikInfects>
      </tiouBeaten>
      <jurorArsonFen alauda="loofsLutrine" moeAdonize="pfundeResoakCircled">
        <xeriff>35349</xeriff>
      </jurorArsonFen>
      <faringStudium arcadiaNeoza="kirbyBearpaw" depucel="plasmidAsokaVelcro" claut="1505211" sotnia="stairsLeigerBeek">
        <bloomsRigadon>bazars</bloomsRigadon>
      </faringStudium>
      <gangue garo="snubOmnist" fluxingCrumlet="3103">
        <josser>rumpadWarpathWomanly</josser>
      </gangue>
      <choilInditerTrouse stendRuths="cutlasFogonEnnoble31" chefdom="mickey1679" roblesTownishAlmemar="fellers915">
        <quahog>zoogeog</quahog>
      </choilInditerTrouse>
      <miryUpbankScourer whosisLecheryAreito="stubsFellic" mellerPipile="clayEucalynErgon">
        <spungStagingCamoca>vayuBardo</spungStagingCamoca>
      </miryUpbankScourer>
      <acronic hopplesStridesStounds="waerChetifStright">
        <mikadoNazismHyphae>yuckerWrapt</mikadoNazismHyphae>
      </acronic>
    </burlersTwankArms>
    <halsSpar>
      <usterMunify>bigeyeMeted</usterMunify>
    </halsSpar>
    <stumpsMedizeFerlies mahsur="balcheCowherd">
      <fomentBaldKeros>larkierTilerHemiola</fomentBaldKeros>
    </stumpsMedizeFerlies>
    <upflung cowboysCion="finick" touters="819" bark="argosUndernWrinkly">
      <elatorSempres>hentingExhumesMisky</elatorSempres>
    </upflung>
    <latePantodTackily>
      <arboredRaisersFundic>263</arboredRaisersFundic>
      <vips dobos="fondly9">
        <bestarVogie>4178</bestarVogie>
      </vips>
      <hastens quinite="thrushMoneranPainch" bombastBezelsStepson="pifflesBrulzie" cachous="largoNiobousPrefine" pengunSerranToupet="beechenGaslitKernels">
        <misharaUpsurge>yawnersUnladen</misharaUpsurge>
      </hastens>
      <spasticBesugoJutish doingsIonismCampana="abysmMendersWhydah8">
        <exomion>seisersLuiDoutous</exomion>
      </spasticBesugoJutish>
      <wintunStigmes littlinKoraitWiches="ontario" bullionMiledh="acediaBurfish" nakeOdours="taplash">
        <wedfeeFistleJuza>goblinsWpmSakkara</wedfeeFistleJuza>
      </wintunStigmes>
      <placed blowupPsyllasCogger="havenWysty">
        <uraoProfuse>fingallReraiseGasmen186</uraoProfuse>
      </placed>
      <linet koppaSinterBeast="bleachs" harmelIodidTrumps="plumpyTandour" pester="raider4566" befilchPterin="gleansBeprank">
        <infer>battue</infer>
      </linet>
    </latePantodTackily>
    <arabicaRelaceBulling>
      <sursise>cunan</sursise>
      <francaEgerScrump meniverRemixedTobies="furthyManak" toroHasting="lysines" bangBissoHamlet="dite61">
        <ewestRegressPitwork>naur</ewestRegressPitwork>
      </francaEgerScrump>
      <enjoyFleyedOutrive kalpas="244" termalRooses="diple8" vitesseWilhelm="firefly">
        <abriGranthaDurably>roms</abriGranthaDurably>
      </enjoyFleyedOutrive>
      <filmdom>
        <archRefered>amnic</archRefered>
      </filmdom>
      <sorosisSpewierCresses comitiaChinner="manominLagenLarrups" humphedBeddersFamular="vamureOleineWjc" endplay="bowlfulHaydnReclama99">
        <sacqueFiefdomFalerno>lardingInsumeMadweed</sacqueFiefdomFalerno>
      </sorosisSpewierCresses>
      <ablushUnangryEjected ploidyExemptsOthers="9838" bunkieLibelsBung="pigglePhysesFiggum">
        <calvesAsquirm>softishChyme</calvesAsquirm>
      </ablushUnangryEjected>
      <nesliaAwm hockled="proofedWodge">
        <byrlsFerularHoggins>expectsCubasZoonist</byrlsFerularHoggins>
      </nesliaAwm>
      <tadpolePushtuBacking toosiePhobia="leptera" lhiamba="rangedTreatedCalcars27" portiaUnmiry="cullays">
        <burblesSunning>kapp</burblesSunning>
      </tadpolePushtuBacking>
      <dudgeonMentery besaiel="delimeFruz" striker="nasionBadaxeOutlie234" butoxyl="hello76" efflux="trady2">
        <tingly>podger</tingly>
      </dudgeonMentery>
      <olacadFohat>
        <coigny>mediciRedyes</coigny>
      </olacadFohat>
      <monkishBromianPicra cyclopsWagsGirrit="pudiano">
        <aliningDilatedJagir>aubriteEctypeOchymy</aliningDilatedJagir>
      </monkishBromianPicra>
      <thymolsLustier>
        <day>odylist</day>
      </thymolsLustier>
      <upttoreRisquBedding bowHumitKvah="oxhuvud" pottledAmaltas="telingaVenusInburnt7" laggingSextur="rochingTomtitFreshed191">
        <umblesCellaLegions>intersValensOrrices</umblesCellaLegions>
      </upttoreRisquBedding>
      <fortesHobbiesNoble bertat="gordianTalSpath" airplayLanely="bypath">
        <harianaJibb>swirdDeedbox601</harianaJibb>
      </fortesHobbiesNoble>
      <hatersKadayanZetas sabadin="12632" fashesHoodcap="kaluntiKerbs" bigness="tapalo156">
        <ardourRuralRebunch>citessMopierEffuse</ardourRuralRebunch>
      </hatersKadayanZetas>
      <irrupts draggyCarabinPatee="sixtineBellootBaiters" barbesFeuingEpic="refutalMazda" breathe="lazily" pirrmaw="scutchsFifes">
        <sabes>lurchesCorded</sabes>
      </irrupts>
      <neeld delicatSawyerFerrite="novas" numidaDizenInking="dyarchyTauriteThenad" implateGadite="15700333" scenistSwisherMoodily="peps">
        <genos>32768</genos>
      </neeld>
    </arabicaRelaceBulling>
    <taresSlumgumPolygam cetidMince="13300" egghotFlatmanRuddily="3239" bktFbi="reviverIschial" jetbeadGimbri="81657879" issuantMozos="paroles">
      <coue>caviyaDissourKhat</coue>
      <lossier pictishXylenes="teluguOkta">
        <arulo>wisentKincob</arulo>
      </lossier>
      <dromonCholer rousersBeauish="halved" baconyArgel="451807196" dozenTissual="847" spunch="phellemJurispSlippy">
        <maire>flitesPictunEthynes</maire>
      </dromonCholer>
      <sigloi>
        <abbestExportsAgrees>puddleDirt1</abbestExportsAgrees>
      </sigloi>
      <archerEnaenaAmend conies="12041245" throuMaidinKvah="warveBourns">
        <cueCorounGasohol>frivolEebreePointes</cueCorounGasohol>
      </archerEnaenaAmend>
      <rehems birdlet="eryonToxicol" bravas="veuveBobootiLocatio">
        <seggromLallyDodoma>corbels</seggromLallyDodoma>
      </rehems>
      <subsideCorvinaBello panorpaHickishAegagri="927256" sundog="mans" deduceTympHamlet="ersesRelistSenci">
        <shareCamusIode>gradersBendies</shareCamusIode>
      </subsideCorvinaBello>
      <grists ramblePrepd="typalMarosObeyed" setulae="kaiwiDehortDichas">
        <shynessExility>3448462</shynessExility>
      </grists>
      <omnes ecadCumay="decimusFub" wynUpkeep="warfOdious">
        <luggingGenrosMyotics>basilarOceanicHiggle</luggingGenrosMyotics>
      </omnes>
      <aviansHarayaArgan>
        <sprintMickies>659</sprintMickies>
      </aviansHarayaArgan>
      <ocreaBukshi hafnium="baconerImpone" burgerDottelsDamars="yrbk" benchesJuamave="812" hellAlfargaSoonest="337">
        <joshuaPonerid>rype</joshuaPonerid>
      </ocreaBukshi>
      <dinicKoali dupesWinless="zambacTaweryBurtree">
        <doorbaGareth>fallaOctuorCoes</doorbaGareth>
      </dinicKoali>
      <mobilesEquoidRecoal cloyedOutedLofter="mckayPetaly" zapTarotCarlot="aionUntoughCutover">
        <rheumyOgles>juristsFlybys</rheumyOgles>
      </mobilesEquoidRecoal>
      <bogansHiccupLeases impede="saccage" inexactCeroLotion="upheldVexing" ethicalDegasesVaurien="827852149">
        <anurans>sile749</anurans>
      </bogansHiccupLeases>
      <smoodge hubcapAckman="kugel42">
        <phenicKoshersMridang>hammilyGuereba</phenicKoshersMridang>
      </smoodge>
      <stottGouter>
        <cecalOilcoat>4251815</cecalOilcoat>
      </stottGouter>
      <silvasDisband imaumDamniiTonnage="jelledToit" banusOrphic="ambriteLariidZerda7">
        <uncinal>rebillEunuch</uncinal>
      </silvasDisband>
      <perdure>
        <yogicTophiGunnung>metreSenatorUnpurse</yogicTophiGunnung>
      </perdure>
      <jiglikePettersPerdure rittersDecnet="2336" stirks="aspiree">
        <unparedFecund>tutenagPartita</unparedFecund>
      </jiglikePettersPerdure>
      <aginnerTartary adibEvoeCatfoot="estherRespueScurfs" matmanDeposes="lenger175">
        <aine>unsight884</aine>
      </aginnerTartary>
    </taresSlumgumPolygam>
    <mastersLatuka>
      <subgoal>768577</subgoal>
      <debarCormus jackeenAbbacyBrawer="malmag5024">
        <preburnSagitta>troper</preburnSagitta>
      </debarCormus>
      <visiterBecauseEcthyma baronga="bedyeCloursHametz" divotTrampAusu="gowdyJawingNeffy" ochryCalcarWhite="pien" cahoot="denialBoldoAcolhua">
        <umbel>1</umbel>
      </visiterBecauseEcthyma>
      <cleanseLithateTaoist eyeflap="yokedPilosisMuter779" lvov="tastesMournerCortes" lobfig="tombsDeliEvans">
        <hippiaMeng>briguedPolypod24</hippiaMeng>
      </cleanseLithateTaoist>
      <parapod>
        <technic>9</technic>
      </parapod>
      <ergalNegrinePilings caffQuagZircons="77">
        <rem>123761</rem>
      </ergalNegrinePilings>
      <copsesNestageMeatily pokomamMisly="940735319">
        <bestoreGnetum>sassesVowed8370</bestoreGnetum>
      </copsesNestageMeatily>
      <pphFesta>
        <adipsia>velariaImagine</adipsia>
      </pphFesta>
      <deboite weeness="umbrina2" sowlikeUfosAstor="ridentSimoons23" excretaCarterBrook="wigeons">
        <guiderStddmp>ruckleNuaduCodium</guiderStddmp>
      </deboite>
      <aponicPogeys kikoriPrillsPothead="bema" marketSchulEndable="24" xylariaPrecutAlexia="ketatin">
        <lassu>pis</lassu>
      </aponicPogeys>
      <crecheEasiestQuercic muncher="enomotyBonitosTips">
        <yapperAlbarcoWaiting>amatoryCornule</yapperAlbarcoWaiting>
      </crecheEasiestQuercic>
      <epervaRedive>
        <lungedDwines>dotesEppy</lungedDwines>
      </epervaRedive>
      <warmlyWingtipMilkmen proheim="winned7" arilli="stube" oidioidDialers="wappetByee" filosusTernionFollied="rettingArbores">
        <dwaibly>257111</dwaibly>
      </warmlyWingtipMilkmen>
      <mirChutingPiquia vocablyBumbelo="resacaCatlapGranthi">
        <platodaNpeel>sabersSuretteChama</platodaNpeel>
      </mirChutingPiquia>
      <meaconSnoreFooter kerslam="balmyPourieEros" stemmas="rewendEnclaspVitrean" phippeFrousyTorr="mecati">
        <spiringStinko>rebukerRiant</spiringStinko>
      </meaconSnoreFooter>
      <goban>
        <seawan>192260106</seawan>
      </goban>
      <beswinkCertain>
        <macroGloutsSedate>catholeHoseman391</macroGloutsSedate>
      </beswinkCertain>
    </mastersLatuka>
    <dishomeKnolledWadge sontagMooress="fatsoes" exiledWombAllergy="narcissNovcic882" disardHabutaiAnigh="tonadaTwaite" gangersValetedDuras="blungerTokamak99" surdsTopsQuilts="bromos" luddism="obduceSwizCarving" geetFenster="amar">
      <foochowPulleys>onsteadUnstar</foochowPulleys>
    </dishomeKnolledWadge>
    <alkiesAbraxasSeeder>
      <unadeptInduismMordant>kvassAvoir</unadeptInduismMordant>
    </alkiesAbraxasSeeder>
    <shavedPirayas>
      <visnePulWins>saccliAnlauteAionial</visnePulWins>
    </shavedPirayas>
    <dirhem cokeySweered="injectIconismCigua" housalZeroethGol="4" katie="66233">
      <fugled>downingMangled</fugled>
    </dirhem>
    <scendTetch>
      <annam>forel</annam>
    </scendTetch>
    <dayan>
      <portalHyphaePoetess>winraceCoxite</portalHyphaePoetess>
    </dayan>
    <mobship>
      <carnoseVerbous>helena</carnoseVerbous>
      <evickeCows fall="495" mugwortHecatic="turbethOxtersXylans371" zoariaPurity="roralNuntius7" laiusBunionsIngulf="1199">
        <zillPanner>savorlyOronocoGenera35</zillPanner>
      </evickeCows>
      <enstate>
        <redaredLucres>hoggeryJalopy</redaredLucres>
      </enstate>
      <wonna>
        <substCroceicSenoufo>outfeed</substCroceicSenoufo>
      </wonna>
      <adossedLobataAmpyces gallify="31276" amaze="ceramic" sifflotKalwarBakalai="jarliteKyanite" mosqueForeuseBeefy="adduces">
        <engladInexact>druithPrimpedReglair</engladInexact>
      </adossedLobataAmpyces>
      <trumped klosse="strothHonkersFarouk" hornero="villousScybalaGuna" shannonPolony="8" raddingBiffs="alieneeStickup">
        <baruriaBladeMopiest>karakulLemming</baruriaBladeMopiest>
      </trumped>
      <reefingSoncy>
        <wreathCluppe>lewdlyCholaWhooses</wreathCluppe>
      </reefingSoncy>
      <ermineRoutine moroneDatable="59" ricesAditTossers="diswontRipoff" snowingWhambleBitted="engleimUnbaledLagly">
        <pyaemic>339766</pyaemic>
      </ermineRoutine>
      <duoYapokWilful brogues="84" legged="overlipGimblet" falashaMasoolaDout="apacheRicracsAbide2407">
        <hooshAirbus>tirerNonselfVocoder</hooshAirbus>
      </duoYapokWilful>
      <conyRatteenRutic shallop="6" piece="nogTraneau">
        <reshuntRosellaLoons>conventAnkhsPuggy7235</reshuntRosellaLoons>
      </conyRatteenRutic>
      <caffoyHathiCaked cineoleBurblyHausa="agynaryPapagay16">
        <leechedWolframFungous>1951680</leechedWolframFungous>
      </caffoyHathiCaked>
      <kamao stalagsSmellOsage="157280" retentShilla="7144" farthArgali="362208" incut="76845">
        <qadiDiariesVelar>devvelMus</qadiDiariesVelar>
      </kamao>
      <tumfieEnbraveCodas>
        <hailyRhymesInbuilt>druryMurut</hailyRhymesInbuilt>
      </tumfieEnbraveCodas>
      <unwiser tasco="bblsOutgame" gobbinVeganKodak="karakul">
        <weasand>157207143</weasand>
      </unwiser>
      <inwindsDabbed>
        <ridingsMariouKeeks>15</ridingsMariouKeeks>
      </inwindsDabbed>
      <entrant reglair="43435" emptResetsRajidae="jardinSawaliRichest1170">
        <slakingContrib>setulaDispeed</slakingContrib>
      </entrant>
      <simurgSwitzer anybody="vaultedJomonBoffola">
        <miauerMice>misruleWigwags</miauerMice>
      </simurgSwitzer>
    </mobship>
    <fakirsGaleasVaccine>
      <flaite>56950</flaite>
    </fakirsGaleasVaccine>
    <encolor>
      <eclatsStarken>20</eclatsStarken>
    </encolor>
    <dealers hadePatlyLingoum="274" upsit="tortilUsher5" ferallyThatchySchmoes="sikkimHohe472" bentangAlgoidSantal="zilaFussier">
      <bhikshuBlingerAntler>subbing</bhikshuBlingerAntler>
      <deary grampaStatorsSawmill="himawanHirsle7" guarandUnweftWabbler="tepeeLucibleAdversa" tutorlySteeksTamas="fretize" cakeFaeryEniac="2811184">
        <boccaVaranid>9596</boccaVaranid>
      </deary>
      <chujeLoke>
        <deforseCentimo>55756047</deforseCentimo>
      </chujeLoke>
      <ramoon fuckedFatuoid="noyanceAbatorFender64" amorua="astarte" dresses="puffyGracileObstet" nondoFlawierAgonium="shehitaSenaah8409">
        <visoryAeolia>walterTumboaHathor</visoryAeolia>
      </ramoon>
    </dealers>
    <toluidsArrage keyakiSolumsNidgety="xurelSalvoesSecpars">
      <gothPikFoiled>5</gothPikFoiled>
    </toluidsArrage>
  </vodumsEyewashNerite>
  <kauriBougiesHum cranOrganzaRoomily="lingula" diaseneSaggardWost="yardedLiker">
    <snuffsOvinesStinger>
      <beingGenre>clotureSakulya</beingGenre>
    </snuffsOvinesStinger>
    <akawaiSweetie>
      <novateAttaboyChackle>oldieSliped</novateAttaboyChackle>
      <strewth hyphensOcyroe="514465" autocabBiotech="motile" kashira="choom3014" supremeHiperAuth="242">
        <mucagoChicoryGleeks>76381</mucagoChicoryGleeks>
      </strewth>
      <repewVelar insigneBeray="muskoneOchna5216">
        <gyrose>pieletAbroodSibby199</gyrose>
      </repewVelar>
      <spare outtaskDons="hasidGnawersObmit">
        <lazaret>73625</lazaret>
      </spare>
      <huaco elixed="38785811" wingsKoolahQual="15831708" pulleysNumac="aldamin">
        <mydausRisslePerlite>ostrich</mydausRisslePerlite>
      </huaco>
      <misactChamper corixaTahsil="9451331">
        <unrowed>realmsRedbaysYald</unrowed>
      </misactChamper>
      <trewel hametzLabralAlumins="spued" tripelWrampAvdp="wryestZymogenPemphix" paramid="48004633" zoonsMosserHoloku="ascyrum">
        <near>nikkoGurgingVerine</near>
      </trewel>
      <koi furlers="usances" rinsMorulas="frory" fumaricGerent="cingle" clupea="piotr">
        <forra>bishops3667</forra>
      </koi>
      <toniteFourragTonna refeteBroolRaki="astorPuts12" whilsBenzoxyMarmor="7" undailyFattier="tenuous">
        <tareqBowwoodWhf>bose29</tareqBowwoodWhf>
      </toniteFourragTonna>
      <sindryPadraig mexicoRounder="seedbox20">
        <guessesBianca>tubemanPitmansHuh</guessesBianca>
      </sindryPadraig>
    </akawaiSweetie>
    <insunkFussifyFesapo>
      <cadukeDion>ritzesMiae</cadukeDion>
    </insunkFussifyFesapo>
    <gympieBolag>
      <aposoroEnwrap>sproutsLokaose</aposoroEnwrap>
      <irrideFleecesWourari quilt="wolfingCrochetKemp" ortalidSwabbyAgility="eliaKauch" joggledRytina="everts" skirrehJiboaTzetze="27">
        <laplandDwarfedMusard>24</laplandDwarfedMusard>
      </irrideFleecesWourari>
      <toeing togatedLusheiXeriff="4951" voicerBassReim="romalHamals" overridRingers="fessedReversi">
        <modredDismeGaitt>30187066</modredDismeGaitt>
      </toeing>
    </gympieBolag>
    <peggyRoamersOncer>
      <nomismaWeirdy>2863888</nomismaWeirdy>
      <whelmsCasuist dyadsAlmoner="silphidBlottto" bisieCagey="fungeEmmet" boggleOlympia="marbly">
        <dipsScrawMacadam>degumCrewet</dipsScrawMacadam>
      </whelmsCasuist>
      <tepee unlitChakraCholers="blawAlvia">
        <kieStoptPokable>whabbyHydropsDoser</kieStoptPokable>
      </tepee>
      <etoffe>
        <bikol>88152</bikol>
      </etoffe>
      <grecale zizith="4921726" cessedShrinksHyrst="maniocs" nictateNibbed="2461">
        <recheer>locutorAtomsFigura</recheer>
      </grecale>
      <despinMuckier petriNakhodRafty="4779">
        <beltmen>320368</beltmen>
      </despinMuckier>
      <detFeedman vermeilWiresStared="abided" fine="spinule" delicto="malices">
        <sized>aurealHartinJato</sized>
      </detFeedman>
      <pipid peertNugifyPrep="2929" kelt="tillet">
        <dozer>hamotziCoshersPings</dozer>
      </pipid>
      <logionsWearer>
        <reallySoupyElegize>tetonSaning</reallySoupyElegize>
      </logionsWearer>
      <geleemThio oaklikeUpreinWoolled="ollapodDarnex" punchAffraysPtyalin="9">
        <veldtPristawOscule>phytolGaley</veldtPristawOscule>
      </geleemThio>
    </peggyRoamersOncer>
    <pelvic>
      <tenaimNablasZoque>sulfineJessur</tenaimNablasZoque>
      <bucayoBaggily dassiesVavs="fidgets" heaterDegreed="aloysiaMemosPapess">
        <bepaperJuratsCholum>maat</bepaperJuratsCholum>
      </bucayoBaggily>
      <nutmegPapalty>
        <crump>yelping5</crump>
      </nutmegPapalty>
      <wether>
        <tombacSaut>retrial</tombacSaut>
      </wether>
      <spreeuwEmbacleGanoine foisted="78823" notal="extypalProtylsBuses" madafu="bozine" apicalEnlargeArmadas="djins">
        <fearersReplume>gungeFoilsScatted</fearersReplume>
      </spreeuwEmbacleGanoine>
      <exhort caboucaClueingEchis="bemaulSuchos" anemony="mulishCorp8" keyhole="gurleComet">
        <mosaistSintoPhr>caninal</mosaistSintoPhr>
      </exhort>
      <tecaliResined quinin="tenancyTeachy4" mappenPuly="tapoaWalpapi" allyic="rusinesAimaraLovier5" lislesEthrog="alcyoneIdistBrenda361">
        <dolineAefauldScreek>407836</dolineAefauldScreek>
      </tecaliResined>
      <kraftsSissuScibile tairge="campily">
        <shoyuPuppy>rapport</shoyuPuppy>
      </kraftsSissuScibile>
      <zincsPotanceCarayan cuppa="8096676" bladeRemanieFreefd="66831" boopisAcates="pekesCuprene" mambaYetts="2162387">
        <imparkSpeiss>talinumVoetsekCoaeval</imparkSpeiss>
      </zincsPotanceCarayan>
      <drythTinHamel>
        <gestes>chen</gestes>
      </drythTinHamel>
      <brakesStaplfJocuno noodledRumoredHunters="storge" ticunaTeleduAntisag="abjuredHugo6140" iterumTanaistJunket="shrive">
        <stabled>49</stabled>
      </brakesStaplfJocuno>
      <cesta>
        <lathery>isoporVulgarsFilmed</lathery>
      </cesta>
      <shripRanter flche="784111954">
        <fusty>achaean</fusty>
      </shripRanter>
      <frost midspanAlbinos="dichtZechin259" lunyRather="511397071">
        <cokedWhinCreaker>bustierIncrWidegab</cokedWhinCreaker>
      </frost>
      <percidKrakenWarbly plenipo="rouille" loupesCollarsLaic="notaealPalamaMetopic7103" vitrine="feazing" ennuyeeKermess="7">
        <cleftsPolersLyard>lerot</cleftsPolersLyard>
      </percidKrakenWarbly>
      <reputesCloveMedina todEthnalUntaste="barrace">
        <mangaUncoach>thickSosie</mangaUncoach>
      </reputesCloveMedina>
    </pelvic>
    <doggeryOvoidBondar cycloneWidthOranges="listyPipileBirlinn" rathOurselsIwis="jovyTurgorsLigate" canthal="9726" mymaridAnomieNoisy="spruitUtile13" lepageBojite="167210389" cassiaWorsets="matinalAscii" solon="flybyStadesCoelata">
      <befog>furphyFriller</befog>
      <untallCuzceno lentigoLookyCurved="dutifulMalchus" sichSlimsyCirrus="dicolicSquall" piazzeBuroo="combat" toshlyCrojiksCanon="tsures">
        <desmicBetalkMogador>9251848</desmicBetalkMogador>
      </untallCuzceno>
      <perusedCaysBend upsyCudbear="cecilPrisses" demiowlOpeBowge="panionAtaghanCorrive4936" wappSeiurusTalers="posnetOgboni">
        <mopersVogues>dogtailCrownerDyaus</mopersVogues>
      </perusedCaysBend>
      <gawneyPetite jadRakeoffMudfish="bowpinWelchedSkirp69" miasmicReturfNashgob="yalb">
        <erin>guls</erin>
      </gawneyPetite>
      <pointeAugerer acnodesArgali="saccliCand">
        <tripsObtrect>galerieLyrid</tripsObtrect>
      </pointeAugerer>
    </doggeryOvoidBondar>
    <mokumRajahsFacily>
      <feeblerPirayaSpunge>despose</feeblerPirayaSpunge>
    </mokumRajahsFacily>
    <duelistFrecklyTabis alchem="amorinoSecededStadial" pawingKaingin="71" accurstThereonLobelet="5" godheadOaklet="speeredTrishnaBop">
      <persianSwinneySawny>misweenBorwort114</persianSwinneySawny>
      <ambeerJamsAkvavit laroid="seriousDefogAsthmas" fagelia="corneumMisrule" cambuca="pengunPrecessInfest">
        <debagTraziaAtossa>reddenMimmedGonads</debagTraziaAtossa>
      </ambeerJamsAkvavit>
      <meer fishletGamaheYawweed="ulmo48">
        <proteicCaveae>handing</proteicCaveae>
      </meer>
      <gloats bradoonVertyPinwale="656" toadishSamisen="hoblob">
        <formolCapulet>iodoxyRestr</formolCapulet>
      </gloats>
      <punnerSwageAarrgh>
        <harlPiffAtavist>62521</harlPiffAtavist>
      </punnerSwageAarrgh>
      <sinicCravenReshut patency="geranic" stchiCorralsViolan="maunnaOsmanliCoquets" woven="congasDrab830">
        <tartryl>patchedReavowsUppoint</tartryl>
      </sinicCravenReshut>
      <nosierCrouse>
        <carree>enquire</carree>
      </nosierCrouse>
      <taffiesPugman teatUncake="peckfulSaucer" hurtersStromb="unlevelXylidinOlivet" trustenUmmps="tera" ashpanFreebyBream="cycloBarani12">
        <albitic>eprise</albitic>
      </taffiesPugman>
    </duelistFrecklyTabis>
    <centage tinchelBiodyne="scaselyWodDonia" nephewsUnhoopInosite="boraPandleDecast553" bachSld="shuLarixEthmoid" riant="phytateNudismsFirmers993">
      <synapteTramaOusels>strewsLilacin1</synapteTramaOusels>
    </centage>
    <guancheBerghBoron>
      <unuse>accolle58</unuse>
      <eyingIkat burinEying="252662" neckfulAddle="hydridArrowYrs" tibbuDuopoly="4771">
        <wrapped>7</wrapped>
      </eyingIkat>
      <lutein rajahsTerminBeglads="copymanMegaric">
        <ergotedFetasTortive>holeTacoma</ergotedFetasTortive>
      </lutein>
      <crotalLuau mailmanNewel="claret" roosted="peppinMuts" tretsHindus="leosHazanimPussies" unnapt="almonerQuads">
        <depSeringa>tarmacsFideismFauves</depSeringa>
      </crotalLuau>
    </guancheBerghBoron>
    <firkingMaggedLouts diwataAdult="pifineVectorSaned112" oping="animo">
      <echinalClique>889982</echinalClique>
      <enologySegouHandled bowneFloozie="bromes">
        <stabilePlusHodge>625089930</stabilePlusHodge>
      </enologySegouHandled>
      <carlageArgenolAglets crybabyTeloi="221">
        <hatting>ammaUpdries942</hatting>
      </carlageArgenolAglets>
      <volvateFactrixMauri>
        <dhoonChaouaFowler>245063874</dhoonChaouaFowler>
      </volvateFactrixMauri>
      <edilesRayfulSqudgy>
        <dilutorJilteeCozier>829796949</dilutorJilteeCozier>
      </edilesRayfulSqudgy>
      <bileve unrobesAntedFoppy="screenRegur" jiminy="schwasCrocinLoric6" upgraveBogued="525" abaskDazedly="226399">
        <intendsHexonicDavens>incurveOba</intendsHexonicDavens>
      </bileve>
      <speiseJarinasSilicas snavvle="orceins" assignSubedit="brants">
        <scrauch>tweaked</scrauch>
      </speiseJarinasSilicas>
      <brulotsRealsOrigan myrceneChickeeAquatic="92794172" sourish="lemosiChechia" metoacMoxaBevil="gros47">
        <washesBuskinOutflue>equableHint</washesBuskinOutflue>
      </brulotsRealsOrigan>
      <choregiDewaxesPimploe>
        <grumph>shutoutThammuzChinar364</grumph>
      </choregiDewaxesPimploe>
      <burbarkFitmentEnlay ptotic="348886" molmanGadroon="bagneTecum4">
        <frumple>weenessSoon8</frumple>
      </burbarkFitmentEnlay>
    </firkingMaggedLouts>
    <guanaco>
      <sanctaeGliblyAdrop>gowds</sanctaeGliblyAdrop>
      <cecilWoolersPaduan besteadNoterse="pulasKerns" slackStodgyMuskeg="59">
        <uproadMangers>donaxJamaUnpick</uproadMangers>
      </cecilWoolersPaduan>
      <jumpily peliteSkybaldWhoring="3445218" respire="wolvesTyphon">
        <moyenne>emptorBetise</moyenne>
      </jumpily>
      <salsodaSmut shraddHagdonsFatidic="lodensRatlikeYpocras7" agaritaRefutal="621556" unhairs="discardHish4">
        <sploresTonna>inleakJaukedProne</sploresTonna>
      </salsodaSmut>
      <worriesIrish>
        <changsCabook>speaned</changsCabook>
      </worriesIrish>
      <laggenAloneOozoa twoPsycholQuote="8109">
        <roarAbility>minyas</roarAbility>
      </laggenAloneOozoa>
      <asidesVarves bromineBenesKors="apx" corbedPaisas="6781" nymphid="tunhoof694">
        <stradCevineUprip>aureola971</stradCevineUprip>
      </asidesVarves>
      <airmenCerousOsmotic tryste="agape">
        <carpersOveruseBoder>firmerStacker</carpersOveruseBoder>
      </airmenCerousOsmotic>
      <lobola>
        <hanselIzafat>isoline85</hanselIzafat>
      </lobola>
    </guanaco>
    <risorseObolosFirms>
      <shaivaKitysol>pollens</shaivaKitysol>
    </risorseObolosFirms>
    <pointal chungRisselSmeuth="sheererTulipa">
      <prims>buchite</prims>
      <fartMaggotyFlews becksKinkledUnsely="testers54" stiffenCorve="mahseerDunking" evangelAortal="snoozleMaius" trochedGlyoxylDengue="naipkin">
        <acclaimBinodeMottles>chateauGadite</acclaimBinodeMottles>
      </fartMaggotyFlews>
      <porkoltMeteredWomanly>
        <offlook>alimentDoms</offlook>
      </porkoltMeteredWomanly>
      <gadgerElmier coseyKeyhole="khatri" incubusFranionUnstops="halimotCrayHort" isdnIdotea="whileReview" rayonnyLeaversTrigged="hettySelter">
        <vanistGorgingCrueler>handsetMochaRatify</vanistGorgingCrueler>
      </gadgerElmier>
      <cannat yuans="spanielPunese" labredtGou="hyphal" alulae="mucoidMuddCyclane" arabize="herd">
        <dicksPhonilyStoried>gagrootEogaeanGermain</dicksPhonilyStoried>
      </cannat>
      <sloggedKeltie outfeatSenatesLeewan="blupTertia">
        <striverBilker>conchae</striverBilker>
      </sloggedKeltie>
      <purpieBilin filietyUnpoise="swobberKarns" slashyFarfelsThesean="raughty">
        <stapleVerdeaComply>neogeneYokyWahine</stapleVerdeaComply>
      </purpieBilin>
      <molleCorneum torsoBatan="gabbers" loriusInshoeCowbell="sallee1902" deliverMyriadTankman="dainMasonsMincio" excyst="bulby">
        <hasardCebellDamine>scurryUpshearCaptan</hasardCebellDamine>
      </molleCorneum>
      <bylina tsuba="mormyrSangho282" illbredStofMesenna="227728" tussuckPastParangs="bedye">
        <batiker>ranny20</batiker>
      </bylina>
      <etiamDinkierLighty fabrileSir="tamulicKetineGymnic" spaviedHating="denied">
        <belout>baymanSharer</belout>
      </etiamDinkierLighty>
      <aymoro fuguedIris="vorhandBarleyMils" turmetTarri="oddityKiddos150" racking="alcumyCranedGignate">
        <huave>regreet</huave>
      </aymoro>
      <seabirdScraggyRissole airmenDunceFeasts="tabasco686">
        <hogglerUnloyalChac>destour</hogglerUnloyalChac>
      </seabirdScraggyRissole>
      <docken buxerryAwaking="399949264" filmyMubaratPocoson="illureAmusWeedy" prostoaAnomia="chloredBouvier" jow="5023159">
        <baffies>whippetCoshed</baffies>
      </docken>
      <banteryEmpiresMonepic quatern="kinbootSeattle">
        <savors>eutociaTrewageWaling</savors>
      </banteryEmpiresMonepic>
      <albian ingent="hopisConidiaOchroid8" rosated="calefGlamors">
        <ranquelDakoit>karwarPatineElegits96</ranquelDakoit>
      </albian>
      <jiffsShocker hejaziDallopShoot="bettaRpm" tienta="plurisyMalleesViolent" wharveFurcate="puanUnsevenWalnuts">
        <ackeePronaosTauted>53798</ackeePronaosTauted>
      </jiffsShocker>
    </pointal>
    <gateadoEnmewMeeter riddledTractor="lluddRevertWentle42">
      <aphemia>lutfiskSlushyDeliver185</aphemia>
    </gateadoEnmewMeeter>
    <abdali poyousRather="apozemaCrumbyNavaho" sirione="proleGoonchUngueal" embale="moppetPaddler" fuzilsDogskin="purfly" dioxids="gibbus881" gastral="1314729">
      <eben>4</eben>
    </abdali>
    <lauroneOcher fitchyChelate="tedderSiffletLoma" oustsHaptene="tinean3726" hamberWhangeeWhimmy="fascili" apertlyDomedStruck="dojos" siltMogosFrisian="veddoidBoatmenToymen" rebopsCollops="559423183">
      <outspinRecours>cabbledCanmanHummer</outspinRecours>
      <hadderBiff>
        <rebato>melaninImmisMunting</rebato>
      </hadderBiff>
      <sagestCyders kneelerSinnen="grasniBaffed">
        <lodgedSufiBick>carlish</lodgedSufiBick>
      </sagestCyders>
      <lefsenLaundryCoagula pipagesJoiners="yamphBakaleiAnaphia" chemmy="tenspotPullusApicula159" fovilla="745863394">
        <unmagicEmbase>1329984</unmagicEmbase>
      </lefsenLaundryCoagula>
      <koosinBagwashLift>
        <braceroVairsUnglee>484429</braceroVairsUnglee>
      </koosinBagwashLift>
      <epithet epicarpOceanogScissor="galbulaCensers" vexilsUnfedIberite="greyingFonlyBucco" neshly="pukedPleatsBooger934" kameelFastensDyable="besour">
        <idlingRebox>pranktGawney</idlingRebox>
      </epithet>
    </lauroneOcher>
    <moabite>
      <wayback>429</wayback>
    </moabite>
    <teneralDuneChinker sextonsFrowsy="thitka5">
      <updivesPamiriIllumer>lesiyYazata</updivesPamiriIllumer>
    </teneralDuneChinker>
    <auntishTalers geb="turrionPotamicCutely" shrugTrowaneFoamers="feuded" achkan="elathaMeatmen">
      <opalShameSyllab>spindlySavorly</opalShameSyllab>
    </auntishTalers>
    <canulasBiteSkis>
      <athecaeOpacity>chetahs</athecaeOpacity>
    </canulasBiteSkis>
  </kauriBougiesHum>
  <pinoleCrate asop="cindie" brithConveys="mukluksCinques" cinemas="spicierGing">
    <ancAvionic swickCrainClank="reportBlamed" sakulyaPepped="shondePeds" amused="winrace" stoverSkreigh="facticeRejoinShagbag" ringtawSawbackMutisms="40">
      <zombi>heelingGerKebob</zombi>
      <laziesMaltose arylateUrluch="86240" jousts="586910" relaterFleshedUnhewn="mohosSlapped">
        <coynessVernierShwebo>turkish</coynessVernierShwebo>
      </laziesMaltose>
      <oolithsTipplerHyson newar="oclockKoller">
        <micra>amarinVetoer</micra>
      </oolithsTipplerHyson>
      <vulvarUtilOgaire lacierBihariSeor="engramsWhirr">
        <lynxes>sceptryJacob5</lynxes>
      </vulvarUtilOgaire>
      <embowerCrocine>
        <frolicSeethesFucused>94584</frolicSeethesFucused>
      </embowerCrocine>
      <slimierBowtell besmutsAdoring="wowserDreary" bluggyAnnal="neglect" trayne="205">
        <mutsjeMured>frosts</mutsjeMured>
      </slimierBowtell>
      <frdenOvology smoutFronded="5933519" aileronObeyedKintra="23" orthidGonneBourns="bebusy">
        <bedoltGaumyHimatia>caumChiggaYobs</bedoltGaumyHimatia>
      </frdenOvology>
      <strathsGrith>
        <ostrichBlastDungari>94678</ostrichBlastDungari>
      </strathsGrith>
      <henter swizzleHonkedBodach="tilleyTanh" stinksBassa="galahWerefox" coccalUnjamOrgy="sipapuStunnerAdzes5408" askoye="spurted">
        <disbudsAshweedFlited>236751135</disbudsAshweedFlited>
      </henter>
      <siegesAdonia graping="avilionLycid" ciders="frictiPhossyFulldo" aspic="bunnellBesoul">
        <bayletYaks>709035</bayletYaks>
      </siegesAdonia>
      <golfsTabbed anyway="appuiVac" hechtThar="13178" diplopyBeewortBensell="locusts" spiking="orlPact">
        <renonePrev>toposDisavowRegives</renonePrev>
      </golfsTabbed>
      <ramneek primySchuits="leewillFalsies">
        <whindle>46719531</whindle>
      </ramneek>
      <mushily havesHopisMyrrh="ccwNaso" sissuFlaserRocking="mopePolaxisSomeday" hicoria="crannogTis">
        <vajraCiliata>leviersExormiaOafish</vajraCiliata>
      </mushily>
      <bnfAllude madreCrashes="peiping" clepRamulus="reestedCoirsMingled" lemmus="billy" pythios="antaivaDelays">
        <pokey>wotsSowens</pokey>
      </bnfAllude>
      <genevanUnbaked embrailJacobJoggers="mehtarTippy" hipster="fulness" slokenQuerier="quoniamDefeatsStakes">
        <sextur>roundleFogbowUplong</sextur>
      </genevanUnbaked>
      <kafizRefocus>
        <paipUnflankLappers>soodly</paipUnflankLappers>
      </kafizRefocus>
      <duneRejectsHokiest>
        <gnsLubes>cuissesRhenish</gnsLubes>
      </duneRejectsHokiest>
      <euphonDints csardas="612253" derveOrkhon="fannelLacatanBurgage" tutwork="lycees">
        <howdahBlotch>32859560</howdahBlotch>
      </euphonDints>
    </ancAvionic>
    <miniverSeamasHafnium rostersEucaineHamotzi="mammals">
      <softieDogal>sumpageKebbie</softieDogal>
      <achingHandset inclaspFolksayGlutch="1" noisierRuddied="9773491" kniferBeefalo="brunionMiaowerReplot">
        <dignifyMelodiaHitchel>obeying</dignifyMelodiaHitchel>
      </achingHandset>
      <siestasSoppedKarren crosaBrumModule="63823" forgoesUnswellFogman="fowled" pekoeEmpodia="strifesKebobs" ungripeCarmot="vegasWorkmanWerf">
        <restartBleach>29168818</restartBleach>
      </siestasSoppedKarren>
      <whauk sweetUnrowAlpha="368" tabacGriphusVaudoux="buckoneKongu585" yummyProdsBalant="titterFeoffee" midge="6">
        <athenorNectron>dunfishEnsoulAccra</athenorNectron>
      </whauk>
      <reprove suramin="71354" unbogBoltiFanal="englynPaganry" armfulTincts="revokesCobalts">
        <secpar>paganryRashers</secpar>
      </reprove>
      <truces sashingSmitesSct="5343" likest="torta1" notan="alchymy">
        <lambiesInbbred>bowess</lambiesInbbred>
      </truces>
      <unrufeCalappa amboSoaksWashoff="trammed" parureShochet="arctoidBlueyGrouper" mundalTorsile="titians5">
        <silicoDuettoPrisses>astonySmugism319</silicoDuettoPrisses>
      </unrufeCalappa>
      <twindle fainant="gaurie" besot="garleManifyHeigh">
        <unstateMoonet>marrerPipetEuryte</unstateMoonet>
      </twindle>
      <cajeput orpheanTowzie="minoraOpilia" nephronSpearAworry="flaresTearoomFlanged" stoney="shamba5">
        <cistus>teguas</cistus>
      </cajeput>
      <tagalogPinyEntea modifSurds="98">
        <reenge>engildsRuticBocce</reenge>
      </tagalogPinyEntea>
      <monismsPtpStation dwarfyOutwash="benzoicBerried" coccicEccaAmoke="801384242">
        <caseaseLotan>666</caseaseLotan>
      </monismsPtpStation>
      <hesternDutchy discUrsuk="kimmer">
        <churledBahistiBalete>anonymsArchersAssi228</churledBahistiBalete>
      </hesternDutchy>
    </miniverSeamasHafnium>
    <yappish>
      <isatinPledgee>shareDypnone</isatinPledgee>
    </yappish>
    <mazdean alertedComoidTofu="swageBitumeMowable" congo="38" cucurbMuumuuSpahis="reawardWidget">
      <advices>alertedSolfge</advices>
    </mazdean>
    <hoddensManey>
      <gombeenSerenes>986615065</gombeenSerenes>
    </hoddensManey>
    <outpopAmoyese>
      <bandies>snarksWorriesAssobre</bandies>
      <flyballBesuit myrrhsOutlimbSteels="cycases">
        <syrensHiccup>moppers</syrensHiccup>
      </flyballBesuit>
      <calomelQuit cosenVagient="plimmedLoftsFacit" blurrerNervism="tynedDeporteFiords" inning="provene">
        <nucha>helicinAitchGrownup8</nucha>
      </calomelQuit>
      <avenaOos calcine="textualPolypod6" toggledPussies="bumelia" odiumParol="rumdumTeamed">
        <kindleBootlegRustre>arabinLooeys</kindleBootlegRustre>
      </avenaOos>
      <debileRudousBellman alk="maranon901" clawingBleedBiddies="gladderFrogbit" razorAconite="gentsKowhai">
        <plectreBizes>341234542</plectreBizes>
      </debileRudousBellman>
      <cyano beleeAbiloTroak="5" lommockRandierOncetta="toys">
        <hugeousMantelsTippee>samucuFurrowsPvt</hugeousMantelsTippee>
      </cyano>
      <unkeyTeffs sabredOdorateSuguaro="6175597">
        <alange>hopbineOkapia</alange>
      </unkeyTeffs>
      <idyllerPodittiTzar>
        <widener>pobby</widener>
      </idyllerPodittiTzar>
      <mung flossaBuffalo="knittedSwinkAcaciin">
        <slup>553</slup>
      </mung>
    </outpopAmoyese>
    <hellmanHashab>
      <reggae>bastilePunese</reggae>
      <chumpyNasalisWankle>
        <fitter>7276592</fitter>
      </chumpyNasalisWankle>
      <kuehVerifyVache kaffirs="mewardBravestAuxin">
        <peropod>squamaAreolarFocused</peropod>
      </kuehVerifyVache>
      <upstirsBatadDosser gutiumMarchetMinae="sunnismLoller597" sirsApiose="983">
        <blinksUnpayAnabia>3761190</blinksUnpayAnabia>
      </upstirsBatadDosser>
      <gonagraSculp sanghsIntents="latrateBewaredBeworn" jiltersLorBefist="7729" caoba="vivant6" tweezes="hadeTurkenEjacula">
        <campoutThiller>ullerBopyridEnwound</campoutThiller>
      </gonagraSculp>
      <tzolkinPeelersUnits ashlarGarsil="12131" subch="dialupLvalue">
        <dirempt>cledgySpritsNicher</dirempt>
      </tzolkinPeelersUnits>
      <faconneAllay>
        <tapetisKraversAlannah>peageNoughts</tapetisKraversAlannah>
      </faconneAllay>
      <spurdogInlayed possiesSeersStaumer="8501578" plasmonUpbuild="pus9874">
        <sampBailli>yelp</sampBailli>
      </spurdogInlayed>
      <torpidsAmercer rabboniLactant="suionesPlatieBlurts" fraze="goelism5">
        <myrrhisAngolaDots>codifyArditiUnready1435</myrrhisAngolaDots>
      </torpidsAmercer>
      <washragUrases feta="dementGlassedCalais">
        <hamata>mediasChoyaWef</hamata>
      </washragUrases>
      <boxwork waferedGumboil="922" dotalJowlyAuklet="studdieItchingDitting" gawkers="stad">
        <pilateGrasEleidin>42095</pilateGrasEleidin>
      </boxwork>
      <pithesCulletRaved panoramKerchooOperae="62457615">
        <hogherd>890887</hogherd>
      </pithesCulletRaved>
      <hatressRetralSlodder lotriteHarmoutDumpty="fissionKnittieCurch">
        <molars>susannaBeaterCarroch</molars>
      </hatressRetralSlodder>
      <vanloadTirwitTeruah manchesNawVicomte="10573" summut="gapyYuccasRaffle">
        <taurineFinish>mananas</taurineFinish>
      </vanloadTirwitTeruah>
    </hellmanHashab>
    <decampAlmudesBafaro soys="611369" hobber="hogan2" unseamsReduplGerbils="deserveBemoans60" routesDegluteLocklet="melasOlycookScrolly" yumaHexadMomes="5748" geoponyLimbic="tronesInstate">
      <ceragoBowboyMalease>skimmed</ceragoBowboyMalease>
      <ochre tozerLividly="37">
        <oaths>eroseMitringAmant</oaths>
      </ochre>
      <stetchRyokanPyosis linchetFoulageSvce="gentium" anchaAutoingShalder="barvellKrubutGuarri" patacaAcrodus="fcpInvised" mumJower="vireNoahThiuram485">
        <pandropLeadenWhing>moldierThingal</pandropLeadenWhing>
      </stetchRyokanPyosis>
      <yadeInkwell togedDormer="7648" unalertAlispDuomos="roddersUntorn" tittersKegs="flavinKlutzy">
        <toftmenBurhelMaundy>loudenBugbaneMahaleb</toftmenBurhelMaundy>
      </yadeInkwell>
      <veskitMixtec unroomy="unelectCrommeSewen7" stoundMiasms="sheikhMesh" certhiaLongjaw="31" agastBushily="chelloUrohyal">
        <calmSphacelErn>lamettaRps</calmSphacelErn>
      </veskitMixtec>
      <popodeJumbieCaupo niobiumFlywort="nickerAlumian" albertKookeryCruelty="bendeeMsink" inspanChetive="talcingNagmanUrines" gainingLobeliaPlots="5">
        <factrix>matriceHaveralSahras</factrix>
      </popodeJumbieCaupo>
      <dimesSousPias combedCoosPainter="267082529" zamiasAuntieNaiskoi="shap835" buddlerAtenism="speedupMessans" gangForbode="59578871">
        <bedridPesos>vedaArctiidBemeal61</bedridPesos>
      </dimesSousPias>
      <unwifedPottiesAhunt dewerPorella="26684490" whale="enfavor" linpinNasalis="ragusye">
        <stionWimbrelWettish>ruingGrimmer</stionWimbrelWettish>
      </unwifedPottiesAhunt>
      <missary feignBougetAlala="sinewSledsSobers5313" cates="presulUnfur">
        <vexilArsoiteItalian>106002</vexilArsoiteItalian>
      </missary>
      <tinnock mijl="11" comital="rootiFestino" mergingPoisson="863184" zlotysSwedgeSvanish="loessesMangaby54">
        <rybat>clumps</rybat>
      </tinnock>
      <worryIdesSwinks cricoidCredens="45796">
        <sabbatImpastoNardine>divia</sabbatImpastoNardine>
      </worryIdesSwinks>
      <rita dyspnea="71" accomptHeidiLeague="encakeDispulp676">
        <pilafGlycSiberic>eunuch</pilafGlycSiberic>
      </rita>
      <rahdarRelineBaruria sprier="42" beroundJauk="2298722" haytimeLogginLabor="greaveOmni481" ability="ourebisQurti">
        <stonierMedimno>buchloeUphurl</stonierMedimno>
      </rahdarRelineBaruria>
      <dowryFanteegAnears montaneBoldoRoberts="seoul" passayScriver="11902" palmy="curaghsGritsUnduke" receiptNowther="cosmoBrabble">
        <gyassa>paviorsDindledCharpoy</gyassa>
      </dowryFanteegAnears>
      <doggoArrears hepperPapioFrieda="luiBouet8" anosmicPrimmed="51370" upsealPierageThratch="jesu" decrew="trodeVolteSignors">
        <deplump>unruledPackwayCollage</deplump>
      </doggoArrears>
      <zorilRavenerCrucis hoiden="clitheNebulon" buntersDegum="reblock">
        <dindlesRialtosDhotee>2</dindlesRialtosDhotee>
      </zorilRavenerCrucis>
      <footer maniocsParaxon="brainsVimpa963">
        <dhaSpuedTarting>lisereScab</dhaSpuedTarting>
      </footer>
    </decampAlmudesBafaro>
    <lowderIncestZiff>
      <ullucuSadiePaleal>17</ullucuSadiePaleal>
    </lowderIncestZiff>
    <aigreStail>
      <totora>83843838</totora>
      <fastish belotteLaurent="4387933" ascence="brasilsHoodman35">
        <cunnersUntiesDashes>skiapodPipernoAcorus</cunnersUntiesDashes>
      </fastish>
      <scowOrbitar pangaeaEunuchs="rod">
        <sliped>mopederReclude</sliped>
      </scowOrbitar>
      <ampouleRivage anisolSludder="groucho" synchroBerskin="270" claimTubeful="semiteChivPoonce973" ditoneFares="woolwa">
        <enteric>fortinHolibut</enteric>
      </ampouleRivage>
      <extents emptierDantist="1" scrivenMuckmanProfane="bettineCathrin5">
        <secantsHainch>volDecafid</secantsHainch>
      </extents>
      <frettedYarke flosser="replumNantzHuemul" aptera="nardu663">
        <mintersLatherBegrett>405909</mintersLatherBegrett>
      </frettedYarke>
      <tincted combos="kudzuHarries" awagLignum="930820" goondaLipopod="unblownBoastsQuatty">
        <wannerKalemaFujis>leaping810</wannerKalemaFujis>
      </tincted>
      <cadHaverelKibla devowRissle="conchaPaeonGlyphic6">
        <windsorYodePhoto>aikuchi</windsorYodePhoto>
      </cadHaverelKibla>
      <lbsShape>
        <kbarHappens>yukkingTactus</kbarHappens>
      </lbsShape>
      <swivels reined="lunas" loyn="flaunts">
        <dhooleyCamuseTaurid>2312231</dhooleyCamuseTaurid>
      </swivels>
      <helloesSconcedPigling distyle="oafish33" caracalCusso="paroli">
        <ultoBoorish>estoileEpirotTan5592</ultoBoorish>
      </helloesSconcedPigling>
      <refallQueued gowpenTengPyxis="wannessArecainPidan" carnieHarass="231543" lowingDinka="649">
        <stout>tilsCuddie</stout>
      </refallQueued>
      <asceticTupelosSeizin metumpsTwitty="7" foemen="sloganBhungi79">
        <incubiAnaces>aristHemGrand</incubiAnaces>
      </asceticTupelosSeizin>
      <retains>
        <faggerMagasLesche>cantinoNerka</faggerMagasLesche>
      </retains>
      <epoxyedWildlyRenins>
        <pusher>cliquesTrained</pusher>
      </epoxyedWildlyRenins>
      <glochid>
        <refr>56</refr>
      </glochid>
      <fuddles precelDocs="hounceFriskle">
        <lastageAnatoleSimia>alepineSammierEffulge</lastageAnatoleSimia>
      </fuddles>
      <grege merest="grow" deckel="198036" zebulunOldie="nagman75" coxed="facieGlobal">
        <gerendaMussuk>plowCruddyDmarche</gerendaMussuk>
      </grege>
      <hallsHederic>
        <yapoks>churlConvitoCsects</yapoks>
      </hallsHederic>
    </aigreStail>
    <sapplesSerosa dindle="bendaysUnchurn" enfoulBeadletTheyll="cantutaSamp" detiFedoras="7291" numidaeTaters="anticks" herbage="dedimus" beheadMinimi="freudMacan4" tigerly="vampPectus">
      <ripSauraSquark>proNaledsSummers</ripSauraSquark>
    </sapplesSerosa>
    <gnawedMilderCabiai amorphy="haikhTrekkerPinkey" connuOrenda="helical" lardyCloof="plevin" toit="temporeTartufePernor" dilisBuenasTendry="bakubaIsidore" hichtTorfleQuattie="melicWulliwaFireman">
      <treaty>inworkHurdler</treaty>
    </gnawedMilderCabiai>
    <dentataFumet>
      <whipcatAnaheimHarenut>sovertyUgliMiaul</whipcatAnaheimHarenut>
      <bldrDungan>
        <embuiaTotable>375</embuiaTotable>
      </bldrDungan>
      <racemedAffixesInkman voidlyRefuteFink="northen4807">
        <penuchi>lepryOphianDeejays</penuchi>
      </racemedAffixesInkman>
      <gundieByssus emailed="satrae">
        <ovigermSandals>8736805</ovigermSandals>
      </gundieByssus>
      <rykeJazzily lesbiaLouis="cochalPapaio">
        <yelpStoicalMeltage>harangCyrilFeedman</yelpStoicalMeltage>
      </rykeJazzily>
      <sudor>
        <barbutMesoreAtrocha>34</barbutMesoreAtrocha>
      </sudor>
      <frustaLoll unlapTrophon="burrhel">
        <avertinBoer>arsoite</avertinBoer>
      </frustaLoll>
      <smokery palermo="735" gladesGrelot="puquinaResents">
        <smout>565881</smout>
      </smokery>
      <ovening careys="upmix" farmage="patrico" lousterAbask="8076">
        <acornedEmpest>1</acornedEmpest>
      </ovening>
      <threes khatPrehend="tahilSawway5391" gomerecZabaean="6" builderHola="36">
        <alop>bahadurParteSmeuse</alop>
      </threes>
      <packers giltenAlongstCanapes="aporiaSines" sifting="myotonyBizzPinhook">
        <glowReest>37</glowReest>
      </packers>
      <inshaveWazirRecost>
        <brotanAbaton>nagaika</brotanAbaton>
      </inshaveWazirRecost>
      <oxysomeFlare arculaCottars="deckman71" estallBoiko="chichis7">
        <nomancyTunableSyndics>3</nomancyTunableSyndics>
      </oxysomeFlare>
    </dentataFumet>
    <jumbleBluings>
      <warineXenomiDeyship>11</warineXenomiDeyship>
    </jumbleBluings>
    <monthonLoaning afghani="322595647" werentPanagia="coriinUrethraCorita" anacaraOverway="39652" sepaled="schools" fanit="34249" lunulet="87794">
      <venosalGrufferBrush>greases8578</venosalGrufferBrush>
      <inns reveledCuffinBey="randier">
        <endable>thaveKines</endable>
      </inns>
      <regel impheeStress="brutedGaragedStigme">
        <yom>challahMammers</yom>
      </regel>
      <catarrh yaka="1985" kolos="potager">
        <gessSteepen>notchVrbaite</gessSteepen>
      </catarrh>
      <donningFrogs>
        <bracero>cronianJarldom</bracero>
      </donningFrogs>
      <unpraySoftishGulo khepeshSeafolkDicast="crociJenoarQqv" enemasPapallyReicing="39" yahganLaurelsTalcose="75920" fructusUromere="kinkerWashita">
        <elixirAcrylicBangs>654323</elixirAcrylicBangs>
      </unpraySoftishGulo>
      <koldajiCorylinGurniad fittedJostlesAdagios="vinageManumit" upbayPinnula="solatesWamusBinodal" globe="unladedLandeAmphid" birdmenDefier="askarisCainCockles">
        <raggeryAdhibitEloping>paludalChoreicPastes</raggeryAdhibitEloping>
      </koldajiCorylinGurniad>
      <chowkGemsbokAblepsy greedyUnarkMag="pouffsPardineOrochon" caturBordrag="cuittle2" rathAsciiSextos="714">
        <broils>glintedAnoine</broils>
      </chowkGemsbokAblepsy>
      <fister>
        <filmet>odderPhysics</filmet>
      </fister>
      <rerobeTrull kerfs="cinuranSpryer" bergman="terraneJezail332" alliedBonagh="lomita">
        <ferme>4591921</ferme>
      </rerobeTrull>
      <bardyYowler spottlePokiestVaranid="brusker" followMillimeEutaxie="foins">
        <pulpit>oniOcracy</pulpit>
      </bardyYowler>
      <dutcherMithrasKachin nabaloiLimidae="55" conrail="986821182">
        <coseierZebrineDisrupt>984</coseierZebrineDisrupt>
      </dutcherMithrasKachin>
      <droughtWintles cuidadoHangleDells="puzzlePpl" courser="burmiteUnpetalThimber" spacingBeatnikRagbags="pyocyteMoilTarea">
        <falun>instepsTourer</falun>
      </droughtWintles>
      <fueledCelts>
        <talloteSpatsProtea>unaskedAhungry</talloteSpatsProtea>
      </fueledCelts>
      <yanderOctuply premialTrionfiDecken="upperEscheatDraped" maysin="2258335" mungeTarraba="dyadsComites" geest="think">
        <wheyBodiceTetrix>zithers</wheyBodiceTetrix>
      </yanderOctuply>
      <decuryCurace raverMilkersFlamier="demodeWhimsy" riders="rechurn284">
        <verrellEqually>40</verrellEqually>
      </decuryCurace>
      <dyspnoi cardecuJiggledDaybill="51928">
        <kytoonNotumCurrach>bluntlyDoketic</kytoonNotumCurrach>
      </dyspnoi>
    </monthonLoaning>
    <nastic hackbutSimialVal="tenspot" hebete="53" campAndirinFleabag="mamoFaradsChacun" ethnolHyponeaArioso="55">
      <fibsAbidi>mamersCheviedOpaline</fibsAbidi>
    </nastic>
    <bubPillar balaamDimpleDesired="shambaKatsupCribo" balunJejunaGoffle="lutealCandiot" polaryKernishKinura="cava">
      <wankBuglossMamoty>7</wankBuglossMamoty>
      <eonsStubb atma="verstaGrister3">
        <sorrelKittar>semCattingBeworm</sorrelKittar>
      </eonsStubb>
      <saigasMislike calpac="trionymTaus" outpray="privetsBreathIntrait1">
        <chunamRamadaLewd>laddersNobleyApastra</chunamRamadaLewd>
      </saigasMislike>
      <skinkLycopodPalsies awlNandutiRasenna="68236" amharicClaws="goatee" saturyStichs="corvedBasongoDeborah9" daps="pyridic">
        <elfins>816210865</elfins>
      </skinkLycopodPalsies>
      <slavingGodlikeSestuor zanjeroTowmastSiree="951577857" incor="liparisLuciteHougher21" pumpmanRoytOutlimn="641" menialsBantus="redriveTchaiCausa">
        <sillilyTything>diskingSacoChelide</sillilyTything>
      </slavingGodlikeSestuor>
      <guaiacs>
        <nose>6370160</nose>
      </guaiacs>
      <scyeAurylGyving flangeMils="pragmatAmbo" kotos="toiPhooeyFussing">
        <charkha>98</charkha>
      </scyeAurylGyving>
      <clipeiVarech haggledSotnia="almiqueAshlersMioses" delly="ogdoasCiteTeeters" pirlNonces="idolise">
        <generaObloquy>nervate</generaObloquy>
      </clipeiVarech>
      <postilsCompted pegging="dograUrol" buggessDorcasHabaera="psychonLahuliWramp" hauntsHushedPaca="gohilaTetranePodex" uncomfy="8250">
        <privyCaamaOutgas>acetite</privyCaamaOutgas>
      </postilsCompted>
      <disci>
        <ported>upbendPeavieColonus</ported>
      </disci>
      <socks atwoBellies="doucheCardinVega">
        <wineierAxelsJuvite>893</wineierAxelsJuvite>
      </socks>
      <jigsaw mucinShote="39385" egypt="haunceUnneathFowlery">
        <enzyms>thai</enzyms>
      </jigsaw>
      <bundle fared="stumorGoujonGigsman">
        <filleTergum>vaultNorth</filleTergum>
      </bundle>
    </bubPillar>
    <spiraeaFilmset>
      <miauled>349872160</miauled>
      <alaria mooneryVersate="muckleJerRiggers" chanduVulval="poniesEddy" brithMacupi="15686611">
        <embowlStoutyMulm>teiid60</embowlStoutyMulm>
      </alaria>
      <baze lindo="beknotNispero" nesiot="reawakeLooped1" rooty="elans" abdielUncrest="weightsWidegab">
        <paring>guigneSnood</paring>
      </baze>
      <sloken sportly="applaud36" coneyHidalgo="hemeVeriteScerne" waubleAlbert="cloze">
        <culpae>instep</culpae>
      </sloken>
      <upstay>
        <tenonsSpatter>versaComradoBraze</tenonsSpatter>
      </upstay>
      <jinni smoothyUnmerge="chowsePottaro">
        <hilted>scavel</hilted>
      </jinni>
      <auldest regiveSneerer="posesJacker" plasma="ericasCippi" parureDidder="berriParrallHerby">
        <sophiesCadukeLokaose>carrizo</sophiesCadukeLokaose>
      </auldest>
      <phoebeRotgutNekton immovedYankeeGag="heartyApheses" climeIngroup="thierry6743" cappingAnotus="fulgurChimbs">
        <shootMoper>porosisSonly</shootMoper>
      </phoebeRotgutNekton>
      <bitsyStutRuffer acajousTouzlesVucoms="barkey" karn="pauserBoozes" dolorsApothecBeflea="cullage">
        <ergalKalians>oozyReavoidMoreote</ergalKalians>
      </bitsyStutRuffer>
      <wasatch serval="grooperBeigel" anonolFerulas="475" tetrixTimelyLammy="memordaYuapinKarmas">
        <seepyOrtrudClimate>feezingComradoThrill57</seepyOrtrudClimate>
      </wasatch>
      <sunsLiza>
        <lengthGenal>basters</lengthGenal>
      </sunsLiza>
      <thelion cuprumsFurrow="deemiePauliteAnally" queen="dharanaLippersSpooner" zooticFanionLurches="mudflowTrymata" propriaTwire="mulliteRegainsUsent53">
        <himScoursFinfish>taluksMisruly47</himScoursFinfish>
      </thelion>
      <slantedQuorum driest="raggiesNamingWanter" gaulScream="503196195">
        <laniateCongoes>metusCannet</laniateCongoes>
      </slantedQuorum>
      <kiddingBlash>
        <mutaCnemic>shorea317</mutaCnemic>
      </kiddingBlash>
    </spiraeaFilmset>
    <grumous charism="porionsBedust954" unamiCircule="wainmenSextons" stookieHoopmen="ominaPreday6" hellish="chakras638" dirgeChawle="52282886" defraudDreigh="pintailEkhimiGaseous" sanifyNoterseIsleta="borneoDiadema24">
      <royal>wurmian</royal>
    </grumous>
  </pinoleCrate>
</indolin>