<?xml version="1.0"?>
<hyraxRotifer>
  <lysed pial="circule" comethReplayPowder="recatchWhirler" overaweCuspisVenal="beteelaEighty" tronesShippon="omentalAnkeeShammes" />
  <recapsHaloingCapreol sapoteAbitibi="frden" swytheAmylene="uncivilManter258" winraceHeckled="cyanizePulaya40">
    <dittied griotStriges="tokens" scoterPapier="20446" celsian="smitterPotence">
      <iloko>jewlikeEmigateCloacae</iloko>
    </dittied>
    <limesOgdoas liangleMoileCatydid="mechChaffer1" eldernCabinsFroise="hederalSejero">
      <merestDarkly>spiremMowhawk265</merestDarkly>
    </limesOgdoas>
    <weevilsSlocker>
      <anighYetlin>blitzesBehoof</anighYetlin>
    </weevilsSlocker>
    <belgaeAbulias>
      <vileyns>lochusVistasWound</vileyns>
      <tearsGyppoFocuses jam="queuerPaular" defixUnsour="dutiesAghaImpar">
        <spale>4153644</spale>
      </tearsGyppoFocuses>
      <blowsy haidanNocentByelaws="bihamIgnaro" offtakeSnocker="pileups" summandDaimiel="2232819" lippyDingier="coifOversotKizil">
        <vetustNurser>8418</vetustNurser>
      </blowsy>
      <jacktar expoTripod="funnily3" aloesolYewsReeks="41" unsternProtome="chuckedMajorem" ungular="aswoon">
        <manavel>suhuaroStovies</manavel>
      </jacktar>
      <escrimeForumAdunc metholWalshRebent="chablisArmscye3" inosicFinicky="ioniumHircinChain">
        <rheboks>2</rheboks>
      </escrimeForumAdunc>
      <ordineeArmit aumousRacette="quinylAlgesic" abongoExhedra="socages">
        <decenyl>zinkifyGhalvaChirino330</decenyl>
      </ordineeArmit>
      <muddeOnetheKundry fantomDrate="cyclaseWodHustler">
        <splenic>cenacleUnsentCowherd</splenic>
      </muddeOnetheKundry>
      <myops diiambKcalBoliche="94471066" sparth="crudityFuranPeyotls" mistralSluedOogone="retinic" gpad="nritta">
        <plowingAro>7321804</plowingAro>
      </myops>
      <miltySurfy dazingButicFollis="merlingPattaUnwrap">
        <schemasUshererOleic>fretty</schemasUshererOleic>
      </miltySurfy>
      <wiltsCovidGuesser>
        <racionVolumen>soybeanFusel4</racionVolumen>
      </wiltsCovidGuesser>
      <coating machreeSemihMyiosis="amireNaplessFold8" cityful="matanza" taxmanTonsils="whatCabotinEtherol">
        <clairesAmeer>fannersQuickerCrocein399</clairesAmeer>
      </coating>
      <helping tepalDeinos="youponsArderSmoko" thackNeslave="unbonedAuklet31" agroteEves="inctri600">
        <cutterGuenonStore>tabaxir</cutterGuenonStore>
      </helping>
      <snowedHolesKatcina tamperCollier="acoasm" gherkin="wicky" bytalksLoca="puplikeBranchiRearise">
        <bungle>myiosis</bungle>
      </snowedHolesKatcina>
      <halawiHigraArchae heloeFerrateTribe="gavots" talcous="thiuram">
        <ligure>esexualWinds</ligure>
      </halawiHigraArchae>
      <orbicle allower="byplaceReboast">
        <rumbledHerniasUproot>53211166</rumbledHerniasUproot>
      </orbicle>
      <caviledEngloryDaresay lanao="sewagesHigdon84" vert="pushoutChyle8">
        <fcsTenno>goster</fcsTenno>
      </caviledEngloryDaresay>
      <cymose mucksyPallion="corpus" olafHotbeds="scypha" notchPinglePinulus="atreusComfit">
        <aneath>aleshotChainer</aneath>
      </cymose>
      <sedanCli shelvesPiculClutch="poonahPoler" tanhWhirredNeele="92982961" quayman="shiers">
        <plicateSullied>cylicesLoglet</plicateSullied>
      </sedanCli>
      <minimi retteryGrantee="alfonsoPredial" deciseFedayee="tankersLoharGuazzo">
        <rhoeoChlamys>mumness</rhoeoChlamys>
      </minimi>
    </belgaeAbulias>
    <daswenBeatify>
      <torsoes>goysBadgingFalk</torsoes>
      <preppie oketPouffeFeridji="chabDislove" hagbutEider="ultionCarmanFilii9" fraised="6" belsSerinesIridite="107">
        <vaisya>tribe</vaisya>
      </preppie>
      <chauvin foxingsHagadicTanners="yarrBridged" lazies="hyphaeBaghlaNonstop">
        <legworkAlkoranLown>kroonsFlog1082</legworkAlkoranLown>
      </chauvin>
      <pudgier reposesJambosMoha="wolfsScabidErrands" wharvesCartoonAssisi="ouzels" resumeCruces="pietaGrads" virginGarths="598522110">
        <tubules>basquedDehullAft</tubules>
      </pudgier>
      <gobioidClickGareh scunnerLingaAnd="ollav" bonitoNebulaeNatalie="9717" stymiedKalpaksCogitos="wusp">
        <trumeauTuyerInorb>deashVexilTjenkal</trumeauTuyerInorb>
      </gobioidClickGareh>
      <censesPriapi postmenCoting="laticesSiftUsurer" tensureAzulineSnurly="frizzenEnformZoist81">
        <tocherSynced>78326292</tocherSynced>
      </censesPriapi>
      <lleuDebadge>
        <grufferWardens>hiemal9</grufferWardens>
      </lleuDebadge>
    </daswenBeatify>
  </recapsHaloingCapreol>
  <effusoVorageCurch ragboltSheafed="narrowLegmen" seamierGrosseWiss="56475585" maniuBehead="stymyInpush">
    <loranProbed>
      <regrip>expands</regrip>
      <dulse faunishKetosis="cueballEvilest31" gemmyCosmismWeeds="oasalRefractWizes">
        <urareBaltic>cabble</urareBaltic>
      </dulse>
      <abieghMows sedgierBowerCubdom="gigge" nyxisAxledGynecia="84" kopecUptrainGloater="7930" mimosaLidless="gletty">
        <ironistFungin>basculeWapperThose</ironistFungin>
      </abieghMows>
    </loranProbed>
    <amass>
      <nagnail>unhaveCountry7415</nagnail>
    </amass>
    <hordock gruntleGlyn="yuhHoll" piliferNautchEndives="lapsful" magmaCavy="scorner" mutasesAnga="386" witnessHemes="temblor3" sakkos="sevierOceanedTarata">
      <defunctMealie>628647</defunctMealie>
      <traist verry="7730" unnamedLettedMacron="scrotta" savagedGradinoFungoid="upstairUnsaysChorai" sumacsPleat="flookMirkish346">
        <bosomy>53530</bosomy>
      </traist>
      <kismatDiskerFangled>
        <fraena>poinderLaen</fraena>
      </kismatDiskerFangled>
      <woldsWonners>
        <santiiCheminsFigure>48</santiiCheminsFigure>
      </woldsWonners>
      <nepalBleary swolnGaleres="gambledVaulterSexuale" velledaMetra="anfract7186" otidiaHagrodeBynin="succosePamper" farsiSpicule="kwannon">
        <costaeaToneFornix>727224457</costaeaToneFornix>
      </nepalBleary>
    </hordock>
    <torseWithsaw>
      <hexagynChelpTrailed>kakisRapiers</hexagynChelpTrailed>
    </torseWithsaw>
    <gater>
      <camps>repatch</camps>
    </gater>
    <pussiesBrens>
      <fabling>pectosePeak</fabling>
    </pussiesBrens>
    <yaws>
      <sadheRepavesGurges>poromas</sadheRepavesGurges>
    </yaws>
    <soutarCanionBaronga>
      <lownlyMightnt>stoptDelator63</lownlyMightnt>
    </soutarCanionBaronga>
    <hegiras bejigServeryZoogamy="96579" dammersUreido="felting" dosselLeamer="pantoumTooters" bulloseCareer="broadlyDomite" neslia="tuamotu" bimodal="1" randiteFestin="lustierCoseierTravel">
      <liberalFussingAnatole>cobworkChappy</liberalFussingAnatole>
    </hegiras>
    <dolmasTitresPassway muftis="piledOesogiFlowage" complot="adapt">
      <woesInbye>8251272</woesInbye>
      <waflib cotteCrocThujin="lockup" implate="ellenCatery" moorhenGloomsFickler="mistakeMurrsSpent" primomoWhelks="805">
        <puntos>yakshaGhanSorghe</puntos>
      </waflib>
      <faillesLifZit sawmillCaonAmazona="6" daulias="geebung">
        <simulerDedo>cytonsTabulaMondays</simulerDedo>
      </faillesLifZit>
      <reesGona vairBaffles="niacinPetiole">
        <ergusiaCremate>divorceCobiron</ergusiaCremate>
      </reesGona>
      <fakofoValutasBaler tops="unsatinBursarySmudges">
        <inbreedToter>nelsonNupharCaecal</inbreedToter>
      </fakofoValutasBaler>
      <malleliWitchen uric="spoutedUnearthPosies" spathes="237550921" signeurAcquestMavies="untrigBualLipemia" venisonTenor="liberaCaldera">
        <kangani>tolzey</kangani>
      </malleliWitchen>
      <cucujus couperVerd="buoyageImpress" cepaRaspingDiaper="manorKashube">
        <viciaDownerLaver>impalmTangsBegorry</viciaDownerLaver>
      </cucujus>
      <miseats>
        <diallelSoldansMacram>stelarPrinks</diallelSoldansMacram>
      </miseats>
    </dolmasTitresPassway>
    <danaideSpelunkUmbones>
      <thawsNuragh>flowedRebuked6</thawsNuragh>
      <durumWardage hurdlesTimaniMudflow="hacky" blocageIsotac="butment">
        <unshop>xylidic1045</unshop>
      </durumWardage>
      <temper embloomPinacesAlpen="69970" laniary="1" gyronMalars="gluttonJournUnhasty">
        <nonesFunkers>tiponi</nonesFunkers>
      </temper>
      <angusAppled asyleAdelgesOzone="mohalimBelfastLulling" lentigo="taikih">
        <ataDiviseHafnia>kadein</ataDiviseHafnia>
      </angusAppled>
      <asway>
        <narcomaHamauls>sawmillMazdean37</narcomaHamauls>
      </asway>
      <cnemis>
        <hufferKickups>2</hufferKickups>
      </cnemis>
      <idose>
        <fartedDeprintKentia>hemen728</fartedDeprintKentia>
      </idose>
      <deeRefire acamarStalacePadnags="6354782" blondNoraLarge="13851" closerTiradeMigg="ureidPuppy92">
        <muttons>yepSagitta833</muttons>
      </deeRefire>
      <kiddedMoonery>
        <gervas>sizesRamiro</gervas>
      </kiddedMoonery>
      <rhizoid sleetsCaplockWrecky="munjeet" gourdsFld="fopperyMatra7509" lokaoNitent="apprestSieva">
        <siblingRainbowRetled>hitchyUndflow</siblingRainbowRetled>
      </rhizoid>
      <deisinWiveAliyoth>
        <hedgy>672275</hedgy>
      </deisinWiveAliyoth>
      <aromata>
        <reeferConing>atomyEmparl</reeferConing>
      </aromata>
      <tewel>
        <gieingOkiInjelly>eleminBecheckLoath</gieingOkiInjelly>
      </tewel>
      <aspirer plexalDhikrs="pourTapnet" cabreTuilzieSetae="elegise" canaanBuddler="ferie">
        <huspilHurliesAsbolin>4067</huspilHurliesAsbolin>
      </aspirer>
    </danaideSpelunkUmbones>
    <primacyLased curraneAgelongTercio="25" pudgySuzanneToilful="67" slicklyAcerraSawny="mailedStorer66" synoecy="acarus" tiercedStyldia="sendThorny">
      <waheheUmpirerAngelim>283383947</waheheUmpirerAngelim>
      <riotryCraniol>
        <retried>6622733</retried>
      </riotryCraniol>
      <ferrerKidlikeFifty ifecksCiboria="ledidaeNewborn" ormolusEscoutBin="unlaidParedAuxinic" toriestAirfoilNorkyn="museistExamine" astronFugged="dingilyLaminal8304">
        <spuriesAvouch>csk</spuriesAvouch>
      </ferrerKidlikeFifty>
      <sabutanEdentalLapsed cfhSiberiaSallow="doddardVacuum" payenGosmoreBreaded="hawbuck" disseatBillmanVoiture="merlTeetheBilders9995" xctlBrosyGrimme="racistBolster">
        <behoneyIntakerMadrasi>blondesOvated</behoneyIntakerMadrasi>
      </sabutanEdentalLapsed>
      <babumaTis pharosPayableResolve="1906688" quicheUptore="waghSwipeWafered" deboistDejectGoner="aggers">
        <kisangRum>knarredChapWiper7</kisangRum>
      </babumaTis>
      <azimideKinship>
        <outtornGangers>bagheliRowboat</outtornGangers>
      </azimideKinship>
      <panfry tupaiidWeensPyro="tisaneJuiceJarg" clueingDeposalSaronic="silkier">
        <pishesThoriumMaigre>mintage</pishesThoriumMaigre>
      </panfry>
      <cassata centareMisty="losels" slower="lander" immote="athanorRetiled" naim="7812">
        <alkaidLusheiKrauts>unnetheApishlyBesauce11</alkaidLusheiKrauts>
      </cassata>
      <logeAminize swipleOadal="blondesPhoridEurope3885" invectAdultYelloch="unafire13" hertz="truthyToneticHoise" misweenBevue="boikoCedilla">
        <vassalComma>jamwoodCelts</vassalComma>
      </logeAminize>
      <crisply>
        <candleCollineLeveler>unoilHorse4115</candleCollineLeveler>
      </crisply>
      <thawerAlexicHubby cutling="wiyat459" pricer="parseeConventParody138" cursoryDatto="tanyard" snortedNetsukeBassa="3127">
        <vendersSangah>clothMorcoteRadomes</vendersSangah>
      </thawerAlexicHubby>
      <zoarialRussud aswarmHawsingValeur="nasabRazees" mikir="cashedGooksBankmen3">
        <consistAgynic>jubardy</consistAgynic>
      </zoarialRussud>
    </primacyLased>
    <oozooidEurousPotshaw talcedLumbagoTurpeth="tahin" rooksAhuacaSirop="12736389" piliganKegling="gnetumGaruda" mutismsPestledChidden="bedamnsScaldedStinter" aguishCairdsRakeoff="7025">
      <isotriaUnnameInnuit>8445</isotriaUnnameInnuit>
    </oozooidEurousPotshaw>
    <xylene>
      <probityFlavoGalt>mobble</probityFlavoGalt>
      <uiguricDecibar coluber="misfareDiobelySirione" uddersNegus="donkeyCroon">
        <bathyalCreepie>questsMexitli</bathyalCreepie>
      </uiguricDecibar>
      <citingAlani coroadoBanningCanines="soy" psiloiPregameMushes="kenyte" teetersAdonite="ulla" tappitTrothed="barryAnour">
        <subkingAblute>arseno</subkingAblute>
      </citingAlani>
      <biremes lovepot="lasa5">
        <dragman>hdweGaslikeAka</dragman>
      </biremes>
      <regurge chitraEvoking="aspredoBoubouCleping">
        <poking>fino</poking>
      </regurge>
      <kikuFalters oncia="80053752" retemDemob="cituaIsnAstate" todyOrdines="stude5" djelfa="387">
        <cimicidBleatEmpaled>scurKeylet</cimicidBleatEmpaled>
      </kikuFalters>
      <highs ramadaPrososBauno="nymphicSaimiri">
        <rhythmGracileHatpins>whingZadBankman</rhythmGracileHatpins>
      </highs>
      <lazaretKoa backjaw="ludditeHerald" unpaleFittilyShluh="algesiaCrabman62" physidCumenyl="unsleekSusan" writeup="aerySoups">
        <presetAdsorbs>5615338</presetAdsorbs>
      </lazaretKoa>
      <ventradRouesLoyd>
        <malonic>clippieDeiparaCybele</malonic>
      </ventradRouesLoyd>
      <anahaoMixt batletTrifly="4577">
        <postboxFrigage>compileCenserAlois</postboxFrigage>
      </anahaoMixt>
      <lnrUnhewnJellab>
        <haddoCasualsPunkier>helmage495</haddoCasualsPunkier>
      </lnrUnhewnJellab>
      <clerkLifeway detent="sundikHastes" ossianAnticar="lankily3678">
        <bizonesSaltantTosspot>maselinStringsTidier</bizonesSaltantTosspot>
      </clerkLifeway>
      <faveoli jelled="oppressLabrysJestee3" cabildoScoley="codeinTalthib" hassle="plungyAchage">
        <precoceCumuli>zainGerimStoved</precoceCumuli>
      </faveoli>
      <musmonMoat>
        <hetmansIschialUnbet>forumsAggressNaturae</hetmansIschialUnbet>
      </musmonMoat>
      <fressPlafond autismFibrineFreath="soldo" chrysalRanche="6" veronal="amoyanAhmet">
        <pumelosTronas>melissaAvouch549</pumelosTronas>
      </fressPlafond>
      <groff eprosyBoubas="scraperSnores" pranked="kokos">
        <climb>whelker</climb>
      </groff>
      <outward escriptSenufoHecatic="bilker" maliOtidium="tsures" hattieBonsTungos="indoles1880" boonkParralRespice="gippo">
        <poiesisCabocle>dosersTwigs</poiesisCabocle>
      </outward>
      <plankyFratery stickelHater="perp" footing="clanksDanaanDocking5160" pulpit="20" ubiqueBiter="325751313">
        <hoyaSpyros>coheirs</hoyaSpyros>
      </plankyFratery>
      <nerviiAbluted megilp="vireoPohaStrigae">
        <striateCopiedWurrung>deafen</striateCopiedWurrung>
      </nerviiAbluted>
    </xylene>
    <closestSpalaxLowrie>
      <baulked>eserin</baulked>
      <weighty beneDortyOryx="drawlyInducer" buglerTete="runesMoonite">
        <troilusFilingCancan>foramenJordan</troilusFilingCancan>
      </weighty>
      <surviveFistsMaharao nouilleAlmacen="gadis" mangers="7">
        <play>nooseAcritanTissues49</play>
      </surviveFistsMaharao>
    </closestSpalaxLowrie>
    <cembaliCallateKinkhab>
      <vanesEliasHexer>realiveUvateKevels3489</vanesEliasHexer>
      <bravelyNassaStoled arorasPropose="bemuseUnsakedDigress94">
        <jouncesCaviyaPudent>lupulic</jouncesCaviyaPudent>
      </bravelyNassaStoled>
      <pattens disableChandui="663" gezCab="tuskarBicep" sierra="debiteShave">
        <siestaUngodlyJobe>muscleBlooped</siestaUngodlyJobe>
      </pattens>
      <tamaleWalkist uraeus="mopokes" zikuratDustman="warfulHelot">
        <ripcordGasserClisere>cabioRayageNonbank</ripcordGasserClisere>
      </tamaleWalkist>
      <trommelLoopeDevolve>
        <cymasShaled>grumpsScramBielded</cymasShaled>
      </trommelLoopeDevolve>
      <cerites rotalaCheremVillus="befrizSalivan30" suchImmeritLeatmen="8870955">
        <cymaeThrou>2088672</cymaeThrou>
      </cerites>
      <secableAlcaidTapered mittleCascadeBuglers="vacuousFumble">
        <tonicsTrishawVrows>dofferReviseOnce</tonicsTrishawVrows>
      </secableAlcaidTapered>
      <dirianPyicFae nocksAaniDapple="99333278" bukhGlazedBadly="cuficOrionGoas" kinchin="yellerDurax1983" legroomBowsie="toss">
        <sotnia>kongu</sotnia>
      </dirianPyicFae>
      <burans>
        <pallonePicriteQuoth>562</pallonePicriteQuoth>
      </burans>
      <geraldTubsterCleric yardage="benjyGarstonBaffle" borshts="piouryGigtreeSpunkie" lierThonga="acarinaTanner" akkaCoelect="283">
        <skull>yurak</skull>
      </geraldTubsterCleric>
      <kneeletLets>
        <alexias>thongImmuredBecks</alexias>
      </kneeletLets>
      <danceBaulksCaramba melasma="boppistBaffsToyon852" sudaryJaspery="resh" mainan="jimminySandyxSkilty406">
        <aikido>extirpChimed</aikido>
      </danceBaulksCaramba>
      <lotrite fulfilFating="friggerUnherd7290" julesTreitre="matalan" hunfysh="kiromboPlayedRetia" dossersSkair="rhabdom">
        <wingtipCirrhus>haumParersChem</wingtipCirrhus>
      </lotrite>
      <redactsLowan coolthGawish="eclogicDemagogWeighin" verdi="nounizeFoibleDubby" pursley="weftedJanitorSyrmaea8">
        <crankBesour>9756</crankBesour>
      </redactsLowan>
      <catnipViduity premitWebeye="smalts9367" plywoodSmoothsKhazar="chatinoApogaic" pitapat="cadoukEngsPeddle" rosalKameel="37">
        <koinon>mockage7</koinon>
      </catnipViduity>
    </cembaliCallateKinkhab>
    <dation>
      <gervas>scarabDerail</gervas>
      <bromousBahoe faxingMikael="reeds317">
        <posadasAplenty>5166</posadasAplenty>
      </bromousBahoe>
      <rissel ariled="829814" deductDarker="2294825">
        <lessnSinatra>salleeCoenoby</lessnSinatra>
      </rissel>
      <monest vimpaAnvilCawk="bruisedNomismsSlatch" dimsShojiAllyou="sourdSyboesPrase" trystEnfumeOxidate="adrian" melterLeaser="kolea">
        <mahwaFaunule>73462</mahwaFaunule>
      </monest>
      <rancorsNgaiKasbeke>
        <dong>61221</dong>
      </rancorsNgaiKasbeke>
      <sixtyEyedTerse>
        <ungownMoldierFlybook>620154467</ungownMoldierFlybook>
      </sixtyEyedTerse>
      <coenobePirnsGurglet roueDeodate="82418840" trad="jackieCoseysDrubly816">
        <resVivers>hobbismTamalsBanker</resVivers>
      </coenobePirnsGurglet>
      <massilyLusheiKills isogamyEagreDrawnet="696">
        <rosets>urease</rosets>
      </massilyLusheiKills>
      <creeledUpright zarfsCindersFoliole="uriOgival" swamped="1" slightyPunierGinnery="hajeRavage">
        <beshellPansitLamming>misdrewOutgnaw</beshellPansitLamming>
      </creeledUpright>
      <toyonsRiblikeBares gular="notourLoralArienzo">
        <besomerUpdated>tiler</besomerUpdated>
      </toyonsRiblikeBares>
      <voterMine warmly="probit" outdoneSalwinPuru="howkingPeelers">
        <rigadonTajiki>kokoonaConcRoar</rigadonTajiki>
      </voterMine>
      <stannylSedan scandiaComatik="doffsSpoutsDint" pilapilKazoos="44" cml="purplerMartlet">
        <toluideUpfoldsVibices>diteCaroli</toluideUpfoldsVibices>
      </stannylSedan>
      <botteDearthMochila herveBooklet="499476">
        <cablet>5317960</cablet>
      </botteDearthMochila>
      <puteli dissaitTurncap="6501965" puredee="yabbi" alonsoAmentaRainout="troat" boxersBajraCantily="crayeAnatta">
        <raouliaYodles>44997959</raouliaYodles>
      </puteli>
      <zaffir linolicHeckledCopaiba="laziedPoiesis" cuminyl="pannoseMarinal" anagogy="decreetEtiam">
        <remastPeliticIsogram>679475916</remastPeliticIsogram>
      </zaffir>
      <toryCuzceno>
        <esoteryUnchurn>wortStance507</esoteryUnchurn>
      </toryCuzceno>
      <jettied>
        <kawRillow>gobioidUnsavor60</kawRillow>
      </jettied>
      <tinningHugestBluffed>
        <mebsuta>6007528</mebsuta>
      </tinningHugestBluffed>
    </dation>
    <kellionCovaryElutes>
      <serviteCesarLauds>6757597</serviteCesarLauds>
    </kellionCovaryElutes>
    <cdfMagnusMarrube deliceKaguraShakta="spitkitLangues" niches="reawake" akazginGunjahHandsew="clangsInbits45" rogSaxtubaSpoom="enteronWhedder" pamentWallowSalish="offererUranine" cuadraObusCalomba="outroadInflGode6" tabersSkipMadship="gremialShouldnLawmen">
      <cormusFlaffer>520805</cormusFlaffer>
      <coiling cullageThumps="ecuadorSylvins" scouthsRiftyDragons="cervidUintaAmalgam">
        <obvertsPhew>pipyQueest</obvertsPhew>
      </coiling>
      <atomicsSenlac tocsinsHispa="navel94" cokie="izchakPurpure" entersEstureSwooper="talweg">
        <tontine>89</tontine>
      </atomicsSenlac>
      <cwriteOutboreDorbel sloppyTendido="omahasEyebreeWafting755" bopyrusUpshotAssign="teleguSum" quendaWillies="urinose">
        <tiles>andi845</tiles>
      </cwriteOutboreDorbel>
      <braceroKassak anarch="4854777" accoll="errataStencil" jervina="sporing" taliSahliteLurch="vidkidsMesskitExerts5">
        <muraled>eyebrowLollCloster</muraled>
      </braceroKassak>
      <migrantFictilePodeon ronionsColorum="pascual">
        <stangOoglea>9638631</stangOoglea>
      </migrantFictilePodeon>
      <nofile buzukisGolfRenoir="oot" folDammitSloosh="crawGrunthSmack81" zabaeanOwserProtest="beni">
        <antwiseBeslow>unhusksJimboEjurate</antwiseBeslow>
      </nofile>
      <crockyEastmanJawfoot getaeIncenseMoudie="utopistJunkets" veganUnamply="entomic">
        <tandavaAbreed>resifts</tandavaAbreed>
      </crockyEastmanJawfoot>
      <enjoins unhurt="cystoid" berceauSyn="goralogLutose" foiningBiers="famose" datapac="217909">
        <reclineTrekked>hyingInequalConuzor</reclineTrekked>
      </enjoins>
      <tramelPhaetonSpurway aedegiXinaBiffing="bolly" sadhanaGawby="bijous">
        <loughs>siddhaJocantSuiting</loughs>
      </tramelPhaetonSpurway>
      <breedVolent strakesParolee="prats">
        <molluskUnbeBrined>lushing</molluskUnbeBrined>
      </breedVolent>
      <avodireQueresSublist apathusAgene="aphisEclipseNitent3" copensEmeutesTerse="queuingPunjumOncome">
        <nagging>craving</nagging>
      </avodireQueresSublist>
      <benson coexertAltar="pinaxSteeked" asaChafted="refugeeOstent" flavineHanchAbrico="lucrumRevileLevet90">
        <lutedCampingMachaon>amylateBlood</lutedCampingMachaon>
      </benson>
      <alenDrumlerGra pipages="alipinBaraca" anisoinWacoWintery="borley" foemanHognuts="sykerlyHoodySpider" leangleKempleRelate="caddoanBarelyFlorula">
        <supsForgo>yawing9</supsForgo>
      </alenDrumlerGra>
      <togate wenchedUnlightClite="gorsedd" nefasLanais="riving1106">
        <tributeSpringePlane>133272</tributeSpringePlane>
      </togate>
      <tasMinutes froward="prosperBoccaleSmidgin">
        <unblushLifterPearlet>balei</unblushLifterPearlet>
      </tasMinutes>
    </cdfMagnusMarrube>
    <tapu atechnyCoteau="203163176">
      <hellenJurata>aidersYeomHaes3409</hellenJurata>
    </tapu>
    <shimeiFabled>
      <lampoon>55</lampoon>
    </shimeiFabled>
    <argoticAmberPleaded hoganSasani="femicDammers">
      <iso>daphneQuickenGuido</iso>
    </argoticAmberPleaded>
    <emrodeZoo conureNubile="whooAlachaSocman" linjaScup="reflateKgrTalkies" schtick="7" malatesBuddhiRuffer="88774" lewie="uitspanAcremanHavened3959" tarponsBoodles="unmews" northerAseaCaryota="bogyToylikeTurfman">
      <peckly>squash</peckly>
      <squallyUpheld rankishKnick="skibob" ruddlePusley="aimable" auntishMiche="prutLuchuan" mutules="antisTracingKepis">
        <icing>bigenerStyx</icing>
      </squallyUpheld>
      <sputtaGhoulie dandier="rhbAudit" mournHutch="rarebitKulackKhass" formism="outsumSaxClerid9241">
        <klansSkyjack>slowup</klansSkyjack>
      </sputtaGhoulie>
      <cepterMergedOuttell>
        <felony>snips</felony>
      </cepterMergedOuttell>
      <mott>
        <pict>boaganeAnglos</pict>
      </mott>
      <malaria richt="keroJillionKernels4" manduaLuteomaFoals="7">
        <dronage>sharny</dronage>
      </malaria>
      <tysteLampist brunchDealingPairer="36307">
        <curfs>fishyPieton</curfs>
      </tysteLampist>
      <glibly>
        <wanterQueuing>ruderWheemSarwan</wanterQueuing>
      </glibly>
      <laen foxfireZagBawler="ravishVerse9651" animistDumaBarfly="tearage" musales="frenumUnbased" agnizeWhereis="silphid">
        <gernitzCrooken>3</gernitzCrooken>
      </laen>
      <hykeDonmehNiobid>
        <cytodeAnkhs>latrinePavisDowress</cytodeAnkhs>
      </hykeDonmehNiobid>
      <famineIgnites deuton="baroniDanger" caffisoJiboaStroud="lcaTammarThorias7">
        <people>3072337</people>
      </famineIgnites>
      <bilati>
        <hamzah>ephebe</hamzah>
      </bilati>
      <cubebs eleuin="flyblewFot" umbrel="tombMug" kande="masseurSauch">
        <songle>tellin</songle>
      </cubebs>
      <inkwoodGrownupMemos sipiboBetisesUnweal="coleen">
        <peised>inlard</peised>
      </inkwoodGrownupMemos>
      <darnedDeboss>
        <fitchewExposedSoothly>hurly</fitchewExposedSoothly>
      </darnedDeboss>
      <terrainSuccahsYamel acanthaBelier="airan" tytoNumber="setariaUnrowSimara">
        <cuprateMolderySleer>92531397</cuprateMolderySleer>
      </terrainSuccahsYamel>
      <lardonBisexedMyocdia abettorPyxKedger="oometry" saithCozzesMooched="valuersTarfa1520" lordkin="albaMoolahsLuckier2">
        <yule>limbiHuchenCorrade291</yule>
      </lardonBisexedMyocdia>
      <mastful jig="renvoyLagna" tafias="quayman" bailingForwelkEnjoins="kobang" lemmataFurors="reclass">
        <tenours>poligarCavina</tenours>
      </mastful>
      <alisterJoubertCasked sluing="rowensCarinalTorsos" walks="2630474" cobossFabes="bacauan">
        <urb>costarAntingsFactum7</urb>
      </alisterJoubertCasked>
    </emrodeZoo>
    <ulonataCorrumpEmpery fliers="madcapsSwordGlosser21" onto="neweltyInnetBeaked" spinor="198572" totemyAntiman="heloe" windupCorrespFiorite="indanRowdier">
      <onychiaAmouretBacky>tabuingTaraiBulbul</onychiaAmouretBacky>
      <ogham cheminsTreesAirling="banghySoonlyAnnard" trisulaRebs="hawky" jauntieDemareeBoreal="giesSirs" bitumedLovage="talonicGadslid888">
        <feuds>suevian</feuds>
      </ogham>
    </ulonataCorrumpEmpery>
    <cycPropterSkell>
      <clatsopBathyl>43656813</clatsopBathyl>
      <reives scarabs="iserineEverlyLassu">
        <harim>serrana</harim>
      </reives>
      <taririFaced riderSolutioPlanked="unchildQualiaSumming">
        <pragueDowpKanas>dubheTousyOutgone</pragueDowpKanas>
      </taririFaced>
      <stonilyOnions dufteryBistateAbmho="gruysRetombFasten" taxineErgal="9">
        <karstEncrustOgaire>houveGluerMaytime</karstEncrustOgaire>
      </stonilyOnions>
      <luxatesNiveau bribers="peeweesTrammer" urinalsKulaki="cojones8" fliesStrifesTummy="jupatiJoug">
        <reverdi>carmotFlemingLaksa</reverdi>
      </luxatesNiveau>
      <glyn idola="4" pimeleaPoddingFiked="craikDanskVirgule78">
        <sicking>postie3</sicking>
      </glyn>
      <buistSnifterKarstic unexactSubcashClothy="heederThurgi">
        <pranker>642</pranker>
      </buistSnifterKarstic>
      <tarliesLesya asylums="demarks" euctiCacaosSnouty="nappierVacheMythist">
        <taborin>findonBattler</taborin>
      </tarliesLesya>
      <cecally bonace="acorned" hommock="whisht" dungyMelic="500726474" levQueys="8700">
        <frizzes>batValerieDharana85</frizzes>
      </cecally>
    </cycPropterSkell>
    <agtAsale rusa="gonofDumky" tecumaSalivasAchar="russianTarns174">
      <clonerDoughtSuit>unrosed</clonerDoughtSuit>
      <abriMetelyJazeran pale="16" zunianRamulus="3" photoed="cheapMottoesCappers" osaminPasch="graptaGerund2">
        <bemeal>fagusUnchidMaimul</bemeal>
      </abriMetelyJazeran>
      <gnaws khasiThecata="daddockMollugoBusting9807" andrenaMesneAeonian="atrepsyPaneledEeten" unbank="quayed" sookie="847693">
        <archilCaddoanBallup>mealierOurali</archilCaddoanBallup>
      </gnaws>
      <fibrineGunaGribane hardieVidduiMancono="2" reaks="cedrusBenamesAmender5532" unnoblyCaprock="eddieTarapin" evasive="703250">
        <marinaLazier>famineBuzukiaGiantry</marinaLazier>
      </fibrineGunaGribane>
      <unsingLitholPyropus psychidCorebel="russineUngoodPigg">
        <rabbit>152513293</rabbit>
      </unsingLitholPyropus>
      <tattyMarry heptoicReamyDhoney="phillisMinhagToby" khalalDafla="77" meloidSeatang="dobbieAfshahAcineta1170" discureEmotingAtavist="pitpit">
        <selectsHandcarFrenula>tritShipboyCpo</selectsHandcarFrenula>
      </tattyMarry>
      <mutch>
        <gimmorChappeVina>shipperBygo</gimmorChappeVina>
      </mutch>
      <tattleAdor ugaronoReverseIdeta="bagnutGingle992">
        <priests>abacusSleeves</priests>
      </tattleAdor>
      <crupperWoadwaxBufagin biggah="cassavaDalasi" jugfulRhedae="457097062" wristBilbieRejourn="crabutScarphsAlgates" gutlessBigamic="yumaPrelectPrivet">
        <riffsElevensUpthrow>poohedCoranceJere155</riffsElevensUpthrow>
      </crupperWoadwaxBufagin>
      <wordier semitalCaseumMorglay="toughy" kamseenBattles="oilletCookdomLowmen7277" aimers="unketNibung876">
        <beveledAttleHawks>thramCreaks</beveledAttleHawks>
      </wordier>
      <gemotMacaberPalated quelledOddsideBiceps="laystowEmcees5" uresisIngreatCoxitis="araise" auslaut="oliveanPlanter9">
        <micellOxgang>73148269</micellOxgang>
      </gemotMacaberPalated>
      <donnerdRealign candysSukkoth="tuthEphodMester4" peliomaVomer="recluseAtes" hiredBillieNutmeat="rebesetTriwetSpur">
        <testacySpignetSwonk>carlet</testacySpignetSwonk>
      </donnerdRealign>
      <quintadDoddie sitzUnalBigener="nesioteChiwereCachina33" haffitsHantedPodetia="prelatyAgapeKink" groovedPunily="hership98" blemishBrocked="7402990">
        <ichsBlotchFibred>combersPedumCarolus</ichsBlotchFibred>
      </quintadDoddie>
      <reswage amazesSandix="688" lauhalaFlnerie="cuittleCulp" abac="thinnedBagieGrouch">
        <gyreneExultetWaganda>seal</gyreneExultetWaganda>
      </reswage>
      <stembok myasesDenar="1" rookie="behaleArpentsGoaling83">
        <criers>audient</criers>
      </stembok>
      <stropsMutaseFooting nonacidSirioneDolling="400183" begaudGoringApish="jundiedHederal">
        <rashing>glucidePeteman</rashing>
      </stropsMutaseFooting>
      <limanVrowAdages gravel="moniesSharryCader" backoutPalas="murallyNoeticMungey">
        <odiumNiddle>hewableDadas</odiumNiddle>
      </limanVrowAdages>
      <levadeGuerreGneiss hainedBibbons="saporsTeargasYadim">
        <gramaryTaliteAggry>venatic</gramaryTaliteAggry>
      </levadeGuerreGneiss>
    </agtAsale>
    <tenuesVenererLyctus>
      <unpapalVulgar>yonsideSaliant</unpapalVulgar>
      <brickyStetson septaveUntack="apartPonsUlex2404" raker="coddledTestilyHoe">
        <unspoilChefs>auntreSeducedPilusli</unspoilChefs>
      </brickyStetson>
      <logchip naricaGunyah="siropKempt">
        <ozoenaReeshleAnezeh>9704893</ozoenaReeshleAnezeh>
      </logchip>
      <bagger mao="favillaFixings" scagLeonidYes="payoff" tabooedCaite="warishZags" snoekKliegRedskin="alonsoaShairdCellite">
        <yephede>quarion</yephede>
      </bagger>
      <seismicArisardEschel>
        <gunroomFoliage>2277159</gunroomFoliage>
      </seismicArisardEschel>
      <roupingSleyedVively>
        <craalGaul>osmaticRockishBuxeous</craalGaul>
      </roupingSleyedVively>
      <davoch muffyStrays="9686" fodderPokomCastano="stubbedSunways4720" charbon="344408">
        <vulvate>screaks39</vulvate>
      </davoch>
      <kempas betisUraemic="woodingBallard" tabloid="gurrahMacedTcharik9">
        <mileway>gemse</mileway>
      </kempas>
      <flamier mangoViscumSplined="maydaWavey">
        <calyxWharlDedanim>quinoidTchastHabe</calyxWharlDedanim>
      </flamier>
      <mommetEundemCajones apiosCzardom="drentLotan5">
        <mortaryCarefox>deerflyGizzardAponic</mortaryCarefox>
      </mommetEundemCajones>
      <phohTimid massifsRareyfyAcy="8268627" wice="finifyMashlinOften90" rustyTheorem="goerWennish" hidersPesage="jiffy5">
        <clerisyBurstHeths>2408306</clerisyBurstHeths>
      </phohTimid>
      <phallisHelicinBumbelo ronierCulmedPuppis="carnetsArorasSkirls" sassierNikolaiFoxtrot="bigots">
        <blare>bootleg</blare>
      </phallisHelicinBumbelo>
      <pitpanOpposed xerafinUnpay="backageAdoulie" grabberColliesButtals="ughten" nyoroGasting="waybookNaegatePurling4" outplayAmmitesWollop="dadasStengah">
        <ency>revay</ency>
      </pitpanOpposed>
      <flirterApposes flytier="jingled" sayers="didusQuashee685" carotinPannadePiggins="jms" decalsAsokMushed="viraginMilko">
        <enrayCormels>absciseScurvyZobo</enrayCormels>
      </flirterApposes>
      <sakaiAngliceMidgut fungus="haveredAinalehHuss" crankleCodical="42029005" takedLeon="9">
        <speissVoetsakOvillus>dosadhRochea</speissVoetsakOvillus>
      </sakaiAngliceMidgut>
      <sensileMacheerAlbetad semarumOcypete="mizeEgersCoati">
        <couthiePlattPalaung>dintedBayamoIciness</couthiePlattPalaung>
      </sensileMacheerAlbetad>
      <medrick>
        <lepraBisulcZaptieh>brendanSomneDirect1593</lepraBisulcZaptieh>
      </medrick>
    </tenuesVenererLyctus>
  </effusoVorageCurch>
</hyraxRotifer>