<?xml version="1.0"?>
<chipper>
  <irbis />
  <rubbers fittier="kiaughReguard81" stoutenNeedLungis="sniffBurtreeAtopies" maad="resoak6581" enationEmesesUragoga="saftPinteCoseier" />
  <blows rayful="enzymsCaum" besneerArboral="mowland" garoteBerettaKainite="recumbAcrasyLilts">
    <huzzard rollingPillasGalileo="arnautWunteeImbues" gommierCofferShag="allotsBoitesPorism">
      <mucksyPhragmaDaddles>wakens</mucksyPhragmaDaddles>
    </huzzard>
    <smackedItaves pullet="sirenicSeewee" maddingBeleftBezants="edifice" vendsPublicsUvala="siloHault" woodcut="216956164" gugliaFinchPias="656846" daypeepPhillisWheely="16">
      <mesked>499361</mesked>
      <speers>
        <herblet>cuffed</herblet>
      </speers>
      <caukSaudiSages snoozes="750506" lacepod="arrodeSpathalMuzzler">
        <folkseyEnsmallRaucity>clepButanesChukka79</folkseyEnsmallRaucity>
      </caukSaudiSages>
      <chordsWacapouMasarid>
        <fatsiaBechalk>baumierShrewd</fatsiaBechalk>
      </chordsWacapouMasarid>
      <alkanolRecceScomber>
        <how>305</how>
      </alkanolRecceScomber>
      <termedUnread beiges="bahmaniRoberto" rubs="jargoon" tautlyGoyanaSuffix="apposer">
        <vesbiteBonkersCentral>pegoxylReveledOrigin48</vesbiteBonkersCentral>
      </termedUnread>
      <myalgiaHonourUnweld wreaker="pandersBridgeTorsion">
        <pointelLogeionWannest>unbloomDynasty</pointelLogeionWannest>
      </myalgiaHonourUnweld>
    </smackedItaves>
    <tootlesAblude phyleCrenate="poplars4235">
      <idaean>oophoreChilean</idaean>
      <feltsCloofLuffer bimasCultishRatines="3" nappierAchete="rubyRheidae300" aulderHostingOilers="shills" swizzle="krafts">
        <forgedHao>upheldReposeNotated9</forgedHao>
      </feltsCloofLuffer>
      <azoSemsemThon proetus="prepays" shiftsCarouse="93497454">
        <unfirmReshows>tobiahVoidee</unfirmReshows>
      </azoSemsemThon>
      <uiguricDaintRebias>
        <grantTarriesAmeed>manchusWhumpedFause</grantTarriesAmeed>
      </uiguricDaintRebias>
      <melba mammalsBerime="9142143" rottingBoomkinBoba="boy">
        <hurried>velPoints6</hurried>
      </melba>
      <djinns>
        <manumeaWanesAwmous>prolesTalishi</manumeaWanesAwmous>
      </djinns>
      <replod subs="creda" whitensUnbud="manteau6379">
        <daubs>trikayaBaizedReflog</daubs>
      </replod>
      <acrazeAredMopeier>
        <ranidaeAttame>bannatYereHijinks960</ranidaeAttame>
      </acrazeAredMopeier>
      <willer khalsa="sleck">
        <gladyErrable>soken</gladyErrable>
      </willer>
      <rabotJohnin vimpa="5680" pettah="delice" springyPistleUncave="634708">
        <dewar>gamefulBeadleLintie</dewar>
      </rabotJohnin>
      <oxgateTouslesWhiz baxterBorrowTeazels="vip" outliveSeora="2387613" cumminRolpens="whealedTarrify">
        <miry>34598419</miry>
      </oxgateTouslesWhiz>
      <ssingAbreid laves="643">
        <theetNicene>marnixRagwort</theetNicene>
      </ssingAbreid>
      <stolonRailman quipsAphthaeRottock="aptian" rams="solano" replanCleech="boterolKnetchButs">
        <edility>1740</edility>
      </stolonRailman>
      <verses satyridAnatoleCithren="3121002">
        <cymene>lichensRuffs</cymene>
      </verses>
      <bifaraTahua eoithHexone="fossule" annoyMudpack="baffledFringy" alpinePishedYerking="spaeSkemp">
        <almugsAngels>rajesLockyer38</almugsAngels>
      </bifaraTahua>
      <yonkers knudsenAcctsFlame="agadaSunSaxtie" stickitUnpawed="lampletBaloo">
        <rereadRaked>raptlyDarat</rereadRaked>
      </yonkers>
      <sonderGummed seepedShishamLathen="retell" siamang="3311">
        <tirrlieRadeur>nauntYawedPotteen</tirrlieRadeur>
      </sonderGummed>
    </tootlesAblude>
    <veilersFullTrunk>
      <styed>shower</styed>
      <fontina spraingVeiler="283229">
        <spiffed>kabikiFobsConin</spiffed>
      </fontina>
      <gleary medimn="misticoUndoseEupione" affies="ramtilCreeshyTienta">
        <nuggetsPoongaAdaptor>2165143</nuggetsPoongaAdaptor>
      </gleary>
      <gumbo>
        <rattishTarbushRemelts>113099</rattishTarbushRemelts>
      </gumbo>
      <purreeSplitFibrose>
        <shrip>farfet42</shrip>
      </purreeSplitFibrose>
    </veilersFullTrunk>
    <scokeCucujid>
      <temblorCopoutKnoppy>teconDariiRumania</temblorCopoutKnoppy>
      <geckedDrillet cernedMammalCults="fatals" statute="venoseJewbushSekane43" themesPsocidsBespeak="greets" molmen="inwitBlashy">
        <noodleReaper>404786831</noodleReaper>
      </geckedDrillet>
      <calkers banaba="51" diamb="nauger170" tereusVenged="pili" ocyroeTrammerRabfak="cashing42">
        <giantryEmforth>pruntVictrixUnperch</giantryEmforth>
      </calkers>
      <hibitosStainer cacanUnset="mermnadWarison" pacewayGifola="aspcaSanct">
        <tornusMarangObitual>tinder7</tornusMarangObitual>
      </hibitosStainer>
      <manid arctanCacurGlomus="guarico">
        <hiram>sialoidAlloys</hiram>
      </manid>
      <karouBrebaEnstate>
        <hygeiaSeconalGodship>16</hygeiaSeconalGodship>
      </karouBrebaEnstate>
      <cynthiaAlepot tupiAnchorJellab="hoist">
        <judgingPretry>971</judgingPretry>
      </cynthiaAlepot>
      <lateens parmackTrayneTumboa="83841670" truantDecyl="brace55">
        <hindsWhats>loinedThurifyFidawi</hindsWhats>
      </lateens>
      <fermailUnrovenEskimo motetus="yeaned">
        <lanais>harns</lanais>
      </fermailUnrovenEskimo>
      <yafflerChangs pridy="evenly">
        <nooseGuttar>auriteHalbertPullout</nooseGuttar>
      </yafflerChangs>
      <versorFrowstCancha kindsVertu="woodieBaizasMagical" dabPiperlySuspend="waxwingRimrockPalas" ureides="reduceRarest">
        <splosh>nutletsLouvred86</splosh>
      </versorFrowstCancha>
      <kowhaiElchee midwestSutra="telyn">
        <abulicRisings>craningChums</abulicRisings>
      </kowhaiElchee>
      <spooksTamIsthmia imbruteDiabolo="shoalsCuchia">
        <turbit>stridesHighishCasts</turbit>
      </spooksTamIsthmia>
      <pinonesNonbook mouthyRectorsZanjon="enuresDerbiesEspy" singhAnchoicRist="yox" separte="grecqueSnacked" primelyTwinsOhed="legenda">
        <insultEarpick>601856</insultEarpick>
      </pinonesNonbook>
    </scokeCucujid>
    <ruddlesFiarForkman>
      <numbedHaptor>gritty45</numbedHaptor>
    </ruddlesFiarForkman>
    <threose>
      <zogoMeikleTalaria>9543</zogoMeikleTalaria>
    </threose>
    <curableMealock>
      <nervosaHermit>upseizeJianyun</nervosaHermit>
      <sylphsMallein>
        <loki>spurlet</loki>
      </sylphsMallein>
      <advoyer epiloia="pusscatArrest" broadly="washersTenoreAladfar">
        <gelatesCominoCumene>tigreHamzahs</gelatesCominoCumene>
      </advoyer>
      <cloamen reacts="vendeesMoreenAlfione">
        <biopsic>treagueReyouthAngor126</biopsic>
      </cloamen>
      <subalar ginglmi="waffing" douceLoping="ekteneSaintly" janapanTritaph="978395">
        <tachistFatheadGoorals>yawingFondue</tachistFatheadGoorals>
      </subalar>
      <ceruses upcryCitolesPontac="legist" boltingJettingBinocs="klatsch">
        <thaeAinusIsander>purgedMetanymTrolly</thaeAinusIsander>
      </ceruses>
      <dipteraManille siccar="beduinsRioter" mymar="alpiniaCoilerJoubarb">
        <casing>78</casing>
      </dipteraManille>
      <boomers affichKendo="palmistJauntie282">
        <polisKhedasRantree>dhundiaDecussCramp</polisKhedasRantree>
      </boomers>
      <ladyfy chesserPennillHagfish="turion" carlageGalgalMandan="486755932">
        <pert>zitisRipple</pert>
      </ladyfy>
      <favellaHerdmenFreq scroochTyppDyvour="kumaraLicourBarks3" yetlinWeanlyDvorak="soccage">
        <pterealLeafedRend>quirkyAleak705</pterealLeafedRend>
      </favellaHerdmenFreq>
      <origansForemanUnsnap antitax="tethery" alliumsGamely="sunnud" lippers="wolfer">
        <syconesStew>7</syconesStew>
      </origansForemanUnsnap>
      <phylumTabret gangPropyls="23">
        <drinkerInsunk>senecio884</drinkerInsunk>
      </phylumTabret>
      <andirin>
        <podgilyMyceles>perchaReginaeHenpeck</podgilyMyceles>
      </andirin>
      <zymoidResee varlet="carienNascent" avengesBaioc="goi" iambFroglet="pocul9" equatorUpholdsTelega="bondersUnwoofCalm">
        <luckily>gitanos</luckily>
      </zymoidResee>
      <adelingAlangePhis arrayCobwebs="sabineLeer377">
        <donasMaia>crimpsUnhighGuanays</donasMaia>
      </adelingAlangePhis>
      <bummelGoudaDozer>
        <batters>78460</batters>
      </bummelGoudaDozer>
      <snobberFingu hamePattara="skipman" dolmasTawpieErect="359858486">
        <roasterTheban>semianDecibelSavarin</roasterTheban>
      </snobberFingu>
    </curableMealock>
    <ballant>
      <rotulus>basquedSeepingPrimers512</rotulus>
      <gumwoodFoldedAwheel barbleTurkle="zygosisMaconOracula">
        <fasting>outside</fasting>
      </gumwoodFoldedAwheel>
      <etudeGoldang patandRimpled="parSuturalArcheol" dirledBillowDassies="hookahs5" alucoComates="saulge" larcin="hafniaIchulleAgata">
        <rapportWime>bimorph9561</rapportWime>
      </etudeGoldang>
      <bothwayDaviesMutases hor="9" jargoon="wribleNeedham" groaned="ledgerBedeen494" vizslaCocuyo="tubemanSoorawn680">
        <cowageDharnas>bonnieHooping</cowageDharnas>
      </bothwayDaviesMutases>
      <spatzle gerGreigesLobby="nogai227" feeds="custodeMannaNeighs" sardsEndere="32" lakmusYakutatPlewgh="alarm">
        <rentTeazel>tunablyDegassSerbize</rentTeazel>
      </spatzle>
      <lawton polygamInglesaScrunty="calzone">
        <svan>bluishPincheHacks</svan>
      </lawton>
      <spooks shiller="2135" tramels="locarno8">
        <jampanIngenioFanfish>8951</jampanIngenioFanfish>
      </spooks>
      <osirian lochsPalpHontish="absAvicide" waratahAlture="away" badnessBunkIdols="seconal" slummyBabcockManbria="davyumCavemen">
        <exalterKefiric>mozingLaten</exalterKefiric>
      </osirian>
      <tepas pommery="bordure" smearEnates="plenums">
        <polentaNoddle>razziaPrediet</polentaNoddle>
      </tepas>
      <wickerBobstayRemock relotLaicism="arleng" befanLitotesNutter="caimanRhine">
        <snoodsMuxBpt>maycock</snoodsMuxBpt>
      </wickerBobstayRemock>
      <flapperPavaneSerment alley="freewayVicar">
        <dating>liveyerAggadic</dating>
      </flapperPavaneSerment>
      <violentWashersAsleep rodneyUnwrestZlotys="709078">
        <peeryHerat>58506</peeryHerat>
      </violentWashersAsleep>
      <sloneBodonidNudger reseaux="estadel">
        <honksDoctor>conchol</honksDoctor>
      </sloneBodonidNudger>
      <localesRehaul pilisNaled="8205">
        <impliedElusive>fausant</impliedElusive>
      </localesRehaul>
      <hoistedFervCervoid aprilisNates="commieFylgjurHopeite" prevailSirship="nipa" agraceFinaleWinepot="968" hogwortDirgySuaeda="swankie">
        <testar>494853827</testar>
      </hoistedFervCervoid>
      <clingRhagoseAirfare zones="beersBayamo">
        <hashiya>4072</hashiya>
      </clingRhagoseAirfare>
      <ottomanBolisMegasse cymesPoisChotts="hdkfChabuks34" teameoArake="alfakiWassie" cered="worsenDowdier" simialFossilProvost="84">
        <tush>rebudRidgesReveals</tush>
      </ottomanBolisMegasse>
    </ballant>
    <adangleElainsAbacas giltsRussifyLoyal="38989960">
      <kinooLedgier>awarnPanpipeJingbai</kinooLedgier>
      <alepotNorkScoad ninthMeeks="myocoel" biasing="73">
        <anchorLianesAnunder>9755</anchorLianesAnunder>
      </alepotNorkScoad>
      <tinosaAngoiseEnecate upgazeCockiesMatcher="28" unwan="renterCraunchPosteen897" pointesCrowdlePulv="39112866">
        <trainy>lirateDamning</trainy>
      </tinosaAngoiseEnecate>
      <spires>
        <greundSughed>rebinds</greundSughed>
      </spires>
      <bullishRecantsClosets ogamSjomilaClouded="mulledPiratesTechier8735" gignate="851">
        <lawnsUzan>hooch404</lawnsUzan>
      </bullishRecantsClosets>
      <veldsMimbleDft pani="danzonPupsUpskip">
        <poesiesYuman>9020369</poesiesYuman>
      </veldsMimbleDft>
    </adangleElainsAbacas>
    <rousersBlastsImpacts>
      <incarvePeckleOaks>skeanesCundumFraiser</incarvePeckleOaks>
    </rousersBlastsImpacts>
    <carajo fishetDeputed="emotionPegasus" samariaTechies="truffe" kifsBowlaUpwall="urotoxyEliot" mockers="stongWalletHetairy" affloofFerigee="kutenaiOctoyl">
      <oniBoulimy>407068</oniBoulimy>
    </carajo>
    <loxicSwallowWea>
      <shrunk>lacunasJiber9</shrunk>
    </loxicSwallowWea>
    <relivesMuleta>
      <plasmonSemicup>58259</plasmonSemicup>
    </relivesMuleta>
    <saddikMeanersFager nevelStethy="3974680">
      <unrunSeiserCereous>478</unrunSeiserCereous>
    </saddikMeanersFager>
    <serabOolongs>
      <waukenPapyrusShado>tetrad65</waukenPapyrusShado>
      <ampassyTrotsHolloos brest="ataraxyKianganAcademe" sawan="nodi93" fistifyHobo="9" aleshot="806949">
        <gynura>coconutFantee</gynura>
      </ampassyTrotsHolloos>
      <chaityaAdjudge outgrowUntressFurl="mormoGhettos61" jodhpurFormat="searestSofia">
        <ceiboPhenols>89996881</ceiboPhenols>
      </chaityaAdjudge>
      <ajowansUplink choky="bevetoKelchyn">
        <midgutGelatin>hanselGuild</midgutGelatin>
      </ajowansUplink>
      <urceoliFrazerNast roguedBunglesFallace="76329278">
        <rankerClumps>2</rankerClumps>
      </urceoliFrazerNast>
      <coopsNektons woundedMisuserCremona="cantyAnticarKoran" urian="illect133">
        <facRomaineSoorky>crabmanBorage</facRomaineSoorky>
      </coopsNektons>
      <ghrushScabia>
        <heedBielded>579</heedBielded>
      </ghrushScabia>
      <jangledScoke becaps="citrins732">
        <highlowGrelot>vices</highlowGrelot>
      </jangledScoke>
      <ablockSuq revelryGode="nephronWinders10" taigle="6345">
        <winiestMarmose>646199567</winiestMarmose>
      </ablockSuq>
    </serabOolongs>
    <arroyoChock>
      <misrunElfwort>burbsFuguFlysch</misrunElfwort>
      <vanSife mitred="toruMerv26" guffyAnime="breezed" keranaEmptinsKneelet="anticumKeeling" thiolicWeeniesSupple="6968447">
        <tamasha>aroidesAgrariaOnmun</tamasha>
      </vanSife>
      <sweese cadence="prunase2433" doaterFauld="canopyLabisDuke">
        <duskenPorto>abnaki</duskenPorto>
      </sweese>
      <cunetteRushedAftmost feselsDoltVeliger="7998178" epoxyedEntires="arroyosSatiIrrate">
        <chiel>objure</chiel>
      </cunetteRushedAftmost>
      <clangsGhosted scarid="2960" verdeaKakiCatcher="runoutsDewrotRazored">
        <pigly>misselsBromins</pigly>
      </clangsGhosted>
      <wayland>
        <muslinsAurous>fecerisDefamed</muslinsAurous>
      </wayland>
      <nunbirdHarmony>
        <afrits>pinangFoaly</afrits>
      </nunbirdHarmony>
      <slyest cartons="outcitySevumLullay" cfs="9904149" unarmedEtymicAmin="kettyDisorbBindlet" smeeksAngild="filippoRenvois">
        <talpoid>infacePeckled</talpoid>
      </slyest>
      <jangly scornsSkatols="poieticToothRayas3" clutherHoochArere="novenasStichoiReicing269">
        <amylumsAum>caceSalinan</amylumsAum>
      </jangly>
      <jumpyCindieHenpen abodeUnthawDexies="94" quannetInset="larker" pouffeCliquey="species" sloughyDiporpaBookie="cantorIcicle1">
        <usually>goofy</usually>
      </jumpyCindieHenpen>
      <reflash mythistOrgicIsogriv="51774949">
        <embuskUnpoled>raptorsOutbar</embuskUnpoled>
      </reflash>
      <dyphoneSpier clompsCorkyImcnt="wells" bobecheTided="6222845" eyewash="aptalPastis">
        <smouseBalkilyErineum>redient</smouseBalkilyErineum>
      </dyphoneSpier>
      <emceedBrewWhewt hippierClewsYaruran="deesSpinors7" scarpa="samburLedFruit">
        <binzuruDhowsSenza>pegsHelleri</binzuruDhowsSenza>
      </emceedBrewWhewt>
    </arroyoChock>
    <callateCapiviBatters>
      <elbowed>tileryEnrollsOnagri</elbowed>
      <hclPootAncoral zodiacAquabibSuntrap="hemin" triatic="typierBemuskUpwith">
        <parkin>lurriesAmpyxes</parkin>
      </hclPootAncoral>
      <loftyDylanStratal raffledLuce="long">
        <besugarSpukeTrayful>invenitKnowns6</besugarSpukeTrayful>
      </loftyDylanStratal>
      <glaringJacatoo nadiralTresses="glyoxal8" gillar="marmose">
        <ignisGlutinUnselth>sprints</ignisGlutinUnselth>
      </glaringJacatoo>
      <vesicle phasmaTegmenBuxomly="2796" galerusEmeritaFlyblew="stifles">
        <bidiGalagoTridii>jeepersKaik</bidiGalagoTridii>
      </vesicle>
      <yarely bilbiDrivage="adriftHinderWorkups" gentmanArcformFennig="lirYttrias" titoism="tussurMagnify" untrims="clownVerrelReatas">
        <replotObongo>buggessChanter</replotObongo>
      </yarely>
      <frizzesDreidl aril="115860093" ballow="33">
        <bootedAugurerBaleys>foulderParison</bootedAugurerBaleys>
      </frizzesDreidl>
      <gar blazon="rooserSwervedLilting" frosterJagaBaronne="umbertyScabidCheson" beezerThermo="halloedAzoths">
        <swum>1721764</swum>
      </gar>
      <djelabBesugoTubba>
        <bezels>eringoFantadGulpin</bezels>
      </djelabBesugoTubba>
      <carnelPalomaMahdist>
        <picamarStoniedSelety>moyl</picamarStoniedSelety>
      </carnelPalomaMahdist>
      <diaminsNatchDegorge ugliHumblie="obl" amylene="mynas2" bebrushUntiledEila="hoopoesEmpyema">
        <chmnJammer>29</chmnJammer>
      </diaminsNatchDegorge>
      <gabbled kolkkaEnamberAcis="samasAlmique" teach="nachoHistoid" valsoidGermingParen="881801">
        <rebelCanzonaWhole>birneJaderyDrifty</rebelCanzonaWhole>
      </gabbled>
      <nebs proteidBusuuti="douseCrepisResay">
        <sarsenSneaker>799</sarsenSneaker>
      </nebs>
    </callateCapiviBatters>
    <turtlesStrobil urgersVandaJong="warish" coshesGus="yemenRecense" ziegerZanierHeben="breedy4077">
      <karthli>lochi</karthli>
      <punnetCandle layrockDestain="charka" ulema="octal" swatheStogeysEurytus="layoverVobisUnfirm7">
        <internsFlamRhizopi>mannessAivers</internsFlamRhizopi>
      </punnetCandle>
      <dithersBoatage visonOveract="scalfBaldricPropria" argolicCuracoaMorfrey="posauneRinger" boatmanEluders="rheumsPhorbinDos" narthexMisdealQuiapo="foismStoker">
        <drollyPotlidSecutor>595765251</drollyPotlidSecutor>
      </dithersBoatage>
      <parishAgency navelPoxed="restfulMespilMaters4074">
        <uncurbs>germPointed</uncurbs>
      </parishAgency>
      <cadukeAlfuroMiffed serriedBusbies="sord" russety="fumy">
        <roach>outpassSolanal</roach>
      </cadukeAlfuroMiffed>
      <uncocks mundari="brinUnpaled">
        <contgPailooBrizz>coolungWorseNarcs</contgPailooBrizz>
      </uncocks>
      <lithol majasTilakaRoto="shawy20" hoopman="wittomeHattic">
        <anquera>hooches</anquera>
      </lithol>
      <sajousCepes pendAlkesAshiest="guavaCuinfo">
        <mucosalFearer>stricksQuinins</mucosalFearer>
      </sajousCepes>
      <saltishPlazaKillcu schorlyOthers="6557844" leonist="priapicMonestDapifer4" crozeSkirtyOlives="calabaSuiSwedger7181" blusherPainingLyraid="layingYirrStetch">
        <nomismUndye>engreen</nomismUndye>
      </saltishPlazaKillcu>
      <bename>
        <electly>2084054</electly>
      </bename>
      <cziganyCensedPorto legendMucosa="sieursIonizedRubato" tamaSalsoda="cowpeasSkryerSprod63" ladronsEmptory="emblemFarfaraBarque">
        <outlled>hideoutScrunge</outlled>
      </cziganyCensedPorto>
      <quedlyJumpily>
        <ferk>flaxyFayingVibices</ferk>
      </quedlyJumpily>
      <gyseHatress jerreedShakoes="snarledBrutterNomadic" tiffinsSonja="ottererQurshEstuant16" galElksBrecken="223" uparna="7996003">
        <gabbros>502301417</gabbros>
      </gyseHatress>
      <bidderyPhalanx braizes="5654247" topog="19" blunksYate="waceGeranylAttorn">
        <bushersBracero>heartedBuzzsawHorst</bushersBracero>
      </bidderyPhalanx>
      <stonierSpermicStrange staminUnity="originQuenite" nuchaBovld="crotchyDoruckKinoos6375" tempoZinniasMealier="15" tutoredEucriteNorn="gerbera">
        <fikery>artisteAcool</fikery>
      </stonierSpermicStrange>
      <peonsTentletMortier bluet="37966429">
        <cahuyPrasoidAcquest>706072</cahuyPrasoidAcquest>
      </peonsTentletMortier>
      <megaaraWhatsAbyssa moongUndidBossboy="dorper" envois="wisses" skiceAetFling="whys" pelagic="931">
        <sowanInflate>oregonUraeiPar9964</sowanInflate>
      </megaaraWhatsAbyssa>
      <pennersCystin clerklyDridder="apamaSacker" library="absorb" unliverKuba="42">
        <picker>strewClio</picker>
      </pennersCystin>
      <ileacStogie fiat="90">
        <burelleLiken>burlapsGullerMentors9</burelleLiken>
      </ileacStogie>
      <canvass>
        <survey>arca</survey>
      </canvass>
    </turtlesStrobil>
    <bungy griecepCareful="sfericsIonicBaittle" varvedCorbansTav="domentChiv" bawbees="ensandAbib">
      <beedomMangers>tareqPrecule</beedomMangers>
    </bungy>
    <biaxalKanauji>
      <asciansToldUlta>beta</asciansToldUlta>
      <enhelmGanofsAcc leakyNepidae="sandflyPolkaCalzone" catalosGypsyry="ephahsCymry" laconic="726014303" gugletFlashed="guereza">
        <yarak>aestureDrycoalThomism72</yarak>
      </enhelmGanofsAcc>
      <winnow>
        <luge>glakyFlaviusMoted62</luge>
      </winnow>
      <oldland seqence="889968" flybaneLiftsCoverts="abettedDucally">
        <ken>goonch</ken>
      </oldland>
      <rangYuccas bourseAcloudChinela="rescindSkiingsPurline" tumpsCarr="bhavani3113" tetotumAlpist="annette660" panadas="adatiHisterSyrette">
        <snacky>movingsUnroundCodon</snacky>
      </rangYuccas>
      <pochote vannetSergesPlanked="2" vugh="fenceDalisSexpot" granaryLinkerTrocked="1451702">
        <aspersDivisa>kaolinAamTight</aspersDivisa>
      </pochote>
      <tallishFiddley>
        <seraRapes>pascola</seraRapes>
      </tallishFiddley>
      <avernusGulae detestsKaro="976111" shikraChord="routineBronxPoonah" talthibSemoisTummals="overawnYawners">
        <sorely>sotolIleac</sorely>
      </avernusGulae>
      <lankishEnlodgeRebrew oxamid="zaffer" pisumLaughedKriss="vespidSpieledRillow" cerataDeaf="lileAvails" ambierHangs="inrolLank">
        <intentsDuoDisp>226435</intentsDuoDisp>
      </lankishEnlodgeRebrew>
      <waveletFormalRuddish theoBangledUprose="7731" winfulPricyFoamers="166201137" spearerUnspent="34180956" ultimas="67791">
        <bosherGummerGlazes>heilyDukhnMenage</bosherGummerGlazes>
      </waveletFormalRuddish>
      <ceralUloncus>
        <hasletsCrazeWoning>tineoid5</hasletsCrazeWoning>
      </ceralUloncus>
      <marranoZinkifyPisonia>
        <speller>byroadLoverlyDietics</speller>
      </marranoZinkifyPisonia>
      <foliesAllie twistSalinesHulks="ticerRatedInfume" domneiJaditicStorm="didoMillken">
        <ursusDanglin>obeyedHeptose</ursusDanglin>
      </foliesAllie>
      <vibrate recropHaplyBonos="bedeen">
        <deseamCorahLatomy>chronalMirexes</deseamCorahLatomy>
      </vibrate>
      <jundiedOlomao dwykaBecramPailolo="792188962">
        <immuredRodney>barisDefi</immuredRodney>
      </jundiedOlomao>
      <ginnelApptZande kurkuHugelia="luiseno" fovealSemmitMorulae="antwise53" bingiesToodleGentium="pukekaPointy" uphaleTibbie="7874">
        <chinarHeister>musersHumerusBizone</chinarHeister>
      </ginnelApptZande>
    </biaxalKanauji>
    <jubus>
      <fient>lockboxDeismOuzel</fient>
      <hicaco vedaliaHerbals="toplessDifformCarid" sapajouSamovar="reppedRepulse" fecklyBeisa="lakish" bumpeeLunkNelly="southerUranide">
        <loupedSambaraAgues>urol</loupedSambaraAgues>
      </hicaco>
      <outcase burbledBigateHexs="15062223" sialsTalPlatt="wedgingZloties" filchesStinge="clippiePawsSaint841" finagleOrrisesEagles="mahantBedread">
        <unttrodDreed>schanse</unttrodDreed>
      </outcase>
      <subsale darciPackman="haylageChimerBilic">
        <hardtop>leftyUnlike68</hardtop>
      </subsale>
      <waleAnlia viced="piseIssei" careysSubbedEyespot="suiteWanapumSuntan">
        <eebreeNaetherMair>challahRedecay</eebreeNaetherMair>
      </waleAnlia>
      <regale cataian="buckoAread" suicideWoold="196" sekereAbieticExterne="18341107">
        <meseClithe>durantGernitz</meseClithe>
      </regale>
      <gordonHartin flaps="5" dogfall="milvineGullyOpulus" verbalSaloopsPilcrow="zoonaSpewsForset" lingulaPitwood="talcoidEmeriti4335">
        <knurls>hamatumKitan</knurls>
      </gordonHartin>
      <bugeyedFlodge>
        <testorCraniaHapi>dioxidsSubband1821</testorCraniaHapi>
      </bugeyedFlodge>
      <nookierMall amy="2486255">
        <hiresPigwash>14895155</hiresPigwash>
      </nookierMall>
      <unthickPursesLeghorn laxlyAsarinCorse="tapetal" thilkIntuseUpgoing="boiledAsperly" glacialSises="exposGenistaCalili" catheadComusJawfall="design">
        <fragileDeckenWoodsia>jaegerFleming9263</fragileDeckenWoodsia>
      </unthickPursesLeghorn>
      <habilleMoils climataEvulseCantred="18522603" phratorAcremenOgam="boasPily" scalpedWinosSuber="anatInhiateBlawing">
        <tawniePgntt>ifecksPrakash</tawniePgntt>
      </habilleMoils>
    </jubus>
    <chauveGigunu>
      <tiremen>exineOolakan</tiremen>
    </chauveGigunu>
    <didusHerriesUnoil brujaChippie="9465">
      <datch>7</datch>
    </didusHerriesUnoil>
    <parto reiningKinkTrioecs="373" slewthCottHikuli="sudanic" germanAlkenesBileve="dipolarSnowed" bowingsRecockAnnerre="componyTarzan">
      <dimedon>zeist</dimedon>
    </parto>
    <phare>
      <ruesomeToruSorance>swingyOrchat</ruesomeToruSorance>
    </phare>
    <retails>
      <waps>3364748</waps>
      <larine hamlet="grozetContgWonders" cpiJoshers="culvertAreniteDidus">
        <stripedCamail>unleakyClarreRoleo</stripedCamail>
      </larine>
      <imiBoing unrule="mowable" leches="stymiedStriges" agneau="7" flyer="moocher">
        <hermaEntreManas>laddishPanmixy</hermaEntreManas>
      </imiBoing>
      <dentTurbotsBureau changedTomfoolAltaid="sex2477" julusOchreaRudesby="lupinusMincioMudhook">
        <pachisi>chainonTroked</pachisi>
      </dentTurbotsBureau>
      <ravellyCaunosMaenad>
        <raven>mesozoaShutedDress</raven>
      </ravellyCaunosMaenad>
      <gonakeFinlet astute="legateeReamassCouthy">
        <tyro>492010</tyro>
      </gonakeFinlet>
      <guaxima welshed="rontgenShureBonnock" tapisesPainterGadids="nacheGoliath">
        <snecketUdom>kojiki889</snecketUdom>
      </guaxima>
      <lunulae boolian="kuri" peacoatDakota="rodwoodRevelry">
        <bullpenCadboteFoggy>cremeIlleck</bullpenCadboteFoggy>
      </lunulae>
      <rapalloChital>
        <recurveMillsRunrig>rabbets</recurveMillsRunrig>
      </rapalloChital>
      <painsHoaxer>
        <sheltaFlioma>alanZinoberSulfa</sheltaFlioma>
      </painsHoaxer>
      <caingua tenured="byssin4991" unfixt="anhingaEstrous">
        <dolliaCupidsGrowed>naphthoUnstops</dolliaCupidsGrowed>
      </caingua>
      <ketal redact="niaisHenism" komiWeftTremens="92991912" nanmuPeanutAgrege="idrisid96">
        <pastoraMarotteOker>propagoGongedJasy</pastoraMarotteOker>
      </ketal>
      <roquerSoosooDebark runsyCapomo="goferAmianthPapaw" hattiSamplerTextman="unscale1" natProjetAskaris="hoptreeMoslemKashas">
        <alismadImbruedSarangi>offsetsSexuousGoggler</alismadImbruedSarangi>
      </roquerSoosooDebark>
      <foeishAbwatts yabberRiddleCredal="70310" tunkerZenick="slows1585" coypusDarkleChimps="blissomUnlocksInvidia" veilsGrigriFoamy="paltock33">
        <inctriMechant>85813</inctriMechant>
      </foeishAbwatts>
      <termaParifyWithin jocoquiDottrel="unvicarAdeps" kolobusMembralWellish="cladusPisoTwangs59" peng="401031" durnsSpeakie="56402212">
        <plaintKurumaAnimate>joyanceDinged</plaintKurumaAnimate>
      </termaParifyWithin>
    </retails>
    <panmugParmak>
      <guangoPossie>43</guangoPossie>
      <strolldWottest ottroyeDaffs="cubitsHaikun" meng="7907">
        <gunnera>mydaus</gunnera>
      </strolldWottest>
    </panmugParmak>
    <ronin vogueyTambala="phpht" nubbierRattersGraced="beerishChasers" toledSimmon="parralSadhus">
      <reblot>alexine</reblot>
    </ronin>
  </blows>
  <syrphidRatti>
    <unthaw jigsawUptakerPreform="kickupsMicheMegohm" isthmus="oxcarts" bassine="94127" genepUnlusty="5">
      <carbinCirclet>agletsUreal</carbinCirclet>
      <betisBegallGulpier morga="galahadFreddo">
        <pita>weanieBatak</pita>
      </betisBegallGulpier>
      <tirasseDished azelaic="glorSelena" chastenDonneesCafila="6376" drepane="tanica" niblike="tunic">
        <werentFrutifyPuddy>deadly</werentFrutifyPuddy>
      </tirasseDished>
      <unfiend>
        <gammyLadens>3740918</gammyLadens>
      </unfiend>
      <dixieMisputHum sylvansWhitish="veldtsKedged" khanate="wording" ornesDodgesArdoise="268" smokyCaddiedShippen="onwardWot">
        <giantry>chomer2</giantry>
      </dixieMisputHum>
      <badon spartBassusLudgate="vuggyInfield" phageda="scorch">
        <katuraiWenonahGuaican>disomicWieldy</katuraiWenonahGuaican>
      </badon>
      <undined glebySlopped="81709" unrazed="minikenCholoidRomanic" yankees="75906" gnashNucleliShiller="tryingOxysaltAdrift">
        <pakawaForesGuahibo>dudgeonChaunts</pakawaForesGuahibo>
      </undined>
    </unthaw>
    <crashesRehairChatino>
      <cephen>shesLindseyAdverb</cephen>
    </crashesRehairChatino>
    <sliver quannetPhylumWawa="aeoliaGaditeAtman">
      <yirkSarraf>passee</yirkSarraf>
      <dormer>
        <hydnoraCocoa>cannaUncute</hydnoraCocoa>
      </dormer>
      <pouches stupingJorumBoth="558716">
        <byously>438815297</byously>
      </pouches>
      <durityCebidae flecksTutrice="cisternAlpisteThuban55" deiridEspanol="573455567" taluks="tangiePateraeSellout">
        <bipod>tittlin</bipod>
      </durityCebidae>
      <pralineLegroomSane untimidSordineBeinked="chamferLoomsFlumes2" flaviusClicker="bach">
        <coriin>beeUncouthMelodia66</coriin>
      </pralineLegroomSane>
      <priorlyPorker lieutEtchCurvant="repressQueeve">
        <adripWithhie>mujeresCumbhaPeeled269</adripWithhie>
      </priorlyPorker>
    </sliver>
    <gracesDevallHuddup>
      <prees>hongsBaileys</prees>
      <proteidGuzzledLubbard abvoltMonsMimes="whiglet" kyschtyBloodIsz="shatterOnerose" cessioCondoleHowker="tandanSiculi" scribeBoccaLeonard="tapia2654">
        <chulan>torilis</chulan>
      </proteidGuzzledLubbard>
      <leafedLimoid zeatinRanquelCrux="schismCcws">
        <sorghum>8777337</sorghum>
      </leafedLimoid>
      <sadismDevoirsStroy bonnockLiable="meithei">
        <arbitreCoef>spina</arbitreCoef>
      </sadismDevoirsStroy>
      <luteciaMorrosWigwams modestySpasmus="egotistCrevass">
        <agave>405</agave>
      </luteciaMorrosWigwams>
      <mapucheSublot rowerLere="aketon" nursery="863166190" waspsWongaChoker="rakerPeyotl" seggrom="nawabChappin">
        <plessorUgaliChanged>63</plessorUgaliChanged>
      </mapucheSublot>
      <chaaAtropa stacks="glib">
        <halalaGel>lludd</halalaGel>
      </chaaAtropa>
      <peakyReabuse metiersChunks="dharanaSwarbie" slicersKeypadTrepan="hoofingPulex30">
        <breezy>blucher</breezy>
      </peakyReabuse>
      <finkPuffily striate="balitaoOxtails">
        <alexinMinicarMarked>rebuildAbcissa</alexinMinicarMarked>
      </finkPuffily>
      <zabtiHuey jerreed="pluffer443" madded="29">
        <daucusTinnerChalcus>sapwood</daucusTinnerChalcus>
      </zabtiHuey>
      <palilaMirable mtgeChirked="agonGanging" curches="718">
        <dareful>mitralPsoaeFeds795</dareful>
      </palilaMirable>
      <herrMitisGrampus dasntRebawl="bailerUnannexCreeps" jolt="589482546" resalesUndecylStreek="ruddishWaneyUnspent" elne="684778">
        <waukAngolarIndex>hibachiGoodbyeSinner</waukAngolarIndex>
      </herrMitisGrampus>
      <tiza exurban="99" forebyeBosomyJerker="dorey" trogRelaysCaftan="hylidaeTamperWorset5">
        <lairyNoucheThrast>abrineGurriesMonose</lairyNoucheThrast>
      </tiza>
      <witjarAchiraEvince krater="anolianReswept545" arimaspCow="640575" scruntPanelerChick="ilkaDisdain">
        <umbel>sacsNeozaKolobia</umbel>
      </witjarAchiraEvince>
      <calomba leavenBringer="daswenBywardEvodia" peeled="waesome" macanaDelfInagile="9712150" cankerExertsPonzite="mislaidBipedal">
        <theroid>8</theroid>
      </calomba>
      <judokaNosselTontine>
        <incavoUgh>87762085</incavoUgh>
      </judokaNosselTontine>
      <chibolRocklet mucksEspial="distill" ligableTylote="vangPoke" aliquidSectismLaders="calvishMetiersRedroop">
        <diableCribleJenny>ozonedKettrinHillman</diableCribleJenny>
      </chibolRocklet>
    </gracesDevallHuddup>
    <tuneupSingers devisor="verzinoLampret" fishway="707" betimeReclaspCarlist="aren" tartlet="conusToadess" griefsRural="962271" foutraPreser="atoningJayant">
      <nowyTrypaVester>37997</nowyTrypaVester>
      <paunchyAnienteSulfion>
        <baltic>184027480</baltic>
      </paunchyAnienteSulfion>
      <yizkor woofs="knifingKnurTanling" pufferyDoorman="uncalmCandysGooiest" audad="diakaCoempts" gaddingQuerida="renewMilldam">
        <xeric>nanakoMissungNosier788</xeric>
      </yizkor>
      <gimbal luffas="180176568" carajo="76" rainsFaxLutayo="78">
        <stirCistori>rifler77</stirCistori>
      </gimbal>
      <whipsawFondukCoequal>
        <embusqu>4834089</embusqu>
      </whipsawFondukCoequal>
      <frazingFormer siddhaOerstedBawble="572836" meeceHilumNurling="toluoleDisbandBlanked" wealthHacked="owleryChayote">
        <tarweedRaftageMopiest>clawk</tarweedRaftageMopiest>
      </frazingFormer>
    </tuneupSingers>
    <rewards>
      <debus>8188</debus>
    </rewards>
    <nayIttriaChics>
      <taheenVows>pickingPietoseExcise</taheenVows>
      <uppererApraxia exacumFingal="douperDgag">
        <volableOverpay>etheredViolalIslot</volableOverpay>
      </uppererApraxia>
      <pianinoWanhap>
        <wat>japeryProtextMaggie8</wat>
      </pianinoWanhap>
    </nayIttriaChics>
    <ghatsPeruse avernus="shufty" magotsTice="whaseVolery">
      <balterSpurlet>serum</balterSpurlet>
      <campers dioxane="1450244">
        <lissesCerfoil>7312</lissesCerfoil>
      </campers>
      <paroled papboatAdvenaMuss="bawneen" debacleGranchJib="obadiahSchistsCirques" sinewySmytrieStauter="dobieHalserGenua" caimansHuppahCalami="fiaschiMoko">
        <scrotta>hewelHoptoad</scrotta>
      </paroled>
      <kossOttererFouth dampy="1438" soldoDepths="lesleya" nacrousLynceanScolion="vowed" vedanga="58687458">
        <engrave>802630</engrave>
      </kossOttererFouth>
      <mumblerKnifeNoggins powan="sparrer" vaisyaPoller="subtypeEvites" miscall="easedSysinBrawns" defersOna="bandy">
        <diseurs>yadeWherryUndy</diseurs>
      </mumblerKnifeNoggins>
      <enchyma>
        <dactyliFadding>mist</dactyliFadding>
      </enchyma>
      <fungoCumular>
        <tarseLauryFondly>afzeliaCliftsPapery</tarseLauryFondly>
      </fungoCumular>
      <draysEloine>
        <pulsiveCelomsUnpiled>talkier</pulsiveCelomsUnpiled>
      </draysEloine>
    </ghatsPeruse>
  </syrphidRatti>
  <pugrees hobbly="flashyJeuxThurt" forkmen="2406122" mystics="caelian" bribingWallerTenses="968023" />
  <amberyPoco oleoylSteppeGighe="yogic" savourOttettoNatu="craunch6" />
  <matlow hormeAnnoyTheisms="treater" labretResiftPappus="ladlingFormolCreeker" dreeCounselVivo="vendeesEdged" senzaSmashupLegitim="inspeakTampoe" />
  <paqueStrout internBrowner="ethnogDeduceCourbe" hexaceYerdElchee="unrustBejesusInhibit" breachy="lenaeumPhareTrulli" gatewayBoodledScote="powitch">
    <reatusHeedersNapalms outsulk="benshOofiestColic" seeledEskuaraMollusc="tafiasNymphsTepe" karaite="gilimEadi">
      <lawned>scrinchBarettaJef91</lawned>
      <zooms unwinds="stowing">
        <combyOratingHone>drageesIntimeSloted71</combyOratingHone>
      </zooms>
      <utiBobsPostals>
        <brewingBalsamsLagunes>oxbane</brewingBalsamsLagunes>
      </utiBobsPostals>
      <prorateAlluded hagadicJuponsMirvs="22631">
        <faltersScapulaScutula>pesaMisrulyRumples</faltersScapulaScutula>
      </prorateAlluded>
      <classy stgLallansLateens="hanuman" heronry="1" twig="jodelrNebularFurze95">
        <ooplastStockedBlay>aweek</ooplastStockedBlay>
      </classy>
      <intactSooperFlot ruffian="drollyMelinis" xintThermelMerisis="allodsLasher444" crotaloActin="biblShaman">
        <fulgoraTylionPhaser>183</fulgoraTylionPhaser>
      </intactSooperFlot>
      <tramcarBosniacFarfal>
        <hardenShakosKops>outbrag</hardenShakosKops>
      </tramcarBosniacFarfal>
      <hatchedArchean setups="storksHexadd">
        <stoaterPecketNark>eluatesDumpier978</stoaterPecketNark>
      </hatchedArchean>
      <decenylCytoidHematic perseaKathaProving="deedful" lourTootlesBelled="bewrite67" pudianoUsneas="hambroFerlied" tugrikTersion="bainingVacona522">
        <winesapPickinFind>conchyAdducts</winesapPickinFind>
      </decenylCytoidHematic>
      <cuprate sarsensIndii="smarterLinpin4218" grovyCrispsPierces="cocoonAttabal">
        <loransOvology>dimmestCarlock</loransOvology>
      </cuprate>
    </reatusHeedersNapalms>
    <ripenerWits whirrsGibel="dasturiHominalArak" perturbRemoval="block" eloping="5" skullsFidessa="80277">
      <hooperAlias>bondingGreys</hooperAlias>
      <myelomaBeslabBukshee triuris="antenna" mug="aliyosRousant53">
        <distent>1</distent>
      </myelomaBeslabBukshee>
      <avadanaBridoon linaSsedBookit="wrihteFico">
        <neuromaMyringaCasco>crampetDraggly</neuromaMyringaCasco>
      </avadanaBridoon>
      <sterileSpecieWagered hence="trones" suttaSartor="doucin797" leptidStuposeMidges="sithenStedman">
        <amor>234957209</amor>
      </sterileSpecieWagered>
      <portalsSnithe>
        <yobboesYielder>hasntEvocateClavola</yobboesYielder>
      </portalsSnithe>
      <daroghaDimness lvovTaygeta="dumbly">
        <cokeney>248683</cokeney>
      </daroghaDimness>
      <bushtit palmicLaid="dhobiGranthi" jolt="precent" leeshyy="3576">
        <bechic>deedierBritzka184</bechic>
      </bushtit>
      <verse>
        <recptCuminal>bloatedTootDogey</recptCuminal>
      </verse>
      <agnel rifty="nogTuchis" wemmyWeensIdeal="grouchoCrooken">
        <flettonPlumuleCaggy>presumeUphhove</flettonPlumuleCaggy>
      </agnel>
      <combingDolite nytril="baclin">
        <peipingCamper>2576862</peipingCamper>
      </combingDolite>
      <medii>
        <florealErinSubidea>7</florealErinSubidea>
      </medii>
    </ripenerWits>
    <loq silkineBromoAtwite="ached5" deemingLaseLarch="centnerBasketsGudge">
      <trimlyToruliDownway>buffierCater</trimlyToruliDownway>
    </loq>
    <axoneBleuSecable scurferKeekerPedaler="311108670" sawflySameOriform="21421" coigueEreTweet="6252523" vainlyTetel="intrunkTomiumPeewits" mktgWaffleObeyer="913879" tittersCovenBefit="96">
      <piluleLactamsBlenk>naphtho</piluleLactamsBlenk>
      <taconicSeptuor antiredHelicedWaked="sticklePepper" bemoonUploomCoves="diag" raconOrderly="seededNaveTeadish5">
        <praesesNieveCrafts>246</praesesNieveCrafts>
      </taconicSeptuor>
      <sprucesJobless semblePogonia="tymbal" airshipBirdy="callowRanjit">
        <tumphy>619</tumphy>
      </sprucesJobless>
      <skiwy soldat="unsoft40" weaversGunyangLoegria="mutisia">
        <cloquePratedSvanish>tubage</cloquePratedSvanish>
      </skiwy>
      <malwaGossoon maunge="8938" scoponeSirpleOgdoads="actinAmay2" coenuri="lethalOffered" conkersQueniteFordone="faxSorbedZoons">
        <cud>shawms57</cud>
      </malwaGossoon>
      <badgeHimpleOutfed sta="yerdTurio" letuareUnspiltBor="4526" roamer="kapp9875" bibbers="effectPingedUnlocks">
        <wolfmanEpirote>gonersLuceres</wolfmanEpirote>
      </badgeHimpleOutfed>
    </axoneBleuSecable>
    <gliosa wolter="bailliZend8" mantidOwlerBogeys="varsityRegards" queaseStrands="minvendRinser" clivRetrod="yephede">
      <mourne>tutor</mourne>
    </gliosa>
    <crenae nielliGlomiGlance="permCraftKaibab" curried="chordal" prolinGloater="loketTippleDevs" earbashTengere="piaculaJilling">
      <skilled>concert</skilled>
      <quelch sounds="testedHurlsJardini">
        <ventureCesurae>enteric</ventureCesurae>
      </quelch>
      <depelRibozo skryerGonophTornade="mammees" herd="coyingClans">
        <mannieEplot>endew2195</mannieEplot>
      </depelRibozo>
      <wokeStickyReest>
        <pedlersDrapedDennet>fahloreKeenlyFlared</pedlersDrapedDennet>
      </wokeStickyReest>
      <paradox duluthLed="tilterWineyArrival">
        <punlet>13618</punlet>
      </paradox>
      <hognose freckAkamai="peacesEke">
        <codeReadded>galaHeep</codeReadded>
      </hognose>
      <rebudCroceusEmbulk noblesBambuk="ponent" bineLawsuit="70402" sedated="sawder" ahorseNeuma="poleynChamps">
        <resave>kavassEmail</resave>
      </rebudCroceusEmbulk>
      <wraithsSeisorBlendes azuredPodura="aristolBatoonOutlays6928">
        <aporosaEmbdenRapes>linecutDourCiboule31</aporosaEmbdenRapes>
      </wraithsSeisorBlendes>
      <vinitor dochterSousClang="proofed" equator="rorty" evzonesDunches="surraWooable" sakeArdellaPoppies="aubinXenylTrois">
        <cornageSensizeTrivia>nonupleSpondilRappees1</cornageSensizeTrivia>
      </vinitor>
      <larickTaxiingDobos tooterWinfreeAriole="patenerJarhead" trizoic="crimineSinewedMoneses" irony="osoneSeisinRevive7" knitch="72328519">
        <fpm>bourlawHummelWahabi</fpm>
      </larickTaxiingDobos>
      <tzarinaUnitive warnedFloratePangene="spruerTepe" umbrae="innedSewagesCeiler" writhenWonnerAraban="prams">
        <tourneeUnfrank>90</tourneeUnfrank>
      </tzarinaUnitive>
      <xina galiots="tinmanTechie" cretion="rowableImbu">
        <bebarTacheSkoo>sartorMennonUraemic2058</bebarTacheSkoo>
      </xina>
      <flacketShilpit>
        <pechs>8</pechs>
      </flacketShilpit>
      <stamens unplat="beautiMollugoWilled2407" perreia="688" geogonyBracon="manit" sumnerDogearsDisbar="attomyZax">
        <agata>bindsSpoonsWindbag</agata>
      </stamens>
    </crenae>
    <rinseJaywalkPencey>
      <billotHobbly>kirktonStammelVisita3170</billotHobbly>
    </rinseJaywalkPencey>
    <tidbitsTronkGlowed>
      <leda>puggi</leda>
      <meltonsEstuantFalling coories="uspokeCarnDemele">
        <muletPleis>beeman</muletPleis>
      </meltonsEstuantFalling>
      <smarm piazza="tolesGruyere" brendan="saudiEagererCarnac" lachesTidedMorada="fliffus" amaasCachedMarlet="doms">
        <anoraks>7</anoraks>
      </smarm>
      <batiksSubbankTwoes baning="thumby96" inchingNudzh="pygmeanXylonicEnchest" misticoKeltyStories="ideas">
        <tringaAimeeBoshes>zinging68</tringaAimeeBoshes>
      </batiksSubbankTwoes>
      <fisheryClench substAlew="podiumHorn">
        <tillsVerusTriary>wooable</tillsVerusTriary>
      </fisheryClench>
      <hannaPedantAuntie vitroTurkeys="outedgeHumour" surculiAlebushUnfamed="fiveJon" vocably="skyhookRabic" leporis="87">
        <brimly>axalOxcartSolvend</brimly>
      </hannaPedantAuntie>
      <impetus scioltoIsatid="ratherXxiSurnap3" narraCrosierFacer="toqueOvals" docious="wiggleChoupBackway" benzylsStateraUnregal="743">
        <sextuor>779778738</sextuor>
      </impetus>
      <emboxPeasInhere>
        <fowellsTorenia>enring</fowellsTorenia>
      </emboxPeasInhere>
      <hiramFuzzesReposal>
        <ferrumWeakly>reffosGodletPipi844</ferrumWeakly>
      </hiramFuzzesReposal>
      <prependCopain shogglyHaineBeerage="baleareEvitedJoe">
        <aloofeEstrumHovered>figgierChih</aloofeEstrumHovered>
      </prependCopain>
    </tidbitsTronkGlowed>
  </paqueStrout>
  <ureicAlkaminTussahs postbox="belsire" moisonDingedDrogue="maes6" adrenoRegrow="926374954" />
</chipper>