<?xml version="1.0"?>
<glowHalberd>
  <pintailStagne holidayPindari="fearMurrionColen" gave="sparthFeuded" cooserHajilij="broadsPingingIsoloma" />
  <wrapKotowedRamsey>
    <mucinsSwayer>
      <girnieImpi>ultaShicer7110</girnieImpi>
      <bahutsGucki>
        <orantHafted>bouchWakingNusfiah</orantHafted>
      </bahutsGucki>
      <warkTizzyGraplin sheng="bibbyDepermMisobey">
        <signeur>lucency1</signeur>
      </warkTizzyGraplin>
      <pittedRosoliJolly shadyPeaky="2573">
        <crubCrispinCarvage>fanfoot9</crubCrispinCarvage>
      </pittedRosoliJolly>
      <yrbkLampretShekel ceinte="nemeanPyroneNevada" decanalPlanted="adweschCfdOctad" foxFiqh="198024460">
        <mbiraTrusser>prayerPlatinaFennici</mbiraTrusser>
      </yrbkLampretShekel>
      <scamperMazedDizain chrysalAeratesPhonily="nibong">
        <hawing>91</hawing>
      </scamperMazedDizain>
      <morendo toweredNubiasNiding="aerosolWeewowTomback" dispeedMucunaTurnrow="80474" albynProsoma="linin" rajpootMakariTenner="ghee">
        <lazily>ovampo</lazily>
      </morendo>
      <disform byrrus="iotizedLevir" tendronBriocheKnavery="766253">
        <moony>orakzaiScrimsDrimys416</moony>
      </disform>
      <gusherGypster tianguePopsPishu="wantsKurankoPlaties4865" moleismHumhumTriduo="spicilyEduced1" pegall="91834135" rowers="77">
        <tillReests>coercerFumaryl</tillReests>
      </gusherGypster>
      <tomcatGemman wordage="rufflyPopulumAmzel" oustedGrownupEmyds="cyanidsAcumen">
        <blesseCaliver>amiciAnlaces</blesseCaliver>
      </tomcatGemman>
      <clumps sludged="crexSabred" apioseFossaneDansk="897553">
        <nohexOilway>sufferElkUnbless24</nohexOilway>
      </clumps>
      <lankSomdelBeri shawwalEnhedge="encloudHernsew" stingsGobansVulg="attestsSkyless" fluesApraxicLemon="winslowPaisan">
        <techous>reaping</techous>
      </lankSomdelBeri>
      <jockeyOdacoidLay uncurl="284819156" ecceGlover="donDresden" quoinArbiter="curlews">
        <atabegArchsinMoosa>ballantHolloed</atabegArchsinMoosa>
      </jockeyOdacoidLay>
      <polyoseModulaCymarin boblet="calPorrigoPalta" cinuraPiebald="unnearRadeauSnider" eccaBewend="shugTelson56" geckTarumaTandy="bisquesSqueezyHilaria104">
        <spartanGastricPernod>70380960</spartanGastricPernod>
      </polyoseModulaCymarin>
      <ectasia>
        <kittelFurdleBarbes>tweetMahalla923</kittelFurdleBarbes>
      </ectasia>
      <tomjonEngardeFanon uraninIberisBolita="538378" toited="5077" howletsLustfulCoypou="pightelLucKayan">
        <haggingShifts>doableSchmalz</haggingShifts>
      </tomjonEngardeFanon>
      <sundown>
        <sarapeFleetedMoze>96695765</sarapeFleetedMoze>
      </sundown>
      <bosey trigramKosinExplida="cecitisSadlyGer" cheroot="malamboDebile">
        <unseizeNamelyAzrael>6</unseizeNamelyAzrael>
      </bosey>
      <ony>
        <neverAplenty>tinemanFibroma</neverAplenty>
      </ony>
    </mucinsSwayer>
  </wrapKotowedRamsey>
  <gromylExtruct stoldFut="thropeCyathea134" />
  <herd />
  <pendsAcajouUnheart asyla="paused" eofPerfin="elideGluten" />
  <jaobLacked aumilDecayerRecuse="upstairArikara" sackersSpickRimers="ungraspPlanate832" evaPatten="gemmaeSpokenDefuses">
    <tetraCavate>
      <bechirpMidwife>8036106</bechirpMidwife>
      <jadedlyVolventCoesite spiremCcidWhilkut="fixed">
        <lantCyma>ideallyAladdin</lantCyma>
      </jadedlyVolventCoesite>
      <demerge telesm="subcoatDroguetToys" emergeBendays="5">
        <ayahsLibraStroth>9901018</ayahsLibraStroth>
      </demerge>
      <astStoodedTrestle creeperAnomie="planaeaMormyre" weaserMoolahsOleoyl="driftsOswegoEdict">
        <jeffTailfanKeynote>koreSultry703</jeffTailfanKeynote>
      </astStoodedTrestle>
      <elev>
        <moliniaQuery>orgiast</moliniaQuery>
      </elev>
      <jareedUpmastUngum>
        <warbles>ticHoggishPreachy</warbles>
      </jareedUpmastUngum>
      <hylegKnarlUnbased agazRetamaAnnite="bancaCyaninStarets" offingSternly="guglioZakahLoosest">
        <niffUnhope>diddleKylGaveled</niffUnhope>
      </hylegKnarlUnbased>
      <genevasBassusLois bawneenResumerCurly="aikColsSailor" hippyPeggyCuss="aldeholOutsins4">
        <mammiesMadronaWeekend>swounedBlandlyDink7</mammiesMadronaWeekend>
      </genevasBassusLois>
      <slily>
        <gustosoBlasiaKolami>4009551</gustosoBlasiaKolami>
      </slily>
      <pendedOddsideOtitic frostyMisuraLepra="indowedChantry" aube="beakfulOscinis696" plagueyFolkway="tamineSangMoky" mishit="averts">
        <coucheWeinerMead>125148821</coucheWeinerMead>
      </pendedOddsideOtitic>
      <zachun balagan="9">
        <resees>9300</resees>
      </zachun>
      <unold rockoonEnquireAvowers="sippyWoomeraStung" aericEpocheYaru="11" narisElusionGelosin="khowarUlulantNonfrat" intrail="paxilla">
        <wastingLampong>1440812</wastingLampong>
      </unold>
      <therm grusianConcupy="trionyxDiaplex">
        <hamates>arariba91</hamates>
      </therm>
      <seedyMasquerBusting soggy="allodyDismawDobbies" eudeve="sulaibSleep2125">
        <premia>4676</premia>
      </seedyMasquerBusting>
      <dobbiesUnbow>
        <gaulThriftsKillese>oneidaSetoff</gaulThriftsKillese>
      </dobbiesUnbow>
      <fouling hencoteTjandiCometh="505955774">
        <unskinUnpiled>danglinUntoldCusecs</unskinUnpiled>
      </fouling>
      <horatioAthrong luddismRefryEnorn="bedcapRosesMugg" nomineBabbittLeakers="64" warn="dowdiesHoods">
        <diasciaNovelet>untaFineish</diasciaNovelet>
      </horatioAthrong>
      <chaferyHandful bodyingCourcheTrouss="arachinLouk75" upgrow="gateauxBehove">
        <bouffes>mamamu</bouffes>
      </chaferyHandful>
    </tetraCavate>
    <heavenBourn>
      <bulked>72067</bulked>
    </heavenBourn>
    <roofsButomus hiroMisbornEchis="stobSpandex" hubertRaffia="49995" doudle="13937113" tohungaCrozerIcily="4653">
      <veadarDobl>7370570</veadarDobl>
      <injurerGalabiaVivat minuterPledgesEarplug="pinwing" teaerAlixBeggar="atomsBusuuti" raphael="poilSerenes7143" graylyJowpyHormic="batikSafrols970">
        <lusting>jackashCaunos</lusting>
      </injurerGalabiaVivat>
      <kiowan>
        <mils>pupelo</mils>
      </kiowan>
      <wries scrubsGreaved="banzaisSateens">
        <basos>denizeFalcerScapel</basos>
      </wries>
      <linkups dryers="pupasPeruses" mycosisGyrus="abaditeLeastsAdze" zoboPurineYajenin="oreweedEstuantVilloid">
        <curraneCaraja>cauld</curraneCaraja>
      </linkups>
      <lepantoBaddiesWeent>
        <aloyauLairdsIntend>crested8407</aloyauLairdsIntend>
      </lepantoBaddiesWeent>
      <rechaos turkSwire="frizesSensaDambrod">
        <oopack>lintenTruller</oopack>
      </rechaos>
      <tingled chares="datsun" overageScrogiePeatman="tekyaAbricotKurn" cooeys="marledPalerThumper" sardiusXxvSapping="8956">
        <sylvasGeckoesPains>oncerShadoof</sylvasGeckoesPains>
      </tingled>
      <algesiaStretCoved spidger="renkSalagoBespray60" vampedLilialBovld="hubbedCesspit8541">
        <harvardBargh>puttiRillet</harvardBargh>
      </algesiaStretCoved>
      <oddsbudSeeding inquiryBunya="64027921">
        <rembleWhistlyRopish>sysoutOffline</rembleWhistlyRopish>
      </oddsbudSeeding>
    </roofsButomus>
    <fraiser>
      <vedalia>raggiesAblatorPaguma</vedalia>
    </fraiser>
    <monoticLocules bywayImi="boutonWrinkly" gorse="flashlyIonizes" luthierSwoppedBohea="hafterObtests" fishfulTabber="9481" eeling="antonioChousHak" douseSunhat="88">
      <beswim>haggadaVenefic</beswim>
      <yamalka moierLazybedJagat="icedHlqn" vervesSession="pastimeKnatchBundled437">
        <dakoitsCannTreaded>becasseUnwooedRamean6</dakoitsCannTreaded>
      </yamalka>
      <nosegayOstein molineSerbdomBerther="awhirIlimaKyl7023">
        <woofs>inkpotLottie</woofs>
      </nosegayOstein>
      <mergusInachusAlgous froglegCutups="freebieSoorki" hokums="beheadPouffedPinnage">
        <quaifeRosyExiler>thermo</quaifeRosyExiler>
      </mergusInachusAlgous>
      <kamassInseamsEstray>
        <leuciteCurfewFaldfee>muddingVixensLeah</leuciteCurfewFaldfee>
      </kamassInseamsEstray>
      <exrBedeck breviUlstersPudgy="overtipServian" legumenIffiestCresyls="1498862" fetcherSpinels="natterMagueys8435">
        <sejantGivethPeruke>76223627</sejantGivethPeruke>
      </exrBedeck>
      <retryAgamid genesicPseudPapane="grimingDominie" cheveysBesugo="doddardShemiteGalp">
        <batlerHuvelykCorosif>clotCleckVidian</batlerHuvelykCorosif>
      </retryAgamid>
      <chozarJacobus chirred="kennerLowball" anticks="hakuInsistCulbute" iliumMelinis="campionUnplant">
        <epuloid>grilleWetting8968</epuloid>
      </chozarJacobus>
      <loppardAssaisFike groover="takin" catnapPonjaMoral="glazyOversea">
        <alphylsOotype>suboral</alphylsOotype>
      </loppardAssaisFike>
      <buteinRomero roistBandrolOwght="acerbasBunkum">
        <campout>endsealFracas8</campout>
      </buteinRomero>
      <speakie zingHaloids="603687651" senexLychnicCards="825">
        <berseemBrumalPicador>khasiTart187</berseemBrumalPicador>
      </speakie>
      <licks oozingSowfKneecap="cointerOmbresUrning">
        <princod>hitting</princod>
      </licks>
      <dappledOverbetNabal onlay="2432" vectionBayz="tufted">
        <deluged>refurl</deluged>
      </dappledOverbetNabal>
      <loredLimpetsTipcat>
        <vises>9211</vises>
      </loredLimpetsTipcat>
      <sturdyCabaanWifish wincersNebelPlica="incutSalviolChitin" thiamidForbite="wifely" teerRacer="reveteSigger">
        <timonStagey>torsks</timonStagey>
      </sturdyCabaanWifish>
      <noachicHeddles begazes="984" newburg="23490499">
        <luwianCapablyBearpaw>cortegeDama</luwianCapablyBearpaw>
      </noachicHeddles>
      <acoine servetKneels="131491824">
        <flative>talonid32</flative>
      </acoine>
      <haspAfters rosinol="calinutDumousTineoid4" diswood="depelKendZoogeny4606" dictThumber="guaribaLoa" charges="torulusRaggilyCompaa">
        <pintMists>8288470</pintMists>
      </haspAfters>
    </monoticLocules>
    <peddlarVaccineDampest shoersConvent="gensengWhiss" guilfatSloid="153467429" shillsBetread="41" mugwortWhizz="imban">
      <laityMessilyWarpath>wing</laityMessilyWarpath>
    </peddlarVaccineDampest>
    <chocaWeber>
      <sagest>kyschty</sagest>
    </chocaWeber>
    <emplaceFaailk>
      <wedsMashies>jockerKyloe</wedsMashies>
      <dogbaneInermCertose>
        <bromal>dinkiesCrambeReign957</bromal>
      </dogbaneInermCertose>
      <sewsterBoney grun="outherFatter" aoudads="isotopyMealingAuh5" sailageStrown="talioGrushie">
        <drolled>ethidUpleaps78</drolled>
      </sewsterBoney>
      <racedDenotedAttired>
        <dittedJailer>rament</dittedJailer>
      </racedDenotedAttired>
      <niagaraTollies lutetiaKelima="cicadidKepi5">
        <crambesBensailLemuel>gout</crambesBensailLemuel>
      </niagaraTollies>
      <ortyganUpaislePourer grazeThraw="leoniteMersionRack">
        <ukasesBaufrey>spooferFlattopOphic</ukasesBaufrey>
      </ortyganUpaislePourer>
      <datingMassulaRejudge>
        <muyscaOnsetPapulae>leasow11</muyscaOnsetPapulae>
      </datingMassulaRejudge>
      <blusherCourtly lynneFeodal="knifingTempyo20" rebato="118365371">
        <learoydLinalol>decadic</learoydLinalol>
      </blusherCourtly>
      <gobbets chateauMashy="662771" dirian="iratestTegsSyre240" squeezyRiflers="3570">
        <spyismDonate>bumfegRibskinCotise33</spyismDonate>
      </gobbets>
      <moghanHencote saggierTuboid="quarion" arne="5" strumTubster="donate" yellowyMoolvee="scindHarbiDeskmen900">
        <sinfulArecainBiplace>crabberHockeyTrac</sinfulArecainBiplace>
      </moghanHencote>
      <courilAlbianDevelop>
        <anhyd>callunaRodster</anhyd>
      </courilAlbianDevelop>
      <immeshAtarChasses>
        <rushed>snivel</rushed>
      </immeshAtarChasses>
      <plumbet starostLadkinSolder="9579">
        <schuitsThiasoi>wrigleyBruzz</schuitsThiasoi>
      </plumbet>
      <piestCanaledPorno apicesMomser="laodahMiosesDiable" aevumSossDawns="jaipuriFeste10" sistingCouthyKnower="wytesGivey" bodeful="flawnHirstRemain">
        <labby>sawlikeRelaxKleagle</labby>
      </piestCanaledPorno>
      <sienaPothersSough cauked="armbonePukyChamma3" yawledPages="carkingTuePtotic" smolderNuque="dochmiiOfthink83">
        <thomanRamplorRawer>vesselsBadaxe</thomanRamplorRawer>
      </sienaPothersSough>
      <wines speelsRagglesGerb="taggingSola">
        <solymaEmergesHeaves>388889</solymaEmergesHeaves>
      </wines>
      <gome>
        <pianismGluierSquinny>citess</pianismGluierSquinny>
      </gome>
    </emplaceFaailk>
    <basculeEyewear>
      <bourse>aprilis</bourse>
      <readGestureBasest bushier="goraccoRulers8489" pinkilyLestrad="41883" signeePornosSteamy="deblockJocose" cebidSimian="176">
        <mealed>acumensWateredGasts3051</mealed>
      </readGestureBasest>
      <faeculaMixed varsha="whinsCrux">
        <damnsCattish>bryndzaRinksSubtend</damnsCattish>
      </faeculaMixed>
      <pegmenEverlyGlub girns="copalmsZemiismBidets">
        <tallisMeminna>28784</tallisMeminna>
      </pegmenEverlyGlub>
      <simePotiAtopy punkOuthitsTwaddly="misceRinse">
        <sitchShammes>cinctPanic</sitchShammes>
      </simePotiAtopy>
    </basculeEyewear>
    <abbe>
      <ribatToutedAddice>ileuses30</ribatToutedAddice>
      <toyful mormyrClysesDogal="hilar" ordures="hauflinNef">
        <dumpers>forcutRev</dumpers>
      </toyful>
      <tain fucate="ryeCawquaw" pricier="tramel" speosFatheadLoopist="marxianGuruFlocker">
        <ashwortSickingLyrics>miredBuna67</ashwortSickingLyrics>
      </tain>
    </abbe>
    <bowseryAcaudalSilts>
      <propusHappedSougan>hecateRelict</propusHappedSougan>
      <kajeputPodestaRestrip obfirmMaunche="champacStreet">
        <visargaKaratsModi>morose</visargaKaratsModi>
      </kajeputPodestaRestrip>
    </bowseryAcaudalSilts>
    <admoveSabGlumose eutaxy="seggedPolypodAgapeic" upalong="564" chakobuMinow="pavlovCatsupErotism" pickoffHymnerFuck="cloamenMesites">
      <caecias>84578454</caecias>
      <spheralAngoiseAhum>
        <tritonCochinsVapours>blickyInwithShaku546</tritonCochinsVapours>
      </spheralAngoiseAhum>
      <hirmosTwanaBunker>
        <toydomYetlingRetempt>beth7589</toydomYetlingRetempt>
      </hirmosTwanaBunker>
      <laughsTrahSheria swattle="bierTeman" prests="fogger" wigglesJockerBoarder="coughed" glazingMarted="rhymedLoutherHipe478">
        <deepen>3787893</deepen>
      </laughsTrahSheria>
    </admoveSabGlumose>
    <petitor>
      <chitinMantonGrype>ark730</chitinMantonGrype>
      <anagua towsLuiginoWodgy="toothy694">
        <fustierSuccinPaddies>redoubtThisnEscopet</fustierSuccinPaddies>
      </anagua>
    </petitor>
    <tallatePewters titulusTabbingAllium="queersDital" rearmedMahalJeux="46350634">
      <testaHaunted>abattu</testaHaunted>
      <croiikDawt poneDittamy="564099" bulimySubmaid="naggierAbris1361" detestsTaky="4662591">
        <ladik>fanningAumery</ladik>
      </croiikDawt>
      <statureShoosPiaba>
        <boxroomBravosAmmi>eggnog</boxroomBravosAmmi>
      </statureShoosPiaba>
      <mataiChollasPenmen forleitMailleEsteros="tonneMusar" obesAssacu="babbleCoopeeTrans">
        <offings>deists402</offings>
      </mataiChollasPenmen>
      <uparna pomeysSwum="meths" castesVigilsTelegn="318640719" surgentReheap="11">
        <menhirSpiredGuberla>snellXylenyl272</menhirSpiredGuberla>
      </uparna>
      <egret>
        <acarids>phryninCompd</acarids>
      </egret>
      <anglifyHappenWhomped cawquawWashinSpeer="imidic">
        <awardeeCalciumSols>saysScutesYucking</awardeeCalciumSols>
      </anglifyHappenWhomped>
      <emanent fuage="stowceTowers" rhodesDesired="galiCdr" incleRebakedPunger="porkishAnomal">
        <raillyWhapperGorsier>34803</raillyWhapperGorsier>
      </emanent>
      <outblewDefer usuriesPsyllid="coyedWalrusClarity" miaouedFaut="674">
        <pedlersJenoar>1647932</pedlersJenoar>
      </outblewDefer>
      <uvver preachyHecticEmpress="eaverRageTab" farrow="purred" imposts="puebloDonsAotus">
        <vialingMuskish>886942</vialingMuskish>
      </uvver>
    </tallatePewters>
    <wandRousts>
      <trocoGaywing>belardPhenate</trocoGaywing>
      <precool phallin="gerendaInsures456">
        <tacketDowd>cotZlotyOrbite</tacketDowd>
      </precool>
      <jaupDerham sixsome="fairAwaitedTeslas63" gulledZoolith="deseedArettePerses" bugabooHomarusFytte="mailmanClotho" khediva="bulksEegrass75">
        <manyCausse>savelhaAlcaideHotting</manyCausse>
      </jaupDerham>
      <gloater tamalsArrant="sivanAlteredGeod446" babootCagayanIacchic="sectors" threipPelagra="hiremanMuggles" tazza="wusp">
        <agneauxEmesaImbu>kauri</agneauxEmesaImbu>
      </gloater>
      <yogurt siglaEcotype="kamsinTunablyFinland2231" tolueneMythistStold="pulpTeenetAdhara11" yali="ratted" tubbing="yomudTungo">
        <arkabFermiumRhoeo>suppledBarmaid</arkabFermiumRhoeo>
      </yogurt>
      <chariotSalminKangani delianPellasImperf="637" micklesDhaks="bitumenWungee" poppledOaricRandier="annuler">
        <ecusTriolet>kensUngualsSyssita</ecusTriolet>
      </chariotSalminKangani>
      <squirmyNoetianWakore ord="75281" bankerDaymen="luridlyToyless" unorder="scumberNoblify">
        <picamar>bnf</picamar>
      </squirmyNoetianWakore>
      <griperKraken tallolCaxiri="albert" glassy="tikkaGrazers">
        <hoerColola>elaidinNasalis</hoerColola>
      </griperKraken>
      <cussersDanton eelbackHaughs="pakawanHushedUpgoing">
        <veersProvola>72752172</veersProvola>
      </cussersDanton>
      <scalledHalteCroc>
        <gawishRorippa>gatlingStichos</gawishRorippa>
      </scalledHalteCroc>
      <defamerYaffingPike spurry="7847" pfundAnconadDlvy="tacketyMojo" pesewaDannerIllium="wattageWedgesSurance49" watchTragionCaracks="caribesCerite5722">
        <naeEugenolFlossy>gringosTruced</naeEugenolFlossy>
      </defamerYaffingPike>
      <bonserBarge uranite="commeStopersGill" glycol="curialTodsTurned">
        <evilerChappal>porose</evilerChappal>
      </bonserBarge>
      <kileys earnsStarredBits="emerilPhasesCajeta" flyball="justersStatohmInvised334">
        <urinose>miasmAttent</urinose>
      </kileys>
    </wandRousts>
    <poorgaMottledBemba livestMantuaExomion="chenier">
      <visoredCrockyHiguero>puddles</visoredCrockyHiguero>
    </poorgaMottledBemba>
    <stuccosPulerCurtays>
      <thumpsPlanksFdubs>unaisXyleneMoider</thumpsPlanksFdubs>
      <ataman invaded="ribwortIlliumZincs6846" reblockGriqua="lhotaBurgoosAlbinal">
        <shilpitVulvateNaish>novenaeSalvingFriller</shilpitVulvateNaish>
      </ataman>
      <welsiumGilver sincere="vaunted">
        <revertsLepomisTaluche>631</revertsLepomisTaluche>
      </welsiumGilver>
      <ortyganMaytenSudoric>
        <phlegmaSchorlyCaused>bases</phlegmaSchorlyCaused>
      </ortyganMaytenSudoric>
      <neuralNoons>
        <schorlsBewweptBranial>lebanonClosterEwing</schorlsBewweptBranial>
      </neuralNoons>
    </stuccosPulerCurtays>
    <pageantHimwardTravail>
      <lumeter>taxemeMantaJug</lumeter>
    </pageantHimwardTravail>
    <brothe hatelCuttlesEthynyl="respiteToilerCandour" vorant="orrices" postedEchoistElls="tomboysAlphardUntown" bejan="bespedStokvis" glary="dumka">
      <twalFurryMalts>miaowedFruggan</twalFurryMalts>
    </brothe>
    <encomicNickar>
      <vireosWalerDashiki>vicaraHirstie</vireosWalerDashiki>
    </encomicNickar>
    <homeown bemata="probandSufism">
      <etiamSanest>dictaenSurreal</etiamSanest>
    </homeown>
    <budwood andi="laoSkelvy">
      <viveSou>workbagSpurtAwest</viveSou>
      <varvePoeticsShabbos abaue="8904" gaitedDignifyRow="shalesRooks">
        <patsyLacingFrosh>sizzlerEpiderm</patsyLacingFrosh>
      </varvePoeticsShabbos>
      <exactorVastateHirst ledeTowelryIsopach="449">
        <entrepParoecy>ogdoas59</entrepParoecy>
      </exactorVastateHirst>
      <donmehCimlineCoranto>
        <malines>seawallDizzilyPrecide</malines>
      </donmehCimlineCoranto>
      <wolfersLensDent patentBeamish="tottieSimilorAtake">
        <petrieTiledSaves>cameist</petrieTiledSaves>
      </wolfersLensDent>
      <scoured>
        <seposeTickersCarrels>arsacidValeryl</seposeTickersCarrels>
      </scoured>
      <kusanStrudelEngulfs tulasiJostleAnguid="kareau" edgiest="manistScabid">
        <bhootsCyano>leucins</bhootsCyano>
      </kusanStrudelEngulfs>
      <wonnotHavIncross>
        <slumdomPumps>pesades</slumdomPumps>
      </wonnotHavIncross>
      <corbe ripsackChilScoon="lewannaThrymsa" devout="ostent" tampa="daverErnestMeld">
        <mulettaBurgessTarry>porisms1</mulettaBurgessTarry>
      </corbe>
      <floshSouredCapote maydayHarasCannels="cusieCuitledGlazers" faffy="gowkDuroyTordion" doruck="quirlSid7">
        <tinchelUndamColts>lawzy</tinchelUndamColts>
      </floshSouredCapote>
      <tamburPetasosSootish hiltedSontagSkylab="expire" dorsersSramanaPrimers="blaykHulksSquiffy">
        <touristNumberHolks>148850</touristNumberHolks>
      </tamburPetasosSootish>
      <warsKerning lolly="moons701" colins="camarinBoudoir">
        <bunksCzechSmethe>508733</bunksCzechSmethe>
      </warsKerning>
      <kou razzes="sudani">
        <chartedBetireBabel>878</chartedBetireBabel>
      </kou>
      <crozedUrucuOutyelp cuvyHardock="labredtCramperCaveae">
        <surdent>lieu2</surdent>
      </crozedUrucuOutyelp>
      <annualsNoint zyga="jivesBebusyWinded" heavilyOililyNassau="betrapRobeNog4" trophicRifart="bromesRapers" liftersHoundSoorky="318">
        <discardIgnitor>11</discardIgnitor>
      </annualsNoint>
      <vomityNelsonsPronaos chigoe="29198044" racheBorsch="guanare2019" ziganMucked="87037794">
        <haplome>basqueCopsCasual</haplome>
      </vomityNelsonsPronaos>
      <sleysForay tenioUncopeBriggs="spong" pontil="casse" aliency="1">
        <galiVamureDesyl>buccinGremmy</galiVamureDesyl>
      </sleysForay>
      <narwal facUndeaf="libeleeFylgja">
        <babuinaOofy>3124444</babuinaOofy>
      </narwal>
    </budwood>
    <byelawEdwards moslemWishingSwinney="koppenSeletyBedamn">
      <spoofs>pretorsDumpingExhorts</spoofs>
      <filmerNephews cattilyUppity="lingsDatiscaForlorn438" tayrona="saunas" twizzleAdvoke="tipiFaddleEncamp">
        <prozone>nonent</prozone>
      </filmerNephews>
      <budlikeArleStanek outdoor="6675003" pursier="sevenerIschial" caratchFoutraMudfish="baroloMungerEpizoan">
        <couthTiros>salminBesort</couthTiros>
      </budlikeArleStanek>
      <scybala>
        <jettru>coojaScruffs</jettru>
      </scybala>
    </byelawEdwards>
    <uncalkGomeisaKnelled yonicDarkeysPipe="20296">
      <abramisTuscany>chalkyGynura</abramisTuscany>
    </uncalkGomeisaKnelled>
    <lete gireVisierTulwar="cujPale" niblic="pahlevi" metriaCoteryUrnfuls="koleaTubemenNormals125" headleAetian="calibre2215" moireed="dooleyRayan" dynodesDousesCyanide="monnyStorken" alkylol="31306">
      <bidgetPenally>21283633</bidgetPenally>
      <ammaGlory stapler="naive5" flankerRechawIters="sesamolKaury" nevomeAdmove="sprodDieingNewt" strewsFoxhole="rumbaFabaSporous">
        <udasiStroud>has</udasiStroud>
      </ammaGlory>
      <flamesAirs oremusWiglike="conicBaconAllan" adjurer="pewageAbdielMelena" osirian="sokotriOwldom" coraciiCalciumStacc="hyssops6">
        <noggsImpavid>viduageBattak</noggsImpavid>
      </flamesAirs>
      <gelableHuntersJudex maranaoEnentSnell="franticSpaned" asport="armedPeneidHeize" doxiesKlingDefade="ruthGatingVeinage">
        <dulerBalneaGosling>juxtaDookit</dulerBalneaGosling>
      </gelableHuntersJudex>
      <seeledSmiles bacalaoRulersReachy="rumlessSoprano707" nailsetSeedman="panakaWonner">
        <annonceMgr>dandyNightie</annonceMgr>
      </seeledSmiles>
      <badgersLoupedKudus edwardsSaurelIndwelt="shavies" samoyed="escolarSittine" zedoaryConredClinton="petrelKarri1" alogismVaivodeIgn="8312351">
        <germansGripmen>limnery</germansGripmen>
      </badgersLoupedKudus>
      <giltcupSiloamSporing couchNets="ninonBroadenDullity" boniestNided="cops480" encakeAvellan="monactFacaded" torses="ballateScroyleElmiest">
        <olympusGimmerAdore>cagedPiskunPattu</olympusGimmerAdore>
      </giltcupSiloamSporing>
      <riddenLiana quilesFica="muskedPaydaysPanoche" enlink="441816462" pluteusSwamper="forayer" stuffyTartareBuckras="urinose">
        <skied>476000</skied>
      </riddenLiana>
      <coalasMilages unexactKainsChambul="brieveCharked" notist="baleareFalangeAsking">
        <sheaRedroveMizzles>emmets</sheaRedroveMizzles>
      </coalasMilages>
      <afreetsBlebs beethDeededArolla="pulviniMeshingRilling">
        <lotiumChukkasTakin>44</lotiumChukkasTakin>
      </afreetsBlebs>
    </lete>
    <ordnMoliesLancha lourie="tollageBatcher" agramedTowyAwaft="turbit" bavaryLeaveSpoked="62905" asuriReeshle="4" bodhiAaaFullery="refuelGulchImmense" dowseUnallowCgs="booberyGritted" loments="padrona">
      <ferriteBroth>chkfile</ferriteBroth>
      <venturi turus="palikarAwlessChowses" relaxed="pondageJuster">
        <adminLenin>foyerLipomasPrebble34</adminLenin>
      </venturi>
      <ranatraBotchedSupr oboist="rater">
        <soreeSpae>oblateAppenseVively921</soreeSpae>
      </ranatraBotchedSupr>
      <gaspyPedante reworks="etatistPamirBeqwete" isodont="scaldsGaggleFussily1" justlerToxoidsLdinfo="annul23" intakesDuopod="pluggerSmasherPanowie1">
        <prising>caroledBiali</prising>
      </gaspyPedante>
      <misyokeWoolseyDiplont fretsSchedar="objet" luckieGire="gruelBilbieUraeus" ranchosMathaTorus="marrier" wairshBetsy="peewitTaigaSelle4">
        <daglock>39</daglock>
      </misyokeWoolseyDiplont>
      <banchiDuarchy fezzanHebetic="breasts18" redheadRiotingCarrack="lessorTipupPawpaw">
        <ryaniaPrichDenser>miliaPratap83</ryaniaPrichDenser>
      </banchiDuarchy>
      <unfewSaucers meagreRopandTektosi="8392" gozill="outtearNeeborMushed">
        <siziest>satinsCarrel</siziest>
      </unfewSaucers>
      <lealandLouvarMedian dvorakDrameStoray="untameBawlySatient" bilgedSighful="yrsFrosterDah" menagesClicksMoory="7850317" hodBruzz="moost">
        <ajimezAttiredGibes>abiesRecide</ajimezAttiredGibes>
      </lealandLouvarMedian>
      <pleonicKickoutTrokes dulat="853912066" cumhal="deburrCupheadSabered960" glunch="barrelBrolly" dances="coifed">
        <comparRodsmenUpcock>besneerEoithsCheero2941</comparRodsmenUpcock>
      </pleonicKickoutTrokes>
      <goddessFaddle>
        <broken>wisentsMiaows</broken>
      </goddessFaddle>
      <akov plusiaCoerectRecoast="timorGmelinaWuntee" egotizeVester="statizePicklesBetula" jobsSleuths="starlitUpfill">
        <spondylScrimpy>koft</spondylScrimpy>
      </akov>
      <flintsSegathyHummum carnel="739055993">
        <chookFezesCawnie>zubrMealer</chookFezesCawnie>
      </flintsSegathyHummum>
      <tyne worsens="lollerGuarapoAgsam424" unactedUredoHdbk="ghatti" inglesa="olfactyAmylon" oviger="deflate">
        <meminnaJiffleCautio>pornoLatrial</meminnaJiffleCautio>
      </tyne>
      <neozaBoxier pargetCrumped="dipt2232" reachySwots="opaquer759">
        <heaters>sexistsSheltaCombite</heaters>
      </neozaBoxier>
    </ordnMoliesLancha>
  </jaobLacked>
  <whiffy tunics="4" mantoidOutpoll="zookersLacrymKeywrd" anareta="19112821" salaam="kneel969">
    <hyenineAsexualUnoral gane="falseBarkingTut" yarrowsDripped="teathe" att="waniganStylopsAmabile9" snugged="palaver">
      <silybumOdditySethic>outhowlOukiaSchedar</silybumOdditySethic>
      <brig tosheryBasnetLeanish="834669811">
        <contort>silliesFundicShowman</contort>
      </brig>
      <nongasUranyl potherbFixgigTermini="besonioFears" bragasZoccolo="canelosTemiakSheva">
        <senhorsApyrene>puckTrog</senhorsApyrene>
      </nongasUranyl>
      <inwovenJetted metanymYeguita="rashfulOleic" weri="43666688">
        <unwriteRodents>sunroofDowdyFaintly735</unwriteRodents>
      </inwovenJetted>
      <libertyWangle bemixtLobalRetune="6451" bewaste="izumiEmyde" morphin="85523502" ostiaryGaveledGiglet="gawsie">
        <anabongPalmulaSatins>marqueQuirky23</anabongPalmulaSatins>
      </libertyWangle>
      <idioms ramulusFilths="jotnianTandems" paveCertisUnrust="hangmanMawsScatty9" aubrite="dotards657">
        <caeca>pubes8374</caeca>
      </idioms>
      <triplEwhow barons="sunbeam">
        <galtrapBridie>178522315</galtrapBridie>
      </triplEwhow>
      <fsiestMincers chapmenDurene="juddock" moppyFarcer="frarySpitzer7660">
        <freenRobertoMandoer>sneezedPiperno</freenRobertoMandoer>
      </fsiestMincers>
      <saintedBoeotic ungula="69" schoche="leones">
        <alumnus>nonplusSmlUncaped</alumnus>
      </saintedBoeotic>
    </hyenineAsexualUnoral>
    <lidarsAdod khepeshPughSkye="trickieKanawha" marrersAmeba="yobbos" ketchyPedlars="ethinylAculei">
      <elflockReguard>casherLetticDamsel</elflockReguard>
      <flocci huffleThoral="legumeCotwalDuly">
        <deleing>suevicBoyism4641</deleing>
      </flocci>
      <remorasSermentPacas lealandKaiakAgasp="631" unroveScovel="7266930" canzonaOtology="petziteMuskitsKrans1998" bureleThruout="toronjaLima4857">
        <rats>copertaFrowstOeci</rats>
      </remorasSermentPacas>
      <chayKendy spale="prauChoateSwacked" sprose="187237914" cantosSparkAnga="ronyonsShunner">
        <zemmiElls>effable</zemmiElls>
      </chayKendy>
      <ruffleDudderOchered>
        <impregForkierMurther>parringPlattyLamprey65</impregForkierMurther>
      </ruffleDudderOchered>
    </lidarsAdod>
    <nonbase sturbleWrecked="syndicLurkedBints" rurallyScorifyLunules="2" ufo="gratinsSlaked" liberal="70258" bunions="24">
      <witloof>termed</witloof>
      <publ maniasHopbindIrma="bodgie7" naigueEdwinaDinkier="77995">
        <demastsThetics>outseekDevot</demastsThetics>
      </publ>
      <bezzo broggleBlungeAmorpha="254" bondon="9" redderGuepard="wocas1" tetanusLeopard="owk7">
        <hrzn>mullingTrag</hrzn>
      </bezzo>
      <leersBecheDuchess lampretMono="despumeSpad" cheepsPervadeMurga="tizeur" phytoma="unsourStilter">
        <performKernerAvions>kovilPlural4363</performKernerAvions>
      </leersBecheDuchess>
      <scarrow>
        <tooterFowler>unsonsy</tooterFowler>
      </scarrow>
      <rouensInmostRollick matinsBogyFantod="detenu" authEeriestProetid="shutokuPterins7681" wivernsMugientSubring="mumpish580">
        <fitnessQuincesBeans>niguaGemoteMissel</fitnessQuincesBeans>
      </rouensInmostRollick>
      <dooziesTaxingFecket upglideJehovic="spryestMolies" gratifyEnentSequels="fresco">
        <tortes>fugueGooglyAba</tortes>
      </dooziesTaxingFecket>
      <squama>
        <hoptoadBadmen>176</hoptoadBadmen>
      </squama>
      <croaksEconSivan glagaWorkups="knappyFaxedExalate" zoysias="templesHimene3" erick="zinging" lecticaFrater="wornilCyrillaSabbats">
        <preachy>26595</preachy>
      </croaksEconSivan>
      <pfundAdarme yakking="911328" sociiWoadmanQuiting="lahar22" kaamaNagman="brimmedDeplore">
        <cutletNudnikRomaic>oatersCamions</cutletNudnikRomaic>
      </pfundAdarme>
      <kyurin>
        <ordersKildeeTillot>dobos4</ordersKildeeTillot>
      </kyurin>
      <gerkinClingyFagins fleers="cantishCabotin" pharosScepsis="somewhy" riggers="phemieCutlers">
        <aditCurrish>xyleticOrganal</aditCurrish>
      </gerkinClingyFagins>
      <plodsZinober>
        <noveneQueys>minbuUredo</noveneQueys>
      </plodsZinober>
      <fregit sulidae="bonasaNudges" kokaneeCockilyKirve="halloaNonport3" elytrinLollsMadrone="68" tapuyo="carryon">
        <floor>implode</floor>
      </fregit>
      <weaponHeaved rosehipLola="copaiva78" pongidsPammentBoubous="4" pitawasLeavy="amniotaLured">
        <hagdons>sabaismResoundIonone</hagdons>
      </weaponHeaved>
      <perla bodachSebasic="croapeImmoteGnashed68" templarEurobinAnoint="langle">
        <spleensOxgall>43103554</spleensOxgall>
      </perla>
    </nonbase>
    <adeemedBiodyne>
      <thankee>earlapDregFavous</thankee>
      <ruckTosNaze ramular="dundeeMesianUndamn" ullagedTaishoZonulas="gruffed">
        <ferrel>bubas</ferrel>
      </ruckTosNaze>
      <cygnetsCongouCanso bepat="grindal" schnoz="3913" saxOchroma="pedataSibredeEduct">
        <mereRedbone>maypole</mereRedbone>
      </cygnetsCongouCanso>
      <opa boundenWoadedFelony="weirdoGagmenHunlike" hovelerHoubaraSjouke="enrichAbettor" botte="rileyRinger" wissedQuan="vividHalbert28">
        <recantPanctia>hautainSinople</recantPanctia>
      </opa>
      <toprail oyezRoriOxyurid="8408">
        <diploidClos>volsciWormingTriumf</diploidClos>
      </toprail>
      <josiahAloweAground pinjra="mesivtaPromicMast">
        <nanaNixes>clouee</nanaNixes>
      </josiahAloweAground>
      <mangweNeumaVinca wronger="azures" pertishBlamerStead="gamba615">
        <wangheeMespilUnstone>jobo</wangheeMespilUnstone>
      </mangweNeumaVinca>
      <radmanApinch trikirRows="rapter1" socks="digests" happerKlamDomina="witherySesamum">
        <akhoond>72</akhoond>
      </radmanApinch>
    </adeemedBiodyne>
    <subvii>
      <cobles>anopla</cobles>
      <quadPylic>
        <grateBrustle>disobey</grateBrustle>
      </quadPylic>
      <remijiaCarpPlexor chiefryArchieAcuchi="piroqueBicornDamsons" assurdCumene="9816">
        <seifProuder>porkpenMilcherFets</seifProuder>
      </remijiaCarpPlexor>
      <intire slurWoofersCoercer="samsaraVervelBlodite">
        <assurge>jatki</assurge>
      </intire>
    </subvii>
    <bedoltTroutyWratack>
      <bugledUrochsWacker>otelloHelotryGulped</bugledUrochsWacker>
      <goyishThroatySubas enduedYirring="coniumsWifish920">
        <dharanaUncloak>97844</dharanaUncloak>
      </goyishThroatySubas>
      <chiule krengSoulackBuirdly="civviesHexads" ownedBrowst="stapled" versteAgavose="moochaShantihArgols47" aggadic="tomtateAggrace">
        <olearyIchibu>nanoid</olearyIchibu>
      </chiule>
      <gaywingVacuist tenzonPurusha="undealt">
        <splakesUpboost>repleve</splakesUpboost>
      </gaywingVacuist>
      <aricine>
        <tampsTumpsReferee>conteke</tampsTumpsReferee>
      </aricine>
      <crinite>
        <lauroneLilasEcbatic>truant</lauroneLilasEcbatic>
      </crinite>
      <slipupSorelKeyset scourgeTeleman="freesia695" isotonyAmadanBlest="5" newcalCottoid="sporesFleingXyloid1">
        <bilboasDhu>bonasaApogealUnfiber</bilboasDhu>
      </slipupSorelKeyset>
      <adapidTameTrill vibe="clicheVerminStane" potrackGingely="swaddleSigmasDechlog497">
        <emend>anglistRefly</emend>
      </adapidTameTrill>
      <harmingTipmenRusa vasefulFormeJamshid="harmingCoriausBenacus">
        <pardnerBushwa>echappeImblaze</pardnerBushwa>
      </harmingTipmenRusa>
      <productJauntedCoffle suiones="byssoid" seghol="bacchicEscobaPare">
        <goofyKippyUnsulky>71469240</goofyKippyUnsulky>
      </productJauntedCoffle>
      <isopodsMettleArcadia mitis="793516673" cyprusBespeak="sharifAdigheTruth9352" bufaginMowraSooth="560">
        <turkic>floatyGorgeTire</turkic>
      </isopodsMettleArcadia>
      <wafdistLeukoma savinsMurkily="64550481">
        <mimeticGuppies>ayahVaunts</mimeticGuppies>
      </wafdistLeukoma>
      <haglikeSlakin toadiedAuroral="melanoTearoomFidded2" rupiaSloosh="moosSrac729" chorealTradedCoccoid="7169449">
        <tenacy>scrathBurezDelbert</tenacy>
      </haglikeSlakin>
      <loisPacha croppedHanted="tautogsLivest" novoSalsoda="6" zein="eutocia">
        <shauriHyracesQuartos>thackHarsherSones7797</shauriHyracesQuartos>
      </loisPacha>
      <gargetRegetFrights flixPaiuteStuck="atophan">
        <bobbies>tariricHaithal</bobbies>
      </gargetRegetFrights>
      <resuck snockerAnoesiaTucanae="spitishMockersPiki" flier="mimosaMarranoArrtez" geryLockingJihad="rivageMizzen">
        <shoutWemmy>scruffTaniteEtymons</shoutWemmy>
      </resuck>
      <toparch paviorsPeelite="staves" gussieGlore="51" torchesDzeren="4">
        <reamassGeezerAmusgo>defray</reamassGeezerAmusgo>
      </toparch>
      <cantarePyloric boater="squallsPaulin" setboltUitspanAgruif="retched" raverDreeBuran="geaseSancordDorsa730" steidConnersOllock="horary">
        <wharveDurgan>cleomeCapellaScarved</wharveDurgan>
      </cantarePyloric>
      <luzulaWapato pushpinLivably="quadleWhews">
        <fustic>armDotardy2</fustic>
      </luzulaWapato>
      <lacesCopaivaSpoked sepawnAnconalRahdar="brotanUnshawlTibiae382" tlingit="19" keldBylined="deckleSuppnea">
        <caduceiSolateOutkick>midmain</caduceiSolateOutkick>
      </lacesCopaivaSpoked>
    </bedoltTroutyWratack>
    <popeyesBohor tycheGemmilyLestrad="9746252" rancho="oboleKefKnick" kerana="spilthsBravestUnice" magmas="pluggyEphoricBoomy" physaRelends="avows">
      <rounVariers>begarieUnnaive</rounVariers>
    </popeyesBohor>
    <diauDeposalVelella>
      <disorbRex>harianaScleraePoseuse</disorbRex>
      <caimansBablah pearch="348175974">
        <colobus>3</colobus>
      </caimansBablah>
      <boloing>
        <fuzzily>wafty</fuzzily>
      </boloing>
      <esereOchry ararDaincha="fundusUta" satinyAverish="lumbangClosh" cruorin="bortzRespoke">
        <flectorPulersCorder>nappeAmotus5</flectorPulersCorder>
      </esereOchry>
      <darkleBrichen andvariBarongaFearful="corajiSalutedGirshes" gloomyReavailInbreak="suluanRecludePlowers">
        <dupatta>7898626</dupatta>
      </darkleBrichen>
      <sorbentConcern fagaldPepinos="1742" luddenMohawksViminal="aprilisTrusser">
        <biceps>upfloat</biceps>
      </sorbentConcern>
      <claypanPurgingPatible offeredBarkNigher="wheki" bego="laweourHindersTwerps" unknewEpeeBrid="warbird" reiver="gunwaleRevete6">
        <hammingCahuy>byroadsAssahySicily990</hammingCahuy>
      </claypanPurgingPatible>
      <voltage benwardNomos="avar" damoneParringEnvois="cagayanHostler51" rajasicAgregesAgy="okrugScoutGusting" sowbackCruiseGabe="acology">
        <passageToricWedbed>bossing</passageToricWedbed>
      </voltage>
      <ozonidCarreau unkingBlobbedEntwine="atociaEnskies5" nursery="gnarsAlister9" zaire="fardhSocht90" ceders="fittageViduousEagerer">
        <uralineDocken>lurchMisselCetic</uralineDocken>
      </ozonidCarreau>
      <rays turfdomTotquotTeched="woodie29" cackledHeh="crusilyOil">
        <moocah>crudityFutiley5</moocah>
      </rays>
      <veerMerfoldScams amgarnTiturelHiccup="67925793" removal="68359" bocardoSovenez="chebogZarnecCrotal">
        <outrow>33</outrow>
      </veerMerfoldScams>
      <gravelMoireedArcking goethe="whishtsEpicene" flurnSabbing="endfileTeachyKhotana" bunkery="agogic" soe="ribesTeasyIfrit">
        <zap>hogan994</zap>
      </gravelMoireedArcking>
      <carpAyletGyokuro>
        <funic>mongersMicella</funic>
      </carpAyletGyokuro>
      <coloredPoplinsApluda>
        <ghetti>pareAminase</ghetti>
      </coloredPoplinsApluda>
      <tampur canted="730" corpsy="hamiticZillRyal" automen="amobyr">
        <evillerBuckersRennet>brachia</evillerBuckersRennet>
      </tampur>
      <swiftie qats="95029455" iodinCamogie="intimeAtomySnig15">
        <ingrate>oocystPrenote</ingrate>
      </swiftie>
    </diauDeposalVelella>
    <folateObtest>
      <stray>hoodies</stray>
    </folateObtest>
    <fowlersDiplopy>
      <risker>10193</risker>
    </fowlersDiplopy>
    <mogos sken="376485796" incisor="gumGalopBrisks" wauchBaloo="keckingAtka">
      <mystaxTareqMackins>megaeraIdistic</mystaxTareqMackins>
      <limitalHadromePeotomy>
        <unsnugKueh>bonsDeborah</unsnugKueh>
      </limitalHadromePeotomy>
      <tribadyUsurer>
        <quagga>3279</quagga>
      </tribadyUsurer>
      <unripe waylayArteriaBeltway="fogasBrey2" wormilsToper="42304">
        <inhalerCoomy>conveyTegulae7</inhalerCoomy>
      </unripe>
      <poolerDorrClachs kuberaAmbar="anallyStouten19" lawedStreyBannut="amarine">
        <marrowyCaribanPianeta>ballotsIman</marrowyCaribanPianeta>
      </poolerDorrClachs>
    </mogos>
    <ladlersCoolies rotateEntasiaPedion="unstiffGonadic" curneyAigrets="barberyEnemiedCarlot" quadHoboingPanton="capablyNabalus9" papaw="901187024" impairThyselfCoot="moonily" licualaCalibreJiggety="6300528">
      <gatlingFossageFlusher>didoes</gatlingFossageFlusher>
      <guaninRubblyAuca indamin="215770" targedInfarceDunno="pararek4724" darreinNardViva="extanceMohairEmane">
        <gaunty>demitsTangramUnmewed</gaunty>
      </guaninRubblyAuca>
      <keesMuleys pundum="uvulaPalsyClown" cattabuActions="bitore9547" deriverFendy="upwent" duntingMidshipRedfoot="toxodonWatchMotleys">
        <brended>wins</brended>
      </keesMuleys>
      <missionTrommel>
        <tumli>helver</tumli>
      </missionTrommel>
      <berneTheetAnde lisbonGawsyRiant="thoseUpanayaNastic3" mancheCarnet="listensGrumpedEnflesh" kantistShaping="2309" beshearNittyGadis="bekkoSvelteTramcar8">
        <outjumpBoldMedical>tanked</outjumpBoldMedical>
      </berneTheetAnde>
      <phpht>
        <hagshipRubato>sunfallAttle</hagshipRubato>
      </phpht>
      <loliumAmphide oroideOvey="uppererMarx">
        <silvasReges>dangsDat</silvasReges>
      </loliumAmphide>
      <nobblesGreg berimed="langaha" lowsLiquids="scauperCaunos16" wiriestArrases="lazying" itel="plbroch5">
        <gomerNishadaRep>arryMunda</gomerNishadaRep>
      </nobblesGreg>
      <escortBull>
        <grogramIguanid>cerasQuatch</grogramIguanid>
      </escortBull>
    </ladlersCoolies>
    <scarpEmbank boodlesAeneanUmiak="fluible" weepyMyosesFrantic="limpishCotsetSkillet" homered="reefyNosema" sellerSuturedVolto="gypsyfy">
      <oxyopiaFeuarsWraw>willi</oxyopiaFeuarsWraw>
    </scarpEmbank>
    <khazenSanjak>
      <moperyRomanlyGemauve>celebsPlasmid</moperyRomanlyGemauve>
    </khazenSanjak>
    <angiaUriah>
      <azygosWaesome>dineSeamew</azygosWaesome>
      <tellina izafat="8">
        <unrebelPardieuRoto>pardaleCarmine</unrebelPardieuRoto>
      </tellina>
      <naturedTiltersSphegid raff="797943113">
        <unusageKeltie>aracheUnleaky5516</unusageKeltie>
      </naturedTiltersSphegid>
    </angiaUriah>
    <defineNeiperScovel>
      <deedboxCotham>tinchel</deedboxCotham>
    </defineNeiperScovel>
    <hookman bestickOxshoe="hewhallShema3062" scaum="guineasCsi8238">
      <legsScout>clickedSmilySpined</legsScout>
      <diamidoJapes coupsComaker="fjordedHageniaVirtued7" josses="courida" stichicFrizado="estevinArctics5">
        <mktgYeso>rajesMcgApozema</mktgYeso>
      </diamidoJapes>
      <gamines bratsAdaty="unstillCarvelCormel" liquerHootchJam="babhanInbyeBokhara" trochiLeviter="40978273" spurnedDimorphEyeish="twirlerOraches">
        <rummilyScutula>scoutsKudoRuling</rummilyScutula>
      </gamines>
      <lurker>
        <gleyde>flyblewCoedTenour</gleyde>
      </lurker>
      <gobosRedears>
        <violino>geckoForcene</violino>
      </gobosRedears>
      <bietleRazors sharer="yoyoSporuleBivalve8" chareDec="ductsZygomasCliency" batwaHodsMalawi="murallyRefeedsMiscite">
        <raxing>miaowerPanzersHocuses</raxing>
      </bietleRazors>
      <cubesBarbellGamba>
        <hogans>huisherJowarsPagnes</hogans>
      </cubesBarbellGamba>
      <guzulEumenidMutably sementClingerCirca="massoyBarwareUtopia33" ghessGelderUll="massage" typable="azuresCourtal">
        <arharItsyCarcel>coilersBywoner</arharItsyCarcel>
      </guzulEumenidMutably>
      <washita paviorsUprouseHalts="72932094">
        <granula>hosen</granula>
      </washita>
      <anaheim silvexSlackly="126653" caveyDorsal="regradeCarfuls" orians="alaninsOdonataOaf">
        <reft>thuliteForbarCupcake</reft>
      </anaheim>
      <semibayAngusNoterse meaned="vison" reddledJarvySnobby="locrianRemass" larchPasselsManbria="milkingCassheRaptors" necktie="isotopyNae">
        <angeloUnname>negrosTimmerCluniac</angeloUnname>
      </semibayAngusNoterse>
    </hookman>
  </whiffy>
  <ashily polo="2" mooch="circusy" softieBreezy="loafersQuinteAnalyt6">
    <abetSpilomaMumbles>
      <addicts>shitaNappierBlunted</addicts>
    </abetSpilomaMumbles>
    <litaiAdvenaeJiggler estatedSandlot="2694114" akuEnclear="cankers" chegoes="ultimas">
      <tumbakDashes>sunsuitInlayer</tumbakDashes>
      <latched boxwoodPlock="decibel" daikon="80" moltedCalumbaMerril="oilbird">
        <metus>770145221</metus>
      </latched>
      <maggy sneersGroupieAzulene="dkmManzas" impederFearfulCombure="hemself" spindlyMadtom="elzevirByssDivert" warsledTrashy="hestherAlmsful3529">
        <langoGyroTypeout>poshShorter</langoGyroTypeout>
      </maggy>
      <chine vepseChimaneToetoe="difform" sersSnoopsCurrock="cupids17">
        <electicBonedry>mantricGove</electicBonedry>
      </chine>
      <earholeMissed>
        <caiqueMetisseBiomes>hatband12</caiqueMetisseBiomes>
      </earholeMissed>
      <coping snaggyBenab="forerib" bertinFeveredZinc="21967">
        <ceticForintsLexeme>gabarit</ceticForintsLexeme>
      </coping>
    </litaiAdvenaeJiggler>
    <venererLemel>
      <ductureAtropicFanega>liliumJerl</ductureAtropicFanega>
    </venererLemel>
    <billsJurFoggish>
      <hootersMonoticLoamed>64</hootersMonoticLoamed>
    </billsJurFoggish>
    <muskoxZizitSonar>
      <ponces>barrets</ponces>
    </muskoxZizitSonar>
    <puppily>
      <plowboyPadouks>durzadaDecrewWhisked</plowboyPadouks>
      <bepelt>
        <vidameOneill>oreide</vidameOneill>
      </bepelt>
      <valvalRantockSpined araunaSandbinDigits="winkChoroidGraham" curvleAschamLewing="crazingDoolees" groupSaddenMythol="smyth" fronsReducerQuartzy="overgun">
        <boxman>ungiftFrother</boxman>
      </valvalRantockSpined>
      <eelsCombiteRely celomGeegawNickels="slungeQuidditVicine">
        <bastardBotchy>daimenTrigoneBroncos</bastardBotchy>
      </eelsCombiteRely>
      <gyre mouton="wahimaEphorFanned" uniusWormyStroyer="beelineThugsCultism">
        <dunite>rappiniOshea</dunite>
      </gyre>
      <grapple>
        <sari>467578931</sari>
      </grapple>
      <repugnAnteTopsoil aswellVictrix="reslateEvzonesAxogamy136" audientAlmury="stond" vettureUnlumpyCoumara="wirble697">
        <ekesHide>unfrizzTeeSelects</ekesHide>
      </repugnAnteTopsoil>
      <indigosCrypticAristae proavisAcaciinFames="54293232" paramid="minored1017" hechtiaGablesCia="grittleGamest" housing="3776090">
        <somet>95538732</somet>
      </indigosCrypticAristae>
      <tupaiaCrisle rampingNogginsPaprica="4808" riddlerPonceau="girdsFacias" misjoinHuscarlRoyals="paginae3">
        <katipoVotyakAridly>batlerBedrape</katipoVotyakAridly>
      </tupaiaCrisle>
      <offence soogee="weepsThosWhipman" teacartSlothMult="pupates833" phoNewcomeChauvin="jeeryKhanga">
        <leapedBedwarfNabla>apollo</leapedBedwarfNabla>
      </offence>
    </puppily>
    <aeriestPales>
      <ipocrasStorStaled>dmod</ipocrasStorStaled>
      <frothiJuckiesShifter bests="vallHowish">
        <waleParfeyAwless>43</waleParfeyAwless>
      </frothiJuckiesShifter>
    </aeriestPales>
    <cuttailBlinisStator okey="70" roam="favourLover4018" keps="romanicKinlessSurv" intro="cutting" deditHelix="5" conopidRomaineMomism="gigaton" payoffsWispy="lambish">
      <thenalAngst>miscookFalla</thenalAngst>
    </cuttailBlinisStator>
    <detail>
      <gytlingAgamas>uit</gytlingAgamas>
    </detail>
    <citrousTycoonHuss>
      <oleo>foulsCoaidCalade</oleo>
      <trainy moneraGazyNema="351" bawlyZenick="84" ramaRecche="bohawn">
        <tipplesLuxesFixion>capulinKatcina</tipplesLuxesFixion>
      </trainy>
      <scrivenFungid>
        <zenzuicHawser>baggierAgname</zenzuicHawser>
      </scrivenFungid>
      <jaderyDeafly>
        <gyrant>15</gyrant>
      </jaderyDeafly>
      <abiosisToisechColicky votaryJagat="foothilPrizers">
        <untaintBraiesGipped>vertySalue</untaintBraiesGipped>
      </abiosisToisechColicky>
      <angara anthol="haggeisOpacify36">
        <cytosinVallar>forbodeMuktiBloom</cytosinVallar>
      </angara>
      <vinoBasharaCracowe clouty="conicle75" bajauLavette="forhaleBeryxGest99">
        <shooedDawpate>rew96</shooedDawpate>
      </vinoBasharaCracowe>
      <crayonsBariums>
        <sicel>hafisSkye</sicel>
      </crayonsBariums>
      <zoeform wheresDiamin="coleusKyathosBodkin" begnawnWhat="kanap" tutsan="29">
        <girlsUpgazedPeer>630780900</girlsUpgazedPeer>
      </zoeform>
      <acetary whoosisGarden="higher">
        <kareao>bettorChelaAffies</kareao>
      </acetary>
      <wingle ibanLyra="cowkUnlax" silkmanGrilled="entier750" especeBlueysDemurer="bemoultMarver">
        <sempreCommix>1528</sempreCommix>
      </wingle>
      <dipppyYabbyJuffer plusFriezedBowlful="laminalGradingSlidden" tataryFunbreOsmotic="horselyLyceal" koshersOrary="atwixt" zebeckBedwayWob="tribeFledgedCuprose">
        <boylaNipterAdeuism>7100241</boylaNipterAdeuism>
      </dipppyYabbyJuffer>
      <brevetsCreates downSutoriaUnsnap="alphynCameral" aswitheJagataiUnhosed="23394215" soudansLipidPinfire="shlocksDogdoms">
        <mtgeUmlauts>787627489</mtgeUmlauts>
      </brevetsCreates>
      <dealer burps="paik" antralArtouIndigo="8" overfeeGawker="2" thetisMounter="damaRackwayPiranha">
        <tapmost>moilersHacklerAdonai</tapmost>
      </dealer>
    </citrousTycoonHuss>
    <grievesSarlakAmylin>
      <bowwowsCarnose>bimasParsley</bowwowsCarnose>
    </grievesSarlakAmylin>
    <bowels stude="45569120" unmadeErotism="merril1" unbrace="23" mutely="boltingHoveler" baobabsTamale="nudishCrochet" kenai="3439" unisons="roublesWisking">
      <canastaAsculae>snooveMafurraLooby75</canastaAsculae>
    </bowels>
    <preculePuggyMire riginalCassava="quarleCpuSado" abroma="dirtierPulasanDamalic" mouSoferSimball="urbifyWollopCerates" adatTrout="8801831" upcoil="kagosSubcast" unuredVeeriesHantles="kidneysMismeet" acridUmpired="libyan">
      <weave>pala5</weave>
    </preculePuggyMire>
    <gradin>
      <juleJustin>madrona</juleJustin>
      <nidderAnilla crummyExilityArridge="deemHosing">
        <spuriae>toughRefreid</spuriae>
      </nidderAnilla>
      <atonersBegun apogenySkinks="170389308" loppier="pinwaleDicyema" hammersParkersPotted="bemockAbutaHinger">
        <centiarBoonsReverse>craver</centiarBoonsReverse>
      </atonersBegun>
      <diamondTownly prunted="23526" odlingMimamsa="poison3" cattan="sirkyThistle">
        <ramson>1</ramson>
      </diamondTownly>
      <bardingSneddedLookum sibbs="pepping" emboloSablyBittern="jawholeMeatyDeceit" hutzpasAlvahFaciata="untiing">
        <reefing>grader</reefing>
      </bardingSneddedLookum>
      <devexScall wibble="463899" pekanUnyokedAmbreic="closkey" grx="salem">
        <autotaGroped>mabelOutsangSport</autotaGroped>
      </devexScall>
    </gradin>
    <taysmmEtrierQuickie tassesPilularOutwell="recessBoxhaul" foller="xenos">
      <impastoHordaryKonde>miles6571</impastoHordaryKonde>
      <ageistPiosity embaseGlidder="orange" flyaway="flint" julidaeBebaitSati="labrysSawbwaSantimi">
        <potteen>bowledVorago</potteen>
      </ageistPiosity>
      <bitakeRectumIvresse>
        <gunung>83</gunung>
      </bitakeRectumIvresse>
      <amoebic>
        <brumes>withiesMuckmanArtamus</brumes>
      </amoebic>
      <mildestSputumOdium nubias="jalapaSyllab" tucum="isodoseAngevinPalmin">
        <doltishAliso>marrer</doltishAliso>
      </mildestSputumOdium>
      <pawers ierne="94" protonsKeepersDirity="anunder">
        <semeeClosetHaslet>asquirm9802</semeeClosetHaslet>
      </pawers>
      <ananEnskyedRehouse apasoteFiddlesJivatma="wifeismAkchehJejuna" dejaJegCoffea="juraTwalt" remass="bygoneBawleyPopeye" trewagePitside="envies">
        <cowlAani>9557</cowlAani>
      </ananEnskyedRehouse>
      <mardy gou="grudgeWeedery5" hookers="651" thongs="pomelosRegrade">
        <wickenOasalFug>quippusYupon77</wickenOasalFug>
      </mardy>
      <dewoolSamelySpright tzetzes="umlauts" rameal="216163" ogrishVastySwearer="knolled" antumTackle="beeryBalaamArachic48">
        <pitylusEmulateBoolies>68935</pitylusEmulateBoolies>
      </dewoolSamelySpright>
      <jaguarsBptPositor>
        <hallahsAlertaOxter>capful21</hallahsAlertaOxter>
      </jaguarsBptPositor>
      <schnozSerrai brake="bruise">
        <beefersLaverocSabes>hisnPayment</beefersLaverocSabes>
      </schnozSerrai>
      <lunyieGuanoSwager hoverer="nestlesSenateExody" emetineFezzy="whalpFettleEnlist" zonariaWolfen="outmove">
        <metepas>shoppyFarandToyon</metepas>
      </lunyieGuanoSwager>
      <ossaHooka misaimsPossie="nepmenSemsemPostie" remouldRecipes="rhapis" inanityRathely="oospore4" undarkMantrap="5534">
        <pudgyCinter>baobabs</pudgyCinter>
      </ossaHooka>
      <companyColdong cicerosEarthy="molineParlorsRummery" hammock="doleful" sunkieDoupion="26">
        <abbest>42620608</abbest>
      </companyColdong>
      <nitwits>
        <micas>uhtsongChickerLatter</micas>
      </nitwits>
      <eperuaAdy caracksHafts="moluccaOblate635" precisoPilleusSaw="englue">
        <kobus>benton</kobus>
      </eperuaAdy>
      <espaceStarkleGaskins>
        <klopsReportItylus>leaderPehoTub</klopsReportItylus>
      </espaceStarkleGaskins>
      <aeonialHydric outfledPeins="slabs" influeDobe="150">
        <amazersPyemiasCalaber>897194569</amazersPyemiasCalaber>
      </aeonialHydric>
      <panzer poetdomRapine="opinesSploreSkewing" unrockyDowers="pintoes" maidu="yallaerGhole">
        <scalzPucaLisere>squattyFaunish</scalzPucaLisere>
      </panzer>
    </taysmmEtrierQuickie>
  </ashily>
  <orderCatgutsKatsup>
    <cremantRendu pylonScypphiSibylla="leallyRiotsResty" culprit="forradKeens" montantLrecl="reavingNitonsNetwork" cohunesDuplet="wetlandEtiolinScawd">
      <eatingDiketoProtax>winnelIsms</eatingDiketoProtax>
    </cremantRendu>
    <korahDomageHoldout>
      <retemCater>guildrySpaerStummy</retemCater>
      <needslySkiffs thibetItelmes="secaleLictorMajorem78" sowishGardantFords="99427103" klister="dayless">
        <mermisJeepKylie>ficinDurban</mermisJeepKylie>
      </needslySkiffs>
      <doozyPhratryPhaser inhibit="yusComediaLimner" firstly="tuitiveSuicismNomina" soupDaut="lydian">
        <chockedSyboes>carvedJewbird</chockedSyboes>
      </doozyPhratryPhaser>
    </korahDomageHoldout>
    <wraithySelaminKissage>
      <gnusAlthein>piperno</gnusAlthein>
      <nosiest>
        <postal>axelsNito</postal>
      </nosiest>
      <cavityForbite>
        <ranksDungsTrianon>thunnus</ranksDungsTrianon>
      </cavityForbite>
      <unfrozeUrachalSpeedo simular="demon" awanyu="rouchesAllowerChank">
        <rattleHazingTiredly>bunyaEarwortSquads</rattleHazingTiredly>
      </unfrozeUrachalSpeedo>
      <anaspidPilgrim apheliaCraker="amps" svelterJeeFuehrer="bonne" perunDuryl="spean" sody="propter">
        <sunPerkedMooth>70257</sunPerkedMooth>
      </anaspidPilgrim>
      <taimenLavrock berinseWhins="pantoHijacksMachine9881">
        <morulasRetrampViruses>gellAlbines</morulasRetrampViruses>
      </taimenLavrock>
      <marcor>
        <untruer>bhimaOutrungHosting</untruer>
      </marcor>
      <funkingMyelinsBirky illium="requite" turnelSweepupReverer="piecesArdeidVeined159" aalii="vermis" dourestPhonoRicinic="lammyWhipsTait">
        <elliot>kinds</elliot>
      </funkingMyelinsBirky>
      <seckelPickers turakooMoorierMowrah="gablingDancers">
        <acarusIdylian>kickingJourn</acarusIdylian>
      </seckelPickers>
      <weansForetDeluce>
        <sheogue>bowsmanAnidianHet</sheogue>
      </weansForetDeluce>
      <lav hepcatButtsMilking="centnerDuxSycee4" sisterChappeTypw="limiter9710">
        <littlinPst>naibShirlRumored</littlinPst>
      </lav>
      <winnowsSpane hackersWingsDaywork="offalWagner" ringtaw="viewing" hawaii="oathsDavid">
        <bindToddite>evokersPinkeyeLycosid</bindToddite>
      </winnowsSpane>
      <skagsBadhan groveTabloidBorning="looverPeebles" lobolosWhisk="1584419">
        <engageeGarnetsVagas>skerretTombedKerve6</engageeGarnetsVagas>
      </skagsBadhan>
      <rekickIdeatesSawny semitaeThunnus="sedovicJoiningIncases" libbardItalicSkiting="809051" cocoonsNidaryBrads="frypansLaputan">
        <varsity>vamoseCrepier</varsity>
      </rekickIdeatesSawny>
    </wraithySelaminKissage>
    <censure>
      <grumpedCoseBeadman>wiversRipponFuzee</grumpedCoseBeadman>
      <spyboatCozenOriform>
        <fictionSkiter>215</fictionSkiter>
      </spyboatCozenOriform>
      <removal unasked="lcd">
        <your>bingoSalvoes</your>
      </removal>
      <alumnaeDefuze siressLongs="hornedLustick" shrendAeger="baldyAtomicsGoing" ronnelsWanedMiszone="baptise9383" touting="119">
        <olonaBroo>inflexTaimen3</olonaBroo>
      </alumnaeDefuze>
      <frownedDaggar anticorImparks="sawish4">
        <seeingsGingras>wodgeBerendoJokiest</seeingsGingras>
      </frownedDaggar>
      <iodineJumada slaskMackleRestful="pappies" escotDerthEschars="huskily">
        <bravado>761</bravado>
      </iodineJumada>
      <rebrew hetter="regreenUnbuiltFundal" blotchy="voustUnicef" jeePlumps="pikakeBourranClivis" reslot="poopedScolb">
        <pernodBolivia>3412098</pernodBolivia>
      </rebrew>
    </censure>
    <kermesVaguish rowportRadianGolfing="8368464">
      <reetam>auraminKilo80</reetam>
      <wanguns nasty="cymuleTratlerScrives" bram="updryWap" cantabTecture="99523014" oxazine="flawingCoyMene">
        <acinoseConvexo>dulotic</acinoseConvexo>
      </wanguns>
      <baisakh hindiCimbal="blaw" romancy="ogboniStive" bunton="377200475" fidgetyDraying="branchiSallee">
        <royaletUnroof>mindfulRiemPenhead</royaletUnroof>
      </baisakh>
      <barreCommemGrav>
        <glummyJuteTsadis>vassarRallyeEsotery78</glummyJuteTsadis>
      </barreCommemGrav>
      <seerpawBewwept kochiaHawsersOutfeed="imcntNonasToroids" lilacinGlumeMenacme="cupreneDidna" vidimusRereelChews="whatkin461">
        <bsfEnniaPlup>tiremen</bsfEnniaPlup>
      </seerpawBewwept>
      <curvateDinersWhisk barkyRepelRaga="tsures" glossalJazzistCasasia="anhydCochinsJubilee" salvyConveysGrubber="3" gumweedKite="nouns">
        <apersee>inweave</apersee>
      </curvateDinersWhisk>
      <kingSowed>
        <tuftierDriersEarbash>gurkha</tuftierDriersEarbash>
      </kingSowed>
      <luceres>
        <haulmsGuddleFreijo>beblessRebook</haulmsGuddleFreijo>
      </luceres>
      <furoinWarsaws>
        <wadsetsIsoRuse>92</wadsetsIsoRuse>
      </furoinWarsaws>
    </kermesVaguish>
    <gecked zhmudMorulasDuomi="74377619" fatingJanuaryPeafowl="bateful" areadyPen="chleuhMobil" nargile="wellsetCrepisPulled">
      <echinusStark>momesArengDesilt</echinusStark>
    </gecked>
    <furling>
      <muangScrimpyStaller>chalmerDeters</muangScrimpyStaller>
      <rapineKankrej archsinResun="peelingHatsfulCarty" mamboedPeculiaDouches="offic">
        <toxins>steyDolabra364</toxins>
      </rapineKankrej>
      <viduate peonAleuticDansy="ibex40">
        <haploidStactes>stowpsLamutSodding</haploidStactes>
      </viduate>
      <maidkin testees="vetoing" bateauAliment="641657450" acetoneTaught="mtd942">
        <aptate>mythoi</aptate>
      </maidkin>
      <phobicPauserFee ibo="srisAmarin">
        <hanapFleckenDemure>beastlyEpiroteStythe9562</hanapFleckenDemure>
      </phobicPauserFee>
      <smookArgil dossilHaverer="421432890">
        <pay>gurshesVividLogway</pay>
      </smookArgil>
      <dkmBonorum dorsula="fiestasArryCuir" lochanSistrum="crisply">
        <popsyCordalInyala>untapedPipilo</popsyCordalInyala>
      </dkmBonorum>
      <unleaky laibachGleety="recoilPical" abattuCoshersFog="specks" sporoidTampsDimmy="flake">
        <biofog>disturbWefHaunty</biofog>
      </unleaky>
      <antiqueTrompedScoriac>
        <parks>ethylinDeraign5</parks>
      </antiqueTrompedScoriac>
      <hearthManitos>
        <fiercerMassula>surnameCalappaDotlike</fiercerMassula>
      </hearthManitos>
      <ronier becurseScapes="shereefClair" tacketScrimpsBanting="ezba" salele="peracidSbirroCookee" urning="4">
        <struse>twixtCaribesClarets</struse>
      </ronier>
      <toranaChirpy mangier="peepulsSkelf">
        <reasonHelpfulHanded>8996</reasonHelpfulHanded>
      </toranaChirpy>
      <hiaArbitry sumosPodetiaSurgent="8" dernedPekes="dead" chalderWeedageReceded="cattailGlozer" delubraQuantal="dramsNarwhalPneumas">
        <semence>floesWeedingGooier</semence>
      </hiaArbitry>
      <flaught brieredCumpBobcat="ligases" tabesGalipotSyrmian="usine2515">
        <brazesTeamman>dindle</brazesTeamman>
      </flaught>
    </furling>
    <ventersOregon>
      <varus>isuroidChenet</varus>
    </ventersOregon>
    <foolishUnbe rikishaAjenjo="gradedRamate" gybedSunup="corvedYay" resteal="strampMem" ficaryInvileMinyas="prepuceRatel" amselEvent="839565" diurnePlumete="soulfulUnmeedy" carpedUnfeltDorcas="46937">
      <coitionDedaBelles>azarole</coitionDedaBelles>
    </foolishUnbe>
    <blemishVrochtCharros>
      <gazersKudize>ora</gazersKudize>
    </blemishVrochtCharros>
    <curried>
      <jurevisDorbel>anklesCashaAmulas726</jurevisDorbel>
      <riflesCloffRetablo eideticWallowTunebo="ototomyClart" townyDislip="hattismMordentOuenite">
        <modernSmeuseCascara>isomeraFeteBarling3502</modernSmeuseCascara>
      </riflesCloffRetablo>
      <meliaFlickQuire fieldy="sulfidHitters">
        <contendCurrLop>patroonCackedBulbel</contendCurrLop>
      </meliaFlickQuire>
      <amaniMarinas marcotUnfakedSlayer="55920886" driskSpading="shreeEmbars" crimpsForaneRants="muggins">
        <dourahAnlagenChias>scat5896</dourahAnlagenChias>
      </amaniMarinas>
      <yar ressala="hola2596" strepsYakona="cixiidChalta" forth="2">
        <pedaryTachist>bejapePontus</pedaryTachist>
      </yar>
      <aymoroSoils kiekieEloinWese="sabinaRetripEolian">
        <tartro>addle</tartro>
      </aymoroSoils>
      <casuistMutant>
        <jonBrava>abideSpiking</jonBrava>
      </casuistMutant>
      <unsortCheviseHexagyn hydrousTholliFatale="tsetse" bonbons="402033255" baseReseausUmping="repines">
        <helverCliteRissle>duftiteSpatteePyxie</helverCliteRissle>
      </unsortCheviseHexagyn>
      <magmataDomalHelder ghuz="queansHuppotBlouson1">
        <madgeDaunii>kalams</madgeDaunii>
      </magmataDomalHelder>
      <bekissPubisGranola monsoniTua="4682" verseBanned="inkingSwarded">
        <yeelinGebDurn>tumbler1968</yeelinGebDurn>
      </bekissPubisGranola>
      <enwovenSullAccord wyle="weevilyBistreKempas">
        <niggles>azothSubgyriMoan</niggles>
      </enwovenSullAccord>
    </curried>
    <estradeGurney>
      <dyeingAlgores>orbity6229</dyeingAlgores>
    </estradeGurney>
    <sluitPompJumelle mikesSaludJuslik="daringBalkyHybodus6874" barlessForrue="8851910" dentinTriketo="1554001" outroar="cloutHonorThenar">
      <dayfly>purlingIlvaite</dayfly>
      <ulexFlooey wrestedLongway="tritomaEntad6837" midnoonKnittie="hauteFlandan">
        <zemiismErvils>hatfulsFranklyGeogeny</zemiismErvils>
      </ulexFlooey>
      <abaciLudgateStasis ormazd="lidgatePorculaFrizado">
        <jessie>25</jessie>
      </abaciLudgateStasis>
      <firkingTintingDehorns protylMonax="innage" hassock="amitieUmbersBeglare">
        <beginsMorph>utileLearRestio</beginsMorph>
      </firkingTintingDehorns>
      <qindarDumbsDasyus lathyRosied="toffeesUnrack104">
        <bairnsSibilus>yippie</bairnsSibilus>
      </qindarDumbsDasyus>
      <calinInweed fentYanked="vamureNil" dareallScarpa="bdsLustred">
        <eolian>55</eolian>
      </calinInweed>
      <halfwitMesitaeFlyted pickmaw="bravoesShaverOxyacid">
        <hockle>castethGunkFormed2579</hockle>
      </halfwitMesitaeFlyted>
      <gombosIdeatum deotaBahnung="formism" amulaArtifexSmopple="kentonTenaim" cinnyl="wankel">
        <drailSpying>droveUmbosChesset</drailSpying>
      </gombosIdeatum>
      <upkeepDogdom weblessWafersJyngine="ballons3436" attendsAquilid="bridledQuintin" tridraSachem="gritsJundy" arewRullCaroli="fulgoraSquidgy">
        <battier>chickySingfoDugento</battier>
      </upkeepDogdom>
      <gallishBalawuTaffy anonyms="48943" exsurge="mediad" alfaJinshaNosed="redcapLanSlicing7">
        <gepeooWongenNonfat>mangelTurakoo</gepeooWongenNonfat>
      </gallishBalawuTaffy>
      <obeyeo bleedsCurrantWell="5" spunked="skirp" irwin="ciguaUnplug" ploidyCateyeLawyer="hapteneNonbusy">
        <lyrurusGamahe>mooktarOutshow</lyrurusGamahe>
      </obeyeo>
      <moutler neritjcIdothea="dumpyMusquawTanna">
        <waling>spicery</waling>
      </moutler>
      <augustaHelvineManege leadmanPulledBohora="cheetCouxioRadiale">
        <bouclesGaolingSturt>mandoerScaff</bouclesGaolingSturt>
      </augustaHelvineManege>
      <fuzingKoolau>
        <jomonFinales>trembleAdytum</jomonFinales>
      </fuzingKoolau>
      <wastel oxyazoBuggess="66356">
        <cavumSammy>mayoSei</cavumSammy>
      </wastel>
      <agraSixteenWispish instore="littenEpsomAvenges51">
        <peacod>unround</peacod>
      </agraSixteenWispish>
      <sauldWeeperUvella>
        <merisisDoitsTogues>446</merisisDoitsTogues>
      </sauldWeeperUvella>
    </sluitPompJumelle>
    <heathMassigHoorahs spokanBonusOrtrud="shutingVerserMiddays">
      <jiboaWraxledEase>sixthlyAntewarZanonia4</jiboaWraxledEase>
      <armour exceedBodierSucket="langur845" depr="undyedRiddam" unboneHask="touters">
        <espDurns>289</espDurns>
      </armour>
      <wisentAerocar mulettaSorchin="allezLowball">
        <rushen>miniate836</rushen>
      </wisentAerocar>
      <toftsKawika limaceaAdcon="sifflotSoleynAmbeer" menseWashtub="kanoneSilkyLynne" goldinAffixSuntan="jungledVendean">
        <teneralRemoreLids>947719347</teneralRemoreLids>
      </toftsKawika>
      <uncannyUnvalidAndira revamps="cordScotal" ropeway="ragule75" blushVanistLantaka="byrrusHonchoSofia" sanggau="roovingHeptalKermess">
        <seagullAnimatoAbsis>eluders146</seagullAnimatoAbsis>
      </uncannyUnvalidAndira>
      <melinaeDiatoms>
        <chuterCoyolOolak>ornateFalcialMaceman</chuterCoyolOolak>
      </melinaeDiatoms>
      <iraterBulbsFlathe aarghUnseat="folios" roteBathmanInset="unured" estabLoamyWisest="hadronsBrotherIdcue">
        <nervidCystoidPostage>8715</nervidCystoidPostage>
      </iraterBulbsFlathe>
      <baycuruAristaPoultry nizams="pricesEparch" avulse="ochroidHaiver">
        <layers>59640649</layers>
      </baycuruAristaPoultry>
      <chauriTuraco>
        <incisal>heriotTractsRosins</incisal>
      </chauriTuraco>
      <lazulisPlow>
        <gayal>linaDishesCuphea8</gayal>
      </lazulisPlow>
      <gardenyCaririHylomys clarkeDegloryUnlisty="tares8" rullionDipetto="appaleLacily" creeky="728" formin="potboilKavi">
        <weedageUnseatLoreal>lanugosHedgingGyppers</weedageUnseatLoreal>
      </gardenyCaririHylomys>
      <wyches yechFrousy="52390537" brickerCarinaeGoujat="coalbinOhed" lerot="hareldEspiedSammier228" stoonDubbah="ramsFistfulJotters8720">
        <etagreTecunaAbrood>tuskierOdylizeJahvist</etagreTecunaAbrood>
      </wyches>
      <gesticFlex>
        <empaleHyaloidPulpous>semmetCrcheBlimey</empaleHyaloidPulpous>
      </gesticFlex>
      <pixesFaunuleNapooh prepack="trappedHeftingGladen" naigieRoed="aquage3388" tempehCooping="aclys" pathicJoeys="4">
        <dogmataAnakes>supes</dogmataAnakes>
      </pixesFaunuleNapooh>
      <misputKennyCarline bootherRandomReheels="ennerve" sabsSmocksPattens="invivid6" doddardPockDedans="unvexedLacunes" pagans="galagosApitpatDebrief">
        <wording>spurtle</wording>
      </misputKennyCarline>
      <aimeeTail easers="yagi" necker="parsic">
        <stoatsYoyBons>beastie</stoatsYoyBons>
      </aimeeTail>
      <noggTroad gleeds="guttar">
        <kadsuraOtiatryGrants>replaneBoraDiverse</kadsuraOtiatryGrants>
      </noggTroad>
      <mucoidsInculpTrashed dalanStenos="jazzman" tubmanUngripe="retrotAmasses">
        <leefulSheth>upcut</leefulSheth>
      </mucoidsInculpTrashed>
      <livingAcquest padus="caelus">
        <calyx>khajurAmide</calyx>
      </livingAcquest>
    </heathMassigHoorahs>
    <quereleDizzardSolely>
      <waddent>coilerFeatherLookups</waddent>
      <melicaTuples anomia="feal" muffish="quinWaspy" hadawayHurlpitWapper="jocantJuliesAerose5" whapHawok="shmaltz">
        <tewer>phytaseRisusesJova</tewer>
      </melicaTuples>
      <striven only="20" hexeris="replateGunfireAve">
        <scent>cyanideStrepsThrown</scent>
      </striven>
      <nigoriRapped unbeltsDivort="kefDisorbJarble40" sacradDeified="6142" guanizeDobies="misstop" remicleAbettalFiar="reddestMariet">
        <gourdBiretta>50</gourdBiretta>
      </nigoriRapped>
      <goozleTurbot hakesEnvaye="ecdysesEmceedGolosh" diswit="brevetGudgeonScrewy" kibitzSylvasTsures="neutriaRavers" ghessSheepy="348445345">
        <noxRebososZilches>33</noxRebososZilches>
      </goozleTurbot>
      <opened>
        <jackdawPledget>viti</jackdawPledget>
      </opened>
      <pyrexiaMiffsLoxia upbrastSickledGangion="balneaeDucdameChimble970" tunning="pilula" actual="cosilyManjeetFilix" simpaiGnathic="lavantNauset">
        <anserinWalersJab>bilabe12</anserinWalersJab>
      </pyrexiaMiffsLoxia>
      <youngerAdownBedford logeiaOsteriaEpicele="greyestOriel774" askari="rumdumChloricShikse" chaumer="milreisHarlingStadda">
        <chillum>36</chillum>
      </youngerAdownBedford>
    </quereleDizzardSolely>
    <eschewJargon dielikeEnvied="pulque">
      <ginsengPilch>lagoonConicsStid</ginsengPilch>
      <aud>
        <dhoulShoalsMixhill>914845</dhoulShoalsMixhill>
      </aud>
      <mealing irruptsEarshMimesis="vaguioVigogneBasson" daryl="cockly">
        <goddizeValleys>bourgs</goddizeValleys>
      </mealing>
      <pathicBustled doltsSalinasMonarda="phatic" gene="3617454" eiry="lutany">
        <sartageBaign>fabrile2757</sartageBaign>
      </pathicBustled>
      <grecqueKercherStraka>
        <mochila>43</mochila>
      </grecqueKercherStraka>
      <tungaEmplaceSorex seringa="tricklyMenagesLoopers" cypriaEgglerScopet="ruckingQuabMellone">
        <ruffBejade>lumpPrivadoMasdeu</ruffBejade>
      </tungaEmplaceSorex>
    </eschewJargon>
    <parsersPokom puniest="limpersDither3" naiad="linieHopyardGlomeli" chitlinRusEmove="ibycterOsteomaWelsium" forebow="stimuliPud" yammersPuristMarrys="645905" sitaBerskin="woodcocPygopod" oneselfShikiiWehner="smilingTopmanPung">
      <glowed>gaur</glowed>
    </parsersPokom>
    <musedZoftigRepaved sialiaFomentoConfute="396352362" tecture="ditchesGlycinSunder" piestGoober="35" utahan="scarphsWes85" folio="agaspCreases5488" spinal="1" dentingMawkArrows="stealedTeguima">
      <froglegSheuchSchemed>jotting</froglegSheuchSchemed>
    </musedZoftigRepaved>
    <regloss>
      <afrayBinocsGlorify>muir</afrayBinocsGlorify>
    </regloss>
    <verglasUnflag>
      <energidGlenn>gem</energidGlenn>
    </verglasUnflag>
    <nobbierOundsVisaya>
      <komatiWelsom>schwa</komatiWelsom>
      <prepaysRibbierLeaden>
        <thorpsPlumulaHordeum>8429290</thorpsPlumulaHordeum>
      </prepaysRibbierLeaden>
      <caphsSteak enfileHelvesDobbie="heroinVocab" bodgieCururoSec="chorineTabrizFestoon">
        <giftsDharani>drycoalSerraiCloaked</giftsDharani>
      </caphsSteak>
      <triarylCriollo zimbiGrs="50697" hutEzodDeusan="seamostScallomAmole" coulBarthEcology="nudies">
        <upspearColarinGayway>valesTibbiePinnace</upspearColarinGayway>
      </triarylCriollo>
      <prefer bolshyWailed="markmanLoopfulSpas" ascill="mehrdadOraison" razzedRhodian="galochRenerveShopboy">
        <sketDharna>quelea</sketDharna>
      </prefer>
      <boater>
        <bohora>heightSunlamp9</bohora>
      </boater>
      <floated iare="delugesHyaena" exurbs="dimitFormyls" tumashaMisdateNymphal="419618" lutfiskBaching="brinersDryopsDevised">
        <dottily>robePlebby</dottily>
      </floated>
      <nervily isagogeRaspisPiscid="859179" heuchGrapnel="fitten">
        <papaioSlutherSteppe>anotherBoomahAdapid</papaioSlutherSteppe>
      </nervily>
      <ringentTown lashedHyleg="slumpsPepino" vetsYakman="89468186" bemeet="109" gallsFellOrkhon="neriumKgfTrite">
        <runnierUzbak>waifingPenanceJapes</runnierUzbak>
      </ringentTown>
      <smash>
        <clipeiKnawGangion>5394145</clipeiKnawGangion>
      </smash>
      <stonilyRecoursDevolve mexica="apulianSkeetSteer" utensil="121557115" mosel="clashyCoonerPamiri83">
        <nostrilRallied>87364131</nostrilRallied>
      </stonilyRecoursDevolve>
      <atoned ebbsOverall="grimmeShewaDiopter">
        <oldwife>50</oldwife>
      </atoned>
      <deemingUlnariaGlisk laftCourgeViers="fillock" engluteBedamp="430346" mavens="95382881">
        <ohsSheolic>heinous48</ohsSheolic>
      </deemingUlnariaGlisk>
      <actifyWoolmen slipeAzonic="baghlaActressPockety">
        <capsidBell>kilobitFlexileBasiate519</capsidBell>
      </actifyWoolmen>
      <piglessShahVibrato belacedArgos="treetopBarbal" chinseStarnieWudge="85" mesiadShote="732269841" reskewHalas="67227">
        <moppet>arched</moppet>
      </piglessShahVibrato>
      <chevyDoweledFrigs>
        <ticerRayonneEmpover>beataRenette</ticerRayonneEmpover>
      </chevyDoweledFrigs>
    </nobbierOundsVisaya>
    <kip murexidPharmic="teuchitSunnas" drylotsCalzada="budwormCurpelCarabus" slokedOnto="comid4" buglet="flamensGlobyNoctuae52" gruesScopus="helve401" tampin="hircinOutfitMikveh">
      <trumph>53</trumph>
    </kip>
  </orderCatgutsKatsup>
</glowHalberd>