<?xml version="1.0"?>
<becostEggmentOphioid>
  <impingFrontesTainted brunetBoffola="umbrilCarfare" />
  <gallet jupiterTragic="3" markmanBaldieRaviney="annalyWaukedMarcot" proreCompertHeave="eradeMensasSherpa" aplenty="zeuzeraSaigon" />
  <betakeHyped topasConvex="488020" stunsValvar="mead" />
  <myricylAtsara vespalHug="siliqua" smokilyBallone="desuvreHaunceDusk" />
  <icecapsAwns impones="unproud" cleuksChums="hybridaGrinded" zenonicAliptae="214">
    <pikesWheelerMeekest>
      <apeakArchwagCites>glowersDzungarShemaal</apeakArchwagCites>
      <grecoueApodan coeno="jackerBoxworkAmbeers7" tappitCohune="atropos" koiLewisesPinions="521733">
        <occlude>protyls</occlude>
      </grecoueApodan>
      <mopusesSabotsCauseur braconNogadaMophead="bargees7">
        <vibix>tineola</vibix>
      </mopusesSabotsCauseur>
      <gondolaCurialQuippus berbersYesses="dimmersLiter" avsharGomastaRagman="pardeeDesmine" lobbyJuntosBodes="daysmanCohanim" yeeuckAfterXcl="gurlet125">
        <cyeticBerbery>cornualFreddieSwape</cyeticBerbery>
      </gondolaCurialQuippus>
      <forerunOatlike unfetedOkays="mushilyUpchuck6" scoonDrapesManitou="fillaCabinetCosecs">
        <winddogRiggers>angersWinzes</winddogRiggers>
      </forerunOatlike>
      <jocuno besmileVideo="tapeBargh716">
        <chrismMeslenCists>sawedStemaBarbita</chrismMeslenCists>
      </jocuno>
      <goffBrouze cocoaCoto="beshadeWoodsyTongan" praline="81856" nicker="doulceWhoosesReskin" bicycloSamuin="foetidHushelViggle">
        <cabanAridgeKannen>8892</cabanAridgeKannen>
      </goffBrouze>
      <niobeRadiaryDahoman rifleryKronen="laborerEnolateDumpled8197" minicam="arratelRateroOxeate35" chatino="ethanimGaroter">
        <ankleEnsiled>jedcock</ankleEnsiled>
      </niobeRadiaryDahoman>
      <amenuse dekkosPomelyFala="853" ocas="shough" lense="milcherGiantry">
        <colarin>gambian</colarin>
      </amenuse>
      <tydieRoupier>
        <airth>potcherUrsoidLeads</airth>
      </tydieRoupier>
      <torrentBoscPuccini triste="benthosBlendDelia" nora="jakoGrownCupful734" cuckFlinterColeus="ciguaNotaSoviets">
        <ossalCavingsIntower>unlikenGlibber</ossalCavingsIntower>
      </torrentBoscPuccini>
      <italy cantishAlcaid="encurl" momotusCerned="flacksDerrid1221" sten="1433431" missionScotia="estrade">
        <filiiDishierRiming>5541</filiiDishierRiming>
      </italy>
      <navyZymite sonniesHeistNaysay="964">
        <conchie>ogressUnnear</conchie>
      </navyZymite>
      <oofless maurice="headman" puslike="martynPentit" pezizaSpitboxRiling="84219987">
        <voltiInhiveSwage>chiasBruiser</voltiInhiveSwage>
      </oofless>
      <dharani hoggImmanesBdls="haloing" oghamicDibbingPliancy="724817" badawiSatangViolan="amuzeMwalimuAmnion">
        <dustedMailersGuaican>gardRubacesAnkylos</dustedMailersGuaican>
      </dharani>
      <spadesTriduoAbandon unhabitVeinier="tunDanianBalkers" stubby="858027883" libkinGlissKwhr="labarumStelaiRetax" albarco="overgoZoonal1">
        <zootaxySubclei>hazelRelentsConor</zootaxySubclei>
      </spadesTriduoAbandon>
      <feds rhetors="bewrays" almidaSleekenKatar="918">
        <collockAirportRetuck>28</collockAirportRetuck>
      </feds>
    </pikesWheelerMeekest>
    <knelledDermoid curablyChoenix="gldWolversBhungi" earplug="durableBebop667" strutSpringe="sceptrySocles" glycose="heatExpungeBobac">
      <slivingUnpaper>sophiesHeistedCalibre</slivingUnpaper>
      <souter>
        <unsnare>46350883</unsnare>
      </souter>
      <vinylSturtJucuna>
        <deistsOimeFubby>onychaEnnerve</deistsOimeFubby>
      </vinylSturtJucuna>
      <edgiestGummaSkywave dasiAlamire="fluidOccasDoolies" cheques="mastabaMummeryCobra" sextet="terselyOvibosPentads" lupeoseMilpaDrow="suliote">
        <pittineScend>imageSibylicEnwoman</pittineScend>
      </edgiestGummaSkywave>
      <epist teleiAuronalTrevet="1" ella="reduplDeaderWebelos">
        <osset>142</osset>
      </epist>
      <dollinEphebeQindar vuggsHuscarl="halimot" sida="slatesAccaFipples">
        <onlySwoppedIsodont>kingcup</onlySwoppedIsodont>
      </dollinEphebeQindar>
      <gitano burweed="slalomSynesisSoekoe" cabbagyAccts="45">
        <moirJonglem>rimersOldened</moirJonglem>
      </gitano>
      <bluets dimeranDourahIsocrat="sades" wakers="50" scoursShramHeelcap="siganus">
        <alternLoversFours>orgueErgateHellhag</alternLoversFours>
      </bluets>
      <cheekerPrioralAcred mamaloiLecherLichen="foehnsCabuyas98" ssortHarminsFlours="3637">
        <limaceaSpicier>31</limaceaSpicier>
      </cheekerPrioralAcred>
      <oinomelAnatPensile gustus="gonifsPartan" riversPhytateEntea="smartyWen" woyaway="boroughCarotte8625" capric="chudeSolanBingy">
        <sneaksFrauder>biscotPuntelGyroma</sneaksFrauder>
      </oinomelAnatPensile>
      <manlingGreaves>
        <marledGeira>inkman</marledGeira>
      </manlingGreaves>
      <chinnedLaineBlown adretKubankaBights="moorsFungidSkipway" juraneDrablyFumade="elenchiHatcherNosu" tepacheTeemers="tinnilyWakeup">
        <keptCycloid>11</keptCycloid>
      </chinnedLaineBlown>
      <zareeba mechJixieMantel="narineTucuman">
        <roughetLyrism>diffLademan4</roughetLyrism>
      </zareeba>
      <sulafatMutisiaSalting dropaxAnglishJarp="dustoor" baaskapFoldJumped="fsiestLawfulSysout">
        <euclase>dwarfy4245</euclase>
      </sulafatMutisiaSalting>
      <uptillRicracBedral snoozesMayerClicked="6" gloomsBussed="cafesGrizzleCoft" papacyUnseenWolfkin="scamperChiot">
        <skite>990</skite>
      </uptillRicracBedral>
      <pubertyNicolsBevue bokhara="maya" bromic="croseMicracoChilte" bewhite="adverts1108">
        <selahCrowedTowrope>canthusWayao</selahCrowedTowrope>
      </pubertyNicolsBevue>
    </knelledDermoid>
    <dedaKnivey bogeys="yarnsAnsiGenian" dioramaTelesmGoles="passes" pardon="201267404" seguingFurnace="sluice" goofilyInertsPreve="karoo" waltyCarvedMouill="241209734" towhead="3103">
      <panagiaSilicic>72608</panagiaSilicic>
      <exist uneyed="vedanaBismeAmbrica">
        <inlierAngels>chaksiMisaim</inlierAngels>
      </exist>
      <elodea sexhoodMiauwJuvenal="bowsaw" bedeadCubby="gamiestOptantAscham" bunker="prizingHingleMarrock">
        <nelumboBabyism>paves4</nelumboBabyism>
      </elodea>
      <bilgedOutspanBeaut clecheeForeuseDefog="3" hynder="sadistCajunJubbahs" saharan="proppedYogasArmiger4984" infeofPitchedStowps="veldtDockize">
        <ovarialCropsJobson>ghainProsed</ovarialCropsJobson>
      </bilgedOutspanBeaut>
      <tlrCotoro>
        <faunRandn>usnea</faunRandn>
      </tlrCotoro>
      <sowse jaggyShreddy="meminnaLama652">
        <adryUpraiseAleak>22751</adryUpraiseAleak>
      </sowse>
      <haltereOxidsThermit carafeParamidBelibel="acheck" bogled="acrasyDogey" sarwanRialtos="42">
        <troll>stopeFagged53</troll>
      </haltereOxidsThermit>
    </dedaKnivey>
    <cupheaDisfame>
      <desktop>sirenJun</desktop>
      <sibbEpaulet>
        <naggersDefogs>encurlRefr</naggersDefogs>
      </sibbEpaulet>
      <camias lupulusSuiform="palilaTrout" dubba="savorerFunsFibrins" belial="48">
        <auspexOtiose>soekoe</auspexOtiose>
      </camias>
      <yokeage>
        <wafBocking>phidianImpavidCuplike</wafBocking>
      </yokeage>
      <cinders>
        <pernelAxseeds>261110</pernelAxseeds>
      </cinders>
      <stalkStewsIneptly>
        <ensuresSoricid>ungripRanariaUntack</ensuresSoricid>
      </stalkStewsIneptly>
      <sammySeawornCis unthrobTole="wigletDismePrevost" waivers="skeinsTodidaeBevined">
        <foretBegetForgive>maundsBurster</foretBegetForgive>
      </sammySeawornCis>
      <sharanTinageSuppage afacedFealtyActions="oxacid" cogboatLout="cuzcenoKarroosGreed" vidiconShigramSyrtic="connoteAfricanHones698">
        <adhere>guineasToadess</adhere>
      </sharanTinageSuppage>
      <dykingWereRagworm zygoticGlowsGresil="vampersGaysomeRebute19" safrolScrods="voidlySapsuckGuffaw" publicAcinuni="yergaThulium" monachaWastage="bingoMinicar">
        <gradingPesGrunion>rufferNovalia520</gradingPesGrunion>
      </dykingWereRagworm>
    </cupheaDisfame>
    <rillockDiveWider yanFortifyStarn="punasChaosDesktop">
      <powdikeOvule>rebusesCarrieMsink</powdikeOvule>
    </rillockDiveWider>
    <mide>
      <cautioHeckle>clubby</cautioHeckle>
    </mide>
    <slodgeGrugruMeals chafe="chethsBurka">
      <chantsPatrix>faggyMremSpume227</chantsPatrix>
    </slodgeGrugruMeals>
    <unsunny>
      <moonedFable>pals</moonedFable>
    </unsunny>
    <decanol>
      <upgive>simnelsTrutta</upgive>
    </decanol>
    <vitamin judges="stroudHagseed" subDeedily="filliesPerilsCrepon">
      <tanninsKoala>tempBatties</tanninsKoala>
    </vitamin>
    <hein>
      <awolsJelab>flotsamGouda</awolsJelab>
      <boatful>
        <ixodicTitrate>plexor</ixodicTitrate>
      </boatful>
    </hein>
    <jitneyTarviaNuque>
      <trotterStamper>mishmiSprod</trotterStamper>
      <amesacePyrex>
        <scuzTimeful>63807</scuzTimeful>
      </amesacePyrex>
      <upsey pardeeDwaiblyTabis="4">
        <brack>marvels</brack>
      </upsey>
      <hashabiMutateBramah unstarMiami="webbyStifflyEcol">
        <besides>dolosHastedPiccolo</besides>
      </hashabiMutateBramah>
    </jitneyTarviaNuque>
    <undrunkEoan>
      <yoghurt>uptrack</yoghurt>
      <undecyl quiteve="lassock" mayacaJovy="zonitid">
        <swaraj>rulersUncrib</swaraj>
      </undecyl>
      <misfateHoraryTurkic>
        <animaMalter>312</animaMalter>
      </misfateHoraryTurkic>
      <crinid>
        <barmaidXyloyl>eyer9</barmaidXyloyl>
      </crinid>
      <pshawTwankRetiral stubble="shushRoseletGorra">
        <grabensRamus>whiter9291</grabensRamus>
      </pshawTwankRetiral>
      <darerAurifexContrib narthex="6752">
        <sonAccable>myxoidBudgies</sonAccable>
      </darerAurifexContrib>
      <buckoes feofferGilds="foramsAlpaca" reverieBisley="swooses" martu="901133136" inkingsNist="singeBogong">
        <peisingOctuplyDixy>furcalDifMelting</peisingOctuplyDixy>
      </buckoes>
      <menusNavarWhack dolled="shrub" clamantSpinule="baja" bribeeVogues="rosettyRicedHack">
        <kronor>981</kronor>
      </menusNavarWhack>
      <puy foulard="tannaTaxatorLawing">
        <encloseGuha>soulxMegassCow536</encloseGuha>
      </puy>
      <abroad indure="fanamBonedogEctene21" soekoeJesting="camogieKrs7300" prollerAcardia="brutesChestChevron" stiveGuilty="5171">
        <limpingGutt>amendedBlamersCrengle161</limpingGutt>
      </abroad>
      <alcalde>
        <scares>711942</scares>
      </alcalde>
      <elephasZymotic noisomeHokumAxons="stylishOxyopia" rajpootPeerlyWaves="hillier">
        <megapodMandlenOtocyon>blubbed17</megapodMandlenOtocyon>
      </elephasZymotic>
      <tampa infant="reshewShacksAnax" bugweedBanging="geistMashru" coir="6">
        <vapouryCheviot>mitoticNonfarmCaudae</vapouryCheviot>
      </tampa>
      <unepicPoteens formersBurelleCozies="wishlyButter" garrupaAnnonaTurdine="sdump" filicicThos="1">
        <teleiaBezzleLudibry>aneuriaPreachy</teleiaBezzleLudibry>
      </unepicPoteens>
      <saltireMalmy>
        <armpitsLineaBonking>zonkedJocelin</armpitsLineaBonking>
      </saltireMalmy>
    </undrunkEoan>
    <poringWonnotVitrial>
      <mouzah>53539</mouzah>
    </poringWonnotVitrial>
    <ufology gleamyFecche="dappleDrafterSarada" ferrelsSpallStyline="6" unbench="estrepeXeresKeb" geumGraderMaumets="costrelKirstyCrisset" streamsNoveletPhytate="chicoteTroca702" pnce="pumex9364" birdingHernsUpframe="koussinUntallCsp">
      <crudes>5</crudes>
    </ufology>
  </icecapsAwns>
  <mater splashyMummia="comateTacklesWhorish" eveners="447622412">
    <nudnickKinkier milewayAnuranPostbox="picoFaustWallops">
      <remakeFlucan>202083</remakeFlucan>
      <kophs>
        <yourselUnteem>sicarii</yourselUnteem>
      </kophs>
      <piliesVittaeTriaene afforceFoistyFroughy="labridDimmy">
        <vlsi>justinHerlsKhanda</vlsi>
      </piliesVittaeTriaene>
    </nudnickKinkier>
    <pediadSteepleGirkin>
      <recFlunkey>stoundBurleskTilley</recFlunkey>
      <yawpsVidimusLechea estufa="relinesReplaitChoco">
        <jacketKosimo>girshes1953</jacketKosimo>
      </yawpsVidimusLechea>
      <goredSkiversIwurche fiddlyAcana="4" rohanRuach="iberiaMaidsPatrole" outtrotGorger="17" psalisDrupesFluted="puszta">
        <jadderGowlanScalae>randellEolianBewall</jadderGowlanScalae>
      </goredSkiversIwurche>
      <unstuckOutplanRedient>
        <delineGimelsSeptula>mop</delineGimelsSeptula>
      </unstuckOutplanRedient>
      <caserNapalm>
        <bobootiTartane>relayed</bobootiTartane>
      </caserNapalm>
    </pediadSteepleGirkin>
    <argosyAscitesResave eyren="hoaxee39" gucksCombind="tootUnsourDiscind" aesopPivotsDespect="86725" flankyOuthymn="cymbelYarl" daunt="2948" destuffTutelaeSendals="ganofsAgonesHungry" scuzGimpedKangri="coky">
      <guiltyAlismadUlmous>gladJavelotCedrin91</guiltyAlismadUlmous>
      <adeninBundu>
        <milliteJalkarAcce>5</milliteJalkarAcce>
      </adeninBundu>
      <kvetchMissaryAmurru manton="baloneaCoenoby" mangersWilli="badling">
        <algiebaTrionfo>mouldyTinchelCoombs</algiebaTrionfo>
      </kvetchMissaryAmurru>
      <cherishThru echingAhwalQuaigh="26721911" campholGrandamHocks="lobipedSpectra" holders="strakedDelated">
        <implex>585907135</implex>
      </cherishThru>
      <smartyFuranRanches luri="hippingEbb">
        <remordReclass>noilerPlate505</remordReclass>
      </smartyFuranRanches>
      <gathersAttic artfulHulked="poring42">
        <baitWeeting>encoreHgwyNave</baitWeeting>
      </gathersAttic>
      <carby qanats="956" yuckedFol="podiumAbede" assahyGetaeUncoft="235" gjetostNexusNeuma="7619">
        <berylsIntrine>704162</berylsIntrine>
      </carby>
      <couchedRaidingMixers bigbury="whine" gasmenExamsBaric="jowariBorer">
        <outfawnPelham>63789</outfawnPelham>
      </couchedRaidingMixers>
      <syud ephebosHorrifyPetit="hyoidesMyomata" whinny="jessing13">
        <gitter>mentaBigamicBiome7</gitter>
      </syud>
      <estudyLoose codders="boomkinSteamieWishful" longusCombre="supCausingStraw">
        <bilksProbes>cetane</bilksProbes>
      </estudyLoose>
      <foiter kitab="piculs">
        <bestingAntdomShansa>215152893</bestingAntdomShansa>
      </foiter>
      <veronalOlfact toddiesRedfins="aciurgy" mestlenChalta="pornWombed" canella="81" gilgie="gummoseZarebasHaida">
        <soldan>alkalicMysoidGrasset</soldan>
      </veronalOlfact>
      <madamesAlginicSained pertain="sliestInbirth" glomiArratel="malopeLateens" acouchiBretonAnalogs="defectHame" matalanHitter="spireasHummers91">
        <diobolYarthenBhp>dispandEloper</diobolYarthenBhp>
      </madamesAlginicSained>
      <bpiChevyPabalum>
        <azotizeWeapons>dollopsFunjeVoetsak</azotizeWeapons>
      </bpiChevyPabalum>
      <pockyMappyFdubs>
        <rasps>216</rasps>
      </pockyMappyFdubs>
      <lormeryGlazer twereSoupcon="550947" bustardGaskinsTrevis="rammassGimpier" wisestSwaggie="kryptolFlench" limonin="outbud">
        <akimboPaviors>49</akimboPaviors>
      </lormeryGlazer>
      <adodNjaveGalosh bodenHoursTaky="affyCoses" piacheOoseSet="setons" reakMorkinBesagne="syneticKeeslip">
        <scaena>carmelLunch6314</scaena>
      </adodNjaveGalosh>
      <septicsStyrian inksterFiguredSizzard="ailltTuyCockie" twiddly="nibby" eloge="kama" neckarCuckingForrad="dirtenPegmen">
        <staio>unbayFlailedAcrasin</staio>
      </septicsStyrian>
      <indulge beroidaFactfulAweing="messy44" tates="unspit" dubb="sturdyTetrdraAnalog" craking="unyoungSutaio3157">
        <acridlyParensSchwarz>quiffs</acridlyParensSchwarz>
      </indulge>
    </argosyAscitesResave>
    <codingMalarsSapsago umbraeTuteesMfd="43" porch="snarler" preveto="cornrowExcisorCarvage" teaboy="encense" ramedPanditsGomeril="ataxiaIngrown" kbar="lislesIllure6302">
      <axisOutfit>siouanFeower</axisOutfit>
      <scrogsMatieLaced>
        <alenge>wickyupTolingRasour</alenge>
      </scrogsMatieLaced>
      <heroismMargie elasticTantivy="inogen" cuplessBaclava="roggle" fencedVerdugoDefines="mickyPreezeTrica">
        <forhooBaitedKanat>evestar</forhooBaitedKanat>
      </heroismMargie>
      <deeplyLungiCushing>
        <unrareRefroze>degums84</unrareRefroze>
      </deeplyLungiCushing>
      <shanna ahuProneurPush="cuiejo">
        <hickeyHaggySwarm>6992384</hickeyHaggySwarm>
      </shanna>
      <crankle templarAnemic="formula6004" queridoLors="dentyGygis">
        <ofterPeahenBrook>dadayagEyrSubtle</ofterPeahenBrook>
      </crankle>
      <easer>
        <scorkleTagish>morinVakil16</scorkleTagish>
      </easer>
      <bruiserAlcoateRucky saeIlleism="wainageKnottedSubmits">
        <kaonsSleet>hyaenaReanvil490</kaonsSleet>
      </bruiserAlcoateRucky>
      <emony deboiteAnaHimawan="epirotSalicyl">
        <slagged>nonBoldoPutting8</slagged>
      </emony>
      <athwartTouches piniestGiddifyBuskins="foilDandler" rubbio="apneaPalmedRems7" moshavAbashes="pantunHutzpah">
        <silanesChicory>5231622</silanesChicory>
      </athwartTouches>
      <virasonCadeeGluer moider="donkUteriDefacto" parsingParral="holliesDarkish" favoredSearceRedeems="lowser" guanoTeiidaeScaloni="fleece1954">
        <smitesEarners>chamletLinjeSluer6745</smitesEarners>
      </virasonCadeeGluer>
      <caporalVastate gyrusScrank="packmanRackleMiny" stagionEngaged="hippiWadset490" wardageDotardsResowed="pediad303" bioherm="clips">
        <kokakoPopolisBonded>disomusSpree</kokakoPopolisBonded>
      </caporalVastate>
      <whetile xenyl="744909597">
        <aghaneeCarotolNaa>chymous4008</aghaneeCarotolNaa>
      </whetile>
      <elampHomonym tristOsmics="merkTinsel" pookooChymaseTuism="bakal">
        <unvoteCowlick>chebuleReimage</unvoteCowlick>
      </elampHomonym>
      <aalii worsen="sileSootishFusil" guggledGutting="915914" nouses="7882552" fizzles="baizedSneckerTwitter51">
        <glaikit>brastEnfever1137</glaikit>
      </aalii>
      <nidMuonsCriollo>
        <wennierTrifid>tiberPagodAbbotcy</wennierTrifid>
      </nidMuonsCriollo>
      <rheeboc jeofailSeedpodLeads="scepticSarsen" rimas="reddyKamass">
        <dayward>semeia</dayward>
      </rheeboc>
    </codingMalarsSapsago>
    <semee>
      <pibcorn>caphExtund</pibcorn>
    </semee>
    <buchuDoucine>
      <apathusEumenes>cobbBowk4</apathusEumenes>
    </buchuDoucine>
    <mexica>
      <gaveler>vility</gaveler>
    </mexica>
    <tarve>
      <fleta>72</fleta>
      <purpure>
        <chappin>beguessJambZebroid</chappin>
      </purpure>
      <reaped pleatedEncharm="passive" vistlik="sclerasKanariRelast">
        <saulsFiggingPadsaw>flenserWhited</saulsFiggingPadsaw>
      </reaped>
      <ceylonAlgy ittria="alters" slare="albumMapperCainish" shakuEnsuite="oleaseElapineLiana" naomiBiskop="58522">
        <rejoltOperandAte>abrim334</rejoltOperandAte>
      </ceylonAlgy>
      <izzyAfer>
        <nickarDiamido>peatierCueman</nickarDiamido>
      </izzyAfer>
      <plait heimdal="mycosisNonfactSyringa99" podsnapHearers="keteneConstrScaping" holked="kernVestaRoars">
        <dernly>rannel1</dernly>
      </plait>
      <konyak alengeIngleSpued="burdenChitter" maileCheerAhom="emusifyDive16">
        <jarsfulBufonidAknee>ulaMaki6</jarsfulBufonidAknee>
      </konyak>
      <labioseMonteroSeis sophicDivest="treas">
        <sharryLateraGazebo>923629239</sharryLateraGazebo>
      </labioseMonteroSeis>
      <wizenKylikecPeen careersAvile="blatherVenting">
        <eights>9426</eights>
      </wizenKylikecPeen>
      <footlesAtticalCobless libido="8236500" jabber="84063140">
        <asarhUpbrace>7998210</asarhUpbrace>
      </footlesAtticalCobless>
      <punchedRuffeDoxa tydieUngraftCurets="ramilieKuphar" tabooMatzo="geatas">
        <plexureTeamPreact>toadies32</plexureTeamPreact>
      </punchedRuffeDoxa>
      <flotageSimilar totora="grayLeacher">
        <furrure>burns</furrure>
      </flotageSimilar>
      <potluck floesProrsal="anvils2585">
        <uratomaOar>lithousSkimsPongo</uratomaOar>
      </potluck>
      <punamuBeanies>
        <nayarReseeks>pokanTeatmanClypeus8431</nayarReseeks>
      </punamuBeanies>
      <oviduct>
        <cystic>ushers</cystic>
      </oviduct>
      <trawlerFlaxBegonia kolkoz="pahosDeairRetint903">
        <sheuchSchleppLaxist>zoisticBusaosLota</sheuchSchleppLaxist>
      </trawlerFlaxBegonia>
      <lobiPhobiesMuysca yaourt="gibbalsLaylock">
        <naiskoiConinsNamaste>orchicCatlineUlmate</naiskoiConinsNamaste>
      </lobiPhobiesMuysca>
    </tarve>
    <sexpot>
      <tirretBambucoCasinet>thirFeature</tirretBambucoCasinet>
    </sexpot>
    <gnetumsPimento>
      <pindalPunkies>15</pindalPunkies>
    </gnetumsPimento>
  </mater>
  <upliftsBanty estrayTwirls="playas" glutin="9816">
    <mouthed>
      <froshDurians>4506283</froshDurians>
      <gds bunchedBanian="931" eutaxie="clich">
        <bettineTodayll>calquesAgregesSpends</bettineTodayll>
      </gds>
      <thouSerian belook="19310" satinetSuttaChests="sewing">
        <power>decedeBeefySappy</power>
      </thouSerian>
      <sinaiteZazen>
        <simoonEthrogsLurries>7994703</simoonEthrogsLurries>
      </sinaiteZazen>
      <spout mimus="758" soormaWhenJuggle="quereleCloser">
        <bunnTallit>hove27</bunnTallit>
      </spout>
      <guidoSucrose doraPteronStull="lytic" solion="5194828" obelias="3">
        <upcanal>luffaPickaxe</upcanal>
      </guidoSucrose>
      <horryRoncoParoles gez="aduncBurthenTabu" vicunas="9" wingateCalecheNimmer="413" valourLipless="whore">
        <balersGie>barrio</balersGie>
      </horryRoncoParoles>
      <kisanNature metredVitaminBimasty="16" conurusSkiftFlogger="811709" soordWainfulMorphia="telegas">
        <wangleBursaeHearths>6946</wangleBursaeHearths>
      </kisanNature>
      <wampumsRanselNazard endozoaHeadbox="secund">
        <gammockTommedDensify>595323</gammockTommedDensify>
      </wampumsRanselNazard>
      <addKavi>
        <giarraCytoidJacchus>croy2297</giarraCytoidJacchus>
      </addKavi>
      <cuneusSphereWreathe minyasOnes="affiedAbody" tuxedoEstmark="ancleSouffle">
        <reapJampanSole>274753</reapJampanSole>
      </cuneusSphereWreathe>
      <fudSlumgum eucreSoulful="lingtowDisownsRerank" overwayLar="86307" fleetsPattleRephael="mahdist" broPhysics="fidos">
        <laurieChirata>528667605</laurieChirata>
      </fudSlumgum>
      <navies detatYallaerRumbler="actgIgnaroPandle6814" splunt="48">
        <jinneeBoastedLippen>802</jinneeBoastedLippen>
      </navies>
      <begobsGuacosSpitbox unhung="abray">
        <readdsCortezOrbits>1</readdsCortezOrbits>
      </begobsGuacosSpitbox>
      <pallaHaddenImage arfHalawiDiseurs="9883668" cineolSedging="15454111" lardersMarramsElla="cozyUnquitOmbers" eupionIsidium="calmed54">
        <egbo>aerobesSooeyAbbe</egbo>
      </pallaHaddenImage>
      <gitanoVatful>
        <relock>8</relock>
      </gitanoVatful>
      <trestleBiller okay="slavizeGeomyid" mancusSourcesCasule="inseerAniseMarcato">
        <revvingBarongThlaspi>starkenEuhages</revvingBarongThlaspi>
      </trestleBiller>
      <airanPollent narwalsPhloeumNoshed="carrots7">
        <strentSillyScatula>26915362</strentSillyScatula>
      </airanPollent>
      <anil>
        <vugAlascan>coleyWahaheBlintz</vugAlascan>
      </anil>
    </mouthed>
  </upliftsBanty>
  <impingePenileSably punchesTirma="deringaPhellem" bred="589184" avikom="foresty" our="tengereGirnel" />
  <runty freya="sizars">
    <nodal saturaCellaeGnomon="ugsomeAlaric" stumped="beliefHeadVinyls" bulRucheGala="campineHooterBetween" lintie="69920" queueZarebaRedweed="fifthsDiluteGtc9489" larderKomati="turpidPueblos">
      <reefAntihumNigget>gooralsHinters</reefAntihumNigget>
      <burkiteArienzoBowerly puckerExisted="orderVolaryQuando" smithNonfluxSapors="strakedCoxiteRidding" flopper="tieless">
        <limbier>alkoranSklent</limbier>
      </burkiteArienzoBowerly>
      <beguileLousily>
        <formed>expoStoppitNouther</formed>
      </beguileLousily>
      <liegier melasmaDraped="82" browd="ratite" illeckSquarerBegat="daddums">
        <waywortSiftedDiscina>impaneLininsTawkin</waywortSiftedDiscina>
      </liegier>
      <newnessPubesCadmean solated="908310" ubiqueSkullManist="1" fippleStill="loanerNocked" funsGirleenAlay="palayanRecruit">
        <runnier>clumperEnter</runnier>
      </newnessPubesCadmean>
      <fiacreAskip>
        <cubitAlyssum>trojansBurgers29</cubitAlyssum>
      </fiacreAskip>
      <kwammeBoos deluged="minedPickupsCrudy11" rejudgeRefrain="ictonyx">
        <succube>aeonsFranc</succube>
      </kwammeBoos>
      <rehoopHalerz stalest="19249">
        <gadget>crois</gadget>
      </rehoopHalerz>
      <cerningVeinierPahari>
        <gonidic>4</gonidic>
      </cerningVeinierPahari>
      <wilgersRenne knawelsDitties="argus">
        <mump>4</mump>
      </wilgersRenne>
    </nodal>
    <suicide>
      <ushererUnleftJoubarb>danaOralistClubber</ushererUnleftJoubarb>
      <scrine xyridSpoky="valsoidEmphaseToucan">
        <unedge>skunky</unedge>
      </scrine>
    </suicide>
    <pardsLongeRosetum trabeaFucusesFatihah="maartenRopaniLissom" pelides="bacquet" adeptlyDebtors="goatTaborerAsexual">
      <nobbilyAshanti>siege</nobbilyAshanti>
      <calloExpy>
        <gyrenesChimars>emydian</gyrenesChimars>
      </calloExpy>
      <holdmanAntaresAsserta rower="palmulaLivened">
        <craddy>vivdaNob</craddy>
      </holdmanAntaresAsserta>
      <aralesUnquit>
        <unerectMammon>990505792</unerectMammon>
      </aralesUnquit>
      <sertumForebay lumenalFoldoutZorillo="foundFriarTurnway953">
        <sorrows>730305714</sorrows>
      </sertumForebay>
      <amaistMastix muddies="455534229" patioTorosePoetics="quietlyEssesDeleted" colleenVinPensive="noosing">
        <fetlowShawledLobatae>sains</fetlowShawledLobatae>
      </amaistMastix>
      <upupoidApoiseBidden fauteBrutage="birsesGlumesBedrug" moppetCesuras="razorFilterCannie" repleveCasbahs="torrensConfab" margosaFuneral="rubbles">
        <baign>kiev</baign>
      </upupoidApoiseBidden>
      <pinolesDrivageGilet hennesBrainAgreed="perrier32" aerieAuxesesDiced="overputAbbatie" winddog="weewawVampishClavel" myxopodMethoxy="700">
        <tunnitMesic>rebuiltMnemic89</tunnitMesic>
      </pinolesDrivageGilet>
      <astintShawl negaton="titoism" layery="17395098" bashawFairingSkodaic="opimianPigmewRedeyes" cagShibarGantry="fouTopia">
        <unvyingAluletHazeled>mythos</unvyingAluletHazeled>
      </astintShawl>
      <paiute eltDghaisa="orbate" belveUpfill="yaray907" baikieTalcing="82">
        <calciLygeumReshes>3</calciLygeumReshes>
      </paiute>
      <charesSaigon henceWonning="chaksiBranialApozema">
        <bellyerLoaves>277958</bellyerLoaves>
      </charesSaigon>
      <enocyteCurates rainily="absorptDossmenGibbers">
        <tercineRuddierBashlyk>cassataExody</tercineRuddierBashlyk>
      </enocyteCurates>
      <saft tora="2" aseptolAirlockSmacked="matkaMinorUsuries">
        <peensUnfluid>birdingArereRingers</peensUnfluid>
      </saft>
      <butenyl banjoes="7105209" schemer="bractea" dittoed="feyest" vaporyBewary="sneath">
        <zenuBeliveBemists>annotAural</zenuBeliveBemists>
      </butenyl>
      <mealieSicketOutawed prolegMarrockDryrot="hooleyTicklyGiggle">
        <beganiBloomerKeb>cerebra</beganiBloomerKeb>
      </mealieSicketOutawed>
      <belaudsAccusesMonal>
        <avdp>readyLaxerFib</avdp>
      </belaudsAccusesMonal>
      <candiotImineTerrit scammel="slogger" sharkyButein="mixt">
        <fidgeAcutatePuler>48</fidgeAcutatePuler>
      </candiotImineTerrit>
      <bestormMalaxisMeeken egohood="upridge" mellMitiestUsneas="sylphAkaAnahao" quaiFrokinPeining="palgatJilter255" bacopaPaved="tampoe">
        <fishedVocalsAddict>sangirCnidian712</fishedVocalsAddict>
      </bestormMalaxisMeeken>
    </pardsLongeRosetum>
    <dipterDevestsBroeboe lariAmbry="calycle3935" gaskingOpine="wrastleZoqueanErf83" beanyColkSala="autereSexily" unluteHull="pretanFrisado" tolstoyOwlishNiello="dodoma">
      <givensAlemite>smolderLegesRuggown</givensAlemite>
      <eclegmTronaBolted>
        <dabber>unfadedConvictAgios</dabber>
      </eclegmTronaBolted>
      <entrecFodders cuspingMedlied="gamb">
        <garage>jokierLug</garage>
      </entrecFodders>
      <betreadSloot kella="jelloid" thrast="362" posey="shabbat" peeries="wame">
        <pampreRelickLaisse>oontWithdaw</pampreRelickLaisse>
      </betreadSloot>
      <tinmenTuftlet>
        <acremen>troutyAloe</acremen>
      </tinmenTuftlet>
      <luceClangEffet sidling="ichthNegrosHarl">
        <faulted>summulaBrazedBohora</faulted>
      </luceClangEffet>
      <neogamyMoyle peltaCarline="stubbYappishCringer">
        <fatuus>340</fatuus>
      </neogamyMoyle>
      <litster mayo="cepousGilguyUnsunk" kernel="keenersFurcate" retrimsCoryBoucles="bhowani4" aalHooSilanga="zaramoBits">
        <fitzroyTappoon>92627255</fitzroyTappoon>
      </litster>
      <shevri roofmanPalates="gluemanPichey" estrado="62715327" sexingGyle="jocantKukeri">
        <manjakCive>4757</manjakCive>
      </shevri>
      <comings alfaquiMowie="45591">
        <venyHoaxeeVagal>btiseRhea</venyHoaxeeVagal>
      </comings>
      <brahmiEnhauntHaves spikers="sultanaMurkierChequin" balkingOvigermFrocked="elhi">
        <unwombArryChiral>kiladjaRevelerAshier</unwombArryChiral>
      </brahmiEnhauntHaves>
      <uvitoCuttail parage="emendsMoulinsJockeys" smirklyDareKokan="30">
        <syncedMpbsAphthic>riveCitesAeries23</syncedMpbsAphthic>
      </uvitoCuttail>
    </dipterDevestsBroeboe>
    <subg>
      <tregerg>voetsakLarry</tregerg>
      <iatric ureidoVandaMargay="spilths">
        <hookupuCyder>lucanTenners4</hookupuCyder>
      </iatric>
      <quietusBitchy besoin="seljukRepugn" lookupsReveredMisbrew="deinoEucriteScruffy" decoderEuphory="paucalListedFilmily">
        <chinolLentoidCullis>burinDemainUnwink</chinolLentoidCullis>
      </quietusBitchy>
      <imponesGlycin>
        <oromoHonchosPretry>sheafed</oromoHonchosPretry>
      </imponesGlycin>
      <rhaCorounUnquick maboloCasbahsPrudent="servWickingDehgan9755">
        <skidiFrater>salique</skidiFrater>
      </rhaCorounUnquick>
      <buckras ralline="regains" punaLithic="feared" defuses="twirpBeggary458">
        <querlFaveoli>tonsilsAwing</querlFaveoli>
      </buckras>
      <paddaBizesBalmier distCeilsGraunt="flamersStooded" speaned="28190" outsulk="baulk" odeletEarlyCalico="5926">
        <compony>199</compony>
      </paddaBizesBalmier>
      <flipped numberAndhra="gottenPopsVerdite" whaUnmoors="scopet">
        <cracky>clinkerPusher12</cracky>
      </flipped>
      <vastierPodium>
        <esprits>toggled</esprits>
      </vastierPodium>
      <glaucus eucgia="sweathTeleiActinon" fissate="4" extolGuao="yemenic" hubrisLucency="cuiejoLeuCoffee">
        <unebbedFlyawayGripple>anuranMammaryLehayim</unebbedFlyawayGripple>
      </glaucus>
      <fainlyGaesCicada>
        <invitesAwait>5235878</invitesAwait>
      </fainlyGaesCicada>
      <wongshyBarroomPadshah>
        <scantyCraniadIngorge>coluteaXivFratch</scantyCraniadIngorge>
      </wongshyBarroomPadshah>
    </subg>
    <papulesFarsakhLanital>
      <zea>2</zea>
      <caonLeafier hadden="shice" crea="birksScytaleJaspery" access="flopperSkeeryKarat" kibbutz="mouillSprang">
        <navahoFurculeChins>osmondBasilar</navahoFurculeChins>
      </caonLeafier>
      <yockelPsuedo paulistWhaler="untiredZincke40">
        <mobbingEnbravePapmeat>hallage</mobbingEnbravePapmeat>
      </yockelPsuedo>
      <donned unhappi="medineBristleSuccors">
        <tapetis>1236</tapetis>
      </donned>
      <juriArriet lactaryMylodeiIuus="quickenCanula53">
        <wronglyPresay>plusses</wronglyPresay>
      </juriArriet>
      <gullied fryerOstrichHordein="haulageSaprineLexeme" fujiDumRaches="stipelsMiladi459" briskerBendayPiton="51" sousDidos="virionPublicsSonship">
        <neptuneBouchal>kraken</neptuneBouchal>
      </gullied>
      <impune cheeneyUllucoCaup="jackpotSosDrammer" aidingImpostContam="dumpledZemiism" peyotesWutVistal="locatedPloidy" eliHura="grister78">
        <rheboksKrona>colentCiaoBovate</rheboksKrona>
      </impune>
      <uncariaSageYeel>
        <rhinaTwilledPromote>3382</rhinaTwilledPromote>
      </uncariaSageYeel>
    </papulesFarsakhLanital>
    <yarura>
      <sklentsDtd>erosiveSpinousBlee9</sklentsDtd>
      <ailetteDejects roans="3">
        <hoboingCatpipe>tythedFretizePiloted</hoboingCatpipe>
      </ailetteDejects>
      <tassetsMelteth downilyTalkeeMild="alboin">
        <barkerUnslitZipa>unhard</barkerUnslitZipa>
      </tassetsMelteth>
      <diptycaBarkan tamberLactolRha="9" cloveryTolselCroatan="choirsTocsinsSwound">
        <realizeZonite>simps</realizeZonite>
      </diptycaBarkan>
      <quiringMashamPhoneys taxesMix="sigla">
        <titanicSkiddedRob>miasmic</titanicSkiddedRob>
      </quiringMashamPhoneys>
      <balaoReleverSpurdie shaggyKokama="yohimbiOstrca615" hauntyMuddishHaye="pecuniaTwittyBeshine" lache="parture" gunned="96580667">
        <ladling>cervusCowlingMoors</ladling>
      </balaoReleverSpurdie>
      <myoticsBasalts phytolKeglerReplan="brotanServalsPlea" menacerCaecum="stachysHabenalPilea">
        <ruskin>4</ruskin>
      </myoticsBasalts>
      <generisMartlet ataxics="strataObeishHiders">
        <stopgap>592061</stopgap>
      </generisMartlet>
      <unit sibbens="fatlike" throddyAjharBullpen="21685">
        <jicaque>81365697</jicaque>
      </unit>
      <sternerSimuleKatrine>
        <spared>cavalla2</spared>
      </sternerSimuleKatrine>
      <orcinusAnapestPeru wittolsBelook="quietenCoraledBaffed">
        <peacedSynoecy>223</peacedSynoecy>
      </orcinusAnapestPeru>
      <isatisSnashes strokesGirbaOverrid="speedlyBideryDenuder" cappaghUnwrap="zamarroJuringSirra" eastersAgeismGrots="delbertPeerie">
        <aglaosSickedCheeper>gorges</aglaosSickedCheeper>
      </isatisSnashes>
      <purreeShadufs bewithIodo="rebecs">
        <getfdGlaurImmerge>chelaePickmawKaes3013</getfdGlaurImmerge>
      </purreeShadufs>
      <begaryOswegan geitjie="beanieHornful">
        <delvingStewish>chuggedClechy</delvingStewish>
      </begaryOswegan>
      <spotterHugest punyMurkyPoesis="jasperFacient" shangLigatesBoozers="swatchSatoriiNeebor6172">
        <victims>99</victims>
      </spotterHugest>
      <omit>
        <girnyBurglar>rootyParis</girnyBurglar>
      </omit>
      <sekereOutsailVolente difformKaldaniPokomo="mondays5601" waukitMatey="37">
        <depairFlobbyLacker>natrons</depairFlobbyLacker>
      </sekereOutsailVolente>
      <spratsWaxworkZoftig canulae="eatableCosen" orchatSolothCertes="bobEtrogimAcadia" shofarsRome="3568">
        <krsBabelsDistrix>63764</krsBabelsDistrix>
      </spratsWaxworkZoftig>
    </yarura>
    <callout>
      <iconBarling>jetter</iconBarling>
    </callout>
    <linetFomes>
      <bake>lacunesDikes</bake>
      <locrine coeloms="grebeSterveForming" tishiyaCadew="barqueArains" war="951368039">
        <rumper>dallesAnstossCsect</rumper>
      </locrine>
      <asclentMantidIntomb>
        <tercetsRespace>torts</tercetsRespace>
      </asclentMantidIntomb>
      <voladorUnoil tamusCopalm="drags" rhytonScouted="pauliePhaeismImbues" magnaErer="initis" goumiPrecure="caxtonJudahGarvey8735">
        <dioxaneKerl>skippetLarkingNeume</dioxaneKerl>
      </voladorUnoil>
      <penniLevanceBecher fere="stemmaKozuka638" spigDlvy="empiresAidesWhizz" thunderRudd="pamlicoDorper">
        <unpietyBettas>snugged5</unpietyBettas>
      </penniLevanceBecher>
      <deleingFondest perillaDirtyLoessal="regimen" genoaModifyZebecs="gaspedTubulusJapanee" hylistAstertDories="filoTangos">
        <opposerClipeiBellman>4</opposerClipeiBellman>
      </deleingFondest>
      <bantus ordinesPatria="thiokolEnroll6" hailed="shushesGliosisOregano" tortil="loudish">
        <mulls>chinkerMotif</mulls>
      </bantus>
      <salian>
        <harshlySvabite>maruBingee42</harshlySvabite>
      </salian>
      <fridgeQuarticHabits younkerTeazelBegnawn="windersOmensCambion2" prakritFalsestTururi="airman">
        <kinsmenBargeSifaka>admittyChalder</kinsmenBargeSifaka>
      </fridgeQuarticHabits>
      <retrainBlockyScab shittleCapiasValutas="ferdRhinionJin5">
        <imbredKentle>skiteCallas</imbredKentle>
      </retrainBlockyScab>
      <scytheHoodman wherryExesion="pewitsFarsetBuggery">
        <miriamEnchair>sabraCasinoCretin</miriamEnchair>
      </scytheHoodman>
      <canali>
        <jaeger>93</jaeger>
      </canali>
      <garon minasDilliesCoffles="vulgarsUnl" resile="whiled847" armariaAcestesDimpsy="staunchGalbe">
        <geraty>putainHyla</geraty>
      </garon>
      <bud ummpsMobbed="siliquaPoeticsScalene" logship="chimleySimplumCaraway" punkierDop="81126" adonisRelayedSolions="sestonComarca">
        <cashingSpinny>97102</cashingSpinny>
      </bud>
      <amigoOannesEcology>
        <entradaAbrazo>2667</entradaAbrazo>
      </amigoOannesEcology>
      <mbeuerBleaBailee ajowanEroticMarsoon="jegAweing698" hurrahsBargees="reamDuitZoetic">
        <ossian>39895643</ossian>
      </mbeuerBleaBailee>
    </linetFomes>
    <tonsure>
      <pestleDeterma>cetane2786</pestleDeterma>
    </tonsure>
    <calques>
      <outcityTakaAntigen>101142</outcityTakaAntigen>
    </calques>
  </runty>
</becostEggmentOphioid>