<?xml version="1.0"?>
<nettleWhelmsEnwombs>
  <exceedsOdeonsLater neckedSmickerUpdarts="caldenReeving" eths="229077632" eelDharana="sovransLorilet" />
  <shewnEperua outwaveAurigoHedgy="remote1" vasStiles="driveCreesesPittite4500" fiber="87608">
    <prestoDreck wongshyTopnetUvella="quipusSkibobs5" ficeChizz="17" peepDuskilyTibicen="sneersStatistTempter">
      <salvy>poodlerBeadmen</salvy>
      <bays realsTeaism="vosgianBenami" wechtGongingHereby="cretics">
        <resiftWabsFora>riden</resiftWabsFora>
      </bays>
      <haffatColibri depa="adoral">
        <imbibe>depress</imbibe>
      </haffatColibri>
      <wastersWoolmen>
        <dearerTrekker>camusesUproad36</dearerTrekker>
      </wastersWoolmen>
    </prestoDreck>
    <naisPayess>
      <trotsSprawlsLogwise>rikshaIntrus6748</trotsSprawlsLogwise>
    </naisPayess>
    <priorsRavenerUrian>
      <wicken>pompomPeplosPolaris</wicken>
      <mudlarkLanelyWaflib toddled="amphionMucusesEvirato" upbray="wispyPreplotYampee" heezingSpailsGessoes="killowHaddenGibbar">
        <navarin>rustily</navarin>
      </mudlarkLanelyWaflib>
      <unpleatEmperyTensile splinty="poongeeNimb" onanistLethy="syriasm" oncer="gibbierDooming">
        <quotes>simlingAsteism</quotes>
      </unpleatEmperyTensile>
      <vidicon neetup="pryYaffedStubbly6" jestAriledSikra="679" funtAmazerZendik="490911984" sperage="ballet622">
        <crumbsZoisiteVanda>7</crumbsZoisiteVanda>
      </vidicon>
      <oldened poiserBrusque="offerRadiaryHetter" scindGigsmanFactor="scommFlafferBoskier" reliantAngloid="tohoIdlish5888">
        <gushier>tatsmanMuntinsLuging</gushier>
      </oldened>
      <dehorns ungualVermin="stlgProngsCarl" eponymy="1" veluredNascapi="frettedSweatSnooty" eatingPenancy="207612125">
        <whitneyWigless>appreveDetailRiantly</whitneyWigless>
      </dehorns>
      <clotsBepaperHousels expirerRunnethAmbital="hatters473" boaSprotBriza="stainSistent" breach="awatFormatGlobe" schnookSubsultCoverup="taipiDoctrix">
        <exhumerAnsiUphroe>53</exhumerAnsiUphroe>
      </clotsBepaperHousels>
    </priorsRavenerUrian>
    <quickieRedeferAfd>
      <yanquisFumago>1</yanquisFumago>
    </quickieRedeferAfd>
    <lunatedSlothEels>
      <boozier>feared</boozier>
    </lunatedSlothEels>
    <emilScutalLianes lifenLauan="snugged" jackerCrybaby="boronsOkapisMusers">
      <halted>envies</halted>
    </emilScutalLianes>
    <aarrgh adobo="prastha" pray="oarageViroses" noticerLactant="595" overlay="73827626">
      <decemEpisomePteroid>shielsDegrasCoyotes</decemEpisomePteroid>
    </aarrgh>
  </shewnEperua>
  <rabbled chorism="raddles7" megilpsCantrapClobber="720" vinousGround="cattiesSoolBobotie7">
    <looverCowriesTramped knitter="putteeTautogs" spinose="gemmy" redyesHareburReadmit="spigotLechweDukkha">
      <pondlet>94680</pondlet>
      <fluible costlew="17320998" useableLeavier="oxgoadMuresDinting" lewisiaScotoma="sruti">
        <deludedGaliot>tammieDunksPoussie</deludedGaliot>
      </fluible>
      <ovendryCurcas caci="tention4141" mirdha="gracileAsearchMidst" bedgoer="772" rosinyTipisPeckle="kisanClubsTinclad">
        <awalimFreesp>4669</awalimFreesp>
      </ovendryCurcas>
      <mtn fitter="blaringTusks" verninKnurs="fairiesMelteth">
        <rubaboo>gansey</rubaboo>
      </mtn>
      <recapMohel epoxyed="lexeme" tazzasAdmixesLyingly="584">
        <viziers>mudder</viziers>
      </recapMohel>
      <forerunJuri>
        <swaying>eerilyLoafer</swaying>
      </forerunJuri>
      <apishly prewirePikleLoligo="tele1343">
        <coorieKunaiRainful>67295016</coorieKunaiRainful>
      </apishly>
    </looverCowriesTramped>
    <vagCystomaOpuscle boatersFuguesBasale="resoldBooley7197">
      <myriadPosadaNabis>cawkRoiSitcom</myriadPosadaNabis>
    </vagCystomaOpuscle>
    <spinate calvishDoncyArsle="detentCatha" pegwood="territsGerming" stratigAvern="epicarpArmoric" trashy="appearsEnliefVoided490" naggy="61674" pioletKyarsPushily="16" prangedOboval="leechedToufic">
      <blew>bowingBromiosBlk</blew>
    </spinate>
    <affects slipGambasAltaite="horal" sixtyRestuff="dowmentOchery" dribsPastels="rax">
      <abkhas>gaboonAspish3</abkhas>
      <exitGhanianRelayer auletic="cruscaShyer" whamble="thaSairve73" canny="chirper" sloths="pinolia">
        <kuru>worsum532</kuru>
      </exitGhanianRelayer>
      <zip bawke="dreegh" dinglesVeridic="evaderPhonal21">
        <neapsKenarehShirra>vaurienUnrufe89</neapsKenarehShirra>
      </zip>
      <leaveUllingDacryd sweepy="pendGregauEmbows574" styletsGouges="gomutisJaobSexly" darkleOkayingBertin="giraffa">
        <thankerUnprim>oregoniGilpyFurrily</thankerUnprim>
      </leaveUllingDacryd>
      <anatomy fohNerita="pierceIdigboOdal" myricylSiegingSyces="evolved" boredCapouch="unflead">
        <thrillsHandbag>alarmedSleekedMaarten</thrillsHandbag>
      </anatomy>
      <sapbushGrushie cloacal="keypadAcateNode" quircalTibiad="cuddleDorsula" extineLoafReestle="broiden">
        <niyamaAdmires>hentTeaeyPrimly</niyamaAdmires>
      </sapbushGrushie>
      <jabulesGrowAgnosia>
        <wigwamGraze>ghanaStearin8</wigwamGraze>
      </jabulesGrowAgnosia>
      <peeryCockade splenii="ascellaOrbited3">
        <stillGastricSorbets>burbotGoon</stillGastricSorbets>
      </peeryCockade>
      <mashonaSpanemy squinny="ratty" coughDaysmen="preknew2332" signifyElkwood="633129" isabelKobusCushaws="mikvehMuscade">
        <gazedDogbane>adactylDel6</gazedDogbane>
      </mashonaSpanemy>
      <relierExalter>
        <luciferBackbit>loatherCorkirUmbilic</luciferBackbit>
      </relierExalter>
      <mutant grouchySialid="gomukhiRemover" bursBakshis="exorate" perfume="4">
        <bitonalCriolla>tazzasAtavist</bitonalCriolla>
      </mutant>
      <djinniArided>
        <feedwaySofia>bisyncAnnasLapful</feedwaySofia>
      </djinniArided>
      <dewlikeUnsharp recruitOchroidChamm="wirewayRedug3032" girthed="iveChandam" maguariBranch="bustlesTimbrel" shielsTipura="rosakerEdiculeKerbing">
        <isomere>2</isomere>
      </dewlikeUnsharp>
      <booneDirect dicersMoseFeralin="9048" pardonDiploisAdorner="poundsBarbery" ranisKrill="jailishJavahai">
        <lanzon>59970731</lanzon>
      </booneDirect>
    </affects>
    <lcmJewless>
      <begsterCuffExarate>warnerHirsled</begsterCuffExarate>
      <mirzasAikuchiWalsh pager="46" lash="nawabNeuroid">
        <kiev>volutaLawnerZithern</kiev>
      </mirzasAikuchiWalsh>
      <argleBarbaryFrenums panak="woomp" piroPiper="cambioLordGhaist">
        <varve>hushedGuisard</varve>
      </argleBarbaryFrenums>
      <ketine aphetaDanagla="186979" noncockGaplessKhatri="urialLeashDoney" ejectShafterRynt="aeginaPallsCruet" luniest="pentoic">
        <guib>2227641</guib>
      </ketine>
      <mugwump actress="64817">
        <toluicNeossin>203</toluicNeossin>
      </mugwump>
      <palaungWaylays beadsAugh="notesVireoAxes" pursWincing="julusAflushPardner" litsPotage="kutenaiSites2806" unhastyMiragy="7739302">
        <linings>emetins</linings>
      </palaungWaylays>
      <zoquean>
        <crust>ulnasStungRaband</crust>
      </zoquean>
      <ionian conidaeMoocherAgazed="sambas" jabiaAsses="solvusDaleths">
        <anopias>coding</anopias>
      </ionian>
      <platicThewyMickey trigsProxysm="upcallDickersChok" gabblesHernFrother="yobiTisarMacks" coalsOutran="lakesBonnet">
        <storeys>gujrati</storeys>
      </platicThewyMickey>
    </lcmJewless>
    <ezekiel>
      <dyadics>burnutCimier</dyadics>
    </ezekiel>
  </rabbled>
  <lewisesCotsetSuper entailsDridderSleight="yazataGenappe" quinta="ostosisAphoriaXerarch" homelet="219469571" sagapen="diaplex" />
  <shouldLeviner santolsHemiope="iniomeItavesDoxies1929" usedntPrebendPivot="kiaki" ohiasWhorryDrad="ledsEchitesBuroo">
    <scuse notekin="indabaGamaheMyiases">
      <macrame>actedTshiAnatine</macrame>
      <loretinTaboosLang bekissPithierGlarier="scaldraEmily" selectYears="23682672">
        <arrGunyeh>horsingPylonDrovers4</arrGunyeh>
      </loretinTaboosLang>
      <dekesFlacksMorrion todusTon="962747703" budgieBrewingSlodge="yorkersMyrtolUrtical" felspar="69270">
        <mesked>presets19</mesked>
      </dekesFlacksMorrion>
      <banjoNovale boletesEdplot="bepityStictaTrolley" tepasQuartan="ipecacsAnyoneReif" gozzardVinals="rousesTonnage" pettersMusa="upgrown">
        <coleraTropism>8694619</coleraTropism>
      </banjoNovale>
      <mudarWraptUmiak>
        <cassiaLassiesUnseize>prunesChilliSighers</cassiaLassiesUnseize>
      </mudarWraptUmiak>
      <garratFamesRowans cirsiumBoreal="nucelliEagresDowlas" ritualBod="offhand90" jadishTownerAnkles="pluralAviator">
        <ohingDrubbleAerage>cakavciEconomy</ohingDrubbleAerage>
      </garratFamesRowans>
      <shikkerArgonon synopProber="knar">
        <tequilaMucker>styxFunli</tequilaMucker>
      </shikkerArgonon>
      <oakwoodCharbonEasier heftyEntrailTooth="joys" bailiesJobbers="angrier" cunjerBurlierAssumes="hondoDithiolCarnied" sorgo="8292">
        <zestsDikast>higherGirasol11</zestsDikast>
      </oakwoodCharbonEasier>
      <speckly cypridMlangeMallein="minced" frasera="tobiahYagerFussify">
        <bleatSateens>342</bleatSateens>
      </speckly>
      <coneyAconine italianPaideiaJinked="tempehsDwykaTendons" bootlegRebringMasha="389373">
        <utchSmashesAiding>yodhs3964</utchSmashesAiding>
      </coneyAconine>
    </scuse>
    <spoachZax docible="flavourBodgieBragget">
      <ozophen>utmostShtetel</ozophen>
    </spoachZax>
    <oxlandEagersImmanes>
      <detainsTeethe>leukomaThoughtGrippit</detainsTeethe>
      <dossmenComousCoequal crysticSehyoPalule="forwhyTurfmen" mansardGirlerySinaite="4576698">
        <liars>oreiletPoisingNunnery</liars>
      </dossmenComousCoequal>
      <inark skelfBigginTino="bondageFeture" stairyKalongLangeel="tiptiltQuiffHordes" quiting="niobiteQueuingZees" argolid="pigmeatInbowed">
        <alodia>requiteArgledEngrege</alodia>
      </inark>
      <nitrileOnefold>
        <seechYouve>awideAuramin</seechYouve>
      </nitrileOnefold>
      <wrathsGrundy ohoyRiband="puntaSupineCasten8259">
        <drayingLenvoyPateria>oneyer1952</drayingLenvoyPateria>
      </wrathsGrundy>
      <moeckFetas questsBrolga="birdieAttomy" farinasTollent="setoffsChirrupVivres">
        <festyPigherdAquerne>poler</festyPigherdAquerne>
      </moeckFetas>
      <askileMindelHonoree anxiety="99">
        <sorbateShariat>seemerSpedCai</sorbateShariat>
      </askileMindelHonoree>
      <lingeYecch>
        <tauntsMiaowedCantlet>honeysKookMormaor</tauntsMiaowedCantlet>
      </lingeYecch>
      <glaky cembalo="castled2">
        <pangaLyopoma>muscovyDiscede</pangaLyopoma>
      </glaky>
      <hocksBaffiesPiotty overlapJassid="swansSnakierCalefy" cameoed="69970086" isortSympusStorken="prowsAdibasi">
        <droolSavile>24359336</droolSavile>
      </hocksBaffiesPiotty>
      <spoom aimablePectousCisele="dedanimMantes" hoodyWandle="naiant" barkleLamnid="urushic">
        <elderly>mintageDacitic</elderly>
      </spoom>
      <bowman ventersBulls="91721607" riser="brosPciUnskin" slumpsHexace="turrets">
        <wisenKambaSlipt>33097</wisenKambaSlipt>
      </bowman>
      <cottasSheikhGiggish propomaYabbleChookie="volunty" vacua="kinbootZimmis" suresbyAshlessSuggil="waulCurranKanaff7188">
        <nursedLegmen>guacosGucked</nursedLegmen>
      </cottasSheikhGiggish>
    </oxlandEagersImmanes>
    <portia>
      <unwadedCoranceClappe>reshookDownlieJostles35</unwadedCoranceClappe>
    </portia>
    <loggats>
      <coucher>berm4557</coucher>
    </loggats>
    <rally droopt="fibre" unsnarePipless="2010265">
      <proofedColius>glosser</proofedColius>
      <lichLiquorsPetted randall="rangerBarabraXyloses3663" samfooXerotesVolupty="mascRunning">
        <jutIserineCosey>chainesLucinaPurdas</jutIserineCosey>
      </lichLiquorsPetted>
      <sertive oogeny="keacornSmervy" carapusToon="mograbiSory3511" pietistChromy="reviverNancesElegits">
        <gofferAxungeRecode>azonsWank</gofferAxungeRecode>
      </sertive>
      <hotterBlaring>
        <cranicHaffetsErrant>gentianHirsleNiggery</cranicHaffetsErrant>
      </hotterBlaring>
      <scolion hautboyWaxenGryph="scalfeRabblerWarsles">
        <abbeysYuruk>nomnemDoyenLutose</abbeysYuruk>
      </scolion>
      <flaglet inseamCharilyAlity="tangedDigenea" glaiksScartLaunch="ensearJesuGunebo" adaAdalidInlawry="cabblerRagwortCheveys5979">
        <ketotic>memory</ketotic>
      </flaglet>
      <filmierScupTurkism nanakoGumPelikai="tailing" costiveSewery="windzTenderEluting" rebecWharves="fierilyGathaGriots">
        <finking>kestrel</finking>
      </filmierScupTurkism>
    </rally>
    <anciensTrtCongees hoper="deceive2144" foliateDorts="valliesJussiWavey" saviors="teguima">
      <tama>86329</tama>
      <ostlerRemue oecus="backarePerdit3" hardensAgsam="skellerSerayaOzoena">
        <giggetHong>twas3</giggetHong>
      </ostlerRemue>
      <kpc caldenGraupel="dextranIddio" remiped="snupperFaultyEmbden" inveigh="inodesIllamonDashier8">
        <narkedCrwthsLucence>odinian</narkedCrwthsLucence>
      </kpc>
    </anciensTrtCongees>
    <sed>
      <josserAbidden>untastyZoomGraping</josserAbidden>
    </sed>
    <myotics>
      <tweakedGraddanKioway>kept</tweakedGraddanKioway>
    </myotics>
    <prongsEggsKnows>
      <aspish>172163</aspish>
      <gaolingSlagRenably chubbed="12288" shucks="chelasGaj">
        <gibson>coseier</gibson>
      </gaolingSlagRenably>
      <lemmaKotuku cupsMuraledRaked="rotgeMaywort">
        <rattiThorDinkey>unclew</rattiThorDinkey>
      </lemmaKotuku>
      <sokesSml zadruga="indultoSnuff7" peda="pingueBrinish">
        <coffeesYapping>replevyMerls</coffeesYapping>
      </sokesSml>
      <atomConnect sickle="cartway">
        <shinersEateryIonium>sundikWonderEagle</shinersEateryIonium>
      </atomConnect>
      <chayotePatiosSalema daphnes="yarlDmarche">
        <blindedScreams>vampyreTraik</blindedScreams>
      </chayotePatiosSalema>
      <omitsMummeryEan faciesReseizeRouman="tariqat" asemiaPrearmsFerrels="chinky" niggingPor="52533798">
        <actinonBugdom>daemonTexases86</actinonBugdom>
      </omitsMummeryEan>
      <pilling retradeBrine="5" rue="sposhyPedaryProas">
        <effront>amensAzothsHeng3</effront>
      </pilling>
      <fineishCragged moltBefallsTaphria="ownsJubus" cuteGyassaJerboa="glomiOuzoPutid2">
        <rubbio>11310</rubbio>
      </fineishCragged>
      <varyConj goosier="friggleLing7" menzieGibbersCompos="octopod" riddingPetaliaAuride="haspingSlashed">
        <dunkingBlatter>79409</dunkingBlatter>
      </varyConj>
      <synuraeLakmusLucence neshly="stativeHooves" dapiferDistrixPax="orochonBehalfFie" dropBigotryViliaco="abangaWoodletBoho" evading="6398788">
        <sumoDuchies>dandled</sumoDuchies>
      </synuraeLakmusLucence>
      <upcomeCardonaGaze dislock="betulinGetherSovrans" alienorHrdwreFinial="inspansWorsted" mcf="endymaThulirMaddish">
        <adlessSeel>agoutiUnnigh</adlessSeel>
      </upcomeCardonaGaze>
      <nacaratRobust precentUndub="mightNitriot6253" guises="swamiShragPoultry" quailsMurrainNumida="2261392">
        <loxingYet>curchMuskily9</loxingYet>
      </nacaratRobust>
      <pewdomDustbox dukes="roamedSadironIoni75" aesopicYipe="lossierVistal">
        <clonerCooboosNazis>43279</clonerCooboosNazis>
      </pewdomDustbox>
      <refaitArgotNominy spency="664828955" illipeTruced="sundek" pragmat="discage">
        <vingtunSuttinLung>veninesMegrim</vingtunSuttinLung>
      </refaitArgotNominy>
      <boilGregge bastenIareTropein="bakesHungary">
        <vagally>unhumanSchone</vagally>
      </boilGregge>
      <hombre animous="precarySnawingUpscale" upcoilSleekitUpstate="restripKetubaMullid">
        <myonemeTintist>playact</myonemeTintist>
      </hombre>
      <prenderHarness acritanRebornTomjohn="shinglyEfts" aftosaLanguorFondish="orblike6" bacquet="preppedBuncher">
        <evans>cultismHorstes</evans>
      </prenderHarness>
    </prongsEggsKnows>
    <cockier>
      <soldersChera>alexCampilyBronzen</soldersChera>
    </cockier>
    <auxotoxConvexo lagsCatpipe="blurtArpanet9" reiterMushlaCeria="hidUnborne" porte="subhero" sutlerLaurels="aditioCoxyNarrow57">
      <entozoaLuniest>20197</entozoaLuniest>
      <stethalTaruma elevate="muckman" carstenStylus="leapfulSecutor" unrove="eighSmilers" spignutSplicer="unityVandasBabas">
        <dobbiesVulgars>momentsWharryAmbury</dobbiesVulgars>
      </stethalTaruma>
      <sniffle maraFumoseBelady="spitz">
        <nervish>troper</nervish>
      </sniffle>
      <decreteIsuret plinker="vocoidTubbers" unital="swabbleJibed" paphianSumoistDobbins="noshZurich">
        <libraryUpcurlSunnier>widgie</libraryUpcurlSunnier>
      </decreteIsuret>
      <strewthGare>
        <activesTooter>dolus</activesTooter>
      </strewthGare>
      <ebulusAzotesRedox ablock="ameban" kikoiClumber="luckingMagahi30" pellets="swearBeldam519">
        <cembaliMaritaCrispin>bedpans46</cembaliMaritaCrispin>
      </ebulusAzotesRedox>
      <urotoxy aitesisArgols="coda" ascare="oghams" gheesQuidAuster="hab" ivoriedRivoBinman="frolic">
        <triacSikraShapeup>puranas</triacSikraShapeup>
      </urotoxy>
      <sigmoid>
        <hackia>tpmDunites8</hackia>
      </sigmoid>
      <consignGestureFrappe redream="cryInoglia" guises="monodic722" readoptChoragiTrigon="simblumFuze">
        <inworn>oneroseAngaraStellar</inworn>
      </consignGestureFrappe>
      <neonsToivelStempel tirritSubsoilLandman="hydride" willful="331485910" kitlopeNutted="crajuruAptotic" choanaReside="9007186">
        <cuifInlautBromol>thetisDeededChataka</cuifInlautBromol>
      </neonsToivelStempel>
      <woodwax unpackShulnEmpover="bucketsAloutCervus" helcoid="murriesTrilledPernio" takableTarliesMislead="98" parsismDiscard="olluckSienite">
        <insteadRecords>lyssaNotitiaWende</insteadRecords>
      </woodwax>
      <daffCormsBilder>
        <extraitPaukpanLadle>3121</extraitPaukpanLadle>
      </daffCormsBilder>
      <assisBeveledMoneron crushesSunnite="baronArmet39">
        <lautuCockneyAlfet>fannedKonyakPlaylet</lautuCockneyAlfet>
      </assisBeveledMoneron>
      <inglesKenema anglersWanganLabrets="indraft" fulgur="kloesse" miltosGiros="batiksSlouchFleeing60" epinaoi="trigs">
        <unsolidInsurge>toyonsBallas</unsolidInsurge>
      </inglesKenema>
      <depermDiacids boreleMobsBrere="6076006" bandersSandhyaBirler="meeten">
        <delistHokererWind>othin</delistHokererWind>
      </depermDiacids>
      <realia>
        <depayseMirage>mobcap</depayseMirage>
      </realia>
    </auxotoxConvexo>
    <racquetWether>
      <katuka>569997211</katuka>
    </racquetWether>
    <feruledKarbi>
      <sighingPiasabaLithous>2632</sighingPiasabaLithous>
      <goleeTootsieGourmet>
        <myrrhol>chancaSekhwan2233</myrrhol>
      </goleeTootsieGourmet>
      <woppishArgon warning="budgetsCav71" darioleUmbretCarmen="36">
        <trudgerUnseely>sweepsTideFacadal</trudgerUnseely>
      </woppishArgon>
      <parties limmu="1731230" diesisOlearia="aedes">
        <cush>adolf</cush>
      </parties>
      <immerdKimonosElshin>
        <corsak>699149</corsak>
      </immerdKimonosElshin>
      <ureidoTetanus spasticSpades="75" mirachScrivesWeewee="sealineOkeRessala369" owleryPlainlyMonism="sneers" paraiba="mande9">
        <knucks>moduloSheeney</knucks>
      </ureidoTetanus>
      <bejig sabalo="cleamerHallock">
        <loringBonsoir>63706</loringBonsoir>
      </bejig>
      <napsLatest idylliaTreflee="etchedFisc2100">
        <poddiaJubiles>appair</poddiaJubiles>
      </napsLatest>
      <toluate lehrmenChappiePewmate="whoosesBlab" cotingUncomptPagne="muermoFocsle" basterVaticanTampers="appayMusjid">
        <cowiestRajasicMegaera>slowing</cowiestRajasicMegaera>
      </toluate>
      <cuneaForcetDespume sarlacEmbow="swarga" haledayFeoffer="13" brocardGibli="8080249" alfuro="sourcePhoria">
        <adlessRatingJicamas>fconvBantay64</adlessRatingJicamas>
      </cuneaForcetDespume>
      <sowsTabret roub="mihrabDimpsy61" ranche="twoness">
        <ados>minimal65</ados>
      </sowsTabret>
      <babulsHoymanMorales antisag="charonQueueAiwain" novilloTublikeNoggin="khedivaSoviets" shrewlySetteeFalsum="cruised">
        <cosse>19980</cosse>
      </babulsHoymanMorales>
      <flamy agapaiCliffed="unringTripos" synaxis="8" naipkinAllez="haiduk5077">
        <fidawiBirnyDubbers>652</fidawiBirnyDubbers>
      </flamy>
      <unbonnyWots>
        <nonlifeShivoo>4160</nonlifeShivoo>
      </unbonnyWots>
      <gateauxTroncTwiglet>
        <helpfulAleger>tiruraiGrots169</helpfulAleger>
      </gateauxTroncTwiglet>
      <ryntSynodus trioleBetire="gerentTimerAlining" faucalGereComal="leadedCarafeRooing" uletic="dessJacareMidwife">
        <pelopsGhi>698144798</pelopsGhi>
      </ryntSynodus>
      <forwentElkanahOver>
        <reshookSaynete>themerOmen54</reshookSaynete>
      </forwentElkanahOver>
      <unegalTaipeiUnsatin mutasesVisionsGins="nettsRechipCairds" finjanGluttedBizonia="57" forsookTilburyBenomyl="1" conima="idealy">
        <calderaUdell>ranees</calderaUdell>
      </unegalTaipeiUnsatin>
      <trenailLanyardSwathy gaudGabbierCracca="mishits" maximumAttaboyNoetic="cotonam" peppierPontifyGillot="jericho">
        <cytosin>clashSaffiorMoans</cytosin>
      </trenailLanyardSwathy>
    </feruledKarbi>
    <roarerRedia roughs="778904173" hecaticBrieredSikhra="9678813" azorite="palmary9" gesticWoe="dippersShadine2" toluWines="antlersFabella8395" ratoons="91">
      <rape>rsvp</rape>
      <taillie colorinUnrrove="breasts">
        <outcryTilterTasse>31</outcryTilterTasse>
      </taillie>
      <escortsTradal>
        <mogdad>lagenaRucks</mogdad>
      </escortsTradal>
    </roarerRedia>
    <gummyZilaPsiloi mockfulWeeshyTaiga="shawls52" twittenOrthal="foamedTalaAlismad30">
      <couldnt>curious4749</couldnt>
    </gummyZilaPsiloi>
    <chidesDelouseEntoire olid="stong" belockWhiskeyDawut="busload959" stadda="uncoyly" twalGuidePloesti="stopingGuttideOhmage4">
      <lurky>miningPentaceIbilao</lurky>
    </chidesDelouseEntoire>
    <breatheAfrown>
      <usselfBastide>cartistTananJoubert</usselfBastide>
    </breatheAfrown>
    <cassaba fakeersOrcinus="cougnarGazetteJawp87" scalingDeucing="nieceSkoals" ligatorOvercoyDolose="aretReseekSurtax5" lochlinEsses="krivu9214" cucujusJacquesAmnion="zinckeFrizedLibyan5063" weezeGrue="6447563">
      <appaltoMyrrhis>synodGloggs</appaltoMyrrhis>
      <swowHerriedSpooner oxanic="bidetsSugarsAvidity2035" augursBodken="414" pedicle="anglist" walersLettrin="886">
        <ethrogEzod>kazoosWurley</ethrogEzod>
      </swowHerriedSpooner>
      <adatisPegman sheiksMoskOriel="porc" purinsNubbier="bulbineBlitter633" lanaAirbagsCraggy="perineReeshle38">
        <mitierRorid>besotsDvorakBealing79</mitierRorid>
      </adatisPegman>
    </cassaba>
    <removesSheasBunt mechantNewsy="218935515" iridialAtnahResumed="7491032" kyleBajoccoWigwag="bayonetAnarchyJells" endome="reform" shipmanStrae="sowtPassionEludes" sadaqatQuadrae="mitier" arroyaUnlust="dentils">
      <roved>knuteDanagla</roved>
    </removesSheasBunt>
  </shouldLeviner>
  <cliffy dressesTantrik="alexicTunkerDoozers8" looky="echoers" />
  <quincyPusesCados corajiCerotic="gawcey">
    <offeree>
      <yakan>vomitedComitesYapa</yakan>
      <rejigPumple algolSkiltsConcho="crareVeneficSeel" chandiIndorseRarest="smellieAntjar3" unshadeAnounouKobong="defamer" precede="futhorkNomic">
        <eyasesStomate>harbiChopine</eyasesStomate>
      </rejigPumple>
      <beep powMapsFronton="helicesEshin" updove="claughtRetenue4">
        <clewed>papregAssoils</clewed>
      </beep>
      <robbinsBowpot atweelUmbonicLiving="beddedMorralMinow" guhaSaluted="alisterPrionCaback" aclinal="dilo" lotahs="remisedMaimerFlanks177">
        <ahuaca>thrastCynomys</ahuaca>
      </robbinsBowpot>
      <reaffixMonas tmemataSkys="griffeWaregga" tenthsOuttopMangily="coarserUnwellNicking" carterBinCopps="taroksWeestRabbish" detainReefersUptilt="rasures">
        <mussingUrielMinibus>nauchPoco</mussingUrielMinibus>
      </reaffixMonas>
      <outwayLuthierLanugo>
        <reglued>oxboyFonds7</reglued>
      </outwayLuthierLanugo>
      <replCuspuleEnchair thore="cdrElapheBertin" daemons="swarajEmboskGypsyry" jawfeet="axmanWeblike382">
        <limpsy>daudingTureenForwore</limpsy>
      </replCuspuleEnchair>
      <dopperLappsBundts cumaruBaxtoneCenti="78085518" blaresSaggardBesteer="674" sawGlasgow="bijasal" climberWhelky="77">
        <niobean>sungloHoping</niobean>
      </dopperLappsBundts>
    </offeree>
    <subnectMaarTucker lawedOgreism="debussyCoyed">
      <pilular>sagamanIshmaelMuffs</pilular>
      <sulphurAvoset>
        <storm>unbraceBakunda</storm>
      </sulphurAvoset>
      <gambiaHurly faddyFowlsPruta="unstout" unlyingComping="kuffiehLarvule" askingArboryShined="goingsMoxiesCash" gessTolyls="bilkisMattins">
        <behearsClansPesetas>succus</behearsClansPesetas>
      </gambiaHurly>
      <tortilBarbers uvalhaLoriletSensile="diotiTominesVolta" vaned="emptins" blowbysPlanersBeleed="vie" excuseConyMabela="251299">
        <schorlsPrawned>659466821</schorlsPrawned>
      </tortilBarbers>
      <limitPoemetStumper>
        <decares>9207495</decares>
      </limitPoemetStumper>
      <piliOutgoerUncia uphoardScase="roseineDecian" anatronSalving="tahgookMuset5404" denuderPaauw="crosnesPressor" dustsRubious="5603">
        <kaver>hemesCoursedDisnew</kaver>
      </piliOutgoerUncia>
      <valuateCathetiCitrin nimiety="tropism" roxbury="danger3" virile="yirredPresetUpcatch">
        <rummilyDictSugary>switchy</rummilyDictSugary>
      </valuateCathetiCitrin>
      <surnaiSulfids xenyl="4128893" satyric="konjakRewashDoglike" tenaim="huzzas">
        <diaminCedrinGagster>245567</diaminCedrinGagster>
      </surnaiSulfids>
      <orgueil beshodImmunol="55001323" populumGutsier="reviser405">
        <bine>pedlarSessedWendy</bine>
      </orgueil>
      <calfsSnafusUnbare uppluckPaalHandset="unshopTrawler" smegmaPalemanRamta="412972">
        <wistitiCuneneiWifekin>schelly</wistitiCuneneiWifekin>
      </calfsSnafusUnbare>
      <frenUnwarm belah="sissing" fatallyMelam="stovesPenful" cahows="516">
        <rammass>cainish</rammass>
      </frenUnwarm>
      <dashelPsoas>
        <kerygmaSmalterCouters>flavinsChewet</kerygmaSmalterCouters>
      </dashelPsoas>
      <zunian>
        <diploeExogamyCosech>crieyMangaby</diploeExogamyCosech>
      </zunian>
      <blobbedKedging demonioCabasIkons="18182" rougesMamo="5">
        <rehbocImperii>anilau</rehbocImperii>
      </blobbedKedging>
      <ratches noel="palisse56" pairedUxorisPallets="536787948" ergo="156769" sestiadTerataAcquire="lulusFenderCerated">
        <reaveBiali>testerSatrapsEsloign</reaveBiali>
      </ratches>
      <sterid rettedCopious="chawlLully202">
        <calzone>peakishOuttakeOrator399</calzone>
      </sterid>
      <curiaeSpattee debted="863763">
        <stickelLarcinPierce>defiGhosted</stickelLarcinPierce>
      </curiaeSpattee>
      <pionic ettarre="elves" burbotsKomeHirsels="443673690" epikiaCustrelCitrals="tawedTrifaPinfire" platodaDisamis="406">
        <unfreedNiobous>aubrey59</unfreedNiobous>
      </pionic>
      <lastsUnlimed drummer="73">
        <batlet>darics4</batlet>
      </lastsUnlimed>
      <racquet ovum="baddyGeic3">
        <weazandEthmoid>90</weazandEthmoid>
      </racquet>
    </subnectMaarTucker>
    <ologies>
      <accusesPaluleMycotic>2585</accusesPaluleMycotic>
    </ologies>
    <gilgieTanierLabis loafingGoitres="volga" cumshaw="sprite">
      <barbulaGup>ungrand</barbulaGup>
    </gilgieTanierLabis>
    <argelPhane vees="isohel" bausonRumpadeFress="thwacksPliss" sabreJiffTongs="papishFuggyNicotic9916" linkups="unplaidStanleyCupel" ovicide="8">
      <femaleIntuitChurchy>liceAltesse629</femaleIntuitChurchy>
    </argelPhane>
    <savvied>
      <isopagLoyally>hellyBedungElephas</isopagLoyally>
      <mutuleMokihi awaneBlunketKefir="nubbinsSpeedlyDomain">
        <metadJungly>tettix</metadJungly>
      </mutuleMokihi>
      <hait budworm="lingaSutten" brogued="277711765">
        <kickee>crinelGarbage</kickee>
      </hait>
      <rongeur oatenSyrtPfd="wayingFiskLimpid2" modSclatchGrammy="728286" thraveStadleHenbits="570874" patacas="cockshyDowdilyPaleal298">
        <potpieCestrumReadmit>chrysinCobossBodgery</potpieCestrumReadmit>
      </rongeur>
      <deboneAntliaDyas cantily="instill" warmerPreship="fezzesEsculic">
        <unpayRevomit>frameSavory</unpayRevomit>
      </deboneAntliaDyas>
    </savvied>
    <rescous daerPatesMicks="movantMallei">
      <ivresse>48134</ivresse>
    </rescous>
    <blendsAxesDucally mafiosoBlazed="repawn928" coalbag="deva9783" kernite="helibusKerry" mistalWaiguli="tolueneAphoriaSulfurs" strapTackeyPrivily="nol" colliedBrothy="knap" inspeak="polynya">
      <fuglingFalkPerit>whoryNervoseSneaky</fuglingFalkPerit>
      <blamsAmidesKerogen hastyBotsCywydd="harkaRedward8" soddierKindjal="pitworkWayfareSynange">
        <cringerDotardsTsunami>freezes</cringerDotardsTsunami>
      </blamsAmidesKerogen>
      <empaperHurlers frotherFuzzes="4003" coms="hind">
        <sports>felidaeGhafirCadres562</sports>
      </empaperHurlers>
      <beeswaxSinamay feinterSayableAcock="dripper" ithacanToffing="tameinsToteryWhiskin" slimmerOdonata="mothed">
        <rummier>brujos</rummier>
      </beeswaxSinamay>
      <strageAgiel henyardIncurs="tempeh" devaBransleAlantic="29527" octaviaAbearScrim="disroofScutes">
        <baniQuabirdBozine>aleph</baniQuabirdBozine>
      </strageAgiel>
      <gendersEspartoSixths beratDemountDustpan="iris" laithlyNuggar="dungonTenuesIgdyr">
        <bashaw>batture</bashaw>
      </gendersEspartoSixths>
      <lamboys biacuruBubo="crimPlashetGarage" wuggMarverFulls="sartorEosateFalcula">
        <dor>45</dor>
      </lamboys>
      <senones capitolTargerAnural="rete8" remixtRelaidSashing="poseursDoucine" planxtyPangi="isotoneListfulGluten">
        <zizitGawneyDeimos>hognutsSolosDrifter</zizitGawneyDeimos>
      </senones>
      <techiesColada steleneSuntDarking="dautsSundaesMured">
        <cuzceno>brands</cuzceno>
      </techiesColada>
      <afritsGlobose apothemEnsuite="outdoPycniteAbasgi" gamontFrwy="mafeyBraggat" splore="35" saltatoBlowerMarram="nectron4032">
        <annalsIllyricMalum>vacuaBifrontDecafid</annalsIllyricMalum>
      </afritsGlobose>
      <eutaxy seld="atloid5461" queestChoileSpiny="conin8001" joanna="decantFrecketBemixes" whishtsNinths="benPilinWitjar">
        <mach>vendingAcornsTurken92</mach>
      </eutaxy>
      <okes doltishHeronsGregos="whitretPawpawsConger">
        <garrickLammockWrack>prakritTexanPontine</garrickLammockWrack>
      </okes>
      <rosaryComsat>
        <discina>jonglemKawaka</discina>
      </rosaryComsat>
    </blendsAxesDucally>
    <canellCurchyBucko blownMirkierAmouli="88" biolAufgabe="coboss4740" diddlesJailorsDraggy="icarus" auditor="carolOvile">
      <beautiOrgamySteg>quimperRelandAbacus2320</beautiOrgamySteg>
    </canellCurchyBucko>
    <viny>
      <bootle>dictBussedHedger</bootle>
    </viny>
    <dotter replansCoptineQurshes="filial" spadishDixiesCracks="marariePotters">
      <reproCurvesMailes>pockets</reproCurvesMailes>
      <shammyClarreMeant cushiteSecunda="feruCaduac" skinLedger="grith" gytrashAthogen="epichilRoryDrevel" culverFootmanTholi="snub">
        <hegumen>koswiteFeatestRoughen</hegumen>
      </shammyClarreMeant>
      <booseThomasBroma uptowerLoggerMiseats="scholarYezzy" acharyaVials="dossilsEmpory" tzendalZontian="braggat">
        <vibratoTasbihConched>1558166</vibratoTasbihConched>
      </booseThomasBroma>
      <cheson takaheZinzarVictory="blunge">
        <upleapConuzorSaiyid>taiwan8</upleapConuzorSaiyid>
      </cheson>
      <kanas briseisZigzagEsu="leakedTorsosPanter" rookyCaceVerutum="loggingMowhay3409" menhirs="petrousBoulter5807">
        <loofie>luxates</loofie>
      </kanas>
      <methene octaplaMoolsHassle="20" wampums="shogunRookieBumble">
        <incluseJingleGleary>shelleySeagirt</incluseJingleGleary>
      </methene>
      <somaticMoory cedreneQuaereBespew="enage" prinkedCabotinVocule="encores">
        <walkeneBuriersHoarier>5</walkeneBuriersHoarier>
      </somaticMoory>
      <boardy hrsDiester="mesemStadeScience" yobiScyld="ogeed" gommierHeiminBoke="cavingBodesRefeel" fanwise="undevilRhymer">
        <unearlyGoliath>muttExtrema</unearlyGoliath>
      </boardy>
      <raggedNeglectFainted kittelPocosinInctri="99748663" pilgrim="droplet" cabinetMowrah="nauticaCrullerFoobar">
        <heighGloea>enwomanMantKillcu</heighGloea>
      </raggedNeglectFainted>
      <lassikyCompaa chamadeAmeniteMouches="tangyAcylBiters">
        <mumpishAttain>1600083</mumpishAttain>
      </lassikyCompaa>
      <stomachBrassedDipolar>
        <pappus>nookSkeed</pappus>
      </stomachBrassedDipolar>
      <mirzaMedidia cantorPlagiumThee="shebangAphaciaAzimene9176" darts="muumuusRedpollOorali" blunksZetasBarger="4" surraJellib="kuskiteBanivaFloosy">
        <dinned>2</dinned>
      </mirzaMedidia>
      <bustianKakasProp>
        <cognizeSeggyCaligo>shariatSapsuckChinked63</cognizeSeggyCaligo>
      </bustianKakasProp>
      <claraPhocoid bichirAraliadGlitch="655532763" eau="unliveDroptUpflows">
        <zymogenSubdebsJiglike>511384468</zymogenSubdebsJiglike>
      </claraPhocoid>
      <coughsDoline teetyAliothProphet="salpaAnerlyDrongos" frapler="elaenia">
        <mokeUpridge>835247513</mokeUpridge>
      </coughsDoline>
      <engirtWombat>
        <cornutoNeper>toomPukrasKenmpy</cornutoNeper>
      </engirtWombat>
      <fellahsMaukin wilterLoafs="consumeDealer">
        <daphneSandlot>1969</daphneSandlot>
      </fellahsMaukin>
    </dotter>
    <tuppingChivariCentrer tugrikCornix="dogtrot" gaeldomChablisCulled="rehidRattrap8" jour="revere" guranIndigosHatful="gullah6" aveugle="9">
      <bumpityBroach>gloved</bumpityBroach>
      <teopansGirons>
        <etang>kinsen52</etang>
      </teopansGirons>
      <levantEvicke hgwy="polacre" mashersCarannaDharmic="wyoming" skippedUntyped="beingAlbetadBurrhel" skunks="adzes">
        <amanteOutport>962638</amanteOutport>
      </levantEvicke>
      <yeggmanComake fanleafKudoSoiled="476743516" redriesEvelongIvyweed="siwanSapiumScuttle">
        <curableDjuka>insoulsSellateLabel477</curableDjuka>
      </yeggmanComake>
      <prisereMeristAmoved>
        <raglan>58225256</raglan>
      </prisereMeristAmoved>
      <spudboy undusty="cadbitIllude">
        <gumlessRettoreLilies>mezquitSewarSurlily</gumlessRettoreLilies>
      </spudboy>
      <ecodemeWavererArew>
        <carlieFlavineSedile>leone</carlieFlavineSedile>
      </ecodemeWavererArew>
      <xurel musicalAchroma="devoteDeponesPeeling">
        <traumas>cornifyUncle</traumas>
      </xurel>
      <bandengLithZygenid serena="catariaUntoBlumea" scoponeSwippleAdyta="kleshaKays">
        <pcm>95</pcm>
      </bandengLithZygenid>
      <natty piker="baltQuayful">
        <shredsRaptestSoon>geirBryceAdoxa</shredsRaptestSoon>
      </natty>
      <cossMessireAnnalia peerly="abrazos" bharata="nomad" kuchensPruningElecive="malacca">
        <heres>outwitHabeas</heres>
      </cossMessireAnnalia>
      <caraAkinVotally>
        <grubble>blear</grubble>
      </caraAkinVotally>
      <anjouNoh>
        <arayne>hooka</arayne>
      </anjouNoh>
    </tuppingChivariCentrer>
    <contr>
      <joualsPillage>vespGloryTenla</joualsPillage>
    </contr>
    <dmodCalxMisteuk gazeboMeio="unkinkRilletsBinit" voidsAdroit="roxaneVeneficCowgram" achokeUnpited="83" lovesSertingSenate="95728">
      <akongeFeyestReined>54154</akongeFeyestReined>
    </dmodCalxMisteuk>
    <showmanZoner>
      <euchiteOustRules>asepsis</euchiteOustRules>
      <equoid>
        <eatingsPapelonDornic>1539</eatingsPapelonDornic>
      </equoid>
      <quintet homerEuge="121856" cellose="quartzyNubbles4031" argasidBiasing="zenana" midribsOuttoil="597982810">
        <kukang>mersion</kukang>
      </quintet>
      <beauishPaction>
        <cornuHowlersAggers>camassTerrineEmbowed</cornuHowlersAggers>
      </beauishPaction>
      <luciferBierDicasts mirksArgyll="daturicPartway">
        <douterOppone>markusDarryl</douterOppone>
      </luciferBierDicasts>
      <fetiseAxine notherLupininKrapina="ryme" mulctDeliesPhenoms="bearmZymosanGynura">
        <sizzled>amid1</sizzled>
      </fetiseAxine>
      <abkari>
        <nictate>ticklesQuintus</nictate>
      </abkari>
      <gurkhaHoltUnpins dioptraAlloted="582331" sheTempera="397">
        <isocratOrbicStain>oriasAntheiaSoga</isocratOrbicStain>
      </gurkhaHoltUnpins>
      <evoluteAmie garnice="38" overlayRimpled="perliteAbrased" frogmenDyadSift="nonagonAlviaAunter" fraenaPawls="antralYapness">
        <subgyreFainty>eurymusCalesaWrongdo</subgyreFainty>
      </evoluteAmie>
      <bertie pleasedRuttish="1888">
        <subheadStrati>demerseCoddler</subheadStrati>
      </bertie>
      <mimerBeams>
        <upspearAstonyWarwick>rustily</upspearAstonyWarwick>
      </mimerBeams>
      <bubalSnool unseatsToxa="fingu" loutre="elksWechtsDesmoid" lanugoAyenstRedbuds="arbEroding500">
        <shirtsHimneLead>8812282</shirtsHimneLead>
      </bubalSnool>
      <shinnedPochoteMalacon botellaToweredCoyan="cryableSoundlyTriker" crackly="pogoniaArcticsGellert" suiteStyx="spartle79" byrlDiduced="70692">
        <duskierKnelled>eggnogsApepsiaYodlers</duskierKnelled>
      </shinnedPochoteMalacon>
      <corkierLife hattingTramels="wertPoringEnates" sperpleSomasFistify="620693635" chiripaOsculeEcize="cotters">
        <silentsCalipeeBoxhead>mouill</silentsCalipeeBoxhead>
      </corkierLife>
      <chakramCaviler coomyFirkins="40099901">
        <ventsDammersTinlike>emforthEschew4526</ventsDammersTinlike>
      </chakramCaviler>
      <copsySwego stubblyOssiaChayma="corpsyBroddle">
        <bleeze>cleridProudly</bleeze>
      </copsySwego>
      <casabaTowsyDrunken seisingFugu="farawayYameo" midgy="glaieulHirJungian">
        <simball>trimera</simball>
      </casabaTowsyDrunken>
    </showmanZoner>
    <piteous saumonBalsa="idlingEnvire" hsi="outffed">
      <tonguedLairdsKobird>msource</tonguedLairdsKobird>
      <salinasOasean sealkieClawingCrambo="indenesRefont" binniteMosteGozzan="puzzlerBeauts">
        <lapilliIzzy>exalteShohetAilurus</lapilliIzzy>
      </salinasOasean>
      <dovekie musicoIgnawSneezes="scrive" wristedUnlousyGlycyls="foambow" butlesCubes="analgic6">
        <decencyTarrerTackers>stailDial</decencyTarrerTackers>
      </dovekie>
      <lollupEimerRelease eaved="muonicModi" deinosToss="fenderAdieuToledo">
        <hopsFenrirCompear>squad</hopsFenrirCompear>
      </lollupEimerRelease>
      <mawksHurdler>
        <slad>bengaliTaxirLopping</slad>
      </mawksHurdler>
      <fracidRedoes raffled="unwhipScirrhiKadaya" enseal="breadth52">
        <brownlyDoveyClara>pochay</brownlyDoveyClara>
      </fracidRedoes>
      <someway lreclDiatomaAngelon="bruscusChimla">
        <attealDurrieSecutor>wraith</attealDurrieSecutor>
      </someway>
    </piteous>
    <knobbedAbrineCretan>
      <calverSad>hasten</calverSad>
    </knobbedAbrineCretan>
    <cohosMangona whispReagent="231441662" legistsAmessKefti="hencote" overestNanakoDirity="katyBevomit32" feaseMonicCithern="haiduckConliGanch" zygal="oxtailLimniad" tunedTinguy="unbrandCiphonySpark" gloatPouffedAtellan="1333">
      <raceway>drave</raceway>
      <peerage cattishSuccinIvywort="switchPrimoCultual7718" hegarisDrossel="sap85" frenchyInshell="720" hectareGripheUnsoncy="5">
        <pinweed>78</pinweed>
      </peerage>
      <ficaria downwayCoalifyAcidly="dimbleTranceDeplore" alumnal="acieral7006">
        <amylinLetheGussy>89223074</amylinLetheGussy>
      </ficaria>
      <gheeJubilus>
        <herms>polianAmyclasBeanbag</herms>
      </gheeJubilus>
      <tenetFamedBonnier>
        <rineImbauba>elector</rineImbauba>
      </tenetFamedBonnier>
      <berg mortalsFrazing="msourceBizonesBabiana">
        <brokageWyomingKyrial>groupie</brokageWyomingKyrial>
      </berg>
      <sasses rattery="infamePopeyedBurrhel" relyingTropeicSacken="tippersInrunMangy" puisnes="autumnsBursaeAnim" tanaka="7349389">
        <cupiubaBurga>sepoys</cupiubaBurga>
      </sasses>
      <stintyDurable>
        <caonDornUnhued>thracesGamgiaFlanque</caonDornUnhued>
      </stintyDurable>
      <scuddle sulabaBubale="reem" truckerBrainy="daniUnmeth" nuncleLeuciteDolled="toadiesUnpale">
        <coliesMarplot>heild</coliesMarplot>
      </scuddle>
      <alerta sharifsBeehiveSperity="hatress" mailed="uphillManituBarnage">
        <phraseyPlights>flagonsSuwarroHazily</phraseyPlights>
      </alerta>
      <tuke kenyansEraser="hemase75" terzioSortsAtokal="vomito" shiersPacate="paw">
        <dewiestFaunistEpilog>blendeTrucks815</dewiestFaunistEpilog>
      </tuke>
      <kuesAbaculi spheryNester="noraSuecismLeys" tataricPrenote="seedfulAnklets">
        <gulletPunnageLampads>offlookUnwaxDispand</gulletPunnageLampads>
      </kuesAbaculi>
    </cohosMangona>
    <estocsDoux>
      <dollarsUnhayed>posableFigbird</dollarsUnhayed>
    </estocsDoux>
    <perdie>
      <unelect>risala</unelect>
    </perdie>
    <unrunTortorCoyish unfain="deismsAbasingGlug" choroid="gazet" gunners="ganjaRiancyMutisms" minaAortasRummier="434985" avidity="tiaoPrimelyAbuleia">
      <centosSecreto>centrexBlickie660</centosSecreto>
    </unrunTortorCoyish>
    <dowlessFulani shee="sahme" mandrelSending="bootherImparksEleanor" grunzieEprosy="fibroid" unismNailedOppose="sigmundSexhood" chronon="evoker3415" resinolChewingHarkee="vasty" achates="reredosAgeist">
      <anoine>22154</anoine>
    </dowlessFulani>
    <sakellSoord phytomaGlucateBandsaw="shrivedNewtons" testsKursch="robotsCageyWorset" yavapai="roun" diddles="coliticDyed" lingerBrome="villota" surreinJiminyFirmers="hooplaVouster3453">
      <faisanTriker>sobsPerjureForwore6181</faisanTriker>
      <cessorCohune tuskishMattoirYasmak="archil">
        <nattyBandhEndured>fanesMastery</nattyBandhEndured>
      </cessorCohune>
      <kashanNauticaNowroze fossane="unstackGeoidTarrish2" aurinSeal="245402828">
        <cotyleCanell>31351</cotyleCanell>
      </kashanNauticaNowroze>
      <sapinMammodiFiacres jclSunns="11807">
        <outbarkBalli>subeditMitringSitta</outbarkBalli>
      </sapinMammodiFiacres>
    </sakellSoord>
    <unbindApexing>
      <infimumScannedCeltdom>1</infimumScannedCeltdom>
      <sieving jude="hieronWaistedWander58">
        <mandiCidaris>squintyGuaximaHyalite</mandiCidaris>
      </sieving>
      <seringGauderySalify shemakaWaredProds="spitingLumbarsQty">
        <betowelChitlin>vexer</betowelChitlin>
      </seringGauderySalify>
      <leaCamogieNegara mower="identicHeist" zuludom="illeckWahineToist" philterSamson="moanPopgun">
        <yaffleCuiejo>inturns7514</yaffleCuiejo>
      </leaCamogieNegara>
      <luckilyWart pity="slights">
        <companyRedingRidden>violin</companyRedingRidden>
      </luckilyWart>
      <oxbaneLitter laft="caqueChausse">
        <huppoth>sarinRodsmen</huppoth>
      </oxbaneLitter>
      <support imbruesBajraMatzoh="ideatedAumery" czechs="15024545">
        <garava>wavesScenaSholom</garava>
      </support>
      <croupalSissify>
        <overgodChampakCabal>5</overgodChampakCabal>
      </croupalSissify>
      <previde chapesAnconeiAsearch="slawsBeat" williamMarsesMisbill="packway351" cineastNanes="imamicAnagogy">
        <foreranEngaud>sargosMort</foreranEngaud>
      </previde>
      <unsexesYetaParker>
        <microbeCurdled>vixenlyGilten</microbeCurdled>
      </unsexesYetaParker>
      <nonuserParodeFigbird>
        <villsShamoysNeskhi>2102583</villsShamoysNeskhi>
      </nonuserParodeFigbird>
      <piousOnto sorus="7">
        <waroriConsortBiggin>cultic</waroriConsortBiggin>
      </piousOnto>
      <pucksLongful eupioneOrfLeaping="restyHobbledJokish" xylenes="9">
        <ascidiaGoodRgen>sorbateBoloingTrowth</ascidiaGoodRgen>
      </pucksLongful>
      <igniterHubbiesToxoid bowyers="sculsh" vakassFiends="decaneSledder" toyish="cutiesElegistPlu" kubong="snouchDosersDixie">
        <vealed>lidsJaunce</vealed>
      </igniterHubbiesToxoid>
      <ulvalesDkgFlew>
        <dimyaryBelugaDupedom>sucresNeutronBenthal</dimyaryBelugaDupedom>
      </ulvalesDkgFlew>
    </unbindApexing>
    <uncowed>
      <welcher>kethib</welcher>
      <screamKempite dementsEructedCerthia="zamanMisleadGigster" orig="weeded675">
        <joineryNoun>desksSwirledGoys80</joineryNoun>
      </screamKempite>
      <giloAssis cincher="foelikeCalin">
        <hie>tuno</hie>
      </giloAssis>
      <innestVauntie aaliis="rheaAselar">
        <maturerTalak>inbeWigtail</maturerTalak>
      </innestVauntie>
      <debtorUndoerOnflow debouch="abobraHyoides">
        <topoSool>huzoorAlexasYarpha57</topoSool>
      </debtorUndoerOnflow>
      <boursesUpdives liquefyDawutSpute="8" ixiasTinnet="sirocReflux" rebirth="ejidoPartie">
        <doodlesSheddedPehlevi>kythesMorays</doodlesSheddedPehlevi>
      </boursesUpdives>
      <gryphonHangby biotopeInosic="dorper" swinkBating="brinerDeworms6446" razerDhurnaSpitkit="7625" faunistFerae="carsTowagesIxodids">
        <bkcy>117840</bkcy>
      </gryphonHangby>
      <seave retuneUntil="epizoonNeckingWhooses">
        <toddleTornalShela>mellahVolableTwenty</toddleTornalShela>
      </seave>
      <mantyPascha effuse="43" quiddle="canzo">
        <bestudDialed>72</bestudDialed>
      </mantyPascha>
      <rfoundHawsing fungusDromicForeran="stewyNil">
        <embraceSmidgenRabbis>monsterLikestDemerol5</embraceSmidgenRabbis>
      </rfoundHawsing>
      <uppile churnedBlueyEgrid="6" slimierCocoachSpryer="lampletGaloshJerker" absurdComatikUncowl="cierzo" hitters="75925511">
        <gaj>attnEnamberCations</gaj>
      </uppile>
      <threwAnglistStram>
        <jading>baaskapOpacusRanchos</jading>
      </threwAnglistStram>
      <flintyCharyRotches ketenes="urology">
        <calmly>chytraFural8</calmly>
      </flintyCharyRotches>
      <cutting reveredTerrifyWickape="58395313" hurfNearish="challah">
        <cloitGyseImmerse>exhedra</cloitGyseImmerse>
      </cutting>
      <fluffedBloreAril premoldSurphulMao="21853240">
        <crepeyUpdriesSlackly>jussiveAkharaMicraco6</crepeyUpdriesSlackly>
      </fluffedBloreAril>
    </uncowed>
    <logshipUnwaryMisform>
      <smatter>legatiSemidry</smatter>
    </logshipUnwaryMisform>
    <kavikaSenegas dismalHardies="repewHowled" shaster="frijaYezzyArctia" gyppingIta="tawpie" upasViolas="rechawCruorinRuck">
      <accusalOurebiSlipout>11313</accusalOurebiSlipout>
    </kavikaSenegas>
    <tulesMoke tritone="bothnicPhisAidance" wimplerEbcdicWorm="sarosSerosal5">
      <various>desmaConchie</various>
      <avenageCawedDolphus oxeaChi="beninHetmans" azoch="gladySolideoPlacebo" chirkedCorbyBaleys="262250469">
        <amidoxyUnpick>88362399</amidoxyUnpick>
      </avenageCawedDolphus>
      <spanned insumeSlicklySoloth="bummersSenateSpiels3036">
        <homeoidPlannerPimbina>maplandCerasinAxine990</homeoidPlannerPimbina>
      </spanned>
      <repayedCentrumDumose cooking="bamVipersWaister4" worryPliableRazzia="804">
        <torroneUnchid>arithBenderChilled</torroneUnchid>
      </repayedCentrumDumose>
      <trasyWismuthAlachah yirnEtiolin="boreas" yobChoosey="decrialSargusLois" tablier="nitterPatagon" seraya="soumExcitesCredo">
        <masts>oriasWurReflush9</masts>
      </trasyWismuthAlachah>
      <morena renegue="76340" copyEncoopMoral="azole4357" slojds="5655681">
        <degradeEarlyKaraoke>globuleKakaSeme</degradeEarlyKaraoke>
      </morena>
      <rimplesBaignetMuch forlornFavellaPegless="berlin" marrersNuncleOctofid="barocoTorsJuan" noisesStummedUveitic="bundledCuartel" anchatSandbur="screver">
        <relaxed>mycMounty</relaxed>
      </rimplesBaignetMuch>
      <hostlerDinder>
        <pewterPoaceaeBuffi>chionis3605</pewterPoaceaeBuffi>
      </hostlerDinder>
      <deiaBagniosYaupons orchat="pulls">
        <poppelOstler>rosinePoort</poppelOstler>
      </deiaBagniosYaupons>
      <burman ritaClower="528" growers="52">
        <exitialGussyDattos>pompomsSeudah</exitialGussyDattos>
      </burman>
    </tulesMoke>
    <enoilVigils nuisomePrimed="caribou14" inuring="falcerWeetedBrawls" curvet="signary" ixil="hajjes">
      <actine>tenourAblute</actine>
      <aslope>
        <kohlan>5085472</kohlan>
      </aslope>
      <hurtfulAmorEath placageNonevilConifer="90863">
        <ungildRooters>galenLuxusTuwi</ungildRooters>
      </hurtfulAmorEath>
      <densate>
        <chafingTypalMartel>97435110</chafingTypalMartel>
      </densate>
      <sparidZayin gunyangSinism="skyways161" onsetsSiafu="nudumBettas" hajjBecrawl="hardingMorg4" prater="965099">
        <lammySecondiLandage>opianeAppenseSuety</lammySecondiLandage>
      </sparidZayin>
      <sqrtSkirt>
        <teli>533810845</teli>
      </sqrtSkirt>
      <quizzeeChrisomUralic adulateEquesCodamin="ascaris">
        <kaf>nosairi</kaf>
      </quizzeeChrisomUralic>
      <odesMargaysSprains mayenceEnsoberBabbool="3526564" tooth="resiled77">
        <guddled>611174</guddled>
      </odesMargaysSprains>
      <lanugoPapriks>
        <birthed>85524415</birthed>
      </lanugoPapriks>
      <shuShroud miaouedChypre="deplaneAlandRomaunt4453">
        <grid>earthed</grid>
      </shuShroud>
      <souserCatalin foliums="tailory" shottDexTwibils="azotiteGluten">
        <austria>71818904</austria>
      </souserCatalin>
      <teeting cowed="nolo" hydnum="pylades6" shalderAlmahsNot="lehuaShauledShoppe">
        <blinky>melons7847</blinky>
      </teeting>
      <rayanBabascoUkiyoye amative="bijouJam2700" faience="anelace" peratae="rengaTongedOlcha" forciveSlosher="tapholeRanseurAfore">
        <elytralLaybackUnweave>soilingExhales</elytralLaybackUnweave>
      </rayanBabascoUkiyoye>
    </enoilVigils>
  </quincyPusesCados>
  <unfeleVestsKinder glacialMonesia="3204225" trojansAgroan="wabber4" />
  <outfindTrioletBalmily toryismEmbowel="ferrum" threat="setoffHunt" cheapo="frap" tuguriaAiver="fountGranch">
    <whirr>
      <coirsMexico>8441583</coirsMexico>
      <partileSenegalRfree chapedBoers="rantismPlasm444" redoneFenetre="plan" wriggle="felwortImponedSubduct" remade="romneyBownBuibui">
        <islayHatting>lithousPicture</islayHatting>
      </partileSenegalRfree>
      <autecy>
        <leuma>aeonsSimpai</leuma>
      </autecy>
      <druithContes>
        <kiowanFouledPurport>ravageOvarialKhellin73</kiowanFouledPurport>
      </druithContes>
      <erotizeOileryCangle stageSkatolsStempel="squirtsEmeute" droversQuangosHectic="wisKartLibra" endways="juryNautiliSeqwl">
        <luntingMercury>rabatteBibio</luntingMercury>
      </erotizeOileryCangle>
      <sperketMorralFaecal cyprianBiassesConged="rattery" eartabGropes="oodlinsFineerUranin" zeissIdol="duologsTomtit" violalStaging="unitudeSmirkerHymenic">
        <bleu>486</bleu>
      </sperketMorralFaecal>
      <guaninsBawlsSep auburnOvercut="muzzlesMilha">
        <huarizoArgiveSpec>dankerChatonUnsting</huarizoArgiveSpec>
      </guaninsBawlsSep>
      <roublesFoppish oxtersGinnersGazelle="matsuriAbamaDrat">
        <sottery>258</sottery>
      </roublesFoppish>
      <stymied yeraver="corplTenture">
        <dowitchEchinal>heelDieHalfman</dowitchEchinal>
      </stymied>
      <autist flaresArrishFitchy="16250982" oatlikeKenSangho="reapedBuddie">
        <mumpedBlizz>traitorSilvex</mumpedBlizz>
      </autist>
      <camletMistrow>
        <clerkedButlers>whorle</clerkedButlers>
      </camletMistrow>
      <athumia hankerSuganLaodah="2" rigaAcrawlPlea="vernileSadder793">
        <ainsAuroras>alypine</ainsAuroras>
      </athumia>
      <tawgiUnclampUnrich rutileManualsRipieno="unripsAtterUntell" siftedTunas="estrualSussex">
        <parodusYikeKeerie>fledgedScreeno</parodusYikeKeerie>
      </tawgiUnclampUnrich>
      <folMommaIffier hickeysMarsalaMazur="coiledTriols85">
        <bitnetDisray>ligure</bitnetDisray>
      </folMommaIffier>
      <labarum>
        <averted>96</averted>
      </labarum>
    </whirr>
    <epopeesZarema conflowGunship="rabatteWolly" jobbingGracingUnstop="feelyUnbegot">
      <propter>sippetsAph</propter>
    </epopeesZarema>
    <durwanProlong hairnetCitable="505456839" backseyMantVillagy="dungedWaived" granitaForwelkSaquaro="35383" faceupCardingJaunty="53">
      <harierRappersSoilage>rident</harierRappersSoilage>
      <planksKoryak>
        <finmarkThemes>urethra</finmarkThemes>
      </planksKoryak>
    </durwanProlong>
    <juiceScorifyTrick>
      <terpaneAbasio>pulijanTstRaghu8</terpaneAbasio>
      <subringAdeste whiftBissextBabel="hushingAgistorMacro" ployed="euphone">
        <fitcheAzandeByes>622175850</fitcheAzandeByes>
      </subringAdeste>
      <inmates>
        <mylarCorvetUnlocal>expandsDevote724</mylarCorvetUnlocal>
      </inmates>
      <realityYava nattersStorage="5335603" silicaLabialsPerfins="ganjaZazens" decanolUnhendePetrol="roseine">
        <omelieCoyureWafture>belchedStourie</omelieCoyureWafture>
      </realityYava>
      <oralogy>
        <vairy>leucoSail</vairy>
      </oralogy>
      <mavens>
        <upstemGuidersCogroad>99478</upstemGuidersCogroad>
      </mavens>
      <sorbetsWands kula="yapsFumulus" khassTabulaMisset="irruptMarrowFasola" synoekyMarking="unannex327">
        <outland>outmode</outland>
      </sorbetsWands>
      <gugal donnotMaegbotRatine="46154048" huxter="baloloMushla" vocoid="461434">
        <gelatinSplays>8</gelatinSplays>
      </gugal>
      <waveysLodurStap>
        <emended>wabenoDovecot</emended>
      </waveysLodurStap>
      <finfoot byganeMutedLoot="offence" umpyRillowHomish="coyingHiking" luging="oblastWarted" thujas="699781543">
        <falserAlkesPathos>masterySellers</falserAlkesPathos>
      </finfoot>
      <hoofishGrinnerAnilao miniGrisard="novity" chugged="cainguaBilbosBetis" buccaroHazed="3">
        <triconCantara>couxiaShakes8</triconCantara>
      </hoofishGrinnerAnilao>
      <fanzine>
        <prowess>ennuyee</prowess>
      </fanzine>
      <delimedBakra outlash="96307" tensive="boraxEtaerio" securesDescTapetta="sneerer" ousters="unadopt">
        <durrinRebuoyPiccata>871852338</durrinRebuoyPiccata>
      </delimedBakra>
      <hootingSpilusIndeedy bulwark="lashesVotishUrent64">
        <talcoid>chatons4482</talcoid>
      </hootingSpilusIndeedy>
      <tameIcework leaversCox="ninox">
        <platerAcids>runoff</platerAcids>
      </tameIcework>
      <zephyryBuzukis sycheeHoppityAlumel="demur" lyrateWrithedSpails="winchedFlanes" mhgElixirsClumpy="2">
        <eugonicAmba>keyslot</eugonicAmba>
      </zephyryBuzukis>
      <jettru disp="inexistShatVault" platensFoyaite="1832849" leaps="66600365">
        <harlem>pushersTombed</harlem>
      </jettru>
      <brinerTiddyOrlet azansDitched="68" insepSolvOcker="9">
        <boxfuls>sanfordLouder</boxfuls>
      </brinerTiddyOrlet>
      <evitate rootcapBountyCorve="houndyJaunerTaborer">
        <coumaraAntshipCymelet>utmosts</coumaraAntshipCymelet>
      </evitate>
      <outjet incideSeagirt="quadsMessans" hookupsLacepod="stompsBusera" ikraSeenuDehull="camblet">
        <barly>ernesse</barly>
      </outjet>
    </juiceScorifyTrick>
    <rubby ethnos="eddoCamarinTrashes" levier="fumiest" baffeta="acheron" thuliasFuriosa="menses40">
      <enbraveLadies>fuseesSunbath</enbraveLadies>
    </rubby>
    <aterianPleases>
      <tanquenRon>myc</tanquenRon>
    </aterianPleases>
    <withierRickerFussock kedar="tupaiid" laceSerau="3" quarrelCraddy="titarPerpet">
      <racemicPledge>hickoryActaeaOutfelt3302</racemicPledge>
    </withierRickerFussock>
  </outfindTrioletBalmily>
</nettleWhelmsEnwombs>