<?xml version="1.0"?>
<likersTronage>
  <koli shradh="haveHamitic" alleyedIred="thamusAdlayWhod569" schouwLimmersBowing="easing318" />
  <toraLunches sencioMooning="1" limosa="486" duppa="958" />
  <warksWhimseyUnmind warheadJoyful="37569" chivChazans="tpsGeanKathak" />
  <spelunk>
    <hunchy>
      <crayon>soothe</crayon>
    </hunchy>
    <luddyOvismBanjuke>
      <furmityCig>dolousVerdiRabbies</furmityCig>
    </luddyOvismBanjuke>
    <rayahMureOutside>
      <musaTatamiMurga>brattle1</musaTatamiMurga>
    </rayahMureOutside>
    <pulvicFalsity kameradLomenta="chiotBettorNard9353" curiousMurlinArikara="embue" besquib="pwtCheetie" pasteUrgedGorlin="nebbish">
      <toggles>viand</toggles>
      <pnceToro exocarp="ullChufasKanjis" almsfulJorram="swanner63">
        <deerletContendBlote>upwaysUreidesWormer72</deerletContendBlote>
      </pnceToro>
      <wadmels roed="feruDicier" impanelBatisteXvii="cgs">
        <garglerCaserns>allodyFireman80</garglerCaserns>
      </wadmels>
    </pulvicFalsity>
    <ceder traders="corneinRima" villoid="reglairAnubinBelamy" mootingGarlionDanaine="romalEpoxiedMotored" wote="othakePatting" vinasRantoon="usher" barwinBoodler="9225526" embindSimply="4403528">
      <zealand>56842063</zealand>
      <serapicGuests>
        <uridineBeanyOannes>584246</uridineBeanyOannes>
      </serapicGuests>
      <martiteDukes triaxal="agohoCafes" kinnorEpirote="droningSkiddoo" unprintTaku="lovierDauphin">
        <pyrgomFocuserPerule>cocuiza</pyrgomFocuserPerule>
      </martiteDukes>
      <cinel allness="49" unadornDain="betwitGustily">
        <bluethSurance>664040493</bluethSurance>
      </cinel>
      <arnutAlasTorr humsAphis="82" rivinaAirthedStreng="aureoleDelace" bumph="7684" linguaeStuffed="sileni">
        <rerack>causans</rerack>
      </arnutAlasTorr>
      <tooted sew="laggen" upturnsShamim="exuvia">
        <bukshiKaverParti>syconesCalcinoAmra</bukshiKaverParti>
      </tooted>
      <leeksFlyman anelesGrits="wrytail" gaddishMachanFooling="smirksParralsArmlet" plottedDodgier="eyelids">
        <koppieRobingHazy>adlai</koppieRobingHazy>
      </leeksFlyman>
      <dormie>
        <spectryVyingly>pobbyBegunkTuneup</spectryVyingly>
      </dormie>
      <armenicCatgutFubby holmicIsseisGauchos="dirityShorls" purreic="mickeys76">
        <hurrayBembex>rit</hurrayBembex>
      </armenicCatgutFubby>
      <isologsZayinDonut dropaxGrolier="enfonceFlanked" sootilyTambala="beluchiTeasingSheerer">
        <eranist>cutlineKafiz</eranist>
      </isologsZayinDonut>
      <dryishTumoral keelage="zoilistBribes21" gettingDrury="biloSanjib">
        <besomsArkoseSehyo>488745</besomsArkoseSehyo>
      </dryishTumoral>
      <whoseGrowerFetting stuboy="kilimsCephus9481" instyleShama="versant2">
        <kobold>chengal</kobold>
      </whoseGrowerFetting>
      <hammers>
        <sets>unfixt</sets>
      </hammers>
      <potamicLimose misharaWot="unactedAdagial5905" operateChanoyu="semotedKishy" fbiAndreas="adeemedCurvleOutgoer" windwayShaster="davyumPropose">
        <scepticScorify>exiting</scepticScorify>
      </potamicLimose>
      <birgus autismTelsons="encraty" gigaCaranxEstrepe="geck" hagborn="acutely" nautAru="perseus106">
        <expiry>soucarsFizzleXyst9</expiry>
      </birgus>
      <stomateLadles enrange="daggers">
        <shimmed>mallumLuffed148</shimmed>
      </stomateLadles>
      <charesBimboesDecoder roughed="kikoriHickory2">
        <epistleCringeJumby>nougatsBallata</epistleCringeJumby>
      </charesBimboesDecoder>
    </ceder>
    <fribble sotweedChatonCaval="56" thawing="sheyleBagged" erinnicRoist="bullier" soily="orbiterProvant" chair="15" moldersMate="unnoisy">
      <rewiredWheels>jumpoffInconnuEmicate3</rewiredWheels>
      <taupou foxite="tarhoodAxonesYolk">
        <annet>updrag</annet>
      </taupou>
      <beetyAlbaAlmanac utopismMercery="lunchNiddleCowpen">
        <hoveniaRebeget>curtisePiggingPeckled9</hoveniaRebeget>
      </beetyAlbaAlmanac>
      <utteredFinnick willer="41144" vuln="dimyary">
        <ostiumAmorphi>coccicGodsSpitals</ostiumAmorphi>
      </utteredFinnick>
      <atmosDepsid scioltoTwirled="robhahProximoAbrasax" boldingEarwig="492" gnomideTobacco="traceryAle91">
        <tailte>muserTupaiid</tailte>
      </atmosDepsid>
      <cydippeChanter suidian="clotted">
        <sewerInceptBeliers>frugalKamikDancers</sewerInceptBeliers>
      </cydippeChanter>
      <smurks parled="feuds" hunnicAssailVouster="colpBargh">
        <normals>uppushGraspedAnte</normals>
      </smurks>
      <blunge searyShaster="alinedLile" jesus="mgalZanellaUsuries">
        <shuttenMacesChordal>fustCreolin</shuttenMacesChordal>
      </blunge>
      <mawedVinoScram>
        <duantStarnel>2203942</duantStarnel>
      </mawedVinoScram>
      <tiremenDeposeSlurbs eugeny="galoreBoozer" boorish="unwagedCossetsMerges">
        <lilted>altounQuinSyruper</lilted>
      </tiremenDeposeSlurbs>
      <homeownFooted chokey="bugfish9" concedeKhalalFillet="waulsCyesisVip130" trypaBiddieUdders="bugling">
        <howff>penultBobolIndamin5703</howff>
      </homeownFooted>
      <amidoAppendOutpace>
        <candace>55037054</candace>
      </amidoAppendOutpace>
      <tinnetGowlanRubicon pharaohClockerHoudan="12" renuWidderEfforce="cleats" immov="sheens">
        <kamianKaikaraUpwall>350812</kamianKaikaraUpwall>
      </tinnetGowlanRubicon>
      <stakes canabaePhoneyHider="ternaLongee" redartHoldallSaigon="tablets" palilaWaarDrupose="mujeresManness">
        <nailer>kainCrouseGummed</nailer>
      </stakes>
      <ramjetsAti leanTelexed="daggersGibbing">
        <weriAmplyKnout>maruMiasmalDevelin83</weriAmplyKnout>
      </ramjetsAti>
    </fribble>
    <weeness>
      <koppen>symtab</koppen>
    </weeness>
    <bugeyesSpirePhossy>
      <frapHexingLouts>856144</frapHexingLouts>
    </bugeyesSpirePhossy>
    <tobineForbow kurtBethsCoronis="nuancedQuadrinStovies" soland="minimum" whipcatErugateShoyu="34525" fannonAdmires="64927">
      <plasmidRissel>surgeon</plasmidRissel>
      <dilaterSaudi trigonsDidalBorine="pedro75" mixtionCoacted="postalsSynapseNapery2" eupathyElshin="stabler">
        <aspalax>isozymeDoughtKeeker</aspalax>
      </dilaterSaudi>
      <tarocs wholely="2325372" hordeDadHogbush="decrierAmel" scribalPlus="signersRatwoodFlamer">
        <wankle>galoshHatlikeRuman</wankle>
      </tarocs>
      <synodsLou>
        <elversNodiBunkers>coynessNutrice</elversNodiBunkers>
      </synodsLou>
      <cowling hyperEmgallaFrugal="psoitisNylghau1" dopiestStimiedBaylike="elsehowPitons" misname="jostlerSpeelFalisci">
        <babylonStrichSepic>9411</babylonStrichSepic>
      </cowling>
      <hepcats fraynEmmyWranny="ackeyCycas" hadithUntucks="schemy" mynah="levantGeogony">
        <cabocle>noxaApii</cabocle>
      </hepcats>
      <hives kirmewEchards="eldestNuntiusMetro">
        <tissueyHurrock>831144</tissueyHurrock>
      </hives>
      <croupesHugger fuelledOrlop="91296092" elmiest="fetureRocherOgboni" snubber="sikhismLondonLosable">
        <leanderOusterAstream>528340790</leanderOusterAstream>
      </croupesHugger>
    </tobineForbow>
    <airwardThereSulcal>
      <midbodyPukeSmous>fabBoshes</midbodyPukeSmous>
      <piqurePeonage tenoursBesaint="retired" algeriaRoppErotema="8055" galushaBugbear="5012" sneddedSeriesNighing="ardoiseCuvage">
        <ophianLootedCanella>patcher</ophianLootedCanella>
      </piqurePeonage>
      <tirazStaring kennel="cheefulUndeify" sensory="297895" comrCaplingAucht="value">
        <stooked>52664</stooked>
      </tirazStaring>
      <actaeonComarumScrawm>
        <livishFausenAssi>filchCowboyManidae</livishFausenAssi>
      </actaeonComarumScrawm>
      <couvadeJasper idahoQuincy="cheerlyPouchesOctdra3" feloid="mal">
        <styes>stivy9</styes>
      </couvadeJasper>
      <osaminPremeds spues="unlocksWurleys" souGlyphic="cists810" develinPrudyPed="jonah" temanMadcap="43268486">
        <waitMilsie>snibbed339</waitMilsie>
      </osaminPremeds>
      <remeantTaygeta phyteusSulaib="hapaxes251" sparredLoatukoBases="siccarUnseeWagener" vacaturQuokkaResowed="89">
        <toricCoax>apiosLodens</toricCoax>
      </remeantTaygeta>
      <audiosRivalRegalty rubberYadim="pettle" needham="4013" accendBaboen="alefPurpura" katogleDonas="nunting599">
        <comedos>gaslikeCoombs</comedos>
      </audiosRivalRegalty>
      <joloanoRuler trizoicFlotsRestio="yareta" funk="antraEngleChuana11" debenBaria="doudleBurkha">
        <hynder>shakeupFatly</hynder>
      </joloanoRuler>
    </airwardThereSulcal>
    <royalSprentBeery>
      <djinns>336633</djinns>
    </royalSprentBeery>
    <pleaseAkontae>
      <mismetPyreninGory>schmoe</mismetPyreninGory>
    </pleaseAkontae>
    <aunterAeonistMacauco>
      <artal>groatsAntisun</artal>
    </aunterAeonistMacauco>
    <licour>
      <pdnUneases>aitsLoedRanked</pdnUneases>
      <titanylBailingAnethum yati="285" stemSeifNidge="sarinBummestPrivy">
        <seedlipFornixLaker>faint</seedlipFornixLaker>
      </titanylBailingAnethum>
      <fridilaVigas serialProbeerRankish="1" rebrandCognacsHeben="3579859" impingSwarmsUndowny="camps">
        <boreeGingall>halloesThoro</boreeGingall>
      </fridilaVigas>
      <befoul dunsPositifAscelli="havingStaider" scaped="barrio" tofile="oedemasLaylandBanes">
        <scatomaSpousesOctyl>smearer</scatomaSpousesOctyl>
      </befoul>
      <covado againstGereTaupou="jivingGannerVisage" auxeticFirry="algol">
        <cuyasRagwortWheeled>lambackOntarioRitter</cuyasRagwortWheeled>
      </covado>
      <malheur aweband="1972">
        <pulka>6575223</pulka>
      </malheur>
      <acidite known="30986" dogeGayly="getCarsesAmellus65">
        <stum>19703660</stum>
      </acidite>
    </licour>
    <ouphsAfaintTom shiiteAshpanJuring="divideSestiaVacated" drylot="omander" seastarFlattedRevved="harrowsEphebosOilfish44" exarchRanere="spites" lowmostOcker="waywortAnthineAndaste" nowhitBromous="hybridaUpbboreTouts" lumens="doylyBeetewk">
      <chickee>apicesMalistDryish24</chickee>
      <slowup reamersOcreateBeing="lysine" nookTestaoPluffy="manurerSpunkie" comanicHairif="shmaltz">
        <gumbosRhombic>77302332</gumbosRhombic>
      </slowup>
      <eclegmaFresno>
        <gabelle>mingler</gabelle>
      </eclegmaFresno>
      <cycloBurbleHug hounderHenbillSwinged="brothMyasesThatn" ivories="drapeBisyncMesivta2608" baratoCalibre="495264">
        <theirnByerite>godson</theirnByerite>
      </cycloBurbleHug>
      <ranularArson ballingHigraDerth="44399669" piscoGaiters="feasorVert" anadromMislaidHuggin="546">
        <stookJeffAnnicut>cytheraCrone</stookJeffAnnicut>
      </ranularArson>
    </ouphsAfaintTom>
    <delictiFobbedTracked>
      <keglerCentres>alumnaForpassBoner</keglerCentres>
      <tout foplingHeaterRhodic="hydrousBelordSatiny" oilcupsDauditPencey="postalSchlump419" semihot="secretCedilla">
        <tudelFundingJouncy>weighs55</tudelFundingJouncy>
      </tout>
      <veineryAlakiGnomist barks="soigneOcreate" fended="8512" rikariSulker="sulphinCleuch">
        <gorgiaMelaFifo>boyceUnpoled62</gorgiaMelaFifo>
      </veineryAlakiGnomist>
      <knapper>
        <teachePyloric>kismetPavisor</teachePyloric>
      </knapper>
      <leghornBeddersAirlift soaperGabbler="burel" peelerUnsooty="kamansi" bahada="grough50" depsideHippusInsoul="6434914">
        <threnePatamarSethite>valureCytons</threnePatamarSethite>
      </leghornBeddersAirlift>
      <umiriKambalAerides clutterImpages="460998523" saddled="cicalasVetoerAscaris" belamChymeOrals="5609">
        <punas>butyral</punas>
      </umiriKambalAerides>
      <pondletFlix ruche="prewrap" corucoKellickUnmired="girnedBalebosWidget1" bawlyLegatesKever="incle">
        <imaret>godship4469</imaret>
      </pondletFlix>
      <codilleMosesSendoff sabres="faitsExposalAnice">
        <deady>709</deady>
      </codilleMosesSendoff>
      <empaledPasmo firmerLucrous="upholdsLimerOgham" unhadHasselsMorgues="rowtyNary746" builtWigwam="meech" unwooedSties="wecht9">
        <glitzyMassive>bigmitt</glitzyMassive>
      </empaledPasmo>
      <cunoniaSitualFotch mutism="1303329">
        <hooey>jobberyEssenic</hooey>
      </cunoniaSitualFotch>
      <osmatic>
        <spidgerHumiria>4</spidgerHumiria>
      </osmatic>
    </delictiFobbedTracked>
    <tendido goatCraaledAzure="scalops" rachetsReq="burellyMatron" keverToo="schnookTeamed" fleckedChromes="83" civviesHavener="cuppaAbaser">
      <hauflinBunks>sula</hauflinBunks>
    </tendido>
    <milking enlacesAtourJaunts="blessesThewy" gillyWheepDas="62" dattockDilogyWanted="burgauPayongVouster" woodingZoarial="455005" azurite="lithias9" amuguisAnguisDravya="cornetDrupaTwisty">
      <henwareTovUrnae>sileFloretaJuleps</henwareTovUrnae>
      <adhortCuminTsuba bacquet="erinite" vespersVerdoyBestink="upbelchGamone" rancors="176432">
        <scudi>impv</scudi>
      </adhortCuminTsuba>
      <auris aposoro="chuffed" realgarHumorerSensory="xenopusTriunesSplines" gibletsBasoidTatian="legmenDiverse">
        <clunker>larumsTapetumMatapi</clunker>
      </auris>
      <azoles alpsPoinderQuassia="canhoopBardlet">
        <seaware>9300</seaware>
      </azoles>
      <calden marianaBrawlie="kioeaGlozingMorena" multoArbacia="samal">
        <sergDioticOlders>fourier</sergDioticOlders>
      </calden>
      <pishuWalk fortranEbonigeProgne="bugeyeFrater" fizzNeathCaraco="ratholeLarynxNaked">
        <susiAmeboid>gaultsAikidos2832</susiAmeboid>
      </pishuWalk>
      <pyre bulkerVivatAunt="finisesRennetsWawa96" chitinsPunted="lanternHaglike">
        <spruik>alidaBeslashCamball</spruik>
      </pyre>
      <lanai rennerCuveeRepayed="gundieTailles63">
        <fixeEcus>tonousBabka</fixeEcus>
      </lanai>
      <hekteusUppardOutsulk>
        <solert>amigoIsidiaGratias9</solert>
      </hekteusUppardOutsulk>
      <preduskGradins>
        <flenses>541118830</flenses>
      </preduskGradins>
      <tlrFrameaBooting aflatusMahranEnhedge="wearyDoomsBaccy" wiliestGapo="430686592">
        <quasi>trickyUnrentVeloce</quasi>
      </tlrFrameaBooting>
      <bucco prelaty="5" wardmenGefilteJasmine="recur" fending="houtHiresNeddy" feudalAsphyxy="17">
        <inthral>accollePash</inthral>
      </bucco>
      <auhuhuSorrowyPackman>
        <aerocarTextual>gawney</aerocarTextual>
      </auhuhuSorrowyPackman>
      <peguanEcdyses amoebaeHuzoorOctants="169">
        <jilted>635</jilted>
      </peguanEcdyses>
      <reawoke revisesOmphali="govChuffSamhain" frailsMisateSpitten="beagleBurlers" taivers="hewable" monHageenAcrook="regrPope">
        <uphillDecidedAlgodon>2829</uphillDecidedAlgodon>
      </reawoke>
      <popifyAchrasDraggly cabindaGooey="rumpyAlvus">
        <besideFinfoot>9</besideFinfoot>
      </popifyAchrasDraggly>
    </milking>
    <proberDiatoma>
      <divan>ingoing</divan>
      <pokedExcisor>
        <wrothyHyssopDakota>381753321</wrothyHyssopDakota>
      </pokedExcisor>
      <pikaUppowoc>
        <piseAveninCambaye>mettles5</piseAveninCambaye>
      </pikaUppowoc>
      <laboursDrillsForpet greater="innuitShibar" wisselTutelaeTubate="jeuxUnmeantPercase">
        <unflockFcharHotting>devoveScamler</unflockFcharHotting>
      </laboursDrillsForpet>
      <jophiel sangah="alixIndriSpilus5480">
        <twoesRimlandChoose>1985599</twoesRimlandChoose>
      </jophiel>
      <shinkinZaxSolent peahens="jackman" motels="pulasan">
        <cheremBirlingThuan>entradaMoityProcere</cheremBirlingThuan>
      </shinkinZaxSolent>
      <pajamasQuahogsGruppo samucuFuds="392" unavidReadsLikings="chimley" aliensElbowsCulch="monase3" gaymentBevelerBufonid="kunziteHerringGentiin">
        <tussivePoeticsSenoras>comatikCliches6</tussivePoeticsSenoras>
      </pajamasQuahogsGruppo>
      <unshent totableHeckler="heteric" deskmenHeckles="danskMedici">
        <sexpotsWoodsyPatagia>rouges8</sexpotsWoodsyPatagia>
      </unshent>
      <giggitForeverAmoks primostHieder="figgedClaques95" ibycusSunupTinhorn="fictPawpaws" tratler="sorelFerousMoodish" porkpen="evea7">
        <super>pltanoCrance</super>
      </giggitForeverAmoks>
      <bouncyCurdoo sidings="699" molted="wadmol" branchi="slipwayAmulaSmirchy4237">
        <expedeSpivvy>finewStannylSperity</expedeSpivvy>
      </bouncyCurdoo>
    </proberDiatoma>
    <threadMycoticGhi article="1595588" capsizeCandLancets="defuzesScogFagger" roctaSobbersSpaid="lanesWhelksOrthose" thuliasEndued="towerGlbAcustom" pelidesAlliceSimool="phillip" aurite="pavior" rigoleVaranusPirana="krisStardom">
      <stackupNeossin>huronAmitJaipuri4777</stackupNeossin>
      <puffinOculistGirling darvonSliestReglues="clawkPeerdom" pyrusIllicit="1078">
        <revampMts>gelatinDejeune</revampMts>
      </puffinOculistGirling>
      <beatusDalleMarengo lackerEmendedGoyish="greensModulet">
        <adytum>5688</adytum>
      </beatusDalleMarengo>
      <stericsCupseed>
        <hutchie>ambarKnorria</hutchie>
      </stericsCupseed>
      <vialTegg kiblasCaesuraBrumby="swaging69" gestion="mixite" xylidin="gaziJobbingBaobab">
        <gauge>oilcaseSubsumeArbory5</gauge>
      </vialTegg>
      <enowsAnalog latrate="5418">
        <azurine>jorums</azurine>
      </enowsAnalog>
      <octavicEfforceLuckily estatedShangyBoxwood="77316408">
        <observeLobesDryish>2</observeLobesDryish>
      </octavicEfforceLuckily>
      <spikingSemicupSabbeka>
        <nasalisRheic>jubasGarboilMismove</nasalisRheic>
      </spikingSemicupSabbeka>
      <timbalMandrin>
        <brochePolers>145</brochePolers>
      </timbalMandrin>
    </threadMycoticGhi>
    <mmfDartled>
      <fautorTreatyFogrum>imposerAurealShiva83</fautorTreatyFogrum>
    </mmfDartled>
    <izba anes="sewage" sowtKie="volutaKathaTarots" stomataBuyAlfaje="kapaiAlchimyTemacha" wimbledHinokiGirland="yds">
      <exciteFresser>moraeOutspueCrewe</exciteFresser>
    </izba>
    <scanceTocherStagese slimily="fifth" lupines="pteMatless697">
      <seriateShowmenSds>986197442</seriateShowmenSds>
      <haloingTuracoBespot serfdomGervaseLotium="28840919" spright="cremule">
        <zariba>fangerVirledUveas</zariba>
      </haloingTuracoBespot>
      <herveWallops>
        <kurungDocksLouche>115766268</kurungDocksLouche>
      </herveWallops>
      <deboutPuppingSharifs bobcatsAfflux="889187308">
        <bhpInhumerWrible>pongeesBurrelFacks</bhpInhumerWrible>
      </deboutPuppingSharifs>
      <vangloAnarchyBananas verbifyMagadhi="suitesCollops" leucinNonairExitial="unnewlyNosilyVeep4">
        <archseeGentlyGash>impastoRabannaPeafowl284</archseeGentlyGash>
      </vangloAnarchyBananas>
      <macules csc="ejusdNabbedMayhap" encasedSarif="508735" miaotseUsedReport="748066">
        <blighiaTracked>99653</blighiaTracked>
      </macules>
      <serousVomito>
        <yferreBrominsExcisor>mmmmReapingRuler4</yferreBrominsExcisor>
      </serousVomito>
      <routhsGapperi dopSubaudGrumble="layiaEcrus" ruesomeMordva="jocuma">
        <comitalRimers>cantil</comitalRimers>
      </routhsGapperi>
      <umiaksSoluteCutheal meltonsGrates="manesAnguleShnook">
        <aitsPuir>aduskHardishSlippy</aitsPuir>
      </umiaksSoluteCutheal>
      <firmersResider gabertBribeSewered="bramahOutdidHapuku">
        <berendOmikron>lurkers</berendOmikron>
      </firmersResider>
      <eurytusCoxaLucanus elemSchelm="diesesAurisVakeels58" ruffes="arils2" elflike="battle" crosneDayroom="agues">
        <bearSanetch>uitspanCoaxersFortis</bearSanetch>
      </eurytusCoxaLucanus>
      <donEdict increepBickers="mulk" zonulas="pukateaYasht">
        <stooper>slype7850</stooper>
      </donEdict>
      <sidledConsomm aorticEdenize="thudsMazurka909" newar="kneedMothers340" finnishBaramin="yabberFlowedHiation">
        <tricepsCorks>censesDrugmanBrosot681</tricepsCorks>
      </sidledConsomm>
      <winraceBurgeeDegauss naveledDouble="goan1">
        <asuddenHinoki>balunda64</asuddenHinoki>
      </winraceBurgeeDegauss>
      <nasieiBrawler doily="galeaeLicense">
        <radicalEthoxyl>gassingDogfootPleopod40</radicalEthoxyl>
      </nasieiBrawler>
      <taeniteSoojee some="45911" gasket="shishamCyanole" alane="peerlyEmerasYodle" penniesOlfacty="28852734">
        <shikars>purvoe6</shikars>
      </taeniteSoojee>
      <argyllPhasesQuaying unwall="44">
        <methoxyMartlet>gunsel6208</methoxyMartlet>
      </argyllPhasesQuaying>
      <yakmakLinon>
        <ballantBurundi>7405681</ballantBurundi>
      </yakmakLinon>
      <ubique>
        <waveson>scarp</waveson>
      </ubique>
    </scanceTocherStagese>
    <coniesHalalah acrossLamber="18" straikeSeabee="sellSmog" miek="planury528" hackieCarauna="azanApodous" intimal="fidibus" upblowNeedful="duplaCricoid" kasKilom="turakooBummilTrogue">
      <respotSchorls>rekiTarosWicked108</respotSchorls>
    </coniesHalalah>
    <untiledPastel bowgeUndone="funginNiftiesSoaken" suralSerinDuftry="cows" fundsDeterma="pooaUzanReset">
      <sandyPinchCecil>sdeignEtoffeReface</sandyPinchCecil>
      <misses milpasSwilledManuals="gowanedVialfulTock" jelling="moversMilcher">
        <upwell>lashornBeyonds</upwell>
      </misses>
      <allodgeRoused gazella="6909414" autocarCetinSpogel="plaque" spinor="ajeeAltaic">
        <uncram>8</uncram>
      </allodgeRoused>
      <sunwardJoola cardiacOuten="muricesUnstripOnychin" relaxerCosmineTingler="busby">
        <clausal>hollock</clausal>
      </sunwardJoola>
      <noisierYahvehZmudz>
        <bargirGalabiaPuparia>4018</bargirGalabiaPuparia>
      </noisierYahvehZmudz>
      <longeveReeGraping culmySoutherPlewch="grivoisSogged" elia="roadersDungy" comdPlumNepa="beaumeMysianArctiid">
        <mucunaBottleHarmin>linnStaceyAirward</mucunaBottleHarmin>
      </longeveReeGraping>
      <heptine tekkeEssede="lureAnniteIncuses">
        <elute>bawledOrthronSituses</elute>
      </heptine>
      <hayedHoglingThalian>
        <jivatmaFossaneDylan>copepodTnt</jivatmaFossaneDylan>
      </hayedHoglingThalian>
      <laddieMawaliSkeppe scfHalvans="bashingGenual" fadgeLookeeOleary="sloosh" uralicOdelFittage="feintedReallotPoorest" hazelQuietedFives="cockierBothros4132">
        <heroesSuchDreamer>boluses5049</heroesSuchDreamer>
      </laddieMawaliSkeppe>
    </untiledPastel>
  </spelunk>
  <endrins reemits="aloft" leukBordureAlif="veliger" birdingPolacreGippo="measure">
    <morsalRodent>
      <jalkar>augural</jalkar>
    </morsalRodent>
  </endrins>
  <sudsersLapperFlary rebosoThatnSoud="flail" cachexy="unwarmDodunk8844" />
  <pteronCyathiaAlipin relaysMing="121288232" kilohmEtui="ariososYawlingCadweed" coniteErmaniArber="whomped">
    <azuredGhegish docent="gymsOrpheumUru" brieveOwsen="blirtToplineCloths">
      <naaman>65159809</naaman>
    </azuredGhegish>
    <tagusArgolsBawdier secludeTrotsCulvert="cephalaHomelyn" large="umbre" encoach="draymanSiouan" sprettyAtrophyErgal="718">
      <riskingGablet>flneurAdiosIberi</riskingGablet>
    </tagusArgolsBawdier>
    <corners cholam="aldim" pekingPleura="uveaRachet" cantors="blindly" uniceAstone="arabAscitesWindock">
      <shambuMiaoued>900018</shambuMiaoued>
    </corners>
    <hoeshinStogiesErns>
      <outwaleEarnful>adroit15</outwaleEarnful>
    </hoeshinStogiesErns>
    <sakeen tivyUratoma="porkiesFareMalaga5551">
      <himp>dubbers</himp>
      <fadoArcanum tiwazAnubis="grammaKephirNonzero" pompoon="4" lallsLeonistPlisky="7279292">
        <virgasTamarau>mesostGalopedEntelam</virgasTamarau>
      </fadoArcanum>
      <pothuntPoffle pasulSpiders="8388" unshop="douaneAeropeNocket" bravadoOsmanieGuess="7479" epurateBunionApproof="adibChoky">
        <reicedHearth>langued</reicedHearth>
      </pothuntPoffle>
      <smellyFlayedNavajos>
        <ayllu>loginStrewedExpired</ayllu>
      </smellyFlayedNavajos>
      <ossea manage="colours39" nasua="referdaDichtHotline">
        <longbowHerried>thermsPerBouchee</longbowHerried>
      </ossea>
      <bejeled curupey="volarMakara" jules="fldxtJorden650" weftyGrinny="21">
        <outrede>linnetLidlessDisband</outrede>
      </bejeled>
      <cremoneBrazerSecre unjoin="becuibaDentistVitric" impostIma="splenicHarmoot" yardmanDhavaWarless="317476441" tarr="1114">
        <temblorCapito>fotchButting</temblorCapito>
      </cremoneBrazerSecre>
      <cancelCoenuri assyriaEmitted="912122">
        <wobble>decorWetaWeirdy</wobble>
      </cancelCoenuri>
      <crawsPrevost quoitsSuppCufic="48215" acoupBoldinLlano="snowdon" viandryCorvoidDryest="1794">
        <betossKyu>sudesAnklesPavanne</betossKyu>
      </crawsPrevost>
      <inustEmbosks libridSawtSpheges="luck" jovian="caveatVibrate" cyrilla="bizelLinnet" gawsieTrypetaBatonne="61967">
        <gruffyMachair>primosKukupaImpis</gruffyMachair>
      </inustEmbosks>
    </sakeen>
    <exedral>
      <pachasJoggled>sundraCanticoGlair</pachasJoggled>
      <yummierDoupTub yawney="gunongRebeginWince" foetors="operandOutwickParao" delticAgelessApiaca="goujayTakelmaCollude" outechoGlave="65071139">
        <pottoPurauYeather>axseedRepulseHame</pottoPurauYeather>
      </yummierDoupTub>
    </exedral>
    <mowland>
      <shogglyCodeinSpader>810</shogglyCodeinSpader>
    </mowland>
    <asepticDaftlyKecks>
      <eyeholeBongingKaliums>pultost</eyeholeBongingKaliums>
    </asepticDaftlyKecks>
    <slicing>
      <vadose>leech2033</vadose>
    </slicing>
    <ima>
      <ashakeNemesia>stunExasperCephen2354</ashakeNemesia>
    </ima>
    <urbifyWhisp vendsSnootedAgates="erthenQuillonEnsate3721" limoidSumoist="190" tanneryUraeus="taulchTweaksEttled" vauxiteSteanPinbone="foxer527">
      <bumareeFurs>671</bumareeFurs>
      <melica tallest="slateUnflakyDecares" amorphiIdolous="munandiTic8" shacks="budges">
        <empory>diddledDirhams</empory>
      </melica>
      <dikeDowry organyBentletLimps="remBirt" backenPailNanking="99115846" gladiteGadbushPhotog="absMirGuise">
        <striolaApayConjon>86952556</striolaApayConjon>
      </dikeDowry>
      <unscentHaterAlabama>
        <oleaGuabaCuarta>wordishMalm</oleaGuabaCuarta>
      </unscentHaterAlabama>
      <lookFervorsWoodeny togate="trainSecreIdolous" floranSambhar="repayalSulfito" tarafScarpeCroomia="ratchesNotekin" pike="tackledAntiwitCradge57">
        <uxorialKimonosEntrez>astridCoverup</uxorialKimonosEntrez>
      </lookFervorsWoodeny>
      <keelBurbles>
        <jestfulTympana>lazarJuxta</jestfulTympana>
      </keelBurbles>
      <corbedJunket tentorUpperSoldo="curdleAlphorn6132" blain="pragueJackboyMutisms1178" encist="thyroidMurut">
        <rodsmenBromosPalgat>teazlesTilaks</rodsmenBromosPalgat>
      </corbedJunket>
      <locknut toftsSamhita="luminaDisroof" man="uptable" koelsHushes="9584335">
        <brawledPuntal>flensedDentesAtte</brawledPuntal>
      </locknut>
      <carmele>
        <cathineWiring>prevetoMawsie</cathineWiring>
      </carmele>
      <hushoSanerLodeman>
        <thraveSesaminSawyers>vildlySobbyOaric</thraveSesaminSawyers>
      </hushoSanerLodeman>
      <galleyRipaAwheft nights="asteepWaveyHobbet">
        <unlaceTeukCessio>3</unlaceTeukCessio>
      </galleyRipaAwheft>
      <capitol uzara="chrome" dyeable="unnetheDoppioTutress4" ningpo="boutade">
        <records>harts</records>
      </capitol>
      <kagosAlfakis shaArarao="sousLure" nutpickRengaYarest="spyerTicklerSubbing" tartenBendellCuracy="tumularRelates">
        <pulseAmpleKaphs>79</pulseAmpleKaphs>
      </kagosAlfakis>
      <grapingRowings stroyDodgier="794853120" stibineChristyMisedit="whitierBottier">
        <resina>realiseChamper84</resina>
      </grapingRowings>
      <hoblike wigsCuprein="proavisPory" rawnessBlazerTeinds="bemourn" purflesMabiDrengh="refixed" hethKollastCurtein="slouchy800">
        <massifs>ulsterDemotePrut</massifs>
      </hoblike>
      <craichyTabulaeCalyx bactAlibiMedleys="toccataObstant" gurshSulcate="cretismRetrace">
        <orsedueBibcock>polynia</orsedueBibcock>
      </craichyTabulaeCalyx>
      <oinkedIncaicCark odacoidDonnockArguers="70">
        <eperua>tigrisTis556</eperua>
      </oinkedIncaicCark>
      <kimuraDextran climbsDauntonMunity="tathata">
        <sacrySerraeFudge>172171</sacrySerraeFudge>
      </kimuraDextran>
    </urbifyWhisp>
    <prickleGagmen>
      <alin>313419</alin>
      <embacle>
        <moit>fashesHuggerHaggeis</moit>
      </embacle>
      <reedify cudsBuzane="tups" xipeAob="dozersAbridge" aussiesKestrel="luffQuittal">
        <noded>73</noded>
      </reedify>
      <yirrs>
        <pocosinDotiest>73582</pocosinDotiest>
      </yirrs>
    </prickleGagmen>
    <etacistRaymondGolfed>
      <formerOrgal>roar8892</formerOrgal>
    </etacistRaymondGolfed>
    <alterneCanela njaveReaveSpotted="6604" overlipTuskersElegise="963974" caribouMenat="3">
      <tuskingUnfineMauled>docible3</tuskingUnfineMauled>
    </alterneCanela>
  </pteronCyathiaAlipin>
</likersTronage>