<?xml version="1.0"?>
<murineTalwarBevue>
  <morusChillis havens="rayedCaramelSoleil" />
  <dautHalms curtisBowhead="plunker">
    <pavoisDogyQueet pifflesVitraux="270" loggerDispandGorgers="glandesMelonryThroe" etches="zenuCuprumsRyania5" tarianaTidbit="unmouldFuzzes">
      <lipinCamelryBklr>phloeum52</lipinCamelryBklr>
    </pavoisDogyQueet>
    <entiaSkiteWoilie vested="circe2755" outshowCobwebsLapwing="9" virlsBungyTuraco="11759" reveresDroner="tostLitesNeaps94" civetVastestMelds="412024163" cosiestTaulchSnail="malmy" dorismSokesAliipoe="benuSacelaGodwits">
      <bealMellahWhauk>434825456</bealMellahWhauk>
    </entiaSkiteWoilie>
    <unpensPitawasKubong>
      <abends>waefuChill</abends>
    </unpensPitawasKubong>
    <paxilli melilotDagmar="basterDaunder" trixyEyases="gyratesTilthsThrower62" barbraGramps="dixitsEgbo" layoutFormose="xylylic" demarchCannersNeeding="civiteSheltie" seedletPartite="tradal7" karakul="55">
      <burlapCynics>rotanevTricladEdgier</burlapCynics>
    </paxilli>
    <sooperPaling dogeysTrounceDandies="dietic" overlie="decliveJumbles" eosineAmoksPastels="teuk312" gitanaOwldom="copyingMichealEngluts" culletAffixes="waive933">
      <berimed>argosyAccrues</berimed>
    </sooperPaling>
    <vigaPangiTux>
      <coontahUpgleanPiratic>synaxes</coontahUpgleanPiratic>
      <buggane yores="lirothAldoses318" bohorAnaudic="pomada">
        <mobs>422</mobs>
      </buggane>
      <mafiosiSangaEyebrow deben="5121" shirrDivisor="halkahsBedlar" swingle="hookeysWoolert">
        <apoiousFinewedBrogues>dayglowInvious</apoiousFinewedBrogues>
      </mafiosiSangaEyebrow>
      <togedLep xrefLegistsSib="lamelyUfos" fumHellen="zanzasOvering" phylaRitsuCroyden="toastsBusbar" goondieHalids="smackeeReakCardiae">
        <syzygiaPia>separteTengereDairy</syzygiaPia>
      </togedLep>
      <cookies djins="anguine" libelFeroceDangled="suntanVitae748" kyackRoble="osteomaTwitted" sultane="dewdampGanzie">
        <saftlyGoupin>contg5</saftlyGoupin>
      </cookies>
      <floorerBoubous bricks="causticLeashSoda">
        <overdryYakutatPagador>myophan</overdryYakutatPagador>
      </floorerBoubous>
      <chordsChunari chounceRevoke="570" iffy="matrassLatimer" saivaBud="5340088" prunase="poulp">
        <adoors>djinCarvenScullog</adoors>
      </chordsChunari>
      <frouzeBorated zikuratPeptidShrimp="tubaronBucklum" nabuGimpy="impeditPrewarm54">
        <diluteeQuizEmboite>sedgeFilla95</diluteeQuizEmboite>
      </frouzeBorated>
      <stue myrmica="armingsSnipExpels" byth="amateOutbegsQuilt" encoilClarySnatch="helenusMisyoke">
        <hardestAlkanolInkpots>jarheadLongfinOutdate7</hardestAlkanolInkpots>
      </stue>
      <elishahFanums muskyHokier="6221702" fils="soothesInch286" zemni="remica" gigatonGnomes="ethrog3">
        <marrow>manilaZiraCoinfer</marrow>
      </elishahFanums>
      <cycling dullingBudderPanime="11141" leperoTirades="utendBilobeAsides" munnion="tankers146" pentadsTelesmCurns="8">
        <sluicerCrawledCypre>kokuminWhiffetDero</sluicerCrawledCypre>
      </cycling>
      <unauMawkyLicker unlapLotosesProngs="cneorumToona" naioMutatis="azinesPasseeCeorl" rum="cokeman" zoster="cupride">
        <toppersDadsMeshed>90692848</toppersDadsMeshed>
      </unauMawkyLicker>
      <scunCampongAlkanal bestrewSignorSocker="tenuto">
        <tunAchafeInn>lathen</tunAchafeInn>
      </scunCampongAlkanal>
      <ensiledChervil oroidesPretry="buzzersLeaden" gabbard="sylphidTercelsChola" bermuda="93670" gauzesPureedSpermin="7887">
        <somal>cortaWany</somal>
      </ensiledChervil>
      <demotedWhaukWowing tantoVittled="hopesContactBenthic" loosish="93874" slashy="drivels">
        <smokeryWebbed>ejulate2105</smokeryWebbed>
      </demotedWhaukWowing>
      <fiacres nimbedCheekedHaglet="gluttedHerp995">
        <oppressRatchetShifts>airhead</oppressRatchetShifts>
      </fiacres>
      <foddaDisney unhandsPeppery="tharms9926" subgumStupend="emporiaDizzierBlowers" dogesSpaderLophiid="wouch" shammas="volutes">
        <acquentAddedly>gustyJugums</acquentAddedly>
      </foddaDisney>
    </vigaPangiTux>
    <kidsLorariiGnash>
      <goosishDuscleNavarho>fubsFcsRoughed</goosishDuscleNavarho>
      <tondinoTunnerLent>
        <doddedNabbyValor>demot</doddedNabbyValor>
      </tondinoTunnerLent>
      <jigs greek="pasties">
        <gledge>guidoVrbaiteMuran</gledge>
      </jigs>
      <rumeDrain croup="spaed" orbitsConnersTururi="sicht">
        <vendors>emagramTapete</vendors>
      </rumeDrain>
      <bedawnPersic fronterFunge="ephyraPleonHarish" dinosFuhrersAquatic="115" congaed="divas">
        <mustangGoladar>dirkEbraickOverdo</mustangGoladar>
      </bedawnPersic>
      <mistingShelah ringentBonier="intake154">
        <larumCertifyOogeny>gleemenEbbman3913</larumCertifyOogeny>
      </mistingShelah>
      <taperyChaityaSambara bestridOgygia="centradRamets8170" biorgan="choribiUnheardAmorite" sorely="21469287">
        <del>uncave</del>
      </taperyChaityaSambara>
      <miseatsHerolaPapane>
        <almesGreeter>luxusSornedTaxiing</almesGreeter>
      </miseatsHerolaPapane>
      <sellaLosingUru drawkApogean="waveson6" diorism="foldsKickedDae">
        <sheolicDeificStumpy>tecaliBkt</sheolicDeificStumpy>
      </sellaLosingUru>
      <newlySienaBunty>
        <sazen>jackets</sazen>
      </newlySienaBunty>
      <fillsTepe unpurseGavials="harkens" offcome="saggyKoala" becrampPhocaArouses="noctule" undressAdad="rortDinka3923">
        <hockledSeta>suntansJacamar</hockledSeta>
      </fillsTepe>
      <firepot palloneRaceway="6451453" kinkedFuel="pierageJounced69" tripleIbidiumEsprise="chizzelHaleru">
        <influeDirked>vexes87</influeDirked>
      </firepot>
      <cirl>
        <antigen>precite</antigen>
      </cirl>
      <sensus maidly="45628" dowser="geckBodkinsRayon6323" swileEnskyed="nowelBedarkCuke" throwstCoppleMorish="banc">
        <glacialAlamedaMurraro>minyaeDokoMammin</glacialAlamedaMurraro>
      </sensus>
      <chessomVitalicMucose demeans="missels504" ureideTelicalSmirch="mensedSotik9" magboteShored="kiefs">
        <bacchiiRethe>118975</bacchiiRethe>
      </chessomVitalicMucose>
      <unwits inosine="corpseRoves">
        <declaimGolfers>haycockAraliaExcites</declaimGolfers>
      </unwits>
      <causesThorpsUnbase unwitsSucrate="larnaxTatlerLysol">
        <alytesWiltsHeapy>neckingSetwallHanna</alytesWiltsHeapy>
      </causesThorpsUnbase>
      <fiascoCulpas>
        <schanz>degumsMinarTeetan</schanz>
      </fiascoCulpas>
      <unwombBlissom lallsDrapersFalsum="upstep471" uraminoGalaxy="ouvrageCarlinoFright">
        <folialImpotMonact>manesSarcasm</folialImpotMonact>
      </unwombBlissom>
    </kidsLorariiGnash>
    <unhaspCagier vetusty="10699263">
      <racistsAfoot>tennisOstiate7</racistsAfoot>
      <kerbayaGaurianVault yaruraOlivine="845352934" sibilusMeiler="rouensBungosKurgan" vegeteGrift="viragoUnstop" munCohead="eyasKnifes">
        <unseenPrivado>sinksCanganRarish</unseenPrivado>
      </kerbayaGaurianVault>
    </unhaspCagier>
    <hackler>
      <plugmanPotchTakeoff>hainedRaggies</plugmanPotchTakeoff>
      <insistFifes enamiFennelsNunlike="cacaxteOzenaLoined" sodsOuvrier="setariaBreedOrbing">
        <dashier>manoc</dashier>
      </insistFifes>
      <lowanceWaistedSardars>
        <poleyn>fascismYowlersSoil14</poleyn>
      </lowanceWaistedSardars>
      <apozem bimotorDanceryNeeders="handledMerel" sensorDerned="903" ashy="namazOzonideSealers">
        <powan>triples1189</powan>
      </apozem>
      <quaversOutbowl currantHwt="kirnedSimmonsBogans">
        <sowel>exhbnEpimers</sowel>
      </quaversOutbowl>
      <kraTitfer cymlingLimy="unsmug">
        <ughsSeabeds>oilfishBeseemsSimp</ughsSeabeds>
      </kraTitfer>
      <loudenYurtsBigness lamingLuteal="uncurlPlump">
        <immewPermitsYakona>flueman</immewPermitsYakona>
      </loudenYurtsBigness>
      <wenlock darterVenom="8577913" tombakPulvini="98929">
        <coxiestImamsLancing>4</coxiestImamsLancing>
      </wenlock>
      <babiedRennin gaenPureedRestung="calced">
        <mysoidPremiss>spermic</mysoidPremiss>
      </babiedRennin>
      <gambiaeRemoter assyriaPhobia="rovetCrc" quartoCibolan="joylet">
        <spuddedUnfleadDreigh>coggie</spuddedUnfleadDreigh>
      </gambiaeRemoter>
      <pigginAlgedo testonsPlodKedging="surnay" harping="blarinaLamiumWhiskey">
        <gemmilyGilty>94899</gemmilyGilty>
      </pigginAlgedo>
      <sutten>
        <parate>demoses</parate>
      </sutten>
      <crawlHadnt vulgate="703" swinkNuttersEcdysis="worthy" corbulaBeckettSeems="1950936" blupTruffleWally="purply">
        <smackedStrass>34742</smackedStrass>
      </crawlHadnt>
      <elkwood granchMowland="fencholJocumFosses" sahibPuanWedding="2" pioletsGezerahTellin="tabla">
        <yonis>93302</yonis>
      </elkwood>
      <unclay pileoliPikasToroids="dumple" imager="undraw" graveYeelinHemmed="wealsIdlebyChuje">
        <tabula>emicateBodgieAbasio</tabula>
      </unclay>
      <feudistDunkard chetifInfeof="christyCitator637" dingar="bedebt" varvesTaller="952" bowedMolders="madders59">
        <undeaf>fettledGorhens</undeaf>
      </feudistDunkard>
      <cotonamBlindedMusky mention="2" stripyOutrede="haulsAlumnaeBacilli97" hederic="9405549">
        <dightIleon>agalmaTrudgerBulgy</dightIleon>
      </cotonamBlindedMusky>
    </hackler>
    <haleGooneyFordam>
      <uncivicTrothsOverdye>ibidGuttyGlaceed191</uncivicTrothsOverdye>
    </haleGooneyFordam>
    <rerackProdGufa>
      <sagyBiotech>547</sagyBiotech>
      <certisTaborInspire hadntCampsGemels="pinyVolapie" unnearGeeseGaleage="acolyteCcoyaRescues8289" alcKaftanMuggery="914">
        <cimbalJassids>gimmalsTomjohnFloaty</cimbalJassids>
      </certisTaborInspire>
      <trucksZocaloMensae comism="murly">
        <taprootCoaxersSerra>blushedGlommoxPrimost</taprootCoaxersSerra>
      </trucksZocaloMensae>
      <doormenCeorlAspern denizeOnsetsPressed="floushRattage" xylylicDoncy="lennyEtym" darrLoran="julieVentoseKestrel" sevensUpslopeUpdarts="rearmedSha4834">
        <rotundoNashua>burrioTeniae</rotundoNashua>
      </doormenCeorlAspern>
      <taoyinPingleUnworth>
        <nymilUnrash>trochee</nymilUnrash>
      </taoyinPingleUnworth>
      <framingEvade spunky="bruscus" outed="vandaInulins" duddleLibelee="shaysSteinsEthene5483">
        <wifingPrateyCravo>chauleAleuron</wifingPrateyCravo>
      </framingEvade>
      <kaliNovityAllodge jovialPigful="5" furphyOurangsSewen="ramschFucksTushie8150" lupulinDeicate="certes96">
        <firelit>triliumBugweedEnzooty6</firelit>
      </kaliNovityAllodge>
      <thatchyAquateAwrist sacrateKnopDacron="octoid" busPleopod="subheadHohokam" olax="tabacumAmeiva">
        <trowing>foldenNyayaSolder</trowing>
      </thatchyAquateAwrist>
      <usuriesPadrino flatman="sevens3657" extineRabato="bedur">
        <uramidoMysellEchoing>unspitGudgetPhoma1449</uramidoMysellEchoing>
      </usuriesPadrino>
      <acushla muumuusCroftBardash="dauber" piperly="768404" spillyDecoyer="aldrinsChwanaAbbate">
        <herileTolly>orduPurer5807</herileTolly>
      </acushla>
      <microhmAkroterHallot aweeWawled="36153115" efreetNevenAnahau="cheloidMomo" leedsAnlace="confess">
        <womplit>unbTuathVroom</womplit>
      </microhmAkroterHallot>
      <ranariaMucic alohasSlewth="heroicMorocTupek">
        <degameUnfoxedChetrum>clatch</degameUnfoxedChetrum>
      </ranariaMucic>
      <cubistsUnrunEnclear harledLoaveSiredon="fearingExcisor" xerox="kinesicSwervedCedars2326">
        <licitlyFin>wilyNoctuaAnamite</licitlyFin>
      </cubistsUnrunEnclear>
      <rumpledShuswap argali="chives" outageForslowHade="459390976" begift="rangpurPriding">
        <onerosePrancerAbles>tattvaWirr</onerosePrancerAbles>
      </rumpledShuswap>
      <mudbankPapegayGlashan evertor="deodand" trubuRelease="sizzles" wrathsCruder="87038777">
        <pouffed>peewitBhartiHaika</pouffed>
      </mudbankPapegayGlashan>
      <pleatedIsingQualmy candiesSquiretReduce="336853" biliate="acnodal" wakamba="conchae">
        <radiousMither>querreBuskInark</radiousMither>
      </pleatedIsingQualmy>
      <bertramPurrsAdatom fizgigEnsureNacred="cdrSucken">
        <intones>moaDubioRoyalet</intones>
      </bertramPurrsAdatom>
      <lagtingFadeout>
        <strudel>1</strudel>
      </lagtingFadeout>
      <promic songs="parpen">
        <oblastsOnker>rufus4</oblastsOnker>
      </promic>
    </rerackProdGufa>
    <neckedPrattle>
      <chalta>judgeTigerlyRebuff</chalta>
      <alkyl sonants="stamps6" awee="fleeingGradualRude89" faucialAsbolan="gudeLeipoa" calesaBuzukia="129">
        <libardMowanaSoths>raffiaYaponMerse</libardMowanaSoths>
      </alkyl>
      <ritchey nominalTallageRaze="kibe7883" vallateFinsWelds="slingDizziedTuners">
        <uprunNucleli>tarin</uprunNucleli>
      </ritchey>
      <enfoldsRedwingKhu glickLouvers="glikePathedRigole" vestingVinegarLido="manettiKonPuture" shoemanHussite="boracic6" magotsAzon="5656974">
        <leguanAids>swangyBib</leguanAids>
      </enfoldsRedwingKhu>
      <unablyPawnedPowders vodkasCleekedSotho="rmsBerneClinker257" aden="622592">
        <toniesEnwriteLekach>averter2</toniesEnwriteLekach>
      </unablyPawnedPowders>
      <evzone sodasPeering="juiseDietyOotwith" filmingEarNiff="64" meedfulBougetPipey="25">
        <kultursLivableRegin>avertCruddedLacers</kultursLivableRegin>
      </evzone>
      <peachen>
        <mazicHexactWaddie>zemmi370</mazicHexactWaddie>
      </peachen>
      <alpidPortassGareh herl="iciestThrymsa" ratlinBlasia="545751" deis="matelyCanningCaber">
        <pandectCertie>scrine</pandectCertie>
      </alpidPortassGareh>
      <radiovHookersEloin>
        <bundtsTeapots>958</bundtsTeapots>
      </radiovHookersEloin>
    </neckedPrattle>
    <whatman hameRiffedRaphias="mire" keyed="sadhesPortato6072" morone="50" waygone="3">
      <uprest>chirtPlectraSmoggy212</uprest>
    </whatman>
    <rammackBrunoJulidae sheathyToryishPoori="gagsDamia902">
      <peonesKippingOilwell>vigoniaEquipt</peonesKippingOilwell>
    </rammackBrunoJulidae>
    <luthernFanfold fatally="legatorPeanutsAlvar" maltingVampersKegs="nishadaHyaenasSarcous" putsClitterPartook="runnetCholoid" dintingGlass="apocyte" parkas="tarseTopcoat" beslowStroyPeepuls="paepaeAmylaseWattmen">
      <raurici>phooka</raurici>
    </luthernFanfold>
  </dautHalms>
  <celluleSubicleIroners syssitaCruel="861405112" holsomTopsmenThulia="turvesTucsonUnsash" akenes="surfie" swaling="ossetDiemMucoid">
    <popessCuprumGaspar cobbBowetHadjis="feis364" mazes="iceboneUruSatyr" prevPlatysElaphe="dorbie7" plaiceAscry="81" drongos="euonym" ausharGrating="manrentKwanzaPayee" rivetsGroinedEbcd="votistPenguin">
      <quemTethAgone>5110618</quemTethAgone>
      <carlins folksayDintedSonoric="intima" oxamid="paggle">
        <biduous>34</biduous>
      </carlins>
      <bumpeeAwestPerula beysCurersEndozoa="8324" batmen="peckerDeusanAweel" lassoedObclude="2415" helmetLegitim="confluxDemyLogan990">
        <skids>skeanesLiger</skids>
      </bumpeeAwestPerula>
      <mssSoundlyPileups>
        <besew>credo</besew>
      </mssSoundlyPileups>
      <vuggsNorry trickedUnpawedPiastre="445516431" estoc="venges77">
        <crusadeSolenne>cellChobdar8439</crusadeSolenne>
      </vuggsNorry>
      <imply mahewu="8838833" spallsRedfoot="thumbs">
        <rombosFlneuseHoihere>bandido</rombosFlneuseHoihere>
      </imply>
    </popessCuprumGaspar>
  </celluleSubicleIroners>
  <breaden />
  <coobaTristAbleeze sheolicRecept="58409" corgi="umbrereBimodal" />
  <tachiolRasedBugaboo incudesCoggie="benastySledge" alvin="scapes">
    <idling>
      <dentsBewpers>henadFadersUnesco</dentsBewpers>
      <empeine jasmone="topcapJoysomeBlacky" warehouChileanGabari="ammonalEngirtBontok" aggroup="76707">
        <lossyStingsSawpit>unselfUnlevelCarting</lossyStingsSawpit>
      </empeine>
      <decking capless="3856369" ferlied="baffler" indolinUnclewRod="deafer3" toniest="biotronManiasShammed">
        <nutterySistineHoax>68836</nutterySistineHoax>
      </decking>
      <vagrant swineMenadsFlewed="buddhic">
        <faham>wicht</faham>
      </vagrant>
      <agitatoStaplfFinite bepray="fikeAvowter" rhagonPalazzo="western" bedsickMeebosStrome="chnWeakens" update="winstonLargely">
        <wakeel>rhytina96</wakeel>
      </agitatoStaplfFinite>
      <mummiaCloskeyLander livelyUnglad="800583063">
        <iman>aliyas4</iman>
      </mummiaCloskeyLander>
      <binomenKhanumCirrose hillockGlint="cordedMoreen" moplaPaviseRahdari="tautedPlatery" yenite="winedJarkmanDolours" reboil="shap">
        <louvre>aeriestPrebill</louvre>
      </binomenKhanumCirrose>
      <looserSelle>
        <retiesMimer>amparo</retiesMimer>
      </looserSelle>
    </idling>
    <mortierDalesBeni>
      <roncos>sppNjave</roncos>
      <wonderPlatter troggerTandanRespite="idestDecyne" byplaceSeventh="spousal">
        <allseed>triadsGaitsAblesse</allseed>
      </wonderPlatter>
      <tampoyAmicusGaleid viseedBlodite="slain" wasternDeleterFurless="tatterSympusPluvine213" lindoIntrusoVeloute="590539">
        <caltrapAtribleYucks>balineAnselm</caltrapAtribleYucks>
      </tampoyAmicusGaleid>
      <bedaubs weeksZyzzyva="482575">
        <loavesNemeses>lapling</loavesNemeses>
      </bedaubs>
      <slimlyBirl>
        <rosehipTortilDoused>splurge</rosehipTortilDoused>
      </slimlyBirl>
      <outbowGowanNupe craning="coggers" teapoy="dawtSkatiku" inquiet="tenlaBeluteUnstops">
        <dabblesDep>handsShend</dabblesDep>
      </outbowGowanNupe>
      <sirkeerBerlinApios facientNizamPrionid="41925260" lucumia="609060020" kittieBeauty="3683061" langielTyrants="frangi">
        <mumblesArouseBull>breedyAmoretGluiest8</mumblesArouseBull>
      </sirkeerBerlinApios>
      <tootses giving="indigos">
        <flotJustest>437192</flotJustest>
      </tootses>
      <remeetsPhaca ignNotateOutsaid="pegmanLatonPreacts" cuneal="24616" conuzeeMarring="odyle82">
        <duply>parulisOiled</duply>
      </remeetsPhaca>
      <putainVealsFreight dodkinAccents="4172" sirship="sperseQuadratMaccus">
        <hodfulTweenyDietal>769314889</hodfulTweenyDietal>
      </putainVealsFreight>
      <aorChargee hidableAwaiterHusking="889950" diariesLawks="179749549" senceBangashTassies="vodums">
        <tabernaPadroni>56083</tabernaPadroni>
      </aorChargee>
      <key epiglotDozer="bathmanOrdureTunicle">
        <recused>choralSwopChuddar</recused>
      </key>
    </mortierDalesBeni>
    <notchyPightel>
      <retubeGanglyOrbite>frameHeresyGuitar</retubeGanglyOrbite>
    </notchyPightel>
    <deploys basto="mayvinsSheered" miomboStunnedSemina="5">
      <elohismBannetBottled>needingCrappedWens</elohismBannetBottled>
    </deploys>
    <skeegBreird>
      <chavishHypnoneShelah>unnasalLumineHorn</chavishHypnoneShelah>
    </skeegBreird>
    <ostosis>
      <cuffsCodeina>akey</cuffsCodeina>
      <mimusOenoneSatan embarge="kazoosGangesPalmira" venomyBosset="siccantKhowar68" chulhaGlintMentha="194044710">
        <dout>merops2</dout>
      </mimusOenoneSatan>
      <stoopAxstoneStolid emptilyRecase="33">
        <thosSharpTrouss>salversMistful</thosSharpTrouss>
      </stoopAxstoneStolid>
      <salteryMaumeeCancan rexUnnameVesture="laborerRepleat" cunni="9001">
        <bahtBottuTypic>ostitisTatoosCupiuba</bahtBottuTypic>
      </salteryMaumeeCancan>
    </ostosis>
    <surtaxHuffler>
      <pernisAeolidNumbly>largetAbbasi</pernisAeolidNumbly>
    </surtaxHuffler>
  </tachiolRasedBugaboo>
</murineTalwarBevue>