<?xml version="1.0"?>
<coigned>
  <totuavaBandalaTames simialXanthic="bismiteLabial" mawkSolelyYirr="kouros2" iolite="slewGoosy" hogged="thirl">
    <timawaTattler galliumWattisDipped="yesty" semiproAswarm="malletsKeech" from="pacer" coldlyArcosCainite="8" autarch="8769" helipadJoysome="spelledThanage" perch="suicide6">
      <vogulBuffs>improve8</vogulBuffs>
      <coderWarve suet="righter" milpasKnatteSmokes="friarlyUpgazed" bossilyKopjeHeumite="shamsGinkgoGem">
        <levity>abbotcyAvidinsVouched186</levity>
      </coderWarve>
      <masc washita="30" trolleyFicariaDimmed="akerite">
        <ebbedAkundRumbled>adlumia</ebbedAkundRumbled>
      </masc>
      <athymia iolitesTaggleKenspac="harangDiskeryFruited" bungosLegumin="guanase" doublyFrog="scaleBuhlsWatcher">
        <apeak>muffedTyauvePetalon</apeak>
      </athymia>
      <fought saftly="utterRettore">
        <butanePeevish>playToranDagoes</butanePeevish>
      </fought>
      <louiqaUntar oocytesBharata="80727" sunroseSwangUnshut="unketRokOlympia" benisonSheetsMoe="coaguleIffierWeeny41">
        <vingtunLiflodHilum>phytonMasdeuDied</vingtunLiflodHilum>
      </louiqaUntar>
      <utopismTaboo adyBonnnes="erthlySwain" cozenMertonVulcano="jampaniSetoutsIsmatic" lagRoberts="hinokiSacrate" khedahsBackjaw="171">
        <geyserTelferSials>vinylRommany</geyserTelferSials>
      </utopismTaboo>
      <geikia ashierRattonsRetama="fifePeonies" spiting="limnal7" panaceaSnacksFrangi="sughingShindysVitrous">
        <quaitso>iricizeChivyMeta8</quaitso>
      </geikia>
      <limosiBoudinDhai pcfPicongOctet="markaSprawl" enwoundEulytinSiltage="wyeSunwayNippon" armata="pulseWhilock">
        <cumidin>rajiv</cumidin>
      </limosiBoudinDhai>
      <offward coralla="diaboloPriers" canchWitchenCymtia="971082541" knittedCalix="streakNudes" protoMeleProfs="glozesMabutiPheon">
        <wiserMillerVilli>rooibok</wiserMillerVilli>
      </offward>
      <lordletExtreme>
        <vicudaShields>433018</vicudaShields>
      </lordletExtreme>
      <dahoonsHawok kamassi="zoonaTsungtuMueddin" hutuktuOroidesPiaffe="7900">
        <napaDecoys>enragedTabardsBefore</napaDecoys>
      </dahoonsHawok>
      <refocus liparisVeinsDisgown="1385" marbler="mahoriChorousParting" miskalCooperUresis="villousNousesLocket8818">
        <conia>graped</conia>
      </refocus>
      <dispulp emprimeRerailKidney="hotbedsKohl" pomadedPawkeryDiet="viperanMyomereTriole">
        <sesamumBushedCurrans>rotatorXylogen</sesamumBushedCurrans>
      </dispulp>
      <grow pharaoh="chelas">
        <neep>whilly</neep>
      </grow>
      <mislaidBoyship bacchae="verminyBondmanMisenus" strawerPicaroSylphs="ignitorCreeker394">
        <munchesSplake>pungent1935</munchesSplake>
      </mislaidBoyship>
      <astianEmyde gulfyPath="360044" sparilyBlanksCeyx="solanin" torsiveToco="demeorePardalSpitals">
        <dureneGenghisLaveroc>laniaryParkish</dureneGenghisLaveroc>
      </astianEmyde>
    </timawaTattler>
    <yummyGammons>
      <regraftTetter>52438</regraftTetter>
      <pasewaElia shelyakCupulaBeaufet="regildsDeice">
        <dorpMondoPantas>4659</dorpMondoPantas>
      </pasewaElia>
      <sogTedded sudariaChequin="creta755" amplifyImpenBocca="aidennMimics">
        <dourer>licornFanegasUlidia</dourer>
      </sogTedded>
    </yummyGammons>
    <cris>
      <abangaAgushTairger>145425</abangaAgushTairger>
      <cantonStowed nymphid="ryal">
        <nahaneHydraeKines>bavaryBatfulLittery</nahaneHydraeKines>
      </cantonStowed>
      <manumea>
        <asocial>cantedFanfareCafenet</asocial>
      </manumea>
      <snawedProsed sculperChichis="nettieClary515" pariesToutAgley="364440" isthYolkier="422">
        <gondBobbin>piecesSlutSpolia</gondBobbin>
      </snawedProsed>
      <mitzvah upgraveNourishAcerbas="resumeBetsoCircusy" kayasth="59" couhagePardoUntill="dandersPiceousAzides" avenaryCandourOgive="fiordHognut">
        <ovarialInwick>pilosinCimbiaSchultz67</ovarialInwick>
      </mitzvah>
      <guesserCravesDowfart stroneOverlegAirlift="greggleUntaxedBrigade" varvesYorubaMoggio="laertesStages" sracRaisedDaverdy="bardierTrit" roachRefused="tranchePankVishal">
        <aracanaPapreg>suisse</aracanaPapreg>
      </guesserCravesDowfart>
      <dardaniOke spritzHieronInnyard="5550" belockGeylies="creepsReifsIfecks1585" unlightSprit="leggierCondyle" debyes="ratatatAulical">
        <whirleyYanky>faquirsPulqueBubukle</whirleyYanky>
      </dardaniOke>
      <anopiaAxes abaka="flawier" smooth="crores7" osmatic="snorersKeeperEesome">
        <lousilyLockage>chindeeEngem</lousilyLockage>
      </anopiaAxes>
      <toftmenImpisPricy thakur="966" brazed="proGaulTripe">
        <spayRareyfy>wen28</spayRareyfy>
      </toftmenImpisPricy>
      <serestTargesWong>
        <late>ophite</late>
      </serestTargesWong>
      <vacua koranVenerosEcdemic="tunnedBagreefCapfuls" engirt="35643421" gentMastful="7">
        <wasegua>ataxyOcoteStilter</wasegua>
      </vacua>
      <misaddsConsyStoats auroch="hittingTriakid" smeuseCasitaChomps="23454" svanishKerslamHolders="legesSioniteSkedge">
        <joeMurvaTikker>keekers</joeMurvaTikker>
      </misaddsConsyStoats>
      <beaufin densityBinoticImposes="bufidinClepAnyways" arrearFeuAllect="troop">
        <egretDrawsNodical>hermoReachesSitulae</egretDrawsNodical>
      </beaufin>
      <dollia quart="horatioHowlet" tincalDingsSwizz="urim" simula="beccoVettureSelene">
        <sena>barkaryPunily</sena>
      </dollia>
    </cris>
    <betaExturb>
      <naigueDocKalong>smallenRonierSacian</naigueDocKalong>
      <partleyUvulasGreyer presidyScamsJucuna="hougherLampernSlack" rabiousCursaFormous="tainoColins" stungMammae="crinkumHaggyGlecoma">
        <sagingClaroBudzat>689199</sagingClaroBudzat>
      </partleyUvulasGreyer>
      <ammiral femeWeestBallup="ductalListingBilljim" cleridsYouths="mahdi" sprinkRarely="1019862" ziarat="825129771">
        <stuboyTirrlieGideon>oleicVestalBandlet</stuboyTirrlieGideon>
      </ammiral>
      <jangledSemeedKinbote ponceauLugsome="22896512">
        <aryan>ablyUlta</aryan>
      </jangledSemeedKinbote>
      <grindUnburntTentage wafdist="cupman">
        <trudy>fannonTubulet</trudy>
      </grindUnburntTentage>
      <morgana kilChiloma="noggenGriebenManmade" gauzy="coryletSlakesAilurus">
        <curitesGroupsRach>choroti</curitesGroupsRach>
      </morgana>
      <kittlesExclaimRegia hormoneCampily="777666" simsonExpansePaliest="synfuel">
        <smuseDeeming>bryony4</smuseDeeming>
      </kittlesExclaimRegia>
      <dowp lavAramusAdust="pratCrypticUnmews" cytonClep="overpot" plewghBitoreSmalto="attomyKeelvat7412" gibbers="attabalMuriateSakeret">
        <freity>roguesAdmittyChylify</freity>
      </dowp>
      <hentsRestio subjackIciclesTextus="afgodLocable5835">
        <maturedLino>villaKhedahs</maturedLino>
      </hentsRestio>
    </betaExturb>
    <rejoiceBelt>
      <undam>73984191</undam>
      <lyc pant="viandrySownJauk327" carumZingerLuther="lebenFerrous" palyStrail="7308528">
        <tongedCadetReguide>tiererSompay</tongedCadetReguide>
      </lyc>
      <jazies sphericImerinaSidled="ceneTrussed" enrangeMockish="stowing" jollifyInchainJest="61" scullSnidery="savitarGrotian87">
        <paisasSuperlKapa>baccies</paisasSuperlKapa>
      </jazies>
      <prevetoNippersDevilry turpifyLabores="999037">
        <pacableDuco>comr751</pacableDuco>
      </prevetoNippersDevilry>
      <affixesScriveBookman upspew="effudeFlares">
        <psisTestudo>emblazeDiurnOfficio</psisTestudo>
      </affixesScriveBookman>
      <bogota fjordedCarney="993178" ramateBronzerAvys="braidToroth" picarosGuestsUpgive="25943412">
        <shard>8</shard>
      </bogota>
      <pitpropSnaggy sothicUpalongBigas="emmew" forayed="155746">
        <demastsTropoyl>chordedMinglerBambuco</demastsTropoyl>
      </pitpropSnaggy>
      <nexusesCapletsZambian ouselsNigAdieus="puertoGradely" doveyJamsActine="81039">
        <theasumNodallyRubdown>outeyed</theasumNodallyRubdown>
      </nexusesCapletsZambian>
      <salminSubtackEctasis smockInsurer="penmenTumourRetill" oadFillock="ephraim" updomeKludges="jazz" twiddlyIdylize="defalkBlebby">
        <tigrishStiesPlashed>wadmal</tigrishStiesPlashed>
      </salminSubtackEctasis>
      <surreptAsokaCheese>
        <pommeyAluletCrony>cranium</pommeyAluletCrony>
      </surreptAsokaCheese>
      <chorousCreaticMawkin tuttedNauplii="reckonsYouthRatany" meio="598268772">
        <buggessLagwort>phloxes41</buggessLagwort>
      </chorousCreaticMawkin>
      <litHagseed boric="whangCoggleLou" apozem="shitSuedine4">
        <venatorSpales>swearsFoobar</venatorSpales>
      </litHagseed>
    </rejoiceBelt>
    <bonifyChammaPolygyn>
      <gtt>658</gtt>
    </bonifyChammaPolygyn>
    <rumagedKingcobCurua>
      <hamalsWhauve>bedeckBraids2</hamalsWhauve>
      <fervidLeylandConsuls>
        <acieralTurcoisMinter>enlargeEtypicUntwist784</acieralTurcoisMinter>
      </fervidLeylandConsuls>
      <takyKabonga ardebs="typika" annale="6" yankerKitlopeBoh="sanger" ose="muntinsCharro">
        <razzLaxism>dammersLethals</razzLaxism>
      </takyKabonga>
      <shaledPhallisAulos sinopicAleger="715101" limplyLitotes="runoutPasture">
        <evelessIdling>unmerge</evelessIdling>
      </shaledPhallisAulos>
      <teleranAgelong cripTenor="cachouMicerunDeeds" cosyBillard="ramhoodKophs">
        <unwrestCoelianNubbly>decianGlobate</unwrestCoelianNubbly>
      </teleranAgelong>
      <carey disdubChitak="dentureQuicklySyrupy" pecklySalus="prolanElegise3694">
        <tinkledDogfall>curtedArghoul</tinkledDogfall>
      </carey>
      <porkeryPrewrap>
        <exitialJawab>granza721</exitialJawab>
      </porkeryPrewrap>
      <mahran clype="igorotDuperVaster" rinceauNonylJump="casket">
        <piroghi>taupouTableByspell</piroghi>
      </mahran>
      <broigneHiesVenkata>
        <sutten>roilsDewrot</sutten>
      </broigneHiesVenkata>
      <missentEnwindsCurrock mahantApposed="47002314" boltin="6">
        <nayBanksPoloi>997691154</nayBanksPoloi>
      </missentEnwindsCurrock>
    </rumagedKingcobCurua>
    <spirityDisnewGecks>
      <yippingTabet>7</yippingTabet>
      <gluierTapa varanus="essoinFlacksPetunia" aggiePulianKalifs="fanamRamous" esau="gremlinSabring">
        <signetsSyconidDunks>bolduAbacot</signetsSyconidDunks>
      </gluierTapa>
      <craftsVisas furoicUnfiledWist="soliderCerasusRewake">
        <pronicLapsingNoo>brakesSprayer</pronicLapsingNoo>
      </craftsVisas>
      <dasheenAshantiDoocot>
        <sowback>judged</sowback>
      </dasheenAshantiDoocot>
      <bocci afear="nitredRugaRewaken">
        <cibolanQuasar>barosmaWoader</cibolanQuasar>
      </bocci>
      <amylomFrailSoulish sppAmyrisSarson="hitchelKoniagaPupulo" bribesBezilsDechlog="scasely" dour="coseismDogJumba3763" libidoAikidoMuttony="657">
        <rhodicBeefersJadded>unicefBrecia</rhodicBeefersJadded>
      </amylomFrailSoulish>
    </spirityDisnewGecks>
    <leninUakari burdockRampikeNoises="althein5">
      <tilting>alvahBoiloffFleece</tilting>
      <praoRestaff gyttjaSpecPcf="stopgap">
        <lactantUnaptly>pirnsEctozoaBrender</lactantUnaptly>
      </praoRestaff>
      <steleneFurnish bicrons="teenie" sitaoCasterStooped="sigherTrolley" edacity="uniter36">
        <canallaAffordsDuddies>kakanLunes</canallaAffordsDuddies>
      </steleneFurnish>
      <stoursStroot teleguHinneySilex="figuraeLaria" trifidMugho="gypsousEphebus">
        <pinrailSpivvy>676984861</pinrailSpivvy>
      </stoursStroot>
      <fortuneAwa>
        <raobWamefou>574</raobWamefou>
      </fortuneAwa>
      <werentRobinet ataxies="2720573">
        <vicugnaUrosteaFibrin>2</vicugnaUrosteaFibrin>
      </werentRobinet>
      <acidyHakeemMuskits augenLuteicDipso="lexemicBrace4" escotedEncagesMagmata="bunkery" proode="bournLappaUrtite">
        <frisletLayiaShifts>cabalas</frisletLayiaShifts>
      </acidyHakeemMuskits>
      <brigs sconcer="hersall" rubbioBark="mawkySlorp" porrect="rebbred" fascUnburntOoscopy="vitaminChitty">
        <onsidePackman>bovver</onsidePackman>
      </brigs>
      <icebone entetePerilRows="orbingReluce5274" gaulshDeafDedd="shopboy">
        <periodLazied>thorBouk1204</periodLazied>
      </icebone>
      <gadesGirkinWhulter hyndDawut="9786807">
        <olena>48731</olena>
      </gadesGirkinWhulter>
      <smokingSnyLollers spirtleAmide="grumbly" eratoTurgyKrans="totuavaChutnee" saladin="vangMashieRec">
        <cornix>howsourHalterClivis</cornix>
      </smokingSnyLollers>
      <oughted chowsedRedoubtSheria="31603" iodizes="carfulMeeredGubbin" bagnet="bozalPlagose">
        <isawa>ikatScraze</isawa>
      </oughted>
    </leninUakari>
    <pintasAndia>
      <lemursPassedTaces>priusAflightHiggler6</lemursPassedTaces>
      <acuerdo lobuli="moilersGustusQuezals40" argify="movies" menkarPlasticCibaria="dawdledSievy5" drywallOrrisPlops="bonasaFibdom">
        <raspis>scalperSimarre</raspis>
      </acuerdo>
      <yadimRagery>
        <meechBrisqueVirgos>haugh</meechBrisqueVirgos>
      </yadimRagery>
      <retoreOutlawsTelexed moariaBaddishJukes="phaeismAsbCalvus" shapingBoutel="brannedPatlyImbrues">
        <risersMonimiaHemiamb>hyke</risersMonimiaHemiamb>
      </retoreOutlawsTelexed>
      <fluent liegelyTrommelIsomera="selvageEyrantFistful" bulkily="roublePasmoUnroots">
        <girshDrongo>wesAdheres9</girshDrongo>
      </fluent>
      <steelSnivelyBan doliaSahFanlike="eslabon">
        <adoringCognatiMotte>ribosoFrateryVerzini</adoringCognatiMotte>
      </steelSnivelyBan>
      <wakikiHypoxiaCakra>
        <waifingDogbiteFarting>87650374</waifingDogbiteFarting>
      </wakikiHypoxiaCakra>
      <aerotowLysinMacaw guttyNougatTesta="plumousAdapisEval">
        <rallineKashgaFamed>umteenBleauntAeronat</rallineKashgaFamed>
      </aerotowLysinMacaw>
      <bedcord mugglesAcouchiPais="yet" endableHuacaRemain="gibblesAlcid">
        <oatbinDialledCaddy>lapwork</oatbinDialledCaddy>
      </bedcord>
      <reshakeDabbySorb shakilyAssisi="volableUnslaveAnalyt" carloadPuttied="bhutaniMalumGigster" bearsAripple="tussarPanjabiOutrang">
        <wile>lbf</wile>
      </reshakeDabbySorb>
      <fight>
        <samanidUnpoledHardens>gigi4</samanidUnpoledHardens>
      </fight>
      <shemaalSolons gannetsDupe="milkmanNiggledUvid2" sabesEmongVigour="reprintGibs" merling="871610569">
        <fugledRushee>34194</fugledRushee>
      </shemaalSolons>
      <steered>
        <wakes>plinkerCouncil</wakes>
      </steered>
    </pintasAndia>
    <ceroonDetuneGox>
      <infill>unwanedWeir8</infill>
    </ceroonDetuneGox>
    <tsadeLoosedFlosses>
      <doormanAfsharStrawer>jawbonePloverNagsman</doormanAfsharStrawer>
    </tsadeLoosedFlosses>
  </totuavaBandalaTames>
  <eofArgle lioness="madcapsGiggled" neerPlaiter="ferruleDaityaCalyces" unprimeStringyEvelyn="teniaeAbetsEugonic" />
  <itzebuInhoopGhazi bepuffSorrilyAvowter="fabular" echoers="chamal" combustModus="milieusWroken" nobbyBelsColpeo="synaxar" />
  <binghi serdarFhrer="haggles" cowbaneOuthutImparks="tomtateJoyous" wartAbilla="irwinSinatraGermane" shanteySoss="bolosLeach">
    <whereis>
      <hackie>263</hackie>
    </whereis>
    <bhotiyaBiotech codeias="2" adjectBillersSynnema="bhalu" peglikePounds="opulentVernonSirras">
      <ferbamTeeing>canalla22</ferbamTeeing>
    </bhotiyaBiotech>
    <hexoses wisentsPulikHygeist="3" casula="tartedCautelShool" leany="623121333" unspoilTroper="agnathaWagwenoOba">
      <struse>woevineBalersDogey</struse>
      <meiji poruleLeafen="misset" virgulaTalking="sprotQuat">
        <tennerPrasineEam>mirachBegob</tennerPrasineEam>
      </meiji>
      <guacosRebuke singleRedound="whaseSulkPierrot635" reistGrayest="filth" surfersNpeel="hemopod">
        <geetSpinsHaidee>resailsTingedGalline2</geetSpinsHaidee>
      </guacosRebuke>
      <berchtaFliffusSambars>
        <centareTutelae>russetsGravityBurkha9591</centareTutelae>
      </berchtaFliffusSambars>
      <bayongGobiaArcheol>
        <betossSteroidMarkman>kokumin</betossSteroidMarkman>
      </bayongGobiaArcheol>
      <crocusBiophor>
        <llamaRefutedMooning>ithandIncipitReloads</llamaRefutedMooning>
      </crocusBiophor>
      <pourerRedbugsCoutet coralsCierzoDaylily="slopeDonaldZoopsia" barman="zeroeth" agsamCertisGimpy="240">
        <whammoHobs>sichBriony9196</whammoHobs>
      </pourerRedbugsCoutet>
      <beliveCatechuUnsafe tusche="nereidPadaukRejoice5">
        <woofellFill>agonizePassing</woofellFill>
      </beliveCatechuUnsafe>
      <outplot>
        <hasherAngekok>yokyDebitumCrybaby</hasherAngekok>
      </outplot>
      <yawpWindilySteams>
        <speleanCaseate>wealEscheat</speleanCaseate>
      </yawpWindilySteams>
      <heezing unlaysVeruta="molmenBunnyDimeric">
        <lactamNonoily>bensheaSilenBotched</lactamNonoily>
      </heezing>
      <tokenedMalease>
        <fixups>rodeo</fixups>
      </tokenedMalease>
      <recoverPelvicShiest froisseSoldi="384359" aevia="rinsesBiomes" lynette="sunnudProcDermis64">
        <moneronSier>raidersFathmurCuret4</moneronSier>
      </recoverPelvicShiest>
      <sixteen>
        <unpapalFondoukSabin>slopsYoop</unpapalFondoukSabin>
      </sixteen>
      <slokaCoannexBalada>
        <skaldsInstarsBarmen>6543520</skaldsInstarsBarmen>
      </slokaCoannexBalada>
      <odylize nosiest="avickPaganly" isariaOleinTessera="659667601" bastionSwinkedQuilt="pipageNaigueAul">
        <glancedEably>64</glancedEably>
      </odylize>
      <shotmanCommiesDeedy maddingChickerTubman="32123">
        <bayzCahierMitoses>longestUller</bayzCahierMitoses>
      </shotmanCommiesDeedy>
    </hexoses>
    <coynessBussingQuienal>
      <gloaterBdle>polloi</gloaterBdle>
    </coynessBussingQuienal>
    <overs ninniesGaulic="airwise" papulePennyChochos="sugar" lumensAbreactPogrom="plushlySpulzieWeent" venererApitpatClosish="pilfre">
      <gaggedPinnageMeatal>rumanAlfonso</gaggedPinnageMeatal>
      <samson>
        <dernedGarterHurted>7462424</dernedGarterHurted>
      </samson>
      <archeryProponsGilten tinges="mettarCombing3">
        <criesHighthNeglig>cannotChazzanNiacins</criesHighthNeglig>
      </archeryProponsGilten>
      <stereTollentSkirred iambiBaroniScarab="1876" muzarabInamour="bermudaEposesHotches5" begoniaAgape="unshipsMoltenTinsman" gobsTemperyVastier="frden">
        <crochetKumshawVauntie>magnonBudmash</crochetKumshawVauntie>
      </stereTollentSkirred>
      <brickerCulgeeComodo equiniaStroam="sowensLibrid">
        <jeep>heikum</jeep>
      </brickerCulgeeComodo>
      <retiesJazzierEarache thighs="stuns" volataRickeysAgnized="fusses73">
        <hoodoo>oshacAmullaDopier</hoodoo>
      </retiesJazzierEarache>
      <thawy abuleiaCredensShoaled="crevass" pstHaw="92159017">
        <coquitoSchinusShilha>ushererGiustoEdiles3874</coquitoSchinusShilha>
      </thawy>
      <staticePocillCoal>
        <redecayCuitUnwed>contesSubhead</redecayCuitUnwed>
      </staticePocillCoal>
      <pdn howeverNiesBurbler="ranklesBeigeWileful">
        <cesspitIronishPlanum>33733</cesspitIronishPlanum>
      </pdn>
      <deenyDubash soilure="sheeterFilii909">
        <coletAutos>clunked</coletAutos>
      </deenyDubash>
      <massel buboesCuke="ganoidsToity" artabaSolido="sirioneJacalsSinaloa" thurioPaut="del" tachsOutfeel="crossedHavener">
        <galushaWhilingCoddler>66</galushaWhilingCoddler>
      </massel>
      <sabred barongaJunkies="stevenMolaryPiths" alcidaeTridii="poisersTinesInitial" noblyShrubbyKeach="daciteBilledDrooly" gulpedTots="6637191">
        <bajaVariAngico>73264257</bajaVariAngico>
      </sabred>
      <nymphicQuo intuent="value" mermen="5037" gamontEmailedKeeked="62211" sibber="spratBullbatEastman10">
        <feal>weanieWatchPomp</feal>
      </nymphicQuo>
      <beshame leeser="lauiaStealer" vivificFrillEeten="igraine" candidsNagSnift="begarieSos" justerRousesGowks="fplot">
        <ocelotBasto>397</ocelotBasto>
      </beshame>
      <hielandQuanti wrannyCraning="312093748" gulist="beltisAnesone">
        <songbagSyrian>591752</songbagSyrian>
      </hielandQuanti>
      <concile jewship="syrniumDiwans4" galerusBonnets="frisadoHunlikeBamah" inket="tidleyOozoaLaced">
        <condignCattail>oaritisParentsFetcher</condignCattail>
      </concile>
      <quixoteThrived casing="irkedPellile9">
        <tryst>varierReitbok</tryst>
      </quixoteThrived>
      <teagueRiveEranist hyloistLouderStagily="hogheadFunnier9121" parah="posoleTsksNybbles391">
        <nanGrieve>acuter81</nanGrieve>
      </teagueRiveEranist>
      <revilesDingedUncrude piotineBriqueSogging="tractThankeeEfreet">
        <tempura>liknonUnwarnAssewer</tempura>
      </revilesDingedUncrude>
      <burkingTorquedTawnily bedside="travado" scaffleAphodalSpaed="alloysMotacil" asthoreRefuse="pipemanBashesCushaw">
        <virus>seimasYerbalDinaric7</virus>
      </burkingTorquedTawnily>
    </overs>
    <resoakDominicSaccos saicesScuz="536">
      <eltrot>talmas3</eltrot>
    </resoakDominicSaccos>
    <highhat wardersVistas="pinsonNiagra1408" anapsidReheats="taxemesDeenerApoop5" peedBahur="views" paltryFormals="burpingStepony" ethrogsBibioWabs="polyDengue" tombing="tabaretDriers">
      <ulema>gombeenDisorb5023</ulema>
      <loculi>
        <horkey>wefty4</horkey>
      </loculi>
      <sinapinCoping educandManius="keloidsKingpin13" steedBeclownSpences="peladic">
        <hippusNestors>ruggyPiacula</hippusNestors>
      </sinapinCoping>
      <kophsWirewayNatant sizier="8" widener="casedEgglerBody">
        <minumUtile>44339487</minumUtile>
      </kophsWirewayNatant>
      <tueJackedChyak ald="myst">
        <mesitesAcor>midgutsBourreBallam</mesitesAcor>
      </tueJackedChyak>
      <heroin stkFewest="wrights" napkinsWhumpedBiform="cursers" staticsLoukasTamers="kankrejBurianMingo">
        <forlaneFrameManger>619</forlaneFrameManger>
      </heroin>
      <bruang carshopCue="87960312" proteanLacertaAssizes="5646">
        <pumpetPreppie>postilSelvageSawn</pumpetPreppie>
      </bruang>
      <pondusRepot smiteStuffs="stuboyAswellPinworm">
        <adaunt>feeders</adaunt>
      </pondusRepot>
      <andePostact>
        <rheidaeLiny>efecksDumpleChanca</rheidaeLiny>
      </andePostact>
      <shagletPapalMatzos>
        <senderParbleu>romanesDowfIditol</senderParbleu>
      </shagletPapalMatzos>
      <busloadDidosSteelen>
        <bind>brodderFarishBurner</bind>
      </busloadDidosSteelen>
      <soaksProjetsParled teatimePlotty="tricladTopas5" changaMoney="244655" harenutLankestSheens="364" plummerWording="adjuredPunchedDecked">
        <reslashMights>vrouw</reslashMights>
      </soaksProjetsParled>
      <wishingPalabraBullbat coeliaUnleal="funkersBicorneUnchary" hawking="463649234" hubba="bigateWoodish">
        <keltWongenMadelon>574</keltWongenMadelon>
      </wishingPalabraBullbat>
      <masoola>
        <atreticDawting>samani37</atreticDawting>
      </masoola>
      <armscyeYabu oniscusMynahDancery="12904846" mammonGustosoYukking="chegoes">
        <appaleBurling>ovarianWhupChows</appaleBurling>
      </armscyeYabu>
      <teianIpecacs asyleBegaudy="55" avenidaCleatSoyled="fetusAltaidDunkirk" pulpersScutaPatacao="kavaMinhagNinnies">
        <yennedAmyrisUncrook>298</yennedAmyrisUncrook>
      </teianIpecacs>
      <markeryEvaseThiolic elytrinMnage="86107524">
        <rifting>life</rifting>
      </markeryEvaseThiolic>
    </highhat>
    <bhungi pingosCirqueUnquert="mammonDombocSilkie" prosesAruiHareem="5" blypesStawImid="baasRoripaBides48" coeline="957504" icingsSarzanIssuant="venomsHybodus">
      <bravedWoosh>74</bravedWoosh>
    </bhungi>
    <bailsSeatsFangled>
      <legesGunnedPangium>herodiiTasselsCinclus</legesGunnedPangium>
      <minium stoups="recopyRipedPropupa" venine="8563" shurgeeJeopard="psoricVelures">
        <acornedTizziesLooters>titiansDining</acornedTizziesLooters>
      </minium>
      <polyoseArgoletArgot quieten="87524">
        <indane>vestiniSkyhootRodlet</indane>
      </polyoseArgoletArgot>
      <yurok koussos="comas" hubberAdapter="sailersToruliCockle2561">
        <unseen>sabringBeknow</unseen>
      </yurok>
      <anura steamed="akoasmHyinglyStands" whampleNabobs="spurwaySomaliaJuiced">
        <unglad>nunchAgalaxy</unglad>
      </anura>
      <shakudo drankTaborerDezaley="beevePropoxy" goldest="724053">
        <unalarm>83</unalarm>
      </shakudo>
    </bailsSeatsFangled>
    <rehiresConterIndra>
      <whalishPremiss>harsherThuyas</whalishPremiss>
      <outfindBosomCourlan begreen="hinters" snailSuccorBenempt="begirtTeetanBeardom" statantCigale="3">
        <weaken>kaross</weaken>
      </outfindBosomCourlan>
      <gall enweaveNewburg="388741" liquorDatsunUintjie="sieursMilline249">
        <aveny>frithyBefellSoothes</aveny>
      </gall>
      <distuneAlmoign>
        <gamins>tayraMiekUnwink</gamins>
      </distuneAlmoign>
      <elitismDensus gunwale="amas" dupleChico="decafidActian6657">
        <hunterAlineAwingly>5958771</hunterAlineAwingly>
      </elitismDensus>
      <parksListing>
        <sekani>trivvetPenitisVenomer</sekani>
      </parksListing>
      <abortWowserSnite wrothlyNuculidGarret="emmewTrine122" chilesMitomeSambur="chainsFrenate" rubiateVirid="pinkilyAcnePeulvan" beweepsPoscaBrasils="preheat">
        <befoul>98</befoul>
      </abortWowserSnite>
      <otidesObrize sculpedAcinarGonad="weentyPoesisDacryd" blondesCepeRivets="oilmanRidenNevadan" resumesGlobedSudser="reworkInro4675">
        <fellage>scruftCardiaeHume</fellage>
      </otidesObrize>
      <dutchedSleevesScove probity="putlogsAllurerHoult" bass="clogUnmistWacs">
        <sawbillClichArg>maltheFeased</sawbillClichArg>
      </dutchedSleevesScove>
      <samucanDeleadsSmirchy bubonicFancily="231526833" curucui="largish" almaBetGlaux="compel">
        <tahrs>acaleFerison</tahrs>
      </samucanDeleadsSmirchy>
      <santosMamryBurlet mulmNapped="lionismArtel" wrangWaxingsChich="hachisPetkinsItemize8421" loggatsDruckenReg="tallol">
        <cepsPun>undull</cepsPun>
      </santosMamryBurlet>
      <premateMeriahGermule stourieGaiters="daunts" bandieBreekCoreid="177">
        <infractBarlowPily>mirky</infractBarlowPily>
      </premateMeriahGermule>
      <ranpikeDunces scaniaHexerUrohyal="costed" helcoid="kept" plebeLennyVitals="scalae">
        <exaudiHyleCarful>banshee</exaudiHyleCarful>
      </ranpikeDunces>
      <flayedRewedsExtypal>
        <larnaxClairesAttacco>kittock</larnaxClairesAttacco>
      </flayedRewedsExtypal>
      <guerdonDamnit hairToriesRagfish="56673015" pomposo="uncokedFireboyLisiere">
        <almsPorail>900047159</almsPorail>
      </guerdonDamnit>
      <gowkitSlockenBeglew czarism="70" croak="archwaySignon" vauxite="noctisBalk" chirlPloce="sethBleepsMamoty">
        <carneysRooking>comitalSephen</carneysRooking>
      </gowkitSlockenBeglew>
      <invokeGluside mailFlop="adactylHeader" sirRepugn="23758">
        <mercianGangway>simioidLoftedCoppery</mercianGangway>
      </invokeGluside>
      <flowed retypedDigueSilo="tymbals" unsty="curneys" unbind="umphGnomic" pavlov="78433">
        <flunk>gerusiaRabbetsMahalla</flunk>
      </flowed>
      <embusk awadhiCushy="racismEricius" blabDopantIteming="idalianHermo">
        <chuppahIoniumWafted>discusFugato859</chuppahIoniumWafted>
      </embusk>
    </rehiresConterIndra>
    <conkers>
      <papistsTonicalTwp>mannessManicEduardo</papistsTonicalTwp>
      <jaipuriTurtosaEagling tollingStodgedOrias="mester" grugrus="vinage" raught="seabagsFishers" doorFeds="englishConjSamshoo">
        <probalArabicMurphy>outlimnReceptsPsorous</probalArabicMurphy>
      </jaipuriTurtosaEagling>
      <cupelerDeckle hashyGlumaNowthe="4636" latriaShikara="cassinaSparoid" hepper="hewt">
        <hurePanging>babe</hurePanging>
      </cupelerDeckle>
      <lanete lagendSubcleiEtherin="mogadorEpagoge" sithensConv="gaped" rictusZenonic="rubbled" korona="icierLamsGoing10">
        <lodowicHipper>croBustier</lodowicHipper>
      </lanete>
      <phasmaDiskedVim bogydom="274910" talose="beer">
        <preensVivificGlome>38</preensVivificGlome>
      </phasmaDiskedVim>
      <whiny snittleUnplankLionet="rundownHexosesOpiism" siress="bightAlibiesCassate38" sievaArbors="cymeneGurneySpydom" tattiesDhava="54411597">
        <mazardsHackler>524634</mazardsHackler>
      </whiny>
      <fiddedSpumy>
        <benorthMilleriTinct>mildredSenoresAlferez</benorthMilleriTinct>
      </fiddedSpumy>
      <cyclops violine="purger" odorousMetelOctober="waterer1" tapingJunketSericin="blisses">
        <lyrateFelling>culchesParoles</lyrateFelling>
      </cyclops>
      <imamateTwiselGardeny wraxledFreshen="assCoelinFemmes">
        <acknown>reveCrucis</acknown>
      </imamateTwiselGardeny>
      <subtilePadlike fastensSnifflySwarm="karuna" unveilEnnuis="thatllYantras" etna="leftBegonia" dweltBoggled="1040">
        <beglare>stalky</beglare>
      </subtilePadlike>
      <imdtly stuffyCutiesRepage="tinsyOnward" perlidRecce="bib" recipeComitalNogal="boigid">
        <lagginsSeawife>55</lagginsSeawife>
      </imdtly>
      <gamdiaJujuism mituaDelaineFrog="yarnedGaolerCruse" fealtyAwat="welfare1518" caseaseQuassinIgnore="alo">
        <pioletRevels>medicaHomarusTorso97</pioletRevels>
      </gamdiaJujuism>
      <solfege sexismTantony="bugseed" dowedTomcatsOsteal="larding" upbeats="962430094">
        <spaedomUppluckGests>volatic47</spaedomUppluckGests>
      </solfege>
      <carseTypobar tideway="pinhole" cahuyWeeply="squenchSags" perm="lapling">
        <grabenJest>potchTotuavaLacet</grabenJest>
      </carseTypobar>
      <wairepoBecreepLagune zenith="urgingEarsoreGonimic" normans="spinsEneugh" hotbedsAndroidShaban="sppEnwisen" zanilySquacco="41">
        <talwoodTyndFolksay>mingo</talwoodTyndFolksay>
      </wairepoBecreepLagune>
      <hackbutTourbe friday="sargus">
        <gunzianGrazingLevees>grogramTalion</gunzianGrazingLevees>
      </hackbutTourbe>
      <roachedLimineClacked dizzyKhasiAnnuals="uglilyApiatorSmirky" baleteGlaiket="34">
        <thebaicRetuned>macabi</thebaicRetuned>
      </roachedLimineClacked>
      <phials>
        <tapetiSusans>toto85</tapetiSusans>
      </phials>
    </conkers>
    <seltTurkifyAgape imbaubaShowier="4392295" forbear="yoyoCogweel" pundita="3198264" coughedSurfier="robigusEducingFangle" perk="gujratiEdoni7302" pinwing="unguis" krillCannonShih="gansaQuadrel58">
      <bally>idsPlodded</bally>
      <frammit sprigSmurksKelpie="1144">
        <edificeCicadasEmended>maille</edificeCicadasEmended>
      </frammit>
      <saporsAruEscry vesperDotCepous="unhende378" rayonnePousse="mooned" bowles="1402930" becivetGibsonsStanzo="buddhReviler">
        <plufferAssaysCisium>alfalfaJudices2488</plufferAssaysCisium>
      </saporsAruEscry>
      <tumeGlitnirChips birdDesalt="rebindsMidmostBicarb" hyssopsClerk="bisques">
        <exacterKushshu>15716</exacterKushshu>
      </tumeGlitnirChips>
      <timing mazeFrothed="khanum" annicut="clione">
        <wereViewing>23</wereViewing>
      </timing>
      <marvelsTats alcyonTrinkum="1" swappedReheelsVermont="tsuma3996" caynard="drumly2408">
        <stram>jobbingCavyFeeler</stram>
      </marvelsTats>
      <stearicFreenAcapu lidiasAddendaGundie="evenersWeeness9" towered="nervingCoraled84" ageistRanella="joiners">
        <blends>3086251</blends>
      </stearicFreenAcapu>
      <guenepeBearcat>
        <jedcock>geyliesEngin</jedcock>
      </guenepeBearcat>
      <ootsBeveledDromic namely="trist315" stippleCharpoySled="ocypodeWelsom3" chimps="metochyOakesia21" yoke="popper9507">
        <mudhookPinuelaGrits>fulvousRehair</mudhookPinuelaGrits>
      </ootsBeveledDromic>
      <binocsStemmaChampe filaceTrawls="afars" jujitsuPumpleKulak="genappErrant98">
        <decardSleekedOutwait>nattierMalines760</decardSleekedOutwait>
      </binocsStemmaChampe>
      <doziest prunellTwarlyHighish="1344" cougarsBlinger="manheadTaterKeap" devotaBottoms="9781056">
        <whelker>regearZeroing</whelker>
      </doziest>
      <connachCommaes puniestChoregyRebrown="sold" pekesMutedlyAlbata="675" cotoro="strains">
        <halibiuWyndsSpinier>hurdisClashy</halibiuWyndsSpinier>
      </connachCommaes>
      <curatelEusolSmally arcCaptureMorvin="rescalePullerGenesis5711" gumma="aruminBejanArmitas">
        <tronesNeiper>hose</tronesNeiper>
      </curatelEusolSmally>
    </seltTurkifyAgape>
    <revisalVomited>
      <ramsons>cabanaOutflewModules792</ramsons>
    </revisalVomited>
    <sticky>
      <anil>jahveBryozoa9400</anil>
      <starkenHamataSnyed hainedAlfin="kumbukLandmilJantee" ketosisFlokite="attrite">
        <addulce>chacate</addulce>
      </starkenHamataSnyed>
      <scotoma catfallSail="addersAnkoliNoonish7255" setteesWaiter="acetiteUnprestCours" kelpPattooCirques="meaconDualist">
        <lyomeri>wanguns</lyomeri>
      </scotoma>
      <ouvreAdoniadPiazzas kerriteUnheedy="ramneekXenicus" quei="aurungChaine">
        <astartMetallDillis>fewestTubaeVorago</astartMetallDillis>
      </ouvreAdoniadPiazzas>
      <kanasDoughty jowed="reportSallee4449" vaudoux="vireosFettedSmittle">
        <baler>ornify</baler>
      </kanasDoughty>
      <peltryAflatEncyst simplerKashimIndults="carafesMiceRuder" lovedAcestes="suspect9" pleaCapsaGaltrap="savouryWhirly" whiledAirmailNaker="18755000">
        <chihBriolet>roebuckUskokIdolist</chihBriolet>
      </peltryAflatEncyst>
      <infract grazingQuaitsoJoshes="puckle" wendigoCarriesFrowst="muffleUnsaneYarwhip">
        <geobios>zulinde</geobios>
      </infract>
      <accedesUntunesStack uproarMillieLierre="tavsPythius">
        <parvuleEfts>rowdyLuteciaNoduli3</parvuleEfts>
      </accedesUntunesStack>
      <lordlyAptlyUnfazed>
        <hobbles>14628</hobbles>
      </lordlyAptlyUnfazed>
      <solen lacteal="gingBedrid" spavieZanders="silicamQuasky3" ovigermShurgeeDigonal="padesoyNectriaBismer">
        <axled>mousses</axled>
      </solen>
    </sticky>
    <amovingSpiro>
      <weanlyBitypicHelical>barelyEsnecy</weanlyBitypicHelical>
      <debtor portia="12">
        <cuculeCoveySissy>smushHyping</cuculeCoveySissy>
      </debtor>
      <sizablyPotail epitaxyRottaPanada="opecSnoolsBescent" galeres="eluder4">
        <sanctum>mowburnAmnionCroy</sanctum>
      </sizablyPotail>
      <hyphalNeedhamNoyade jiff="impaledNahua">
        <reboantFlubdubCraney>6</reboantFlubdubCraney>
      </hyphalNeedhamNoyade>
      <figgingAgalaxy>
        <balloWhelmsStelled>981709919</balloWhelmsStelled>
      </figgingAgalaxy>
      <cherryWarman hudson="isanderMutatis7">
        <owlerAcinar>nerdsDebi</owlerAcinar>
      </cherryWarman>
      <huaveanCones argusCube="anogra644">
        <metaphLamiid>reach</metaphLamiid>
      </huaveanCones>
      <sasses smytrieEsq="harbors" tara="81493616" mahallaQuonsetGoofah="unseamMargins">
        <baubleLiniya>idolous</baubleLiniya>
      </sasses>
      <pushing subaridSoigneProal="mashers" alagaoFenbankVille="sandbin" tampin="toro">
        <froust>4331</froust>
      </pushing>
      <ordain doubtsNeurula="617942248" nightly="carvenePennet78">
        <glebeGuffer>unkistAttaint</glebeGuffer>
      </ordain>
      <hadst sorbsYampaPilaff="labberBrooky" svelteStabledKitbag="827717">
        <tgt>bonorumStarrUnwiser</tgt>
      </hadst>
      <forhaleFiresSwaling>
        <unlax>pannagHangarCsnet</unlax>
      </forhaleFiresSwaling>
      <blinderAljamia>
        <malmockBillons>douradeQuirkedHenbane41</malmockBillons>
      </blinderAljamia>
      <haltingTremie hamataStadial="pencilAmeed">
        <inroadsTornoteTribble>705769</inroadsTornoteTribble>
      </haltingTremie>
      <judderSken tophesFugara="corbansDjave" strepenDirtied="slumdom">
        <kitersProversCrap>hawkedBouilli</kitersProversCrap>
      </judderSken>
      <avertinInburnt novumArabist="heurekaSoleretGaulish" ceder="121915" imagery="amuserStummelAlgalia" kronion="11">
        <clash>dogmenGenista</clash>
      </avertinInburnt>
      <guayuleAlyssumJalopy>
        <balataLeaping>pilotry</balataLeaping>
      </guayuleAlyssumJalopy>
      <akal astelicEstrum="zanyishFliped" aeolina="38854174" resmellLowishEmpeine="2">
        <rescousBoccias>trameSmilyTrolly</rescousBoccias>
      </akal>
      <weedageStyrylGrivets khirPorrect="spinoffMaudlePressly">
        <vaulty>opiningFrowze7</vaulty>
      </weedageStyrylGrivets>
    </amovingSpiro>
    <hunkiesRehires unovertReworksFossule="drossesFugatos4193" chalonWeevil="coleus">
      <globous>panisicDitchChaplet</globous>
      <almeh cataianFairingAdvisee="2400" roosed="failedCreolesDenying18" hasselsSaddles="8950" nutmeg="swampedChurner">
        <manes>tachesGoths</manes>
      </almeh>
      <cadgesJowelRespoke haff="ungnaw5" foldenCordyPunkt="peacingRevert">
        <cordon>dividPostil597</cordon>
      </cadgesJowelRespoke>
      <atangleWakener endearsMaumets="16185" posableRte="dialledMittens">
        <bigwig>horeSinaic</bigwig>
      </atangleWakener>
      <culeus>
        <speedup>6384</speedup>
      </culeus>
      <pesos>
        <jarlite>spinsTodyTenthly</jarlite>
      </pesos>
      <provantDale whapukuMarvin="tosserYapaOttoman1195" accompt="cuppa2" bulbed="witing" ostomy="coochesConfisk">
        <beknowRedderAniline>unclad</beknowRedderAniline>
      </provantDale>
      <sneeredDuctureIdyler dupletTamias="leeredEntrant8004" preeOuster="82363" berendoMilkierCrayons="jewessNye" bulkinKittar="13">
        <frizzy>byssusDotalHaploid</frizzy>
      </sneeredDuctureIdyler>
      <apochaeGypsums inchedAtle="velJoined" incubiDinksMummed="alcyonShellyEpicier" maturedPlagued="aphodusHolks" actinePandoraWidu="800">
        <setariaFacileKishke>dillHummumCupulae27</setariaFacileKishke>
      </apochaeGypsums>
      <severed drooper="amoriniLeetsCoropo" elkwood="141" unheardViiiJavan="geishas">
        <attriteResawnGambier>dione</attriteResawnGambier>
      </severed>
      <rchauff literOverarmFluxed="earflapBailerCaboclo" indy="gregos39">
        <skagsHaziestPodzols>78</skagsHaziestPodzols>
      </rchauff>
      <quartinMaycock blowgun="pimolaPiggieGaumish97" bebedChalkosCitrin="44256" dublinEinkornPremune="boguingRefry68" lungersBowersClerid="6">
        <lioniseUnmewed>amraAddaxLuganda29</lioniseUnmewed>
      </quartinMaycock>
      <flotsonDaker>
        <tootedVacanceSlodder>9060174</tootedVacanceSlodder>
      </flotsonDaker>
    </hunkiesRehires>
    <alist barmenGliadinRochets="ingenieAfetalRosetan" ozonisePiquiaTetrose="shelveAnotus" thymeleUncurlsAntara="47120">
      <weenier>vineaNamable</weenier>
      <enserfGeomyidAger daybeds="46" mechir="bidgetFrayneYowie" andric="premateSejeroKiwis" umiac="patinedChagrinAdcon">
        <rezonedOrphicCobbed>artyPinwing</rezonedOrphicCobbed>
      </enserfGeomyidAger>
      <exclaim weanie="skittleVeneticSanche" whoopee="reivesAquariaDachas" apathus="mamiesUnfrail">
        <martsSmall>349032944</martsSmall>
      </exclaim>
      <yapperSkaw sycite="819" africa="sadhakaTought74" bougee="eblis" cineole="tyrian">
        <spootValinch>lordlyPalt</spootValinch>
      </yapperSkaw>
      <kantelaSouserDarien dudman="rechaos" brujosSwingel="sheshaZanzeFrislet1" muggingSchemerTyphia="parkPotlachIdol" relotAdzeHavocs="331609">
        <sizzing>tussisPartile</sizzing>
      </kantelaSouserDarien>
      <dolcianTufanElatha gutwiseSaron="grandoNuraghe" feezes="23">
        <fussersNovoStrauss>fabSickieKitty239</fussersNovoStrauss>
      </dolcianTufanElatha>
      <esculicCebusDewed cartistSabGuinean="pigboatOutsoar" tickingUnpSisith="muroid" ourarisCotesEstevin="2" tapettaWheel="azhaOntal">
        <lelwelDesyl>goboes</lelwelDesyl>
      </esculicCebusDewed>
      <vax>
        <ottawas>bedeadAsemia</ottawas>
      </vax>
      <surnap queansSpiredEmbox="mantletAbattisFoxtail" teached="erma517">
        <octetsZanzasZulinde>carloadKited</octetsZanzasZulinde>
      </surnap>
      <mennon>
        <mia>livreBaized</mia>
      </mennon>
      <kistsThankee focuserSyst="protideTweelRitzily">
        <dragon>mobship</dragon>
      </kistsThankee>
      <averse dungan="priesUnoaredRiprap" richer="982" gouging="177245">
        <manageAgoras>aceshipCalchas</manageAgoras>
      </averse>
      <relinerBajra>
        <elfishCowledPinnate>965</elfishCowledPinnate>
      </relinerBajra>
      <hillock joch="ababdehUnnasal">
        <hiller>tieDiceras72</hiller>
      </hillock>
      <arbtrnGrizel tendsCuties="finickyCargoes" bedot="shalluTeviss" goner="keist">
        <naggers>saanenVocably</naggers>
      </arbtrnGrizel>
      <remote thrang="inulaseDews" danio="bused9203" stomataFrugganComenic="870106">
        <glostVasculaOversay>caukingAkania</glostVasculaOversay>
      </remote>
      <ephapsePoached emphasePurfler="92582711">
        <unsackTomines>yournWreathy1567</unsackTomines>
      </ephapsePoached>
      <staple kaitakaJewsReblot="472515" galetteExcuss="freresCosheryIgnorer">
        <absvoltHipe>loobilyCompactLimas</absvoltHipe>
      </staple>
      <fisterFish proposeOrphean="snathFogbowWakwafi3400" syrupPanoan="eflJailor" ungagedInfulaeCajon="greeing" smacker="trunksUrologyOdium">
        <dyak>gatlingDiorama</dyak>
      </fisterFish>
    </alist>
    <airfare>
      <surgy>aseOutpage</surgy>
    </airfare>
  </binghi>
  <uncoltCasaGenu dakotas="jalee" ikon="54471856" />
  <kinesisPremixPulv>
    <mungy unfarBazoo="ecstasyInhales" moierQuarleParader="unhilly">
      <almugsKneziFileted>kerniteSonghai</almugsKneziFileted>
      <gazellaClinahIntrada wergildRegidor="stator" summage="reloansDistaffReturf17">
        <gearPotlikeSalicyl>evitateBaul</gearPotlikeSalicyl>
      </gazellaClinahIntrada>
      <crudesMadresFister doatedVivo="883239" shooi="nol" gridsLogions="84291094">
        <corneinAdiated>aryaWamel</corneinAdiated>
      </crudesMadresFister>
      <stork trines="shoaly18" semperFashesApe="2185982">
        <pause>wagsBusket</pause>
      </stork>
      <lawner cane="skelder">
        <swarmyDoctusSkol>4</swarmyDoctusSkol>
      </lawner>
      <canonryBedlike yurokOatenDeprive="irenicaCutcha" prouderBarat="pianoLunksWallaba2652" rebbe="cagersThriver">
        <illicitScagOrdines>gunroomDuelsDamine</illicitScagOrdines>
      </canonryBedlike>
    </mungy>
    <repine>
      <fiorinHazanimChesoun>aire</fiorinHazanimChesoun>
      <bilobedShakier inermes="besanTao5864" slappedPalla="ipecac" cuorinOdored="tassetsCainite" waggaAffiant="ostrya">
        <mullersCamping>pirene</mullersCamping>
      </bilobedShakier>
      <titansWackDecharm>
        <duppingForradCapitan>fossilsIncepts</duppingForradCapitan>
      </titansWackDecharm>
    </repine>
    <nymphsLampate clacked="sheols" sabaIberisAscebc="ryntBillingMembers">
      <flotsTaglock>196624773</flotsTaglock>
      <metates mafura="eslabonEnlistBourkha" semitalNeedlesOmlah="whuff" vergent="65" kurankoSarafanBulgy="3">
        <aubeRecable>hidableBagdiDeanery</aubeRecable>
      </metates>
      <sirmian gemlike="galeaDispelsAlquier" endewSchemed="taxing" criey="lioness" oremanAbets="576257">
        <angusSoftly>623</angusSoftly>
      </sirmian>
      <vibratoEffableTulle pottahClark="dartle" gipserLowPrue="dancedGuessedRazing" adobo="reddens446">
        <zaffreMurra>8</zaffreMurra>
      </vibratoEffableTulle>
      <troughPluming>
        <gillarAmigoLowlier>senegal173</gillarAmigoLowlier>
      </troughPluming>
      <bankingDumbleTitbit gosletFlocced="comptie4483" subtask="slitherTeffPhytate" seavyLarreeHuke="jicamasUnaptly9288" nitrate="zibethsPiesJess">
        <floeMutuals>phallicYanderPadus</floeMutuals>
      </bankingDumbleTitbit>
      <elodeaKvarWombier duntIsariaHosting="theeCueing" halvahsHacks="huddlerSmitter" powheadClosely="serenoaDorbelCount">
        <solated>loordHerl</solated>
      </elodeaKvarWombier>
    </nymphsLampate>
    <tardantOpianyl>
      <domHelvell>paughtyAmbachSuffer</domHelvell>
      <stolistColza romanos="arabanaPopianCheder" comradoDivastCoiffes="hashabiAckee" slowedClaggyRosetty="57319265">
        <tenty>579345</tenty>
      </stolistColza>
      <routingDodgierGaunted reopenStints="scallsFarced">
        <itavesRallery>adornerIndols</itavesRallery>
      </routingDodgierGaunted>
      <lumpmanWashedWeb doss="bulgersPindalHope49">
        <infl>269</infl>
      </lumpmanWashedWeb>
      <outway hoisesShalyBaham="crinelPucheroBuddie" orbited="607287866">
        <napaSkippy>anorth</napaSkippy>
      </outway>
      <addie>
        <legginsPlayasCallo>481</legginsPlayasCallo>
      </addie>
      <unbank cambrel="utensilDeporteGoddams" mapleHelicinCpt="kedgedPerkingPouff" naigueKloesse="bulbus" underly="pusTruff">
        <mugginsEvulseStifles>82260197</mugginsEvulseStifles>
      </unbank>
      <gangsaGauche>
        <remeltOutsole>tricksyTuboid</remeltOutsole>
      </gangsaGauche>
      <pimentaUnwheelBrasset porkinSokulk="tisar3" banque="polynya" trikirBoxerSwoosh="979527">
        <fallageFastus>cubed792</fallageFastus>
      </pimentaUnwheelBrasset>
      <uptrunk koumissSquirtsTankert="upsoars5" anoine="oweniaWeeped42">
        <adagy>mulleysSilked</adagy>
      </uptrunk>
      <valeralSirenic afflate="byeriteAxmanEar" molebutFoh="runnel741" nanniesRebookDarkle="midRemains">
        <tuscheEutaxic>veadar31</tuscheEutaxic>
      </valeralSirenic>
      <baluba minusesMuledDoucely="solvendImpingeMetanym" crampy="pinwale">
        <ribzubaBetwixt>673466</ribzubaBetwixt>
      </baluba>
      <buccinaChocard tinkledHait="2953">
        <maiid>aliculaShillooWheys</maiid>
      </buccinaChocard>
    </tardantOpianyl>
  </kinesisPremixPulv>
  <caterAfreetMuley sptFeelyLindsay="skawBirdman" canmanAlabamaOutvier="412650" argaliHarmersAralie="217178" tweezes="embruteSpain">
    <unplowGammers>
      <darzee>bejigBids</darzee>
      <ajivasSenvyPulpous deavedLemosi="corsair" cocoa="egestaBevies5" exilityGirdleReveres="lidiasUnstopLeon4186" abateWhammy="4">
        <sylvan>beseemAlpen</sylvan>
      </ajivasSenvyPulpous>
      <curtly ablachLoftilyMaties="braze" bailedAdsmith="mortarsDoek">
        <acesCobless>184251513</acesCobless>
      </curtly>
      <despectDobroesGunnel beleft="leagueFeudist" sylene="767283474" osseinUnmowed="gamdiaLatukaColpeo">
        <amireLenth>91795900</amireLenth>
      </despectDobroesGunnel>
      <daymanAbacaxiFisetin reichPeepingWhelks="correo" thorias="echium">
        <cerfoil>xebecs</cerfoil>
      </daymanAbacaxiFisetin>
      <pernorMiningSinopia lugsomeTrebledHoyman="eclogueGyrose305" wickyupSmerked="drowStoicalKronen" whorlSubjoin="tangaJanapumAonian249" otoliteUppingsClimber="shawsEunuchs">
        <detourEvertorMaybe>chessetCavDures95</detourEvertorMaybe>
      </pernorMiningSinopia>
      <rageEyneWonning oroide="sewenAsphyxyAlbeit" dubheVariers="dossalsAkron">
        <preemptAlumnalHasping>looneryJoom</preemptAlumnalHasping>
      </rageEyneWonning>
      <cockleDarkledCrux tenail="yogi" vilerRoberts="pretextMillingVellumy270" quintalKyu="remeets" profsTabacinKiths="cytitis62">
        <syndetHumans>pigfootPrimarJerkies</syndetHumans>
      </cockleDarkledCrux>
      <halerzBougeCabocle>
        <dakhini>peakishGaloots</dakhini>
      </halerzBougeCabocle>
      <cannas jigmen="revised729" zemstvo="carucal16" glaiksGurniad="3772606">
        <demeterSpraith>menukiAwfullyWindily</demeterSpraith>
      </cannas>
      <morph phosisHaemoid="fuelTaskAntlia" glisterBabicheGadgets="tripara6158">
        <naturalCarving>vacuumaPino</naturalCarving>
      </morph>
      <adeptly>
        <doggoneIranistMuraena>brucinGudokUnadult723</doggoneIranistMuraena>
      </adeptly>
      <trilabe structMeccanoWhein="flowers" zoarite="quoadAmbitus" recedeManal="frapped" popedomSambuk="twatEndleafTurk">
        <sways>trestErnstEbons</sways>
      </trilabe>
      <soliSereno>
        <sybilNummusTeemer>uraeus</sybilNummusTeemer>
      </soliSereno>
      <araliadTungah dewata="mattoir">
        <eyahFlutersBepun>93192</eyahFlutersBepun>
      </araliadTungah>
      <upmast mizzy="8801">
        <sicc>unstow311</sicc>
      </upmast>
      <ferricStalerDogate piggier="arisaid" outcantTrompilYakalo="1019671" enviesKimchiTufters="broomy" refloorAscelli="indunaRiddamKemp">
        <manniteHobbledTelford>mentVastityHexaxon</manniteHobbledTelford>
      </ferricStalerDogate>
    </unplowGammers>
    <fluffer cupricHaggles="raleUnstickJough" gorcockAusNevo="addn" heapedBramiaCastro="1432" unladeDelimes="dingeeOuttearNeats" floatedNetted="zoogenePapaltyLehuas" gubboManconoGomerec="hashing" cleanupBecalm="whameChuanaTrims">
      <arharOsc>jiti</arharOsc>
    </fluffer>
    <elderPlottedDivet taxi="aconineAflower" vamoseYamen="listeraTaliage">
      <spitingSucken>innuitNarcomaMarine</spitingSucken>
      <coolsSprugOlio orcasTache="nappesScoresVejovis" vadiumAtavism="pilineArboral" gurries="dubsSecus" crypticLyn="8">
        <hutzpah>figgingMakale</hutzpah>
      </coolsSprugOlio>
      <repureNotingSundari>
        <rebound>gudamePunkeys</rebound>
      </repureNotingSundari>
      <jemadarCozes birsy="gurgleDaimiel">
        <ostracaParrall>impalasSpites</ostracaParrall>
      </jemadarCozes>
      <ajimezOsmateMerges daylongBeleper="tiled" hexapod="unawedUlemaBurkes2267">
        <horah>hexadCopr</horah>
      </ajimezOsmateMerges>
      <oarlikeKith oolakanMoyaCognise="nibberWhirrs" fuguSimilor="louisaKegCorylin">
        <farming>subahsMoneyed7</farming>
      </oarlikeKith>
      <dicebox smearerCrawly="290656" myodesBricksFalsen="nippyAlnus" dryfatHeezyBuried="mitring4126">
        <rubby>3</rubby>
      </dicebox>
      <haraceArrive devest="480317" jarlite="extg">
        <silicaSyncsSmeer>inigoKakasDielec</silicaSyncsSmeer>
      </haraceArrive>
      <corso filetsShaula="65457607" squegLugeZantiot="lemons">
        <abbeysGambone>ekoiColonicBravado</abbeysGambone>
      </corso>
      <hoosier wryDecoysChases="wylingEmeerArchfoe" satiresEmeriedWoden="duykerGnammaRatify">
        <parsnipCirclet>seegeScarers</parsnipCirclet>
      </hoosier>
      <shelves whangeeFusiblyKoosin="29474108">
        <tipSerailPataka>alkeneMarriedWhippet8</tipSerailPataka>
      </shelves>
      <legiblyFairwayUngilt parcaeMhoSpumous="buckedBishari">
        <wifedomZoganCrowtoe>polycotBileSafawid</wifedomZoganCrowtoe>
      </legiblyFairwayUngilt>
      <whorryPinang tendril="batt256" hockeysIodic="synetic" figures="toffy">
        <mentisMarshal>6468</mentisMarshal>
      </whorryPinang>
      <formateSpuriesHuitre raiaDefameBoxfish="piscineSaxtieOurn">
        <amautRisqu>iguanid</amautRisqu>
      </formateSpuriesHuitre>
    </elderPlottedDivet>
    <frutageUntown>
      <pottedBlotchOutfits>vizierSkycaps8365</pottedBlotchOutfits>
    </frutageUntown>
    <dipygusCaketteThunder>
      <anosmicFayed>seckUnfierySnapout</anosmicFayed>
    </dipygusCaketteThunder>
    <scarry>
      <improof>tie</improof>
    </scarry>
  </caterAfreetMuley>
  <dclassPrize reframeSlag="gurrGradinTawyer3229" />
  <tahgookSextile>
    <anklesNoiresTheme firmingNebbuck="mistCadlockSmeddum" allongeMyonema="8183653" accentsFurbishAlgenib="naiads" nectonFivebarStolae="meliorLimper">
      <aswithe>steeple</aswithe>
      <gangedMike aurineLists="joebush" sitesMeggy="drudgedVermily" stiriaDragonsGist="blin" palisse="dies">
        <mossed>knasterSiddurFormly698</mossed>
      </gangedMike>
      <hective jobsiteQuantsAsst="sennetsOphion9" carvenePondo="7380">
        <gien>rerackLacks</gien>
      </hective>
      <thynnidSkimpedMarines>
        <dearthSarkar>churnedThereas</dearthSarkar>
      </thynnidSkimpedMarines>
      <sintuFavissaBunged lonerIndulto="gruffy" vexable="tuyersZestfulLeudes" mouched="298760112" saditeSnowmen="lustyJaggerKnacks">
        <taredRecasts>beelolNowherePropers</taredRecasts>
      </sintuFavissaBunged>
      <inbreadXylan lawsoneReed="asylumSteamy4136" init="outeatRenuleYummy3" gausses="23">
        <farinhaBravoed>childly3856</farinhaBravoed>
      </inbreadXylan>
      <gingili pamelaSime="enukkiGinete" bdlChukkasUnrude="738351">
        <bullbatGlisky>572</bullbatGlisky>
      </gingili>
      <bongs affixesFish="frankCosterShucked" waftingPleases="majorsTiffsPioted" coyishBedels="merlHehe">
        <cannilyGambirShone>eobiont</cannilyGambirShone>
      </bongs>
      <erronMittLameter restaffOperose="romeroCerty">
        <burgher>banak</burgher>
      </erronMittLameter>
      <judogiBammingFoliary leamerPallion="lakish" dabbyRyasPyral="145445" pungyHeavingAlecost="scrodsRidders" ballots="fishnetObliged">
        <rozzersSpial>keirs</rozzersSpial>
      </judogiBammingFoliary>
      <vomityStruthKapoks sirmarkExes="7">
        <handedTikis>hatredsChomageChugs</handedTikis>
      </vomityStruthKapoks>
      <bulkyFalunEvaders indenesRoofmenPeratae="eyey">
        <amabelWater>capoCockeyeSurculi1</amabelWater>
      </bulkyFalunEvaders>
      <cadeauThronalStoped veuveBriggsFrivol="weltsChiral" retypes="heart" irredIhsSamites="chias" pinoleYnambu="estiveMutsjeBultong">
        <wheres>7</wheres>
      </cadeauThronalStoped>
      <naught>
        <ichthusSplitsFurner>laskingWonnerButties12</ichthusSplitsFurner>
      </naught>
      <baulNinthly bransleCommata="marmink" winraceSnashMassel="turcianJustles">
        <uintjie>fresher438</uintjie>
      </baulNinthly>
      <classicDozenthQuaking teaselsAubaineCedary="taikihVinculoEnwrap" mutined="454547098" toots="unroast">
        <chutneeSlipsUric>tram555</chutneeSlipsUric>
      </classicDozenthQuaking>
      <conder clatter="golpBalky" polymerBaker="upkeeps" subitemAppdXxiii="upthrowVaporsSmoochs3976" caapeba="forlore4551">
        <peytonTowagesBondmen>fasciaJuergenSikatch</peytonTowagesBondmen>
      </conder>
      <leadageDiether runoverPeltingFagging="apiculiSeldom" sextain="pookawnGobbinSteve" pastaMavenWote="unjadedUnbulky">
        <keekerFetich>elopersBdePimbina40</keekerFetich>
      </leadageDiether>
    </anklesNoiresTheme>
    <twierFossilsHasslet whisksKyotoSpudded="kwanHelenusAcanth" slumpsHordockSamiels="uvrouBatell" cashiboHaye="penisBrawlisCostful195">
      <conyza>tiersAppoint</conyza>
      <vinea podsols="unoilyJiglike" sludgyGenae="galopsYelkUnpawn">
        <candite>dyne</candite>
      </vinea>
      <leadingPostbox anlasMetwandAmphid="641271">
        <frieze>coltPloidy</frieze>
      </leadingPostbox>
      <cowls hawkeyeNasiei="unbendsDeek" quanted="snipersCrinCathole" crinkSamian="eustacePriggerMirkest" miaulsBevy="maddestTattoo177">
        <peanut>paddler</peanut>
      </cowls>
      <clach>
        <muphridLabariaPartly>dhowShoepacDukery89</muphridLabariaPartly>
      </clach>
      <mabbleFriezeMurras adjureCrimmerProfer="81">
        <unfrock>derecho</unfrock>
      </mabbleFriezeMurras>
      <herlsGrovers metasJube="xxi" viperanHotfoot="overcow" shrinesHistedAbthain="nentaRegraspStapled" jaloppyOutdidQuods="paretta">
        <catarrhBiorgan>jataco</catarrhBiorgan>
      </herlsGrovers>
      <medille defence="gampPepping" harlTaroksFought="kavaBulgesAwoken" guss="7597">
        <nubKalifsPandoor>sovUparmLene</nubKalifsPandoor>
      </medille>
      <genalConstatDopatta biltongExust="218838422" lulavsCodedDelude="muzoWinked" tsiArgasid="89588291">
        <centryIngram>mienChien</centryIngram>
      </genalConstatDopatta>
      <buzzierTruckle cognacs="orderly" punditPrizersTourist="egallySmook" quincyLevancy="stigmasSepd" jougHalibiuJointer="mulita">
        <spassSits>bilandPagodGladii430</spassSits>
      </buzzierTruckle>
    </twierFossilsHasslet>
    <mermnadOneself>
      <linnetsBonnaz>paonProdigy11</linnetsBonnaz>
      <freshen>
        <szeklerRutting>barouni</szeklerRutting>
      </freshen>
      <arrish pyrogenAgapeSparky="kosos" wardensOgonium="8981">
        <matkah>threpeKhussak</matkah>
      </arrish>
      <shineBitorePangi coverer="lacs" piths="podded">
        <hangmen>podsnap</hangmen>
      </shineBitorePangi>
      <hocusPolo famishAfricRanched="dbmsRanches" prouderCrouteDangs="babism">
        <cadent>jenna47</cadent>
      </hocusPolo>
      <quilaNosegay koreansFluencyCaffle="sapsuckDarstSetose" sciathPail="mereAirnsBostal">
        <hawsingStruma>7713</hawsingStruma>
      </quilaNosegay>
      <chalcus almice="smeeth" babcock="38" tergum="leoInsp">
        <ovisticEscalin>cabbler</ovisticEscalin>
      </chalcus>
      <entreat>
        <boyceBrethMummery>tercine</boyceBrethMummery>
      </entreat>
      <saucesImpasseAitches sadoSpaughtDrips="malled" tucanaAbu="alipinSlithy" maximusEyesome="gonidicDiscindSoirees">
        <recurlMatraceAkmite>haire</recurlMatraceAkmite>
      </saucesImpasseAitches>
    </mermnadOneself>
    <prosoma>
      <chessomJilletEddic>seeings2</chessomJilletEddic>
    </prosoma>
    <retotalDonn>
      <derateDollieMuckers>trisemeAdoulie</derateDollieMuckers>
    </retotalDonn>
    <affirmsHists aspCremes="ravingsLacwork" cicadBonzes="prayingCopulasVrows" whatnaCuffle="842" ruffingCupaySoliste="barcheTurfageSuccah" timistGahniteRelink="battute57">
      <entitleWrimple>5941</entitleWrimple>
    </affirmsHists>
    <quernsCoshery>
      <yervaIdlishCurlew>aking</yervaIdlishCurlew>
    </quernsCoshery>
    <iambics>
      <tracliaJoylessGangism>buhrBelows</tracliaJoylessGangism>
      <kippurAargh exitingUnfoul="donalSuasive2154" fanniaTillageKerve="decriesCarianEquate">
        <lieverDipylon>gunaBlocsCorrect</lieverDipylon>
      </kippurAargh>
      <versant laicism="chiming">
        <tossups>dillesk</tossups>
      </versant>
      <rehaleBaobabs gushing="5438">
        <ladybug>sofa</ladybug>
      </rehaleBaobabs>
      <idling chopinLizardDuramen="irianDowel4389">
        <vipersUntall>unrig244</vipersUntall>
      </idling>
      <unshutTheorum popperRegestWynd="rabbin" clofVagromKojiki="91302" bands="2" crissa="zante">
        <daidlyThingum>oeciKuvaszBroses</daidlyThingum>
      </unshutTheorum>
      <coqueDwineFermium fishierUnshort="mirrors">
        <velateMnesicSey>terpane843</velateMnesicSey>
      </coqueDwineFermium>
    </iambics>
    <astorVelate bessiRedowas="pfg" cleated="taposaQueest9976" dustierDancesNuptial="pasts8414" dikeriaBiomeSlob="inkie">
      <eyed>writtenHeel</eyed>
      <gravedEastreConvive trocheePolaronDiddies="dididae37" umest="choloidAwave871" atafterSlather="484" suitlyFlatlyUprid="tailleCantoonGenit48">
        <siruper>impalsyEgotizePeewee</siruper>
      </gravedEastreConvive>
      <crucesRediveOstial pliesWeemenUnroved="cent" dugLitreXystoi="taskageGaffer">
        <wigglerThirdly>5</wigglerThirdly>
      </crucesRediveOstial>
      <pungyi>
        <fuidhirAfireRecd>aliency</fuidhirAfireRecd>
      </pungyi>
      <coragio rubby="menhir" legific="wheelieRhbSprenge" upcomeExcept="7814" syceesPlanked="fennig">
        <zestier>loginsSkiwies</zestier>
      </coragio>
      <pukeko perunDerf="sindon" telpathTeenty="wealdenPoemet" toluicIgnatia="dentoidPutoff" adzUsheredQuadral="7">
        <ramblaTammie>cakerRedecayAppals</ramblaTammie>
      </pukeko>
      <orlFlatcar>
        <gaby>sakeenBrucinFolsom</gaby>
      </orlFlatcar>
      <peddlarBourre>
        <stepupsReavingSubsalt>haglinMimosasUndark</stepupsReavingSubsalt>
      </peddlarBourre>
      <hilumPsoroid orbit="dwangSavine" swathJudges="niggleBattikGoodby8" cteneBalaos="jacobinCementa" rubican="jarring">
        <sploreCuzceno>triarch2345</sploreCuzceno>
      </hilumPsoroid>
      <vatter>
        <glauryUnipods>800787</glauryUnipods>
      </vatter>
      <leissFleeter oilsSchlockIssuant="choppin" methoxyHaymow="corallaChakaziReffos59" vicaireOverwon="twaiteBawlersMachera" hoisedHoghide="coelomaCubbishMealies">
        <boydomAzotea>randallQuinceEmbryo1</boydomAzotea>
      </leissFleeter>
      <bordman galerum="maormor" ocelliChullo="dividerBewriteCobaea">
        <tichel>whombleUsedlyEnvire</tichel>
      </bordman>
      <furoidCalinut frettenLakin="proasWindbagElkdom" bavaryCygnidKas="upblow79">
        <emydesKnuffe>5</emydesKnuffe>
      </furoidCalinut>
      <peitrel enigmasNotoireSyph="baryons9877" sculptSorren="8267309" swordedCliftsExomion="78371">
        <ioni>derrickBidget58</ioni>
      </peitrel>
      <foxKilties purgeryInaptIncog="gugglet">
        <susumuSatanas>6529021</susumuSatanas>
      </foxKilties>
    </astorVelate>
    <grievedFreaked>
      <bulk>judogiLangretAlcine</bulk>
    </grievedFreaked>
    <fadesPrepackSantims>
      <spragsCashboy>waceFlamers</spragsCashboy>
      <opting hammalsNorm="29" capererDizzies="wakaShucks" icicled="choosy" twattleJawfootTrussed="pigmanSolist">
        <pain>evang</pain>
      </opting>
      <paviorsCamphor trickerHuarizoAlahee="salletsRepay2">
        <atabalLeeredPipey>topplerCustosOchrea</atabalLeeredPipey>
      </paviorsCamphor>
      <lackerNakTryster bodedRivuletAivers="sangahResids" homarusTribual="82615410" yobs="3077292">
        <friscalMaraca>evertMuzz</friscalMaraca>
      </lackerNakTryster>
      <arils>
        <swingesTartenRotate>starnie</swingesTartenRotate>
      </arils>
      <rosetum theologHands="downwayPayessTellin153" androidGrowersSlubber="growan" excamb="cytonMizzens9918">
        <trashes>hockled</trashes>
      </rosetum>
      <fafnir>
        <curtainWithins>murium</curtainWithins>
      </fafnir>
      <urlarCockpitEntete jessedOratory="juicing">
        <queasy>uitspan</queasy>
      </urlarCockpitEntete>
      <phacoidGazel unwax="sadder" dallopMileway="aknowAgib">
        <fahlerz>herseTernarFinlet</fahlerz>
      </phacoidGazel>
      <titrant feuderSerozem="shopped">
        <eloge>curitisNectar</eloge>
      </titrant>
      <autarkyTuberinCancrid allowPrudentIsth="roamers" palus="dam28" grando="hounder" rewoundBogongDemands="vomit629">
        <howletChanca>907946359</howletChanca>
      </autarkyTuberinCancrid>
      <trymsAbjurer>
        <brisqueRigger>eyemark</brisqueRigger>
      </trymsAbjurer>
      <osculeFoolingCacara gerefa="3" coralsAllongeAmerce="pyreticArrange">
        <beatutiPopalFormly>tarse</beatutiPopalFormly>
      </osculeFoolingCacara>
      <shingonAlmery>
        <puffersPoopsWhabby>137898709</puffersPoopsWhabby>
      </shingonAlmery>
      <reawokeOvendryBrushet pappose="miryJanua">
        <dismaskPeesashLies>virgin</dismaskPeesashLies>
      </reawokeOvendryBrushet>
      <ditasBoatels>
        <atavist>250</atavist>
      </ditasBoatels>
      <chartaRebait>
        <reblow>toranMalabar</reblow>
      </chartaRebait>
      <podded>
        <darkestDetractTelial>starterPeascodEdoni749</darkestDetractTelial>
      </podded>
    </fadesPrepackSantims>
    <falsenOxalate>
      <fondusDuddies>fumiestGenoa</fondusDuddies>
    </falsenOxalate>
    <enrol>
      <liensGuyotsTrull>83702718</liensGuyotsTrull>
    </enrol>
    <teenOddball ionomer="jonval" pakchoiTernionChagrin="reffedWittallGelada" scypphiSaulRondel="danismDull91" furtumTill="abcissaPinch" salaryWinfred="scouthGallant" cladineUnhap="remitalPartlyPuggier" cavingsFanaticEtwee="bibulus">
      <goetheHackletSwears>buskers</goetheHackletSwears>
      <lunateMoe>
        <aralesUsself>yernKalpaksVolvent</aralesUsself>
      </lunateMoe>
      <sulfurBusboy>
        <rfsKlowetDripper>sornMaza</rfsKlowetDripper>
      </sulfurBusboy>
      <setteesCorylusIguvine bitakeJimpyArmilla="anetholNotator" jarveyFledge="chirosGrowers" bozo="188">
        <cautelSosie>1824612</cautelSosie>
      </setteesCorylusIguvine>
      <misceDeicerSugih fumariaSumageCarpi="shapersHind1037" taniaReoccurAkamnik="8" impalsyAcraze="evenly">
        <sprigsPinners>coyosTrainelEnskied</sprigsPinners>
      </misceDeicerSugih>
      <beghard pentodeArugulaWhipsaw="carsickCritchSharpie8" klipbokPosole="23170615" onlessJugateMalaya="lias" chinlesDervSates="hecaticGlovers59">
        <pilgrim>140953</pilgrim>
      </beghard>
      <mumpingShansaPitted anodineSemballSkemmel="542" unbendsGulistTsk="6" pedalTornadoChatty="bestead">
        <wadeSyncomTournai>yadDulcelyLathery</wadeSyncomTournai>
      </mumpingShansaPitted>
      <seamier azotesBisk="nathemo" mochrasPyicUpjet="bbsUnprest">
        <surique>23449</surique>
      </seamier>
      <xerusesKerewa mashy="259" baalizeTinselLingala="hiker">
        <widgie>gamdia</widgie>
      </xerusesKerewa>
      <laetiPrimed>
        <prodded>arvejon</prodded>
      </laetiPrimed>
      <cancriSquads beetflyLitchis="cathin">
        <adonizeBarger>dibasic</adonizeBarger>
      </cancriSquads>
      <sundik albifyGiteVel="earableBaloney" lader="rakee" typpsYatagan="urling" ferdwitCorkier="23">
        <lotto>keepnetLivedRaptor92</lotto>
      </sundik>
      <rowlockCaveSiecles haddieYercumNodder="chagal" pursilyAlfredaEscalin="rummes" chaplinUnbonnyTanghan="steatin">
        <exhumeHeptalPattara>duploneDialed</exhumeHeptalPattara>
      </rowlockCaveSiecles>
      <glossasRigaBesnare tarbleMaremmeSylvine="propioBonzianGird772" bietle="flytier" deglazePalilaPapule="dolabra">
        <depots>fontes</depots>
      </glossasRigaBesnare>
      <vrow nielsen="stoatsJustTweezes" churm="chieftyMendeeExceed" barleys="cursalRanjitOwenist">
        <beeryCrinedSkellum>insunkTheahEpisode1405</beeryCrinedSkellum>
      </vrow>
      <wrathedCreadEra maniuDegras="alantsMegrim" phrasesCaraboa="morts" peeBolisCopeman="crestStegh">
        <albata>rebaleChivesGuttar</albata>
      </wrathedCreadEra>
      <halidom pycheKnavess="abludeCrosslyLocus" putJoeyOneill="buzane">
        <apioleTunic>rosaliaRecueil</apioleTunic>
      </halidom>
    </teenOddball>
    <begay>
      <aroon>rantismAdaxialHapu</aroon>
    </begay>
    <zunis piendOlorosoStouth="prepuce" regulus="20749" littlinLaureGuggled="mainlyGrenado" strumaeCleanupNookier="sairySunghaImbondo" pedaled="uncaria">
      <pediad>farineRefliesNonly</pediad>
      <embaseWidgetYemen hybridsEmigresFlushed="exodiumPalatuaSophy" zulindeCorulerEtudes="pegasidAttinge">
        <digitalDissert>popadam</digitalDissert>
      </embaseWidgetYemen>
      <mcphailPoursNavy argansMedleyFream="psoraUnknots111" russianPapayasRefunds="acknownKalpa">
        <mara>pulledScrapedNiall1</mara>
      </mcphailPoursNavy>
      <seakGleds valency="warderBkpt" pursing="yeasChurelUniced">
        <poditesGentles>hitsFaverelDirgy</poditesGentles>
      </seakGleds>
      <cowhandBaillieCowheel aquench="plussesIncordMiladis" midairsHire="mossersTumbek" lunched="7034" dedans="72820">
        <barwayAgleyAmmino>92</barwayAgleyAmmino>
      </cowhandBaillieCowheel>
      <truongSahibahRatted rewovePariahSumphy="4">
        <rewraptScruzeEmbrues>ovarialImpentMuscids</rewraptScruzeEmbrues>
      </truongSahibahRatted>
      <sporran kinhinBagleGretel="fabUnalist" doling="strown" paeonyFumette="similesAdsbudDabih" zeedNewgateEulogy="5916">
        <legibleWretch>dundeeHee542</legibleWretch>
      </sporran>
      <swithlyUnspiltZingare towneeDowcoteValour="61754" shooledSergerMundic="salsodaDextro" koniniNigrineYucker="minkHilloed" pantineDuffs="tamps">
        <breme>pooriEmeerDurene</breme>
      </swithlyUnspiltZingare>
      <tinemanBoltyOnt detacheTowawayKerfs="dalteen35" kakaposSubaqua="oaritic" techiesNegundoSnit="92">
        <fanman>persicStigmai7046</fanman>
      </tinemanBoltyOnt>
    </zunis>
    <fwd>
      <soccerPiscianRecoups>hayrakeChivy</soccerPiscianRecoups>
    </fwd>
    <huskiesCantily>
      <toptailChillo>markisAxle</toptailChillo>
    </huskiesCantily>
    <lodgesUrushicKore>
      <kachariBeluckiPriding>kneelTumbakiScythed8437</kachariBeluckiPriding>
      <proofedWinevat conoyRhodope="nighestPyralesShufty6156">
        <tzontleTanti>935</tzontleTanti>
      </proofedWinevat>
      <bedewer alcaicOutcept="lariidAtmosWentle" bananaCombat="remoteCoppy">
        <howder>pier</howder>
      </bedewer>
      <millile adighe="popProffer" kollastEstrays="denotes46">
        <erf>ilaAveGarring</erf>
      </millile>
      <slobby astarte="hexsub" dollish="289022" assurgeAditus="zackQanat">
        <midband>hoof</midband>
      </slobby>
      <manehCyanizeMurrion orologySooloos="rhagoseSuicismChinois9" autos="poseurThratch">
        <goomaToluol>quislerHennaed</goomaToluol>
      </manehCyanizeMurrion>
      <styxianSaunasSubfile>
        <habet>572271</habet>
      </styxianSaunasSubfile>
      <cherie begarieCalpul="eolithsArtlikePencils2" chaouaIfs="italite68" algebarLoomeryOnboard="verso">
        <melenicSpheric>operaryWote</melenicSpheric>
      </cherie>
      <condoEloigns formulaHackeesTremie="glyoximVerdugo" sloshyCymoid="ketoticHemeBeef" giedPreomit="thiasusCalicoOmaha" inradii="layouts">
        <massingMistico>dwtFrowardMismate</massingMistico>
      </condoEloigns>
      <corolLogion upsitFilosa="bauleahMerest" uraemicDark="oblastTupuna" garrotFourche="pmtOzones917">
        <shewer>gobosYerbalMalarky</shewer>
      </corolLogion>
      <rudloff halloasBlueysUptrill="cursing5">
        <messiasEnlaced>3230</messiasEnlaced>
      </rudloff>
      <bigamicDiddy mandlenUraliumEuropa="fdtype" downsetPeles="longansVibioidEellike">
        <ramona>lipPionedNided</ramona>
      </bigamicDiddy>
      <varsityTigella elodesBlaflumTabus="gillerChefdomParsony" blithenLakatanFremd="striker" glaukeBlaringDildoes="syllabiStaker414" sassabyBravura="leuJoisted">
        <kindlyMunnion>solionCashibo</kindlyMunnion>
      </varsityTigella>
      <prigmanDoggetSavarin paunchy="educ" ratines="7149446">
        <amuchcoVisaOrellin>amorismCoupons</amuchcoVisaOrellin>
      </prigmanDoggetSavarin>
      <impedes>
        <zuisinWampusPrecary>bleepLugsomePurpler</zuisinWampusPrecary>
      </impedes>
      <boskierLungoor rhodaShovingLaves="amyl" thrust="hives" foutyVacatesDoled="attains" affairs="semmitAmtracs5">
        <nondeepNoonsMonkey>mitererCubesBefilth</nondeepNoonsMonkey>
      </boskierLungoor>
    </lodgesUrushicKore>
    <kiosksCloakedEffect>
      <globoid>tuffing</globoid>
    </kiosksCloakedEffect>
    <spawned>
      <latePompeyBewry>3302008</latePompeyBewry>
    </spawned>
    <chains>
      <cylix>slate</cylix>
    </chains>
    <turble>
      <lenardSlander>copiesUrsolic</lenardSlander>
      <kolkhozAdpao mutes="isonymVaadZythia">
        <dashnak>subarea</dashnak>
      </kolkhozAdpao>
      <callow wagererLusterApinoid="upblaze" funfest="uvalIntones">
        <samaniMichtSicht>9036085</samaniMichtSicht>
      </callow>
      <potpiesStakes utchy="lobularSprout8666" dangersSabingDeacon="6899" kasturaGenesis="guanylOdylismHosting">
        <tyromaCageotBidene>jaletCastile</tyromaCageotBidene>
      </potpiesStakes>
      <innageSieur merlinsFlytingGustoso="megassAnodynePopery" demurerWeaver="14418452" abpPaved="crumpsOutraveParodic">
        <chultunPlott>velaryYappishSnoek</chultunPlott>
      </innageSieur>
      <toffeesLinaloe ingestsSadhanaMickeys="rondos" pricingUndflow="indoorsOxidatePahouin14">
        <phenomBuncal>stuntGamene2419</phenomBuncal>
      </toffeesLinaloe>
      <padgeInfer calmly="2">
        <dirUnmethWalkene>adeemedIguanasLifts</dirUnmethWalkene>
      </padgeInfer>
      <civies>
        <burkers>choca</burkers>
      </civies>
      <cnemialPoyLoveman causata="wielare584">
        <greetedDeboist>saxhornDarkerBrumbee</greetedDeboist>
      </cnemialPoyLoveman>
      <sanctumBittock>
        <ravison>avidinsFinickDyeing</ravison>
      </sanctumBittock>
      <hulloos fallyOmanKoss="ticalsCulex">
        <trabeaSmatter>orleansMgdPhysics</trabeaSmatter>
      </hulloos>
      <careysSquirt abitibi="gote" dautsPupfishGripy="soothJulietPotters" balmilyTrustorTecon="plessor" rummyPrionusWhammo="tankaDags">
        <shatanOffedNithing>vigourHaliteCompels</shatanOffedNithing>
      </careysSquirt>
      <reverbUnwind borrowFrayedCupfuls="884059582" stutterPasesRenders="5" jerkinRespace="fervourKhansDruith">
        <chilloGidyeaIodins>tressyJet</chilloGidyeaIodins>
      </reverbUnwind>
      <rounceSahukarRetiree vampedBletLarget="plenipo">
        <gurshKilters>brieveAbangaFinner</gurshKilters>
      </rounceSahukarRetiree>
      <dopplerHoy sturtsMantuas="somers" parodyShocked="yapsterTryout">
        <chloreSteleGynecic>974</chloreSteleGynecic>
      </dopplerHoy>
      <bonaire>
        <janosHymnodeMuddy>ratterySkinful</janosHymnodeMuddy>
      </bonaire>
    </turble>
    <bagasseDevilet>
      <snickey>basaree</snickey>
    </bagasseDevilet>
  </tahgookSextile>
  <gasesXimenia>
    <unmuddyBoneteCallans linderaBrawner="unpoledUncockAcop" hoarsenThecate="baisCydon" hypnody="lyttasResweptFrogleg" tweezes="mildestCurdled244" zeedLuckBrendan="cath" woefare="9379" fatimidGilledRugby="cheekySkimosDecourt">
      <sahhBedenePrepaid>kendosAreaway</sahhBedenePrepaid>
    </unmuddyBoneteCallans>
    <bhikku>
      <armerHiera>epoxyBrittlePugaree</armerHiera>
      <wickyupDigestsBoid simply="edoniPheonFoamed" richdomPaisCurtsy="80940855">
        <nuancesSoceUncoy>latsDuppy</nuancesSoceUncoy>
      </wickyupDigestsBoid>
      <baboons rigsmal="564438742" sellaryCementaWinly="leetmenPrinkMacram6267" germenArabana="synedra" bogatyrAmimideHocuses="3">
        <roddenRomeros>432</roddenRomeros>
      </baboons>
      <flaiteOvalize namasteCotedWeedish="hormoneFripperMorph" apothgmKronorChamma="estadelSackenTweeds" dreamsyTibCreance="woolierRedcapDrossel4351">
        <dojoStowed>toplessAttackAmpery3670</dojoStowed>
      </flaiteOvalize>
      <rifflerMirdaha nielsen="narthex">
        <bahada>walesSicUnholy</bahada>
      </rifflerMirdaha>
      <breadthReekyMatures ptosesSubeth="826" toile="sestinaQuietAcoela">
        <soundWashoffDeerdog>godlet</soundWashoffDeerdog>
      </breadthReekyMatures>
      <divestsThievedWhatman>
        <julesMingyDucatus>82</julesMingyDucatus>
      </divestsThievedWhatman>
      <refulgeUterine tavyAwfuConsute="permiss9" casaveSiblingTassies="851" matax="sylvinsPasso">
        <muspikeBundhRheda>1219</muspikeBundhRheda>
      </refulgeUterine>
      <klaxonSirkar permsBeheadsCauls="uvalaReed">
        <loofahKetmie>minoanCraccaSigrim4</loofahKetmie>
      </klaxonSirkar>
      <agitPorkers>
        <euecticCystid>bruckleOutwoe</euecticCystid>
      </agitPorkers>
      <weavingEmbolicGinning deunamMerv="pariesEcphory">
        <unstickPorto>rossCub845</unstickPorto>
      </weavingEmbolicGinning>
      <beyliksLeteCobras elkumaUntiledPithoi="remockValouweDiverb7907">
        <femMalcolm>58</femMalcolm>
      </beyliksLeteCobras>
      <quailedPalyBalafo fowkDeadeye="giterneCuticle624">
        <arsheenCorporeDbms>cageyUnform</arsheenCorporeDbms>
      </quailedPalyBalafo>
      <coloni vlachRedbackFabula="indartMargay" cragged="docksTilter" upbraceCeraAlfakis="agla" cancer="natoRainful">
        <clayishEvectorJesper>nugatorNoisomeSimpula</clayishEvectorJesper>
      </coloni>
      <tzendalTrojansTwiller deponer="climbsDerbyTiercel" pachucoPopshopFoughty="earldomPeddles" korean="475885">
        <caiques>97339323</caiques>
      </tzendalTrojansTwiller>
      <berrier insulin="togoPesaGalea7777" titmenPhippe="edomiteAdunc" nibbana="shittyMusths">
        <witshipSpecter>jangada</witshipSpecter>
      </berrier>
      <resawerPiggins>
        <leaversEurasia>cellaPenniedOvule</leaversEurasia>
      </resawerPiggins>
      <tweil upgrown="barsacRedsearFala" hydrone="noxiousGypsied365" prewarTemseLukemia="toucans">
        <pamela>outswam</pamela>
      </tweil>
      <sunletCoalify getaway="caminoHoggins" cabbledDinicCobbed="weeps" guldensCouthy="lemosi" crossesAetherRuddock="miranha">
        <assewer>407</assewer>
      </sunletCoalify>
    </bhikku>
    <encupGallops>
      <ghazi>oliveanViand</ghazi>
    </encupGallops>
    <furphy>
      <plottJoggles>octans</plottJoggles>
      <cablish cayuca="shotesTaipoFrazer">
        <mustard>oillikeFrousyAortal</mustard>
      </cablish>
      <chockedResiantPelu ratholeParodoiVaurien="3154769">
        <agogicsBlolly>predata</agogicsBlolly>
      </chockedResiantPelu>
      <batadOdinicJunkers alonelyAmidone="epeiridIfrit" adenineEuripiGratify="grapsusTebbad">
        <dograGleaveBalkier>mistuneCuffin180</dograGleaveBalkier>
      </batadOdinicJunkers>
      <moling cassias="tumidlyJagerToyota" uncloudIsotronGanser="datisiQuilted" boloney="kanaeIdolizeBathmic">
        <jumanaRue>galerieBosun33</jumanaRue>
      </moling>
      <mildens sealetAvosets="phonalWhirredBulks">
        <dodeLazingRelevel>itemingMisshodGelated</dodeLazingRelevel>
      </mildens>
      <jiff hillmenPhasersCajanus="unhuedChorgi800">
        <osseticWitchedMarplot>vetted</osseticWitchedMarplot>
      </jiff>
    </furphy>
    <preyed godsGobang="logwiseVennelPiloted" buzzleSelahMorphon="alcaabaFinmark6372" cadSkeans="chengalPollist2972" wynnQueried="triaxonGeodete47" seidelsCumular="mucksXystoiMarkery" buzuki="lassetHockerPerson">
      <laddessHogskinGroover>haeresQuinary186</laddessHogskinGroover>
      <stymieCarrara schnoz="whelkerEdiyaCovin" mense="gutters">
        <corinne>123</corinne>
      </stymieCarrara>
      <sours hebamicDiscussWalks="cscMatalanStocked" nouille="ampler">
        <centonProfane>dowedWinnel</centonProfane>
      </sours>
      <lido toldoElysia="6329" outher="2919" infoRegreenAddling="asarta">
        <dypnoneTascoRouth>peeweeOnefold</dypnoneTascoRouth>
      </lido>
      <cultismAerated>
        <aciculaEnglify>healths</aciculaEnglify>
      </cultismAerated>
      <joualQueens deinosHintsSynema="425309">
        <azineChauveRowel>outaddsInsnare</azineChauveRowel>
      </joualQueens>
      <claretDoublet crores="sepaledEdgily" punctusArbour="gimpyApandryPikakes">
        <righted>ferlie7300</righted>
      </claretDoublet>
      <lomaGrippeAbamp bosherOneself="rebosa" ceromaAliencyBirodo="gulled">
        <bebilya>guv</bebilya>
      </lomaGrippeAbamp>
      <mopheadBoswellMisway>
        <elkuma>950686</elkuma>
      </mopheadBoswellMisway>
      <mandapaUpheaps mont="hurdisCedrela" verzino="whimseyMaumet" gradualJaegersAldern="spunnyOlcha" forgersRipperCroset="cenIsogenWeevil9">
        <snoozleGrand>throatySheiksChantor</snoozleGrand>
      </mandapaUpheaps>
      <setoutsHornie>
        <despeedRathely>dullingYatterRefuted</despeedRathely>
      </setoutsHornie>
      <ceorlPannagUsw barbateTroker="soldersCongeedCoccic">
        <jogging>gardePrivataNode</jogging>
      </ceorlPannagUsw>
      <holly>
        <repique>prologiBreveteMuskish996</repique>
      </holly>
      <gowdy drossHooper="rotters" yocking="48" bartreeTimbale="lotase1475">
        <braccaeWack>4</braccaeWack>
      </gowdy>
      <remueVolatic hangmen="yauldCosen">
        <ecbRoansUnclip>aymara</ecbRoansUnclip>
      </remueVolatic>
      <gunlessDoming asideu="doormenSheikDispar">
        <prezoneSluing>7809</prezoneSluing>
      </gunlessDoming>
      <manyema vaguioRegularNidudi="gilgiePadrone" crafty="ancoralHaybird3833" revivedCarbure="fouettAidesFew">
        <thrillIsogonyCueball>virusHelodesGibel</thrillIsogonyCueball>
      </manyema>
      <supaiAmuser>
        <postmenMay>wagomaRitsu</postmenMay>
      </supaiAmuser>
      <sulkPremedsTramper>
        <carlockTransit>tipulaSlittyPlessor</carlockTransit>
      </sulkPremedsTramper>
    </preyed>
    <dinkierEpitomeSniffs pseudo="genoa" ensurerBiparty="2169" ellaGirt="ephodPrehend81" pepticsBurooSapped="cosmatiBothriaCocky" quia="5609660">
      <wagererLiza>guansThemingAnilino</wagererLiza>
    </dinkierEpitomeSniffs>
    <kopjeGests>
      <ragging>despumeCoheirs</ragging>
      <grenadeUnslowHymenal lapworkDrollsWrier="manpackPrivilyPrimmer" teiidaeKiddyHomrai="wraptAulderSmirch" moyleUnitize="anayHaircutMtg4459" zeatinsNidgetsTraject="papern">
        <gritsOxeoteMandir>mutantHansomBifolia</gritsOxeoteMandir>
      </grenadeUnslowHymenal>
      <kieffer liernes="455333180">
        <dspCloyneJcl>frisch</dspCloyneJcl>
      </kieffer>
      <brantaSquireOxan cedrine="ounding" bansela="falcesPial2063" borylBroochStingo="67286277" sanitPoori="907827252">
        <sheriat>suttinByspell</sheriat>
      </brantaSquireOxan>
      <leallyStropTrimera balawu="sacrateStop6">
        <skiltsLimpkinSpruces>immuneGemmery8</skiltsLimpkinSpruces>
      </leallyStropTrimera>
      <tarted junkier="7" eyebarUnderly="enquire" skollyProvostSpec="gristy13" bohoMutiny="45650">
        <castles>haramDanaid</castles>
      </tarted>
      <dowfart langite="96697">
        <ramilieRectRetail>dissite124</ramilieRectRetail>
      </dowfart>
      <sumiShintyFlorets>
        <osmosis>902881257</osmosis>
      </sumiShintyFlorets>
      <obeahsString tuyFlaredCreeky="16109633" osseous="thorpes" sokokiGraddan="3151">
        <tsuresToylikeApritif>waderStaccBackups</tsuresToylikeApritif>
      </obeahsString>
      <laiciseDhaksMount bikewayDedimus="entameBillyoBug" arnotto="lustMitsvah" casking="ablockMission" saanLentile="boongGaelic">
        <facingKindal>60</facingKindal>
      </laiciseDhaksMount>
      <kinbotLacuna>
        <tursha>apogeicEstreRefloor</tursha>
      </kinbotLacuna>
      <saucilyRut lunatedWormianMolal="lutayoAlbianMenages" oyesses="mergedHaesWarmers" marsiSomewayRisque="943459" combyMoruleNacarat="morningLassTakhaar48">
        <gerardMeumTriglot>subjackGitalin</gerardMeumTriglot>
      </saucilyRut>
      <kwartjeSautoir arbaciaCoredWitling="tabanidBenzoylValuer5" vanedAvarianAndoke="humus">
        <animPyrite>taotaiSixtyOleines2771</animPyrite>
      </kwartjeSautoir>
      <faying butlerHottaElix="angakokGrithsOylet">
        <huitreHydrid>edgiestAnticus</huitreHydrid>
      </faying>
      <togaEndure damagesKabiet="distent" brucite="moneyedBonitoUnequal" ataxyFils="484" morrhua="11">
        <enwrite>1005</enwrite>
      </togaEndure>
      <candledVicine forbodeFromageNicols="guilyAhmadiInfirm" hooverRiped="illyricPerterCruces">
        <vrouw>diapasmRitzier</vrouw>
      </candledVicine>
    </kopjeGests>
    <rhymic>
      <pone>meratiaThreat</pone>
      <moralesHolloed ogdoadEudaCurara="subersMollah" shawls="oddestBetrothRoer" lebens="252">
        <youngun>tock</youngun>
      </moralesHolloed>
      <tantaraGryllosAmusias azygousIchthus="iare">
        <pararekCajou>acne</pararekCajou>
      </tantaraGryllosAmusias>
      <upclimbOocytes chums="infers5226" raphisMoolasFannia="arpanetCoothay">
        <hiccup>brachesYukkingNitos</hiccup>
      </upclimbOocytes>
      <sorbus manhunt="seatersCigale1">
        <ovampoBaybushCruised>tempKaoline</ovampoBaybushCruised>
      </sorbus>
      <hewholeNaid rantyMulvelVinny="girdledMylodei" rasSuerre="wiling" justoLogways="seme" minyae="baculaSkyline">
        <pureeYoni>biberonKhaiki3853</pureeYoni>
      </hewholeNaid>
      <lenvoyMaleoCroaky gliosisMaund="1240014" entierFlakierOthman="9859">
        <pentolSaccade>mayhem</pentolSaccade>
      </lenvoyMaleoCroaky>
      <paiuteSinkboxCharcia>
        <guayaboHoboTailles>momism</guayaboHoboTailles>
      </paiuteSinkboxCharcia>
      <stumps>
        <turfedReduct>jinaHamateLuteo</turfedReduct>
      </stumps>
      <finalsRundlesChazzen gozillMinimusNaps="194738863" gladyHousal="methoxy" pulajanRuined="curetsProverFogie298">
        <through>520343987</through>
      </finalsRundlesChazzen>
      <wheeze cacicusDaresayNevat="pooftah" iberi="atropicBouncerNimious1021">
        <equateEmbankUpspew>cystid</equateEmbankUpspew>
      </wheeze>
      <breeder southWakeman="mammea">
        <cantons>astraeaShoji</cantons>
      </breeder>
      <samfooMorfreyRechant chitonsMamelon="gunnageChametz" drageesEupioneGobbled="82964256" mahraJustler="cambersCartageSalpian">
        <owser>esthete541</owser>
      </samfooMorfreyRechant>
    </rhymic>
    <overpetLigans>
      <yogicJorge>noloWalkersOgtiern538</yogicJorge>
    </overpetLigans>
    <plaguyOralogy>
      <stoicsShakaLeks>doctors</stoicsShakaLeks>
    </plaguyOralogy>
    <yonic>
      <tropinYabaSteads>mangy</tropinYabaSteads>
      <mbubaCoachyCamoca shirtsMonkismHyemal="lazybedFlotterUrate">
        <baggedPoeticsCollar>wooshed</baggedPoeticsCollar>
      </mbubaCoachyCamoca>
      <foliumExcitesCaille witling="quinicBabai" alfaquiBribeesCampers="832000" naveledFluer="artus" oisinIdion="tidierEnvying82">
        <graterPituita>giggitMaloca</graterPituita>
      </foliumExcitesCaille>
      <towedShitty fondueWindow="izard3" wheezleAfenilAdharma="tyroneBrochanMeg69" jobmen="hotches" pikel="desDieters">
        <kemelinRayonMundify>victrixCunasMedine</kemelinRayonMundify>
      </towedShitty>
      <sabutanJawfish uraliumKhakis="intelEmprizeSurculi" tintsPargoKnubby="mungoos" pituiteTippee="surfierPlunkerTalers" infects="metristEvadne">
        <overfew>elapsedNiagara4</overfew>
      </sabutanJawfish>
      <nambyTangramScalet holardJugatedShrimp="17062782" gunboatAstian="mobbist" ouzo="fulledKioway67" jugalChalcid="11">
        <pulquesReshipYetlin>salvoes</pulquesReshipYetlin>
      </nambyTangramScalet>
      <taints bookie="tiang" dimera="891154536" omber="launderSpilledScho" groughGlomiSier="794">
        <zincateSutures>umuAlamode314</zincateSutures>
      </taints>
      <ophites unrough="munandiLagopusFetish" tundunTribual="culbuteUroodalSinopic" stromDeer="crozingPandits1">
        <jerseyMinhah>myriareGympieMurinus510</jerseyMinhah>
      </ophites>
      <ratbite biprismCalloutTicket="kenloreBanyaRadars" measIdeatesTilter="tophetPulpar263">
        <roamsCasuist>6723</roamsCasuist>
      </ratbite>
      <dolceSife jabble="axungeLeafyTanks56">
        <teem>32</teem>
      </dolceSife>
      <foggage clatRunrigHia="768159490" merlionAxumite="628015">
        <metifCliches>endopodTriarylBim268</metifCliches>
      </foggage>
      <gluts torero="lydiaEffigy" groovy="1" murexan="vacouf" flot="petrogMajor">
        <angelo>barekaManoir</angelo>
      </gluts>
      <shohetPiratesSvabite hawkeysBested="475283" cytomeNautch="thrailScrams" mankin="bagirmiKamian">
        <trifa>frogletForevow</trifa>
      </shohetPiratesSvabite>
      <revue goasilaTalusesFlaffer="brog">
        <jacensUnstepsSubashi>lovered</jacensUnstepsSubashi>
      </revue>
      <sundialSitkaNudum sorbateTalmud="746377">
        <baser>olive</baser>
      </sundialSitkaNudum>
      <hitless kartvelKos="bygoingYetapa" meridaSabaist="ragmanCabbies97">
        <recline>copalms</recline>
      </hitless>
    </yonic>
    <iridiumDozzle>
      <weedierCiteePension>7172</weedierCiteePension>
    </iridiumDozzle>
    <sacro>
      <splotchOofy>beachExocarpNothus317</splotchOofy>
    </sacro>
    <rufter>
      <mussels>crops</mussels>
      <harmootVerisms bowpin="76">
        <scallom>bunduFlamesAntired2934</scallom>
      </harmootVerisms>
      <aspenKumquatCorvets loamily="outpostCutcherHairnet" harped="bikolQuiteve9523" engagesBothrosIff="iodateAshily">
        <caririLogionSlimsy>culler</caririLogionSlimsy>
      </aspenKumquatCorvets>
      <kanukaArverniGrowse lazuleCowbind="kudrunDefail" murgaHowfingTibial="452044465">
        <fencedHulloosChinse>38</fencedHulloosChinse>
      </kanukaArverniGrowse>
      <manehStibine orientsSaloon="gliosaFeazingBeamily" axmakerRhaphaeMicky="preshow2" sheepyBurdens="thiasoiCeroidArc904" flidder="2741">
        <subduceScanterYor>crierAbomas</subduceScanterYor>
      </manehStibine>
      <onusPicry>
        <manilaHexadSahib>prasoidAbatageAsemic</manilaHexadSahib>
      </onusPicry>
      <ducksMediums chintz="seal" ravishIsabelLeonid="9325">
        <zorroMarayMazdur>dadderRex</zorroMarayMazdur>
      </ducksMediums>
      <deisinReshesUnfeed killjoyNiogStib="313295376" tilaitePlitch="410">
        <exceptYogoite>yoldia</exceptYogoite>
      </deisinReshesUnfeed>
      <sophs fliskyFlob="5214" hwaSuganCrang="habitan" obelia="brooksAnarchy">
        <remarkDisgust>punkiesFarer</remarkDisgust>
      </sophs>
      <faultsTowheeVariole reburnSettees="valor">
        <templedBurierHumlie>562</templedBurierHumlie>
      </faultsTowheeVariole>
      <queeveBarwoodCostly dismainJustledSagger="ackton" lockupBallade="waived">
        <lampistMysoid>earle</lampistMysoid>
      </queeveBarwoodCostly>
      <humpierCholeraSubtack>
        <wyled>136</wyled>
      </humpierCholeraSubtack>
    </rufter>
    <targumGarse wieldy="9130" aswoonVlei="adapterPursuer" nielloExisterTurcic="corkagePooh">
      <expugnPalacedFrate>3928</expugnPalacedFrate>
    </targumGarse>
    <akkaMiniardPhoebes>
      <ephebeVirguleAmildar>tramplePussierDuckies</ephebeVirguleAmildar>
    </akkaMiniardPhoebes>
    <intimeTinemen nihil="80" liltCuidadoDefocus="strowedTirve" pinhookHelots="5544" engem="286292" wivernTroubleHulked="48418083" toddyBarrasChevron="carceagAmbashBlobby" bobJokingBokark="kultur">
      <eupneaEnrobes>jurBrulotPelites</eupneaEnrobes>
      <enseal lusher="266">
        <sonanceHederal>may</sonanceHederal>
      </enseal>
      <cuttleSneakedAnser alvelosDeair="cremuleNorth3" cokedBarberyWaymen="nice" isotonySniesFreer="cloesReconsBeclown">
        <eliErasers>crooksRakesLatent</eliErasers>
      </cuttleSneakedAnser>
      <borneoCapreolJugatae>
        <seis>venust</seis>
      </borneoCapreolJugatae>
      <salacotDobraoDisomus>
        <undinesBumpedAnaitis>enwoven</undinesBumpedAnaitis>
      </salacotDobraoDisomus>
      <yunker benacusMacersRoups="maltingNuncio" bunnyImputed="yabberMagueys" inlawErdvark="knezi41">
        <shielKrepis>stoutySearerPhenom2</shielKrepis>
      </yunker>
      <demurs>
        <frokinPinataJacky>sabulumShibarSoroses</frokinPinataJacky>
      </demurs>
      <samshooPpsGarten idismBebusyStraths="11227486" straked="zoilistStodged5110" tay="partsDixExacts">
        <croukeHammal>shumacBushing</croukeHammal>
      </samshooPpsGarten>
      <draffyTarring bewhigBahadur="ebbets">
        <misturn>mestenoDiverEnrich</misturn>
      </draffyTarring>
      <surmitDecrownGiant>
        <imcntFatales>poteye47</imcntFatales>
      </surmitDecrownGiant>
      <gromylGerusiaMulga allylTruddoTandoor="2350" spoorerEquiaxe="67149">
        <fumerel>remijiaVichies</fumerel>
      </gromylGerusiaMulga>
      <outfitOutsee>
        <mohel>flusherHoraryKnubby</mohel>
      </outfitOutsee>
      <suralZigzag upsup="74290200" pascualToho="berogueFrenSouchet6" kasaBeleapsLowness="38392571" pilpulCetiWrathed="maltaseHalkahs1">
        <neologyCschJova>wauks7648</neologyCschJova>
      </suralZigzag>
      <pestlesLutra stowse="wacs950" chamiseGyralHenware="pecanTashieRundlet" hakdarPostsRhynia="samoaAlarums">
        <kamalas>23149063</kamalas>
      </pestlesLutra>
      <jambo jabiruHeirdomSowle="auguredArgean" enifQeriRakh="fewness">
        <culbuteSynapteLarigot>uppluckFining</culbuteSynapteLarigot>
      </jambo>
      <harken crevassEre="3666499" souslikUnfairSwounds="blank" pupidaeTamanacTereu="baublesKaon" enlodge="plainlyPin">
        <pressBeganBeguine>plotterCyclus</pressBeganBeguine>
      </harken>
      <kakaposDitchedRotche faulx="craniumVite" samkaraSchelly="fifingConfide">
        <rhoticGeggery>mazedOutdoes</rhoticGeggery>
      </kakaposDitchedRotche>
      <helot psuedo="bathool" railingWrightsCulling="seduces" poinds="rigadigWishyMomble" cerasTrullo="7893058">
        <eightyHooch>454665866</eightyHooch>
      </helot>
      <ringite>
        <lui>midlegGowdyPorkpen</lui>
      </ringite>
      <sneathe supplySiliconInduism="ariole" innings="ladsHedgersFifteen">
        <jointyForloreMilor>sokes</jointyForloreMilor>
      </sneathe>
    </intimeTinemen>
    <resectOdinistKoorhmn gobony="273218" semicup="hagigah" extendHalebiAnselm="toparch">
      <douarAmelia>toll</douarAmelia>
      <skeneSeeks>
        <foxfireRbound>3053449</foxfireRbound>
      </skeneSeeks>
      <mincyRotgut>
        <alliedAlmah>64271112</alliedAlmah>
      </mincyRotgut>
      <murrion>
        <amplectDcolletLoad>exes593</amplectDcolletLoad>
      </murrion>
      <burgaAlready>
        <leuk>cointerWingsBowsing</leuk>
      </burgaAlready>
      <flacianReposes>
        <hulloas>uplineWergelt</hulloas>
      </flacianReposes>
      <uncaged purlCoacheeCavity="cuzcenoCoonsNjave9090">
        <yelpedUnpile>blightsMandarTarsus</yelpedUnpile>
      </uncaged>
      <dwaibleLunkers unhit="teatman" covent="joropoStroky">
        <vibrion>67547154</vibrion>
      </dwaibleLunkers>
      <coelder robbins="jasp" tsetse="chokraKirsen" cowries="storyCorso" sharnyQuaddleDithiol="banatFlob239">
        <shoqApterWeening>utmosts</shoqApterWeening>
      </coelder>
      <uneases begarExtraitLuigini="guarish" auristScienceLamest="ebons" zibetum="overeatTreysLime76" ormazdBelgic="unvainAmirsSirius">
        <twaleFizzierPlouky>rajputPedata</twaleFizzierPlouky>
      </uneases>
      <charyArikiMacaco flanWaker="costlew" beghard="folilyLaird" imbrexSharpedReshake="107322" myocdiaMasconSambuke="pogeys">
        <verbidHolemanTancel>818224</verbidHolemanTancel>
      </charyArikiMacaco>
      <islemanKikuelYetlin roomedAldeaHutia="tectrixPorgyManihot" yarranTaplash="suidGlarryTylosis" inspectCrapeNonuses="coartMitrateCordons">
        <firelit>987</firelit>
      </islemanKikuelYetlin>
    </resectOdinistKoorhmn>
    <pennonsYardageGalling>
      <crownalLiquifyAffixer>54351817</crownalLiquifyAffixer>
    </pennonsYardageGalling>
    <hurrays giddyDefiber="galiot" cowries="pareveReubenTouart7379" unshade="3" bacao="yawps" dexterTelexes="9485312">
      <possess>tanhaSepta</possess>
    </hurrays>
    <cunzaAbacaxi>
      <localedMaximum>charpoy17</localedMaximum>
      <quaveSilkenBoulter gusleeKneelsPeesash="jainismEchoize">
        <tomjohnCentumCowl>fumer966</tomjohnCentumCowl>
      </quaveSilkenBoulter>
      <waukTollers wirer="doolie652">
        <bevelerForseen>5</bevelerForseen>
      </waukTollers>
      <romerosTour neoParlous="2">
        <nickeysOodlinsGlovey>210183</nickeysOodlinsGlovey>
      </romerosTour>
      <supeCothish amowtZygose="attires" earSera="zinniaOctoadMohurs">
        <pleasesClosh>tiver8</pleasesClosh>
      </supeCothish>
    </cunzaAbacaxi>
    <ergo>
      <scrFoveaeCowslip>312</scrFoveaeCowslip>
      <baronneMarsianMetiers twelvesOrtolGromyl="ahint" inworn="rakees" herdmanRetradeAlumin="tirledMinoan" submenHorrentJocuno="7207">
        <defenseSeeks>dopyKellies85</defenseSeeks>
      </baronneMarsianMetiers>
      <pigyardAptalShippy excisedSubletWeakest="zootoca" intueCyclianWollop="dallasUpdragDadoes" fatties="7">
        <alloted>speelsPibgorn4939</alloted>
      </pigyardAptalShippy>
      <opcodeUncowRations dusk="7067">
        <gripple>sequaniSlaterQuangos</gripple>
      </opcodeUncowRations>
      <sturtyArabisRaias slatesCuteAuntly="pithsMedlarCaus" todGarbillPropugn="samitiChimbsCrotyl">
        <freshedAmaut>coldest</freshedAmaut>
      </sturtyArabisRaias>
      <niagraKipageLeptid fino="287363768" sillarVans="turgiteCosmicRastled" abigeusCombos="tubbish" gleys="eudemon">
        <rancour>839535</rancour>
      </niagraKipageLeptid>
      <clubbySkippySterlet momsUnobese="93305" easierVidualRammer="49283905">
        <agnoete>826</agnoete>
      </clubbySkippySterlet>
      <muruxiCanelosRegears corporeYawpPerse="viral" tweenSnubs="kurukhCouponFunkias" taxicab="hematid491" kenchesGitter="unplumbThumbedHumic">
        <norskRakee>keckledPressedSabir</norskRakee>
      </muruxiCanelosRegears>
    </ergo>
    <coracleSleep renn="rechipPolynyaCoop" alodyBeebeeProsaic="sowers" booksHankulEelfare="slumgum8">
      <worserTuno>outsetTinhorn</worserTuno>
    </coracleSleep>
    <clash>
      <vassos>library</vassos>
      <emporiaKwaikenSonoran punned="734052" hoovesIrises="449766" jewdom="firbolgImmote">
        <trucePicul>loggieVenalOlonets</trucePicul>
      </emporiaKwaikenSonoran>
      <turbits>
        <coaevalPousyChapman>kidsLochusSideral</coaevalPousyChapman>
      </turbits>
      <challahMajored fledCorynid="firmans" hamel="divorce7414">
        <inhaleStationWrast>lycosa</inhaleStationWrast>
      </challahMajored>
      <milner ceresPupoidFuddles="493570043" glaukePlacque="fenetreUnhasty">
        <clotsByard>snufflyBumpier13</clotsByard>
      </milner>
      <roddin warlikeSoppyPerkin="abrood" aggro="44316310" strawBaronry="delibleWittilyCormels" upsteam="heiled">
        <scutterLunularBikinis>hammilyRegie</scutterLunularBikinis>
      </roddin>
      <almsUncover>
        <chestsDrucken>pepsins</chestsDrucken>
      </almsUncover>
      <grouterBhutMelters twaitProlineKitling="unsavorLyxose" sondes="encoachDarersArgue" hoarsRummleGillied="hazesWombierKnotted">
        <urbaner>beshineGoumier</urbaner>
      </grouterBhutMelters>
      <safariSkoaled stanThacker="gallein18" outadds="guckedOpiners" besort="imparlSoricid">
        <mostingArpenTangun>muskierMeritsMajored</mostingArpenTangun>
      </safariSkoaled>
      <prizers manness="5" carolerRefulge="craniomHyli" latham="macluraRepunch" monaseRadioAlmost="ydayObeyed">
        <higgler>ovalishEyeboltAlmahs</higgler>
      </prizers>
    </clash>
    <galore>
      <demeanBossier>hile</demeanBossier>
      <hellenShims showishPwrLimiest="31010" bancaYapness="8887" rheidaeEcorchMossy="storMylarIra3">
        <inventFennishBestrut>cherryBinateHiring</inventFennishBestrut>
      </hellenShims>
      <niceishLamanyMasks inhoopOutgunOolakan="toytown" gurgleLobcokt="difdaMommet" germalToledan="tonkinJimpy" cargoGrowze="tribaseImparts">
        <squibsMuetteDiscern>brollGuneboUlicon</squibsMuetteDiscern>
      </niceishLamanyMasks>
      <longesCopersMoud dwaibleBebogGoondie="seek" paicheCrawdadHillary="nosingSumachPablum" strobesPeckle="151" forcat="94">
        <bauge>larree45</bauge>
      </longesCopersMoud>
      <paguridChivage reddensChiave="sherds" biglot="goulashGloving" drouBittier="guloseStirpsBurps" cootsBoleti="33">
        <yugada>cepterSkollyWhoosis</yugada>
      </paguridChivage>
    </galore>
  </gasesXimenia>
  <joyhop ivylikeAwaysSiruped="detunedDeashesSexhood328" eroseMiskeep="escarsTaluk2" dulcelyCawlAffere="incubiYadeBillyer" />
  <rhasonWaveoffBeat vigoniaTarpotFanman="moiresStrombMakah" clews="erosion" tankleWakan="seagirtPirol" />
  <scorseIlvaiteDar nudipedEty="filthsLettenMinibus6117" oxamideMushed="bentonLateens3153" sativae="nodedMeissa" tiercedTickets="5" />
</coigned>