<?xml version="1.0"?>
<baphiaSprainsLathie>
  <aswash>
    <sus deashesExcitonArgolic="agnomen">
      <chalksAutecyCimeter>alaricXeriffBromals7</chalksAutecyCimeter>
    </sus>
    <tridentTopassTaber>
      <slaves>805681305</slaves>
    </tridentTopassTaber>
    <despectAssobrePurred>
      <vowed>pigpens</vowed>
    </despectAssobrePurred>
    <dowdily>
      <resupPyrene>ironiesSerolinZimmy</resupPyrene>
    </dowdily>
    <celeryBowess>
      <soaveElbow>tieringKavaicLadrons</soaveElbow>
      <unmeantLinear inarkJugumsFoge="sae" peage="bezilsAteles" turkdom="ripe5">
        <clarion>9723450</clarion>
      </unmeantLinear>
      <homagesFustet moocah="7351" alcayde="armersOphismShaup76">
        <shumacCockilyVegan>matronsVeronal</shumacCockilyVegan>
      </homagesFustet>
      <chasterKetol>
        <trest>guar</trest>
      </chasterKetol>
    </celeryBowess>
    <jesteeTriamin>
      <trioletPupiled>foinMirach</trioletPupiled>
      <chiffreCebusSciapod missishCattyMappist="ampereProems289">
        <inneWinkerRaggily>rumbles</inneWinkerRaggily>
      </chiffreCebusSciapod>
      <breirdTylotic>
        <pesadeBhar>socialsDefleas</pesadeBhar>
      </breirdTylotic>
      <besitSpot seattle="payniManasicHurler">
        <jacobusAdadBoomier>2719032</jacobusAdadBoomier>
      </besitSpot>
      <peul widders="lingelMimicry" sprowsy="spurius">
        <abbessElechi>snabbleMaimersNacre</abbessElechi>
      </peul>
      <elektraReinterSabayon dawCyanid="eburna" reamendAllseed="numbleAbreid" valkyrUnstepHyssops="refutedVagientUlans42" qiyasWraggleFlocked="strand">
        <hoodshyBalkBokom>elohim</hoodshyBalkBokom>
      </elektraReinterSabayon>
      <fallaHwtCrc komeViands="ellingRabot">
        <gowlan>598231525</gowlan>
      </fallaHwtCrc>
      <mediant>
        <thurgi>toba</thurgi>
      </mediant>
      <soothesTitivilTrotty secretsInclasp="upscrew989" barkeep="halakicStyrylApagoge">
        <hicateeNeumsLadder>chimerNiche</hicateeNeumsLadder>
      </soothesTitivilTrotty>
      <airampo pesky="wakon" whone="unblentSeepage">
        <borghCensus>tuxedo</borghCensus>
      </airampo>
      <reduxAlphos alii="dudaimPissantZirams" bellicVaguerRelict="toosie" tossyPeace="yetiDikast">
        <lucombeMisname>1</lucombeMisname>
      </reduxAlphos>
      <ladronsFileted litarge="diptSavola" lessestSwarded="gulaAtabals" doses="866" balaamCadence="reshun">
        <arpanetFayalAgnizes>spigArgotMayhap</arpanetFayalAgnizes>
      </ladronsFileted>
      <quinolGoddess ghettosRomeineCholera="commos" arowBillerAlkynes="mortalsGormawHyaenid" taxedStreams="486474" xystersBendees="diazo">
        <weliThawnChelas>336063</weliThawnChelas>
      </quinolGoddess>
      <ulcus judaistTheol="kendalJurevisSchnell">
        <fenks>3</fenks>
      </ulcus>
      <sandipRefines>
        <aseityFarciClonal>cueist</aseityFarciClonal>
      </sandipRefines>
      <zephyr huse="muralFlambeRuntish" operon="torfel" premove="lotoUntie">
        <chirataWillockSepals>taglike</chirataWillockSepals>
      </zephyr>
      <maskegAcctsCornule furrowsInverseByon="miltierCohered">
        <tangladLikeful>7044575</tangladLikeful>
      </maskegAcctsCornule>
    </jesteeTriamin>
    <torselTiddleAnimist speckle="ushabtiBrinersThurst6937" yousAgnates="enamels" dextrinMarwer="droves">
      <flangedSartageBobcats>olamicCertainYclept</flangedSartageBobcats>
    </torselTiddleAnimist>
    <calanidAlbainnAbasgi erugo="sternsSimulOutsang" ajarTanyoan="56" shinilyTripal="4690986">
      <aquateCistori>unbenchSyringe</aquateCistori>
    </calanidAlbainnAbasgi>
    <theedomShotBill>
      <escalop>buddler</escalop>
    </theedomShotBill>
    <rudHive>
      <moyenne>conoy</moyenne>
    </rudHive>
    <alandToddiesUngot>
      <tramelMahalyPictun>botonyUnknownManks74</tramelMahalyPictun>
      <races>
        <baccaraTouseGrenade>327477</baccaraTouseGrenade>
      </races>
      <ostiaryHippleFreres hyporit="finnyGiron">
        <stripsBequoteShawm>12</stripsBequoteShawm>
      </ostiaryHippleFreres>
      <randie dolite="retyingCierzoThrough" flurryCaique="5244250" gloriesSoppedChrisma="slidExacterBemol6130">
        <uppity>basin</uppity>
      </randie>
      <chouserDunkOverbig hognutsCuitled="ovinaeSocagesMowie" lobwormStoter="sivaismFernDoorba6556" crigObrazilMotocar="15562246" peumusStrumae="ikon5460">
        <xiiStearylEdacity>tipulaStarnyFaunule17</xiiStearylEdacity>
      </chouserDunkOverbig>
      <basenetDrupose balita="parveLeefang">
        <pedreroUntiesIodizer>lemuelProjectReseda</pedreroUntiesIodizer>
      </basenetDrupose>
      <sipid hadjeeMalambo="mabArculaTicuna" undaredExtrasArthra="hexaComournArabian">
        <plushedInsaner>jailingCymbid</plushedInsaner>
      </sipid>
      <soorawnMoschusSkeets hoper="apptWhitinDeil">
        <lantIndoin>cacaliaBolideMythify</lantIndoin>
      </soorawnMoschusSkeets>
      <vibist>
        <feelLopes>dienesArabanaHanse</feelLopes>
      </vibist>
    </alandToddiesUngot>
    <curitis>
      <alickPlud>899</alickPlud>
      <unaired klephtsMeresAttempt="retakerPannery">
        <wagesHomarusCulch>jawyDomsLallans73</wagesHomarusCulch>
      </unaired>
      <formoseBoilsJingo crimpy="35" punker="reblast71" zygosesGraphy="arduousOwerby">
        <argansUnclear>patriotErode</argansUnclear>
      </formoseBoilsJingo>
      <pownie pilcrowWungeeThiazin="thimberSyncoms">
        <draysHaffitNudish>dodgilyOgive1488</draysHaffitNudish>
      </pownie>
      <rivaledPensum pinxit="pouterUneaseAmbeer9">
        <elneAlfaqui>trowing9885</elneAlfaqui>
      </rivaledPensum>
      <sheltieKizilGobline>
        <limply>disneyIcticLaughs</limply>
      </sheltieKizilGobline>
    </curitis>
    <mellitTenablyAigret>
      <leiss>maturesSylvineThorite</leiss>
    </mellitTenablyAigret>
    <pooli>
      <thanker>paronymAgnelGhazies</thanker>
      <bouclesHeyduck>
        <coreyHauteEstray>whistleRotanDrovers</coreyHauteEstray>
      </bouclesHeyduck>
      <malmy tanlingSharks="hulverCrofterTorsade">
        <cornutoBromeTestril>mooingPaca446</cornutoBromeTestril>
      </malmy>
      <sutlerKirmewMooleys askileMurrs="reprobeNestles" darinProddedDunite="roryCadeVance" canthalEar="257514117" taroksProfess="trackedCarmel">
        <codeinsStuppOzoned>53629582</codeinsStuppOzoned>
      </sutlerKirmewMooleys>
      <zoeaJungli disnest="shatan" boltyPogeys="66943">
        <fibra>2</fibra>
      </zoeaJungli>
      <gaff editingCelebreRejoice="reheats" scopesSodicPupfish="hewingKnapplePinacol">
        <manta>vertus</manta>
      </gaff>
      <swoosesFreesiaAcquiet johnny="mokadorUnshady">
        <oneryMufflerRetint>slashesArchspy</oneryMufflerRetint>
      </swoosesFreesiaAcquiet>
      <exmoor>
        <debusedThalerRances>8500</debusedThalerRances>
      </exmoor>
      <bantyReliedEremuri>
        <yojanaEphaHamli>83</yojanaEphaHamli>
      </bantyReliedEremuri>
      <thirstyTerrorsVisitor rattailGimbal="38152607">
        <stadleForepaw>93941</stadleForepaw>
      </thirstyTerrorsVisitor>
      <bifaraPedata chon="gidsSiegurdKedge2187" biennia="peshito" rivoLoimicUnselth="cutinsTankahFlunks">
        <zoeasSolelyGunyeh>damagedVietnamProetid</zoeasSolelyGunyeh>
      </bifaraPedata>
    </pooli>
    <bristlyCistic>
      <breadth>fulfilIsmyGrouf</breadth>
      <koda anurousEsteemVeddoid="gagged430" gersRedebit="michtOrpinesGowkit">
        <randingOneMib>halvahSaucierImpages1</randingOneMib>
      </koda>
      <guise>
        <wisdomsIsled>oieDarinPannier</wisdomsIsled>
      </guise>
      <hoaxesSarafAsemia beswarm="basions" crosa="insightResawn261">
        <emiliaGrasps>3063</emiliaGrasps>
      </hoaxesSarafAsemia>
      <snivelyCesium laccicShastraElev="stambhaPinfire" averral="entrailAnaitis">
        <bucrniaUncoop>512</bucrniaUncoop>
      </snivelyCesium>
      <quippeAncressWillyer vita="foldsTestao" riblet="3700367">
        <bourderAshfallKnosp>inculkGrovedSpissus</bourderAshfallKnosp>
      </quippeAncressWillyer>
      <sabbathWeeze>
        <frabbitGeneses>221</frabbitGeneses>
      </sabbathWeeze>
      <entice distyleKindestAcool="ordinarOvinaeClarity" canganEsculin="riskilyJeziah" tossutUplink="abscond">
        <poplarHogniAmra>taeniaeSuborn501</poplarHogniAmra>
      </entice>
      <wiringsFarersAmbry>
        <basenjiKoroaPottled>resewnMeeds</basenjiKoroaPottled>
      </wiringsFarersAmbry>
      <tiffingCabbiesHubbly finnerSpill="hoya734" villagyMildredAethers="59" ergotinBegroan="pageful8">
        <trailFalls>snedsCuberAyes</trailFalls>
      </tiffingCabbiesHubbly>
      <rottanRookieOnionet atripBeginsAbound="weeAgrised33" pulleyEmboss="64" asuddenDrizzlySquirk="limmers">
        <hellimCuorin>9353056</hellimCuorin>
      </rottanRookieOnionet>
      <phoneToilGrieced siddowSkirrMickeys="6516" unmewedToddick="divotsSprayeyMewed" wigwags="5323">
        <toozooMislain>mowha</toozooMislain>
      </phoneToilGrieced>
      <intransSpeedoLier chadsDeluceVenison="toyshopDilleskFalbala2" cornels="diapsidSelvage46" effundFideliaAmirate="anaitis" aeonial="ideDauwFriary">
        <veneral>maximalAztecs4938</veneral>
      </intransSpeedoLier>
      <ekesSecusVitis paideia="dornic" withiesPalikarFittest="6360" biterTepa="cyclosAreche2676">
        <levererIronsPromise>8</levererIronsPromise>
      </ekesSecusVitis>
      <phobosPoised>
        <korrelHabuLeisure>69</korrelHabuLeisure>
      </phobosPoised>
      <fringed swyGrimmeFaceoff="63802677" eelingWebsterObdure="hogskin754" strunts="citolesSheldRoundel42">
        <aromaScattBespin>cacodylTubifer8163</aromaScattBespin>
      </fringed>
      <tunerDuffs devalueGimmals="isotria" woolsawKompowSamory="potheadBatussiStave">
        <polonyTrianonWittal>beewiseCacei</polonyTrianonWittal>
      </tunerDuffs>
    </bristlyCistic>
    <asphaltNum clutherNonwarSinolog="alterneUpsway" hominyShamerDisco="45995" hernsew="plagalWaspAdry" dactyli="lawgive" abu="ensober">
      <leonardTommer>perches</leonardTommer>
      <grintTubba chough="anestri2">
        <espinal>dewitt</espinal>
      </grintTubba>
      <eneuchShackosManuao masarisChenarJelling="timbrel" zenuHupIdorgan="pyuriaApplierAgrias" primageThistleGlebal="honorInvoiceMadling">
        <aziminDragoon>nauch</aziminDragoon>
      </eneuchShackosManuao>
      <hoidensFecche>
        <kinetinInfare>971274</kinetinInfare>
      </hoidensFecche>
      <bedded winze="succorAtaxies" chippieBehowlsGoniac="heizingSolatedKurus3733" diverge="triariiHoudah" baycuru="pilusliSuborns405">
        <calaba>freezyNonactPalkee</calaba>
      </bedded>
      <ipm beckets="yirdChirata" antealFlutist="maremma" igbiraPesewasDevise="ratafiaClawsAftosa">
        <lambsBlabCowed>dakoitySike</lambsBlabCowed>
      </ipm>
      <aeronCasiri reblastDdnameMoph="stelicLaqueus" cacaliaMurexanCronish="tangs" incult="nosig">
        <deveinsBoggler>alticaReclaimEuclid687</deveinsBoggler>
      </aeronCasiri>
      <rostralPuma>
        <basinsPrurigoSkoaled>temachaTineidsGrazer</basinsPrurigoSkoaled>
      </rostralPuma>
      <pathos>
        <begemBead>873766</begemBead>
      </pathos>
    </asphaltNum>
  </aswash>
  <yuk soleil="14170780" faselsSeggy="grammar727" bundaMurrionChukchi="sillsForintFigworm" />
  <limacelSeisure>
    <eliInlake>
      <lilas>cladsReciterAudian</lilas>
    </eliInlake>
    <olives>
      <rajidaeFinity>terrage</rajidaeFinity>
      <earnfulMundane guffaw="wails" chouan="othakeRottan">
        <hangmen>upcut</hangmen>
      </earnfulMundane>
      <toymanBabool iraqThalerBerean="pearlin" dresses="ceruleApepsy" cordedAdaunt="ababua">
        <abasers>lianeRellyan</abasers>
      </toymanBabool>
      <bamban ocasShillaBreenge="parah">
        <toponymIdeatesSump>25</toponymIdeatesSump>
      </bamban>
      <forsado sokesDikesBalsas="fylgjaCamionNiagara3" cocklyScurfsPadang="alyssumTomcat" yokeageUhlloRelator="piggieHeptane">
        <kyungSinjer>75647</kyungSinjer>
      </forsado>
      <enarchXimenia amatiShingonJutted="fanfoldExertedMelded" dowsePingos="yttricEpheboi" kiblahEchidna="68384360">
        <hendlyVitita>albercaLeer</hendlyVitita>
      </enarchXimenia>
      <daybedsChare parity="826299937" vendorCuttersKreis="39856">
        <osminaKifHaler>yearend</osminaKifHaler>
      </daybedsChare>
      <bisnagaIseult obelialCocama="fryersAworry" uncoverSuffari="549597346" fleshenWholelyExsculp="inditedAsherimChuvash1">
        <conceal>twoTrepanDewan1</conceal>
      </bisnagaIseult>
      <subpenaStanksCultist>
        <anteCaffisoEarclip>denser</anteCaffisoEarclip>
      </subpenaStanksCultist>
      <octylMisteryFloe melamedBlobbedBungle="288590058" immixtPalsies="muscadeGillian" gaymentLeone="outovenAetat">
        <bevels>replierArmillEstrada</bevels>
      </octylMisteryFloe>
    </olives>
    <nodders>
      <wadiOvenful>944</wadiOvenful>
    </nodders>
    <picker>
      <unfelonOutroad>38671866</unfelonOutroad>
      <knasterBebay amboinaRals="406470" endouteFiles="privySubiliaChino" partonsDazing="perdus">
        <vaulted>9190251</vaulted>
      </knasterBebay>
      <bylaw cowheelUncask="limners" spumedMosaismCalls="average">
        <canaut>thuliteDodosUncaria</canaut>
      </bylaw>
      <astrildYardsModioli>
        <omicron>moniePiewife</omicron>
      </astrildYardsModioli>
    </picker>
    <andian oldiesForblow="humoursNiggled4231" mulls="glozer679" compage="5" annealChetahsInby="tagulaNeural3">
      <sou>preheat7</sou>
      <fuze chou="milvusNonairRanding937" putoisCrabitMano="5075053">
        <browmanFruggan>gybed</browmanFruggan>
      </fuze>
      <lynxAptate shiiteWildly="poppledSchlepsJoeys" regreet="goodiesElses" sextosGease="817502694">
        <chalkyAtwainUnbolts>loxommaSirventRusty</chalkyAtwainUnbolts>
      </lynxAptate>
      <petterFonnish inspectOarsmanSopite="fibersTurfing" upslantLetch="foismMeletinMabolo50" muskat="pinoBuffingAiger">
        <cobegoHousel>88430393</cobegoHousel>
      </petterFonnish>
      <mistifyCrammelPealed tuxesAirer="dripperCronusAden">
        <pluries>dakotanMoler</pluries>
      </mistifyCrammelPealed>
      <ceresPliskyRament seaweed="louvres2137" weenieCalf="4" snidestPilcrowBustard="theclan9846">
        <unpaleSierranOpossum>atocia187</unpaleSierranOpossum>
      </ceresPliskyRament>
    </andian>
    <haggaiPackman>
      <ansateDeaferSooper>sporuleMarvels</ansateDeaferSooper>
    </haggaiPackman>
    <sarong fodda="megatonUnwoven" stertor="feestMachina981">
      <muridaeDentalHill>86</muridaeDentalHill>
      <conyza peppery="relives" lacersChinkerDrome="alumiumRadaReadapt6" bhandarScabineQuizzed="ericaBlesses" papmeatMage="khuldaQto">
        <gleadExodeLey>rapers</gleadExodeLey>
      </conyza>
      <kinkedHiresRefreit pacquetKevalin="7" ditchedLod="agreesGamier" pillowyJoltilyCarton="tach">
        <bebatEpithem>lings</bebatEpithem>
      </kinkedHiresRefreit>
      <maniu legals="59053116" barazaDottedSortly="billersCapfuls" semsemFormerPatrick="1102728">
        <beredeKhojaTummy>beausAntibugNeopine7553</beredeKhojaTummy>
      </maniu>
    </sarong>
    <outsPongid piltockBevomit="98441" afflueUpbreed="epigaea">
      <matta>41</matta>
      <sizingWorsetKarroos fillets="diddies" blousyWinking="6853" yukkingArn="stunted555" jungli="628">
        <niseiGagger>oreThermoXysti</niseiGagger>
      </sizingWorsetKarroos>
      <limacelPavisorArblast>
        <smilesEscalan>uit7789</smilesEscalan>
      </limacelPavisorArblast>
      <eveline bengals="culbut" satangsGosling="8812578">
        <traist>dappledDutcher</traist>
      </eveline>
      <ravaged>
        <unrainy>husky857</unrainy>
      </ravaged>
      <hackman cowslip="uponUnproudAster165" rheniumCanos="adodInures" plebDitolylSopher="oukiaAnatiraUpturn75" badgeGuffs="untrustCystousRameal89">
        <avernArauanOnerous>bestraw237</avernArauanOnerous>
      </hackman>
      <episome knarCosingAmintor="866413143" weasonNovellyRaffman="18458706" vulgareSharkedPioury="6" amma="riseReverse">
        <eulima>derahRewood</eulima>
      </episome>
      <actu brigs="dizainMenuraSjouke62">
        <bagman>51054</bagman>
      </actu>
      <falsumMauts upwhelm="inweaveUpflyBoats" hexonicZolaism="5" seld="boards">
        <svanEila>faenceMaculae</svanEila>
      </falsumMauts>
      <ceiboPukingNumis marbly="warted72">
        <emprentNankinLance>diapersGnawsDidact490</emprentNankinLance>
      </ceiboPukingNumis>
      <mushyYarphaNifle>
        <enlimnBemixed>seatedAlexius</enlimnBemixed>
      </mushyYarphaNifle>
      <ultrasPutingLung actious="replanNeriteJane" gundy="79150" fumousInkblotTael="eroticaTanha">
        <sibylicWising>enraptUnshyCurupey</sibylicWising>
      </ultrasPutingLung>
      <ital actuateDefamesObispo="bubeBortsch">
        <tightsShipponPorkers>jessurDatch</tightsShipponPorkers>
      </ital>
      <phooMediae inswamp="passageHeliumsGhain" avanyuBeaconsSteams="airaSkenZonular56" yewCursor="8707" zolaizeSweetly="airiestTiffinYirm">
        <parkingIdgahFlor>dimarisSpathalChilte</parkingIdgahFlor>
      </phooMediae>
      <calceusSistraFoible boxlike="651301280" ageisms="tubulet" himming="kilom" bizesHeydaysLook="renoneBushi45">
        <krocketFeuterTelic>wordilyTaipiChopins</krocketFeuterTelic>
      </calceusSistraFoible>
      <levefulClonk>
        <roached>osmanieCamisasWarful</roached>
      </levefulClonk>
      <benamed cuneaOxfords="bogfern4353">
        <dialyzeChacate>17787460</dialyzeChacate>
      </benamed>
      <capot noyKempy="6086474" ooeciaHairupFifths="mugfulYirrHayride36" messe="refetchSwellerKufic">
        <liegerOvertip>tabla</liegerOvertip>
      </capot>
      <taishSipedHexad seatsSnarers="vegansStulmTomboys" venkata="roundedCanopy">
        <colobusWauner>keglers</colobusWauner>
      </taishSipedHexad>
    </outsPongid>
    <santour>
      <gooneyCurrierRerub>902650597</gooneyCurrierRerub>
      <corkyEatsMerula>
        <dasiPsalis>silkNibbledKainga</dasiPsalis>
      </corkyEatsMerula>
      <panicky>
        <meteors>fluxesDoneeCertis91</meteors>
      </panicky>
      <daymenSubunitKhodja happify="477318" hell="deliverOverestAbohms" yonkersAndriesAstay="coremiaLurking" gipsire="5206369">
        <dawdleGerms>2114</dawdleGerms>
      </daymenSubunitKhodja>
      <blacksCaleche guffawsRuntedRealise="ceboidsCuphead" scratch="718104528">
        <angwich>razzedBeloamInterim</angwich>
      </blacksCaleche>
      <piety offered="colphegForage" embowelRoubMacrli="sawmill" hyena="1" khazarSchizzo="semimatAbasic">
        <yokeSlanged>triunal</yokeSlanged>
      </piety>
      <foragedMadeira racists="dhuti" obarni="tyredPainch" ribless="fowlersDungsErsh33">
        <fensSelling>4633</fensSelling>
      </foragedMadeira>
      <imidsSexuous nettierKokuDecast="stradeKnuttyBodying" tousingUnhappy="ahoyTaskitShout">
        <etudeUnleaky>pinson</etudeUnleaky>
      </imidsSexuous>
      <jessingForold>
        <pinfishPyknics>drummy5</pinfishPyknics>
      </jessingForold>
      <vinew runback="embelin388" commitDuteousPappose="iao" softlyNyssa="chivageLaureWaking">
        <diallylPetling>slavianToluicFoveate</diallylPetling>
      </vinew>
      <punishLyopomaSyssita dinge="217" gheddaJackye="exedentSrisJakun253" bicetylScowsIlial="220271">
        <carpaleSerened>lanker239</carpaleSerened>
      </punishLyopomaSyssita>
      <kristiAmbroid tullesAlfred="lashed3" exulScarrow="pleaderOncettaAvshar" pries="zeolite">
        <mosses>werenEntreesCaptor</mosses>
      </kristiAmbroid>
      <molasBlushet petitsErizo="2">
        <khevzurManlikeGlumous>aumil</khevzurManlikeGlumous>
      </molasBlushet>
      <inqilabNasally rigsbyGunlessCommune="disringDaffleWelting616">
        <studdy>thief</studdy>
      </inqilabNasally>
      <biontsComme librae="1507947" gervasMouldsSimitar="4629" collage="tisarSpandleSick" pupCurcas="wheezleExsculp">
        <rament>oil</rament>
      </biontsComme>
      <pun polyol="furileSteeped" rowte="rondel" homonym="chirpyNote">
        <deked>postbagScorceEniac</deked>
      </pun>
      <avariceDoyens>
        <yawp>nincomPatinAposia</yawp>
      </avariceDoyens>
    </santour>
    <jibbons>
      <witletPigeonsUnendly>hantleSnew</witletPigeonsUnendly>
      <vititaRecurlLogics amalic="vibistLavagesFleing">
        <tomrigWantySowle>moliere</tomrigWantySowle>
      </vititaRecurlLogics>
      <chackerCeiba donnees="97" enthuseUnsoled="smouserAxolotlKnown" randirEmergeBomarea="cumarinBulimicHackle" fatterEnlodge="anusimBehearGuttler">
        <lapsed>lanaisCreazeDiocoel</lapsed>
      </chackerCeiba>
      <berimedComdia>
        <miffCoasterTrull>apteryxShawl</miffCoasterTrull>
      </berimedComdia>
      <brarow pavSeeping="raining" minimus="9" garnettBurgoosTerbium="2">
        <amididSemianHayride>coquinPareveBerms</amididSemianHayride>
      </brarow>
      <noun lye="coyoBewpersInhaled">
        <heteGargles>purser</heteGargles>
      </noun>
      <muddifyDismawLehayim>
        <anaClothe>mudejarYabbiePruigo29</anaClothe>
      </muddifyDismawLehayim>
    </jibbons>
    <fasting hypsRare="178333" pyrrhus="6" tupmenLithous="700115" ribbingCunners="legersUnurban" canal="dumky">
      <sps>tauted</sps>
    </fasting>
    <quashyBarrow>
      <risqueeBasqued>jettedVers</risqueeBasqued>
      <stunkManito oboesPitocin="56115724" dusunStenoFusain="muchelCanch" lekach="tussarDioeciaCombite" defacer="signeur">
        <voculeArum>damineBarding3</voculeArum>
      </stunkManito>
      <kilobitUkesDecking berimeFlamen="bolagZain">
        <baroto>signistBlind</baroto>
      </kilobitUkesDecking>
      <lendeePennae grittedHostShortia="8">
        <fagin>bruin</fagin>
      </lendeePennae>
      <mpbBuseraDioxid polaricAddr="raccroc" blaffBettong="jiggle36">
        <canalsIonizesWayang>dearest</canalsIonizesWayang>
      </mpbBuseraDioxid>
    </quashyBarrow>
    <auntersBasally>
      <pickierEphyra>barwareAsiminaUnfoxed44</pickierEphyra>
      <errancyTicklesBonnets fitlyPaces="flunkedGeckoTri" comdUngyvedNonbook="116" mitoticFunebre="614">
        <alpaca>sensionLohanaFibre</alpaca>
      </errancyTicklesBonnets>
      <reproofAchen darterPorismsBilobed="warwolfGiller" aerate="79834">
        <curtlySpalledUncock>timber</curtlySpalledUncock>
      </reproofAchen>
      <amusers subgyreGpcd="wheelerPillaryUnsome">
        <resell>slatsFalbala</resell>
      </amusers>
      <kingrowAccumbGetting rosFrigageDahomey="homagedRoastsYippee" prases="iceboat" roadDesugarAscetta="excitorKercher">
        <bonier>cussingVibistGagroot858</bonier>
      </kingrowAccumbGetting>
      <beknotsFouMurut>
        <upcrowd>twainsMahdismFlamen9</upcrowd>
      </beknotsFouMurut>
      <tweestCurlDisterr covertSwarthsPutamen="otitisMedians">
        <tubbal>stipos</tubbal>
      </tweestCurlDisterr>
      <pulas>
        <mahseerPlacetMandua>rhilaRituale</mahseerPlacetMandua>
      </pulas>
      <khulaHoedBlotch>
        <habuka>scoriaAthyridBigging49</habuka>
      </khulaHoedBlotch>
      <vidkidLug tryoutKoruny="5516361" twana="expwyOffletRumen" axonicBeltedArent="phloxesNabuSoc" aregGulped="osmiousJock">
        <beqweteWifekinDasher>ferfetMortisSaucers</beqweteWifekinDasher>
      </vidkidLug>
      <liana dehache="hostingGnawers" vitium="802891" patibleChamisoOnker="532">
        <ferretBabydomFlooder>tammieClings</ferretBabydomFlooder>
      </liana>
      <filmierTigreHeroner>
        <unavidBlitheNogged>bustle</unavidBlitheNogged>
      </filmierTigreHeroner>
      <teasyPartingKapai fadgeDoodledOsperm="chakarPicotsPurfle1001" earth="heved" pogromUnquod="34809" satineTettyBiconic="amusedJalapsCaroon">
        <twinklyEarsPunning>testisHearing</twinklyEarsPunning>
      </teasyPartingKapai>
      <sulky>
        <outdone>invadeBiopticLabite</outdone>
      </sulky>
      <cheePeaveyHamular>
        <razoredGadEnrobes>falkAntipotPlautus1</razoredGadEnrobes>
      </cheePeaveyHamular>
      <aguesDatably tenuateCussing="ragtagsUnpagedBougar">
        <unluredWaapa>objet</unluredWaapa>
      </aguesDatably>
    </auntersBasally>
    <pylonsRubbledMonose>
      <litzRcvrArtists>instop</litzRcvrArtists>
    </pylonsRubbledMonose>
    <bebopShrew epigneMate="256231" halms="wofullyRedwingYodels" vill="dionym">
      <odyles>swampsKohlan</odyles>
    </bebopShrew>
    <twas binocleMilters="pulsing" rithe="rabbin">
      <loamedAshling>snowmen</loamedAshling>
      <skenaiApophis badlyAldoseAlysson="coolers" studied="sougherSlud922">
        <bespiceToriiSuecism>belt</bespiceToriiSuecism>
      </skenaiApophis>
      <malgrViziers orachePecked="indies" lacmoid="nippier">
        <chopine>1051493</chopine>
      </malgrViziers>
      <cornsSolein sluicerUpgetPorzana="crinumsTarsier" breaksPoultWayaka="dagobaAlrune279" raiaeMelon="midline90">
        <nutria>kesar</nutria>
      </cornsSolein>
      <ainhum dyesRedriesFlabs="florateWhappet6">
        <roachedApneic>bubalisDaringsHarmoot</roachedApneic>
      </ainhum>
      <thunarEvzones voluntyGypsyfySalting="stagsHoopmenSternal" dossesMisgrew="sanpoil" hasidim="poonce">
        <minersAgly>waghLokeRetack</minersAgly>
      </thunarEvzones>
      <chasteYieldenMaties caroBcd="364819894">
        <yirringLoveman>36023</yirringLoveman>
      </chasteYieldenMaties>
      <illsSheder karbi="4703759" pinturaSkirtSpaik="woodishEvangel" arriLaxist="entrez" benweedBreardsLuganda="kososQuatersIncant">
        <twangHitting>digenicPubicTews</twangHitting>
      </illsSheder>
      <bhaktisQuasiSpoked howker="deipara" landage="cessionAidless" oldenEntalKaoline="18" chopdar="slangsPushier">
        <loftierFixgigEmbelic>482867849</loftierFixgigEmbelic>
      </bhaktisQuasiSpoked>
      <pentrit hachureXxxPugmark="veneficAtour">
        <lochia>batlerKidsApposed</lochia>
      </pentrit>
      <condog>
        <mandoerMudders>hoggingCommuna7753</mandoerMudders>
      </condog>
      <arctoid intomb="oxheartNoncomTufa">
        <myoxusEnticePli>corellaMidwardPulayan</myoxusEnticePli>
      </arctoid>
      <quasky spatingAggradePinhole="6021579" agrania="monesesAlhennaPanna">
        <hemapodSuncke>inamourGullishApoplex</hemapodSuncke>
      </quasky>
      <khakham kilnmanSintuVoguish="gainingEustace" sporPhoningBrachet="flurtAglycon" weaner="enduesSudsmen">
        <girnTomial>doodadFauvism</girnTomial>
      </khakham>
      <lebanon iridian="histonToadessWince" crasherSnakes="telfordForswatConusor" boggledCotwinThis="6">
        <zaniah>despume</zaniah>
      </lebanon>
      <tensile rotalTills="putamenOffscum" pleader="auntishMbaloloGrece" edenizeWitjarRennin="morrowTurneraJizzen" noodle="751">
        <bammed>cadets</bammed>
      </tensile>
      <tawer asouthUnbayGribble="aspect" regillBepity="alex">
        <cruets>guarabuBroomer1873</cruets>
      </tawer>
    </twas>
    <rakanUnipartNabaloi npeel="cackled" relesWises="outrace" daggersMezairUnslot="junebud" talaGiselHaloing="trinilGuidons" han="cuboids1969" lactantPeppinKarel="553" dyceSatiric="woosterVisited4229">
      <vidimus>turakooSpawlerChunder7539</vidimus>
    </rakanUnipartNabaloi>
    <kinboteLilacs shoat="3412" turkman="veddoid" clogger="laertesRetimes4706" abrotin="sibbsEpicyteEsau" satientAirbagsDannock="kantelaDunkersAmixia" soriteWeftagePeauder="egaliteSiloamCressy17">
      <strifeNeossin>nunceDivest</strifeNeossin>
    </kinboteLilacs>
    <peggedThenceGish>
      <boltelGoutyPlenum>repenJaburanPrice</boltelGoutyPlenum>
      <trapsDiobelyUnkink elberta="indraftAutorGassier" lux="vinitor3" wournilCertifyVexable="qurtiHebrews">
        <illbred>umlandPotboysIonian</illbred>
      </trapsDiobelyUnkink>
      <golder zanjeroKudize="teel" aftosasDadoKnesset="83" bedampMammockShooks="grimaceHarpers49">
        <cichlid>wheezleMurids</cichlid>
      </golder>
      <momeSkayles unoiled="miningMinoredWindway" ketal="milko9">
        <honkeysGanofOrnary>muon27</honkeysGanofOrnary>
      </momeSkayles>
      <luffas zyzomysRaids="rhizomaBezoarStaker" tanguePrepsAdawe="wrothyTip" soutar="4">
        <drowsy>696</drowsy>
      </luffas>
      <aionialWifes ratelIntil="forcene" glostLysol="enjoysGlazy" guanaysScarola="asgdGalikWalker" catcherAgast="30098918">
        <mazerDblSkivies>skiersWhorry</mazerDblSkivies>
      </aionialWifes>
      <emoteWaddleHovenia oryssus="color89" tpmCatersPerfin="cokieWeirdCorn" polygarYoldia="plumistButty35">
        <gimmorFaustGrossed>47800</gimmorFaustGrossed>
      </emoteWaddleHovenia>
      <adjoinHideous bemoansTumtumWaguha="hirstieHoersSporran" begladsPronotaVale="unsense">
        <myogenDrimys>pierrot</myogenDrimys>
      </adjoinHideous>
      <ungnawnPlatsChange screwerTucanae="nigre" foolingScoriacVenae="67473533">
        <cuspuleTasteFulcra>isolex</cuspuleTasteFulcra>
      </ungnawnPlatsChange>
      <sturtanRictusBobtail keglersAlypumVance="534758" pitier="fistingCowpath">
        <octaviaSocial>loyallyHyte</octaviaSocial>
      </sturtanRictusBobtail>
      <tomnoup albites="pshaTerapRamate7871" about="goffersCasquedPollist" tugui="102579" civisms="imposal">
        <rontgenSpakReban>mudden7808</rontgenSpakReban>
      </tomnoup>
    </peggedThenceGish>
    <gonofsHallahDruses>
      <bukhParrs>worldedQuarrelAsters91</bukhParrs>
    </gonofsHallahDruses>
    <twayInitQueries>
      <georgeArmetPlasher>bye</georgeArmetPlasher>
    </twayInitQueries>
    <pees>
      <becommaCottyFrisca>pallyMethodDevwsor</becommaCottyFrisca>
      <etagreLuffasGoers hubrisDuopolyEmotes="mantidKetmie" wrabbeTurk="omasa" fyttesEparchs="mahal9">
        <neep>6771144</neep>
      </etagreLuffasGoers>
      <ragbags trusserDicers="8587" intrCavingMestizo="uncosWhistleMeshuga" swaver="ioniser" hominid="hamitic">
        <deturb>6769</deturb>
      </ragbags>
      <kinbotFanionAvoue bescab="hexapod6" reslotPandourFridays="tzarsNovate" casse="74680" hougherUncurlHausse="861092965">
        <aporosaTavernaBoreism>aflower</aporosaTavernaBoreism>
      </kinbotFanionAvoue>
      <argylls joistedQuipo="61">
        <clavola>zoneletNylonThirds</clavola>
      </argylls>
      <obfusk anglifyYazataSouping="ramblesWystyAthumia" monasCessorPecora="virgil20">
        <chernaVeterSheals>barrelsArmorArnotto</chernaVeterSheals>
      </obfusk>
      <kookie gipsiesYemsel="murein">
        <sylviaTombedSplake>peptone</sylviaTombedSplake>
      </kookie>
      <outhymnLevelSpeak murutIndulge="akeakeNonacidCholera" outbegMishapsGitim="gruelTantras" figeter="1423" acuchi="bribing">
        <nattersEcrus>netlikeTalent</nattersEcrus>
      </outhymnLevelSpeak>
      <middesRhabdusPassant recheatHamuli="tibiaeTableauGrozer">
        <carpingScarier>631350</carpingScarier>
      </middesRhabdusPassant>
      <moeurs>
        <harbPotworkSplines>riffs</harbPotworkSplines>
      </moeurs>
      <undocksTintistMeriter zoocyst="rid" reshew="lituateDelver" eveless="boulimyPastes" sintocUnhoseSortly="toyshopGrazers">
        <pyroidNocakeUnderfo>eddicDietted</pyroidNocakeUnderfo>
      </undocksTintistMeriter>
    </pees>
    <margentIntariaDamasse>
      <foneTewsome>grosse</foneTewsome>
      <stddmp>
        <sowable>theria</sowable>
      </stddmp>
      <tissueNervishHacky>
        <debite>correal</debite>
      </tissueNervishHacky>
      <nacrous teachesPigsney="widener" conusesSecretNudum="757">
        <craker>auxinic</craker>
      </nacrous>
      <lobelin highthIchibu="8277">
        <oenolicLunette>sulkingRewiden</oenolicLunette>
      </lobelin>
      <guttedUnixDwining whiskeyUsselfRailman="walesFondle">
        <allylicPledge>thulir</allylicPledge>
      </guttedUnixDwining>
      <kliegDrysne tinfulsTerata="blackedIlial" phi="dienesShoransPerau" snuggleMethod="4" zingelAxmanOscar="razoredSienese">
        <aswirl>cuinfoNicoloAlmemor</aswirl>
      </kliegDrysne>
      <pepinos ulvasInbreakChicha="campionBuskinSuttee" pulayaHindus="fearfulRudish" pesewas="salseProud">
        <lense>desightAverral</lense>
      </pepinos>
      <guayabaRipensAntiar cottarTunaBolters="unclickJoshed" apianRemints="loop">
        <bixinNaurAreal>keacornAndronNutted87</bixinNaurAreal>
      </guayabaRipensAntiar>
      <oakums>
        <albeSomaUlmous>3124019</albeSomaUlmous>
      </oakums>
      <utiblePavis slabmanSpalax="3" darbhaCardecuZombies="piotineBabhan">
        <gallic>dauk</gallic>
      </utiblePavis>
      <limo pyche="22508911" decree="vizslaTrashes">
        <bigoted>sirupy</bigoted>
      </limo>
      <doolyUnsheetSecant coraledCardia="126913">
        <aroidCloze>themata</aroidCloze>
      </doolyUnsheetSecant>
      <lumsDrawly missaryBlats="333">
        <digeneaBoarish>canneleBreth</digeneaBoarish>
      </lumsDrawly>
      <pacquet cuddieUnbroadCardias="5839724" bruchidGurgeonChih="ctnUnmated" covetsForgers="takyCressFretter8">
        <buxomer>vafrousInfame</buxomer>
      </pacquet>
      <pinsonsMottsPattara firmingKingdom="bancha466" muleys="sheathDeboise" antarQuean="slunkenRedbait">
        <spewierSeraph>birianiFrakenNaja</spewierSeraph>
      </pinsonsMottsPattara>
      <skiffBogy auleticDreng="pummiceTrebleFoliums" karakaSniggle="fallalShadsScalars">
        <earwigTwo>reoccurSueded</earwigTwo>
      </skiffBogy>
    </margentIntariaDamasse>
    <ishime hasardTerreen="shiatsuSeedilyNaik" forciveCosily="penseesRigoursSatine" kelson="geeJuniorMisty" pitmansSigmate="bruinImbondo4180" dispace="alveolaPuggleBoort">
      <tarumaRoak>3227831</tarumaRoak>
    </ishime>
    <pengoVikings>
      <bolliesAwagParotis>bankSilosMegilp</bolliesAwagParotis>
    </pengoVikings>
  </limacelSeisure>
  <chasingTakosisLicence />
  <dollinSuer />
  <sillsUtchBalmily whydah="fucosanKodagu22" quesShadsMages="aphonia" />
</baphiaSprainsLathie>