<?xml version="1.0"?>
<retrampWracked>
  <joukWaring damnerGurtPlushes="suretySniftyPiecer" acajou="854918" drawnet="cashers836" />
  <checkSilures foodsBrills="prevote" tos="atheizeCapping" soothly="248" eunomy="50466">
    <almaKadu skivyDeclAcquire="sarcuraZenzuic" hutchedImberPlants="92211">
      <biggestCocama>coof8111</biggestCocama>
      <penariaBridler osmic="dopiest" cassadaFrench="2566" biskopPricyGaiters="papooseFenders" biabo="bickersTeliaQuerido">
        <elatchaRuffin>8222394</elatchaRuffin>
      </penariaBridler>
      <seavy>
        <usurpHastileUnhead>tikesBowfin</usurpHastileUnhead>
      </seavy>
      <mirdha koprinoMostlyEtcher="plumedReflame" ingOutfeedNizams="outdo" taroBrain="syrePoesies60" karoosCytinusRhoding="432537">
        <ricksha>modiliPatu</ricksha>
      </mirdha>
      <urges cracketRenneBhabar="divisi">
        <puruGobioid>coderDizenedFalsum</puruGobioid>
      </urges>
      <tradeKnobbleRadii teest="latebraSymmist">
        <obfuskHoodoo>otolithBabTidife</obfuskHoodoo>
      </tradeKnobbleRadii>
      <indyNoddled bonusesArchaicMorceau="dunterCatenaeShoepac" alkesDeia="rhodaMeadowy">
        <wanmolThewier>wrytail</wanmolThewier>
      </indyNoddled>
      <moansCloacaLassoed hurtledConfix="6" scarcenPridesPicker="tubuleWaylaysTrolly1" busked="patesiSoulxJenny7">
        <spicousKhairTeetee>alicantTrowel</spicousKhairTeetee>
      </moansCloacaLassoed>
      <apostil dopantScarredMorones="snuggerSpryestAbohms">
        <clefGlaury>stanleyPreteen</clefGlaury>
      </apostil>
      <tarlikeReheats>
        <alpheanIrater>heild</alpheanIrater>
      </tarlikeReheats>
      <rangerBonifyVespids judica="luluaiWhistle" ostrca="abassi1" formyWindled="roelikePaleman" whitesCheesy="apatanAcarids">
        <darken>9184854</darken>
      </rangerBonifyVespids>
      <repined pickax="2" jowelGraffQuery="suerSquoze" slaggyAdcons="93717">
        <revery>961</revery>
      </repined>
      <eartagMinervaBowlin shangyEphebiYerd="newsmenRubiate" stonish="fitterTheclan" wekeenWilfulWarrant="392" pettlesAdient="lyrurusArmourMea">
        <ogdoasGilding>isohyetForgerMovers73</ogdoasGilding>
      </eartagMinervaBowlin>
      <guserPlumbum alcosolBrazier="torsoCorton" maguey="risiblyKurukhCambaye6">
        <snoopUrgerHyssops>pintoRemaim74</snoopUrgerHyssops>
      </guserPlumbum>
      <trochiEnfolds disgulf="tanists50" geir="picaroAcesReshes" expel="peladePailoloShipful" adrenchTormae="vahiniRalesComodo">
        <fluvio>axiomEpacme</fluvio>
      </trochiEnfolds>
      <jackiesWhesten>
        <brownsLudgate>grugousAlternSperket</brownsLudgate>
      </jackiesWhesten>
      <prositSquealsSmew taffetyBilkMucedin="souchyTahltanWoofer2206" idest="weroole" commuteCuminicPurgery="bennel">
        <langsatCorcle>brisketNoggs</langsatCorcle>
      </prositSquealsSmew>
      <splungeGhastZone demeterSpaltCongee="agentFucoidCaromel" vittlesPhenate="clonJouncedOscar" fudgeMurr="godding">
        <escarpsOosporeLocn>whata9</escarpsOosporeLocn>
      </splungeGhastZone>
    </almaKadu>
    <droveGallianAhwal>
      <loimic>dynastsGuild</loimic>
      <hobby aphidYouth="mantFilippo" tammuzCluniacPullets="arbores">
        <seatedGoogulUnclamp>ismyBootboyBasoga</seatedGoogulUnclamp>
      </hobby>
      <ickersOutdare camias="96315732" labrid="612016" outhissPaut="sawfish" rondSdeignWaferer="gahniteNewmown">
        <chuckOptiveMapwise>levyne</chuckOptiveMapwise>
      </ickersOutdare>
      <albedosShallopTrolly slily="7485" cecaTaihoaSeebeck="archest" twainsGenealMaria="825129709">
        <pateria>2041603</pateria>
      </albedosShallopTrolly>
      <pulsionRetem carlMirierPewmate="desexedMotocarChok" zaptiah="65949" serdabsPinxit="puriRillyLalled" churchyManso="strungSawahQuinsy6">
        <evertUpstage>wauling</evertUpstage>
      </pulsionRetem>
      <romanosDiedralSike blissomEpigyneHeeze="demain15">
        <rameeHarijanCoshers>hoboedSkycaps</rameeHarijanCoshers>
      </romanosDiedralSike>
      <beer anusim="74727" salveRushenHangul="cogit" daubery="bedwarf" qabbalaRomaean="goundouYerga">
        <lairdlyPapal>1</lairdlyPapal>
      </beer>
      <baiocTuples frizzedPock="had">
        <muggins>degoldSandboxVedaic66</muggins>
      </baiocTuples>
      <sonchus gruffed="637895955">
        <cambrelChuffsReveto>durzeeQuarrelMonkish</cambrelChuffsReveto>
      </sonchus>
    </droveGallianAhwal>
    <cariamaGadgetBorders aniseedKnollyAurae="5" coffeeShimmy="cliniaBailers">
      <leeredPrayful>lavagesCoghleSkinkle</leeredPrayful>
    </cariamaGadgetBorders>
  </checkSilures>
  <aghasMistry moles="adhakaAbrades" sutlerySwingsToydom="rechipSnorts" />
  <froreRucker thymeleBonnnes="kefiricRefeign" wineEarlishVoluble="stableAbjointGallish" faonMonasa="ignaro" />
  <barnKilnsValmy towmastResawer="harlemHeinous" shiv="murmur" epoxyGinsengHastier="rhinoWearilyGuly" rheas="8049" />
</retrampWracked>