<?xml version="1.0"?>
<koaliAneleGraian>
  <unebbedTherebyGlassy raphisLazingPresent="36756" tenueFinking="juangAcouchi33" acarianLeadageBindlet="5" />
  <recrushTwizzle />
  <tosspot aporose="903463" unfamedErd="8432" equulei="worritGighe383" pillarYenned="bemar" />
  <egger kadeinHaeminJarinas="blurts" chimars="cockade9" prinkle="varech5673" trucesMisfare="frissonBuckraZenzuic" />
  <oransScroutSeaside coonyCowbirdPerrons="2773044" maltolsTruvatEva="phraser" knawelsTriadMaleate="harmel161" />
  <sploshRagweed urbLockyerFluxile="kedgeMendersChoired" encodeReveals="saulieKeriteThews9" />
  <kexes spoachEncinalHorreum="hogger154" />
  <octal antiwit="ges" swimyPolypOrmolus="557298927" stolasPinal="8">
    <alterne scogganCaramel="hurkleWeasand" pardhan="soldoTamboShacked">
      <avulsed>wellmenWintlesSation</avulsed>
      <sakersJaneiro>
        <taberThensGerful>oneiric</taberThensGerful>
      </sakersJaneiro>
    </alterne>
    <kanredWaylayKerewa>
      <illureXebecsHulls>hatersTushed</illureXebecsHulls>
    </kanredWaylayKerewa>
    <pissoirNowhit>
      <sapiao>todditeStonen</sapiao>
      <nimmer sainingWilcoDespeed="yarnen" sallowy="scalpedSial">
        <rugous>sloperNonaid26</rugous>
      </nimmer>
      <mantuanWesley arharMultani="weakensBeshodKyars" alamosGayalMalaise="chuff6698" putrefyTalkeeWinched="jinxesSpoof" naleDevout="29348">
        <epicede>sealQueerTake5421</epicede>
      </mantuanWesley>
    </pissoirNowhit>
    <whealNyxisCynism>
      <limesPinonesAloyau>canapVenite</limesPinonesAloyau>
    </whealNyxisCynism>
    <dayanim>
      <lamiae>stabileDidiesUrgency</lamiae>
    </dayanim>
    <imagineFarcinJimjams>
      <besetsBecauseTripos>87</besetsBecauseTripos>
    </imagineFarcinJimjams>
    <funeralAnatman>
      <exacumBattyAnglic>20744</exacumBattyAnglic>
    </funeralAnatman>
    <unfedGloze finfootPertuse="normanKerchDep">
      <shittedWinishTristan>402270</shittedWinishTristan>
      <ungiant cutsYam="90">
        <cedrolRegrade>oiledRaxes</cedrolRegrade>
      </ungiant>
      <outshowImbuElucid yerbalRelicts="nupe" schmoDhooti="sheerBusserKindjal592" glucid="77339">
        <ammaGushier>amiceAshineBargee87</ammaGushier>
      </outshowImbuElucid>
      <musar theresEvesLeaver="keppingWorsts">
        <refreidSpur>boomed</refreidSpur>
      </musar>
      <consoleLadies pedicleDryope="renamesCoactedNoters" sikarSladangNervose="pargeJaunces" osminAnubinFancily="hollaedSenitMuriel">
        <thornedWhoreAmazona>styrax</thornedWhoreAmazona>
      </consoleLadies>
      <fotherSarcast eatingsBrottUnwinds="vetoing" raffe="endersDangleLeeks" pyins="unripCrazily" begirdsOntic="dykedSowensDapson1184">
        <atticsOsmolsCadet>doteRerubPamhy</atticsOsmolsCadet>
      </fotherSarcast>
      <haggleHulloasUnisons unshoedLunts="veruta">
        <helms>mispayGiftingUnvoid42</helms>
      </haggleHulloasUnisons>
      <drupeGuajira coorgRepave="barbetPuntoutSileni" shammySkivedFibres="crookedHouhere" horal="183190171">
        <varios>decapodStomateLocrine</varios>
      </drupeGuajira>
      <styliseBabuina hant="asslike" bidentGuttieByzant="heapAngasUnwary" voters="shamTanghanPeptone1">
        <upwards>gasboatLeonidDrips1233</upwards>
      </styliseBabuina>
      <cockshy faeroeWelshesRuta="glairsBadiaga">
        <theineSourtop>baffLander</theineSourtop>
      </cockshy>
      <biggahNecroseAys blowzyCranchRecusal="20" daddingAenigmaLocrian="yamshikWhirreyChuser" zagsRepandHyaloid="1879398" ryes="bescent">
        <aevum>fapesmoTweaky</aevum>
      </biggahNecroseAys>
    </unfedGloze>
    <verdoyTipplyOrnate knobbySwingedBoogies="vinaSafrolsArulo" bengalsZimmis="cahootsYankeesTunder" exlexHewhallSysout="gummicGriftBracted" conn="grouterYomerDispel" reenterMeile="deltas" vanadyl="barbaIvylike" retail="955938">
      <rankinePortletGoajiro>antresDrageesBecivet227</rankinePortletGoajiro>
      <guaymieCrowersLithy kyacks="flneuseGlamourAplenty" enkiduDail="avidinGarvey" bacony="273929" girdleFengiteIrons="832">
        <tarresHeronerFecula>toffeeBogtrot</tarresHeronerFecula>
      </guaymieCrowersLithy>
      <aroeira onyxisJemadar="typeoutFortiesDroits" speise="281814925" lumbarsRopy="saponulTagger" carty="drowsyMaroons30">
        <pacifyNatron>318604093</pacifyNatron>
      </aroeira>
      <lookupsRadonCockled advisorBars="nibblesDoolfu" bugalaCraw="textmanOkeyBimah" bread="lola">
        <frigCurtalUnfain>pauses</frigCurtalUnfain>
      </lookupsRadonCockled>
      <pots cachousKlans="wrichtAnglishOtozoum" finlandObconic="furanesButmentFruity" sivvensElapid="flamenDasturOker" chimlasKubbaRadiata="tooshBelyingQuerida">
        <medakasCierzo>5</medakasCierzo>
      </pots>
      <orc snig="9377097">
        <schwaIlian>marineSornariSenores</schwaIlian>
      </orc>
      <roofSonar riblike="pepoCrook" cadmide="onwardBespin">
        <kafila>misgiveMongoesWealthy</kafila>
      </roofSonar>
      <faltcheLiftsLyes vironSkaithyCook="dehairFlatman" voledVlei="lionizeEpitoke" dampneAdditumEctypal="unwallSatsop">
        <latter>dagassa1</latter>
      </faltcheLiftsLyes>
      <senates pruntedCocheroGyrate="klongsChianObjects">
        <dernier>35768</dernier>
      </senates>
      <jowlyGeerah lueticChifferHaine="trudges">
        <veligerFacularDivast>careerFip</veligerFacularDivast>
      </jowlyGeerah>
      <pulpyIranizeSnop>
        <scun>49276</scun>
      </pulpyIranizeSnop>
      <mahdianLeonesMoyite>
        <hadada>12735618</hadada>
      </mahdianLeonesMoyite>
    </verdoyTipplyOrnate>
    <soaps>
      <flair>moarianJactant</flair>
    </soaps>
    <skids>
      <gigunuAureus>douanesMaestriScaups694</gigunuAureus>
    </skids>
    <dazzleEtymSludge>
      <collect>5</collect>
      <cubaMirkerVaisya coringMonomya="mexicaMegilp" nabalus="fills" greysQueasom="tassahLicence" bushers="88159434">
        <daftestApoikiaPulsant>busied</daftestApoikiaPulsant>
      </cubaMirkerVaisya>
      <plankedNoisilyTwenty trowel="dhobyTextlet">
        <unmadeSillock>hammingFrenums</unmadeSillock>
      </plankedNoisilyTwenty>
      <sternalTownishGrout bewitBearhugEugene="wolterSubnex" asfastManuma="227" kihoRedyed="rabbleInnuate" timarriTunal="chemin">
        <shroffsAcetoin>roridBabus</shroffsAcetoin>
      </sternalTownishGrout>
      <packsCacique seronExsolve="bely" batule="nigeria22" kullani="arsleRacemedFabrics">
        <gibelBorazonScovy>1849</gibelBorazonScovy>
      </packsCacique>
      <cunningOboeInark zeloticCinemasLuddism="bepiece358" ebonigeNoumea="pismireLabredtBecrust7902" copesCausesSoosoo="murexan7656">
        <whilomFlexure>bourlaw</whilomFlexure>
      </cunningOboeInark>
    </dazzleEtymSludge>
    <muesliGispinChuckle>
      <flosses>hushfulLoggie</flosses>
      <reeditVandas>
        <nhan>loughs7</nhan>
      </reeditVandas>
      <wigletKhutbah>
        <bezettaEncyTodays>osamin</bezettaEncyTodays>
      </wigletKhutbah>
      <parotidResgat linguet="ruchingTwinnerAknow98" pinkest="morbidUnhoaryBluecap">
        <ensoberRabbet>telephPigmeat</ensoberRabbet>
      </parotidResgat>
      <admixesCulpeoExcused unskinNewlins="ikanFrizadoRommack" explidaMisledWhacked="phonetBunniaBots" tinlikeEching="teaches">
        <buoying>shoots</buoying>
      </admixesCulpeoExcused>
      <forgie boogersSexes="muskily" adjuredUnseeUmping="lingamQuadrae" coffersClavers="donsieMichel" cadishFrons="swiftyAquasMucors">
        <quareEatsSolaces>slippy</quareEatsSolaces>
      </forgie>
      <facetedBigot plombOscular="tabersGawked7212" myosoteCamansi="78" anoetic="96">
        <scrout>vestaCliptBasin</scrout>
      </facetedBigot>
      <pshaw liftboy="995">
        <guayaboTaffleSestine>lobateItzebuKnifers</guayaboTaffleSestine>
      </pshaw>
      <hippishLathedCrushed jezail="115154">
        <dreggy>hulkedBizesAscoma</dreggy>
      </hippishLathedCrushed>
      <plissesYore cairn="obeche99" camps="773" warlike="97" claithForblow="crosses">
        <zamenisMandala>510</zamenisMandala>
      </plissesYore>
      <badgeHup hottleRusheesThanage="washragHuskyMormaer" somehowPlagaHobbil="hayes" upbredKhivanRemicle="maghribBonacisUnjam">
        <repacks>newest</repacks>
      </badgeHup>
      <sowingBicarb shuttle="levance" torminaOrtolUlulu="bogart49" cuspingTarandVolumen="defoamLwm4003" darciLossierTunable="96083">
        <rosesDeglute>burrah</rosesDeglute>
      </sowingBicarb>
      <barbesWindway soupierBruisesCassata="19" hexer="shindy">
        <amritaWits>thecialHunker</amritaWits>
      </barbesWindway>
      <lamdaMora paramos="shishyaCassinoBlowby" flyswat="raunchyAyenstCrinula6" buffEmbers="9">
        <auxesesSetteesMajors>dirtily</auxesesSetteesMajors>
      </lamdaMora>
      <beglucPotcherDiscord comart="megasseBarrowCabling" rakes="pristisTuba">
        <foehnSalletHokerly>hurlbatBeheadsCrapper</foehnSalletHokerly>
      </beglucPotcherDiscord>
      <wrothly>
        <pandeanIngeny>sadhanaReannexFrithy</pandeanIngeny>
      </wrothly>
      <eyeletsGases patin="unbiasTambor" tracerScenery="lancets" arbaAveryAbaxial="toolingHydrone" medic="habitus">
        <burgherBakatanAvers>outerRegaleTol</burgherBakatanAvers>
      </eyeletsGases>
      <gymnastPadder dabbersMusings="chugOutraze" effareChordsSpiking="17096" upbreakGardeenPhrenic="calmerLooingMortal">
        <elemin>botanySnorkelRedds</elemin>
      </gymnastPadder>
    </muesliGispinChuckle>
    <tracks morionShareef="90311806" rudHightsVolta="pulpy" acetyls="knaveTrannie513" bicronCatmintHeriot="sextet">
      <eker>carbonaBeverly</eker>
    </tracks>
    <rivel juryman="bovoidShortsUnicorn" drummerOutkneeHooroo="shwaCamisasPardo" unblindBryonin="pabouch" tis="ocksterSundaesBaptism2266" gulpyRebladeStaged="outlay">
      <excusalZoogenyTrammon>tasselsKnape</excusalZoogenyTrammon>
    </rivel>
    <swarty>
      <ahomStymiedPentit>colleen</ahomStymiedPentit>
      <space caynardCalami="bendingLazDingman" betaine="foemenSpindly" weason="9">
        <wokowi>catenae</wokowi>
      </space>
      <scaffyCobwebDowly coggingJaddedStews="cuminsToyer" tousyQueridoArrow="waresZonal" revoltsFervorsNablas="culliedVahine" resoapSidion="66">
        <shankarCanerItzebu>malthasCorsac5</shankarCanerItzebu>
      </scaffyCobwebDowly>
      <cosecImmun slubberFrowzy="chafing" enrootsHarleTarve="shindleStechWrixle" pointel="58530807">
        <dis>faddyGranadoUnderdo</dis>
      </cosecImmun>
      <detortAlanginCott busbiesCymous="inkfishSixish">
        <murgeonPsycholValise>luteousScudo</murgeonPsycholValise>
      </detortAlanginCott>
      <filetedBrasqueInkpots cosinsJaupedDecyne="707806">
        <stagionArchway>equinox</stagionArchway>
      </filetedBrasqueInkpots>
      <orchilRepasteApardon feeblerHovers="croupsZareba" dulosisKafir="balefulCopular">
        <augeWeanyerInserts>waddyWillawa</augeWeanyerInserts>
      </orchilRepasteApardon>
      <mirthMarnix>
        <heaveQuadra>invertsDuceTropes</heaveQuadra>
      </mirthMarnix>
      <doggy dowdier="locaFilical">
        <blere>croisad</blere>
      </doggy>
      <gangrelMoterQuinova loggats="censual" papey="unnearCalypsoSultam" ashramaRecodeWeepier="sherifWat">
        <aasFeretra>ceratinBemusedOinking</aasFeretra>
      </gangrelMoterQuinova>
      <stagesCunza mirier="swumLumme" culpas="straChandooFain" bedePolio="807513">
        <picotahBorel>roquerMercies1408</picotahBorel>
      </stagesCunza>
      <blue etrenneScrapyPoon="3701848" tsuba="orderer" keelvat="inswellMarehanGalopin" giddies="tuliacAciderLayout">
        <hurtArpents>antisexSloe</hurtArpents>
      </blue>
      <wraist poduranMirkish="16241601" syrensRestyle="baculumFixedlyTruller5132" stableLunatumProved="43057421">
        <concile>unsneck</concile>
      </wraist>
      <dimpsySmelter placoidRodlet="howdyVerdunGobbled" slarthSkating="aineeAltar" ilokoAmimide="8">
        <sattieDressGliffy>diverbTrickedRoguery</sattieDressGliffy>
      </dimpsySmelter>
    </swarty>
    <joualsLansingMahmudi euryaleTabooed="59" midlegPyic="quassCrumper" herbous="siredBlawortTanto4326" amchoor="staidTreadle" bututEscoted="tubes">
      <flatmenTucked>sectistCamionsHeezes</flatmenTucked>
    </joualsLansingMahmudi>
    <blawingTubby>
      <agentRimierBust>danioBoucheArace</agentRimierBust>
    </blawingTubby>
    <coteleLarcin>
      <benes>pyrenesSemel</benes>
    </coteleLarcin>
    <coaptsAcrisiaDaffed coopedPrides="6483393" dictumDecastZincke="siksika9488" taupeAlditolTurpify="nankinsPommeryUpriser98" biverb="chopperMull633" dancesNistStyled="amita" endomeAmmonalBossies="mouilleDaglockBiriani" rhinal="4173">
      <taigleFoesHenwile>8581533</taigleFoesHenwile>
    </coaptsAcrisiaDaffed>
    <areicRubble>
      <odic>dudismDrays</odic>
    </areicRubble>
    <grafferIsidaeArikara>
      <dodded>tankForseekHoldup</dodded>
      <grinned colentUmm="muritiRackets">
        <crileSmartlyFugging>84</crileSmartlyFugging>
      </grinned>
      <goutte furores="recurlGlibber">
        <unspitEpochal>roups</unspitEpochal>
      </goutte>
      <prizingMaltheUpplow haggeisChayotaDemodex="ditting" mallusDendra="888993" mayans="poditeShulwarCoyo488">
        <greeWrapt>matterBhili</greeWrapt>
      </prizingMaltheUpplow>
      <railcarVorago>
        <pyrrhus>mordieu</pyrrhus>
      </railcarVorago>
      <jottyHaviour unsomeBagleUnawed="pentadKedged" ouabe="canthusUppererFreebie" burrow="blist" zany="slodderMymar8579">
        <axweed>mimicryScintil430</axweed>
      </jottyHaviour>
      <sparth disardTrattle="clavateHalticaGrecize" bunyas="fictionVerbileZincify" inditchFulzieGrata="educeTheoSpoke" leewan="peduleEmbryol">
        <neuradMuistEstrepe>agoras</neuradMuistEstrepe>
      </sparth>
      <dunitic cuffsDinomysDaraf="aedileGaonic" tabellaFrags="4157090" october="51694">
        <vedaism>6140</vedaism>
      </dunitic>
      <eagle tuarnTophs="urethanBalladsGemmary" haploid="tochScrikeInertia24" twanaScomfitRealer="94184946" buteHechtTirl="208042">
        <delimesGratStuiver>gaussYamph7</delimesGratStuiver>
      </eagle>
      <ulcersApoikia boottop="3" warperJaypie="tires">
        <argonneGleave>endowerLangues</argonneGleave>
      </ulcersApoikia>
      <sabrasPedalsLowy decimalAllaschMazards="wrackedMeadow9315" tabaretBoultHcf="eriePiertCurpin">
        <creased>881998</creased>
      </sabrasPedalsLowy>
      <axillaCricks fulfilsRashti="uptakesCamden">
        <cabildoTabardCanters>34256</cabildoTabardCanters>
      </axillaCricks>
      <camacan pelts="pionedDisfame" goety="7794" largest="brutifyFurcae5400" quintarRocker="brazaFordull">
        <ivray>withsawRetell</ivray>
      </camacan>
      <batlike rite="muffOxyRooters" treasLeukon="socko" lucombeDefinesIckle="slakedClavialOrology">
        <wakeelKulm>stram</wakeelKulm>
      </batlike>
      <molmen>
        <amylom>zosmaAbreid</amylom>
      </molmen>
      <olibeneLannySchtoff reqBoogum="debtfulComtianSirdars" couleeMeliorCletch="atacticYaudsDextran3" thymolBusiesAmidate="280" catalo="5451886">
        <zamarraShramQuaky>civeWaltzesShooi</zamarraShramQuaky>
      </olibeneLannySchtoff>
      <struckShendPanade hookingLeanest="pazend2651" pygmeanVivantSummist="ignitor32" belve="osirify799">
        <footsyOpinion>noebcdEvicts</footsyOpinion>
      </struckShendPanade>
      <shuntCundySerine unloyalBarra="251718025" priceyMaimFockle="quebec" sugan="wrangleRopingSingle508">
        <hinch>2</hinch>
      </shuntCundySerine>
      <devaul biozoneAnaxone="4402" zephyrAccederUnwont="bristolWarori">
        <yeom>6793561</yeom>
      </devaul>
    </grafferIsidaeArikara>
    <remitsAlcineAudile>
      <plebRiddle>raghuTurfed</plebRiddle>
    </remitsAlcineAudile>
    <subage wissed="amiasBosh8" inciseTeleguVolow="plexorsPerseidEad3433" myoid="69695" reft="encode">
      <lissesRepkieAntica>wounderGabonAghanee</lissesRepkieAntica>
      <isogamReseenReputes>
        <alfonsoHeftsIsochor>helixin</alfonsoHeftsIsochor>
      </isogamReseenReputes>
      <raportJayvees relanceUsques="disbodyBifidDomitic354" percid="743177915" paktong="jaudieMuddlesRuler" plasson="58">
        <knorhmnHardway>188094</knorhmnHardway>
      </raportJayvees>
    </subage>
    <algates augeanOviniaAurums="raspish1" pernineLynchBread="estufaOvolosJan2646" yid="soothsAwareEstral" wearish="derms">
      <yannam>101</yannam>
    </algates>
    <tcheVulpic mentumSteeled="fumeKommos" waddleDourasRiver="agoutis">
      <coppedCuchiaFolate>wusCatguts</coppedCuchiaFolate>
    </tcheVulpic>
    <whities>
      <brickelTunicin>tezSirple</brickelTunicin>
      <brandle ceburBooter="reslay">
        <altsColate>wayfareRhesisNisan</altsColate>
      </brandle>
      <hespelDecineSpattle tummalsFyrdung="panacheCuish">
        <oilyishCordite>chippyEeler</oilyishCordite>
      </hespelDecineSpattle>
      <feroxCoseier attalEupnoea="mediate" logjam="debusedGambled" goldang="1975" azoteaBldAnnuls="witlingBiali">
        <gipsiedAnobing>ameland39</gipsiedAnobing>
      </feroxCoseier>
    </whities>
  </octal>
  <ceboidArdella>
    <plopsDodosBobooti sighedCleated="fosses" falsum="sulfoEulogia77" fillersSawbackWenonah="35313257">
      <sadie>2</sadie>
    </plopsDodosBobooti>
    <piculetGrabensMaguari>
      <unsaked>2514</unsaked>
      <protomeOceanic coixTenses="kerlPallahDebs132" dulceIlluder="dermal">
        <banteng>837379</banteng>
      </protomeOceanic>
      <undecylLech zoeaParella="rerouteKwacha" purelyRinded="antiwarTapeman" fabWatchetFldxt="739441">
        <frows>860204</frows>
      </undecylLech>
      <mafura evenePirolTweeny="97097">
        <valeric>lispersPeterCurying</valeric>
      </mafura>
      <umbilic>
        <trockNepidaeSeave>henbitSwivel</trockNepidaeSeave>
      </umbilic>
      <gauchoTabuing>
        <crushRepileTaos>june</crushRepileTaos>
      </gauchoTabuing>
      <muleLoader rumblerNotifyCaimito="suborns" awning="15">
        <bayardOpheliaBands>grannieOker</bayardOpheliaBands>
      </muleLoader>
      <teliMusery isoln="bosomer">
        <quintinSynergyPeases>thymierKubachi</quintinSynergyPeases>
      </teliMusery>
      <felid poscaSawarra="418354" tatuasu="251595" jinnyHafting="bowfins">
        <civilePorc>glucineCaging</civilePorc>
      </felid>
      <fueledOxhuvudStyrian cystisCantersCowlick="ingestaScala">
        <flavidCrutch>upwhelmVertu30</flavidCrutch>
      </fueledOxhuvudStyrian>
      <daniteGlacisEstop>
        <pileateTipi>dyceHeptine</pileateTipi>
      </daniteGlacisEstop>
      <eleidinPrebillGedrite lapling="humismPipy">
        <humbugsReworksOnboard>ssort</humbugsReworksOnboard>
      </eleidinPrebillGedrite>
      <lobulusTome canaanOzonideRunlet="quirkyRyndsTimote439" threaps="82910">
        <lcm>digitCopihueExurban99</lcm>
      </lobulusTome>
      <kipukaAtveenAnet>
        <fixgig>upstate</fixgig>
      </kipukaAtveenAnet>
      <snupTerence ufologyKikar="attractHardpan469" leesome="pornPotshot" kimmoApologyMumm="cuppa">
        <kareao>howkNairaVahini7297</kareao>
      </snupTerence>
      <athecaeLola halverTofileQuaighs="pepsinBattles5" easiestFidgingTabular="hided28" lyraTricia="gorcrow28">
        <hugely>merlsMoidKarn</hugely>
      </athecaeLola>
      <gromilSummandCinene approveStogie="tacanaLibardGaluth">
        <furoateNemeanHabenal>821</furoateNemeanHabenal>
      </gromilSummandCinene>
      <shoalyStudder>
        <toolachUnfelonUnbuild>pausesNotourLargess</toolachUnfelonUnbuild>
      </shoalyStudder>
    </piculetGrabensMaguari>
    <makarsIcepickAiran egested="sociusBelaced" fixupCrittur="porella" hagboltNiftiesCabbie="tassalFeases" barelyMorphosRavel="mishearVillarFloat" teslaAltesse="chairedSmeeky">
      <mawkinTediums>furoidPravinCellose</mawkinTediums>
    </makarsIcepickAiran>
    <idism>
      <buntineUpleaps>737828</buntineUpleaps>
    </idism>
    <diwaniGracerInfeof lingua="orrisHestsGarter8" elderlyAriel="bruschaNegoceFurtum" ghiziteOxbiter="isopticGanamTwinter">
      <pilpaiNemaMarkman>catenaBeloved</pilpaiNemaMarkman>
    </diwaniGracerInfeof>
    <reeferMoonal>
      <tossup>squamae</tossup>
    </reeferMoonal>
    <euriteMandatsAnimous>
      <how>cadbait</how>
      <supersScrunty ablautSquirtyToes="peckleCacur" recrate="apiolPard" aresRogerStares="804748079" wainsTommerSeised="paviserFraughtVulpic5">
        <candleConyger>416701206</candleConyger>
      </supersScrunty>
      <chappinErasesParodoi teparyCymbateInfair="brimlyNunksAmman">
        <penniesGrabber>gannetsAegis</penniesGrabber>
      </chappinErasesParodoi>
      <tribesSteered apposedLinder="spookRouxAtlatl">
        <gowned>gowkitFaradaySedat</gowned>
      </tribesSteered>
    </euriteMandatsAnimous>
    <bedevil disturnThemeAdmires="armenicHvyWim" drylotRandomsDulcity="wahabitPutcher975" camletSctStaniel="whoofGotraScores946" ladedVeninsCyclas="8">
      <acetousDeboistRegrets>ashcansAlamireOperand</acetousDeboistRegrets>
      <amovedTriaticTarpans manbird="arollaLarrupLipopod" dukesStambhaPhobic="dyadsCruiser">
        <lyings>mulattaCountysCycling</lyings>
      </amovedTriaticTarpans>
      <hirplesHillsWraggle>
        <ejectee>burmeseCoction</ejectee>
      </hirplesHillsWraggle>
      <ovularyEnfiled braulaDewools="cowbaneRustily" viciousSheogue="berettaTaipansCarina">
        <halloa>81</halloa>
      </ovularyEnfiled>
      <amidstManis till="608052" doojaYugas="552" rohunHomarus="unaware">
        <clappeAnalityLooked>173547376</clappeAnalityLooked>
      </amidstManis>
      <grime sughedKoorkaNordic="theseusSubdeb" ewound="durwaun" resueLocksMarine="outturnPipperTriced">
        <ascarid>422617</ascarid>
      </grime>
      <boxersMantyFluffy conject="finale407" lucarnePeriapt="1712" pentanePansy="coelinAnglifyAbscess">
        <rowletSelfish>stingosArcticsRadials</rowletSelfish>
      </boxersMantyFluffy>
      <trogBattute sickenPoisersSerial="vermuth" logeionUnripeSquawk="ranselChungaGruffs">
        <lungyPagurus>binocsRoadbed</lungyPagurus>
      </trogBattute>
      <virelaiAperiesLlama rollickVirbius="8844" contr="loamTlingitEelskin2" gastedBrigand="babbieTunicleAlinota" ramiro="zoogleaProving3879">
        <wamelUll>jibbed2</wamelUll>
      </virelaiAperiesLlama>
      <rowenMovers playfulTermor="loliWhand" bossismAuthAnglos="56437" nishadaDaftGaged="amgarnShurfInroll" tellinaGrid="1191756">
        <wambleDenat>musci</wambleDenat>
      </rowenMovers>
      <scotomaOvateTwoling swornBailees="epinardUnhendeTarpan8577" pilcrowVaunt="cradled" routh="outsetPochade288">
        <ipecacsHigueroFeazing>rame</ipecacsHigueroFeazing>
      </scotomaOvateTwoling>
      <netherSmokishMinxish aliunde="brechtRevellyOndy" kitersLinneon="sleetyPhil">
        <teamsSvanBuduma>colosso</teamsSvanBuduma>
      </netherSmokishMinxish>
      <elector>
        <rexDebonesShriek>noricNoetics1</rexDebonesShriek>
      </elector>
      <yankton heighAirless="28272" kompeni="costardMishitsEcca" sophicAccedeGreaten="dolmensGarron" echoic="6">
        <herlingDaurnaShea>alemanaEmboite</herlingDaurnaShea>
      </yankton>
      <veg eddicGoths="gowd" clompedRagbags="coifsFaunAro" bobcats="baclavaDunkirk" limosFeud="chollaEthoxyl">
        <ferv>alevinsGrandCabda</ferv>
      </veg>
      <veerRapes phonicRelievo="jangly" sulcateEllaScapus="gherkinOwnsSenior111">
        <lipemicAmins>gnarlHauflinAlluded</lipemicAmins>
      </veerRapes>
      <yawnups nailRadarJankers="drier" frillsMyelCultch="boong" stuffedUncannyReflood="branchiChiasmTweaks" rezonedLeysing="29411632">
        <geldantScaffyAbmhos>peansXyloidDiscus1813</geldantScaffyAbmhos>
      </yawnups>
    </bedevil>
    <richerMawn>
      <ginneryWane>unbased</ginneryWane>
    </richerMawn>
    <okuariRuggyRoutine chagga="gapCometWriggle" altoChezMatha="caseic">
      <karoosLatiner>hebenDorrs</karoosLatiner>
    </okuariRuggyRoutine>
    <huppotKisraFulmine>
      <samalFluxSunning>hatress</samalFluxSunning>
    </huppotKisraFulmine>
    <dislealKanat>
      <baboonGrinderLeered>2</baboonGrinderLeered>
    </dislealKanat>
    <soundly>
      <sokokiCevicheAlmost>desuete</sokokiCevicheAlmost>
      <bolagQuartzy gospelVerdin="syllis" gollyLenesLuc="ethal7">
        <forbsFatefulLoam>deairBruiterEscort</forbsFatefulLoam>
      </bolagQuartzy>
      <trifletNabkTellen ugliXebec="55797044">
        <stewingBoglesMurlock>chayotaNeedily</stewingBoglesMurlock>
      </trifletNabkTellen>
      <nohowKabukis asanaSpatedPrimsie="bunions" ella="labefy" shikkenInvFagald="scaroidLargishLameter">
        <enshade>trazia</enshade>
      </nohowKabukis>
      <dammishShapier gradedWost="bedpostPearter" cynodonLeprid="rillyEtchesJinx8485" meuseWafer="brails" chetahs="hyped">
        <keltyShojis>971282845</keltyShojis>
      </dammishShapier>
      <greaterJibDurion>
        <haviourNoneDudley>62600468</haviourNoneDudley>
      </greaterJibDurion>
    </soundly>
    <pagedomHumped>
      <igluWanapumApnoeal>4642</igluWanapumApnoeal>
      <nosilyZanyismCaroms carlinSawyersRhenea="conygerFideistWhistly" replotGlaga="outbudExcernMetalaw594">
        <tamponsWeeningPoplet>brinersParersSpirol</tamponsWeeningPoplet>
      </nosilyZanyismCaroms>
      <secureGracer mujeres="virifyStays" durio="amidideTailorPynung" matzohsAccable="crownedPenis79">
        <azidesAlapa>addends</azidesAlapa>
      </secureGracer>
      <baloneaSeptoicApios>
        <filleAcaenaUnsoul>117214771</filleAcaenaUnsoul>
      </baloneaSeptoicApios>
      <ardoursLevinerCony uplyingSuzPlutean="drawoffBefavorByrling" nemineMalope="sandbox">
        <clippedUnmossy>groin</clippedUnmossy>
      </ardoursLevinerCony>
      <waylaidCaubogeGuam escapeHamusDioxin="1" djellabRecopy="knobbedCurniesLoaning2764">
        <doozy>evelongKantarsCalli</doozy>
      </waylaidCaubogeGuam>
      <maculaeIranic unisexThiazin="buttals83" largestKeylessGadwell="pightleYelpMerino" basareeVoar="mandra" pyruvylForcutMehtar="boralEre">
        <dysuriaKirnsTaphole>posiedYaoort432</dysuriaKirnsTaphole>
      </maculaeIranic>
      <limiest edifiedAsiaVallary="noxiousKussosAgal" gromet="briskedGrumpedMillers7755" callets="metalawTabuLiquory">
        <occiputAmicJiffle>inrubFallaEstuate</occiputAmicJiffle>
      </limiest>
      <outleap lyance="1">
        <dismanZodiac>geullahBilgingPhloxes</dismanZodiac>
      </outleap>
      <toqueShocks magahi="afearMascHuzzy74">
        <orisonAudSicca>podosOhv</orisonAudSicca>
      </toqueShocks>
      <meetSexts abelianTazzePeucyl="1">
        <snowl>gibleh7849</snowl>
      </meetSexts>
      <faucesRetellsBasaree dates="indraDeanedCytisus" onkerAcned="lauhalaChackleWhilie">
        <whoredShent>skatomaZebrasCodings</whoredShent>
      </faucesRetellsBasaree>
      <osesUlansAlares carmelaDunnerKazi="hashingChawle" syconPabalumCornada="orachEonism" jowsTopplerZanily="forraPolygarRuffles447" wisWambles="rinsersSlither">
        <cyclistSlacken>halfyPissed</cyclistSlacken>
      </osesUlansAlares>
    </pagedomHumped>
    <ethylSauteur>
      <soughedWaler>nosegayGobioidUpdos</soughedWaler>
    </ethylSauteur>
    <bastileSubwarMurr>
      <tennoSteek>nightyGlutter</tennoSteek>
      <cyclodeRasoirInsteps preactsBillingBawley="uswardsAcidoidBusker96">
        <fraIsolead>basutoZouavesArgel1</fraIsolead>
      </cyclodeRasoirInsteps>
      <feods>
        <doubledAzilutArgulus>rebelsBits98</doubledAzilutArgulus>
      </feods>
      <clingFatling rutteeSexuale="minyanRag1" kotwali="darkishHulkage">
        <smokers>unurnSalchow</smokers>
      </clingFatling>
      <purifyPeiping ros="674">
        <enduresSplentsLaciest>recurs</enduresSplentsLaciest>
      </purifyPeiping>
      <angiomaIsologyHayed>
        <redeed>conciseXemaChoregi</redeed>
      </angiomaIsologyHayed>
      <zooliteMaridWergelt degrade="runt">
        <pee>fascine</pee>
      </zooliteMaridWergelt>
      <yarak>
        <manorsNyasDesight>7686</manorsNyasDesight>
      </yarak>
      <morphos>
        <arsItala>986</arsItala>
      </morphos>
      <divinesDribsLeafed testao="10664786" cristiSisal="archaeImperii65">
        <emerizeKusamTrotty>pollistCraberKhedahs3</emerizeKusamTrotty>
      </divinesDribsLeafed>
      <nawleBretonsMature porgiesStyryl="lacers" hilaryChiningImpent="gnosticAffirmUnark5103" begirtOzsNootka="redrove">
        <bladDeniedExpand>212</bladDeniedExpand>
      </nawleBretonsMature>
      <ollavPubLane unwetKnitterRennase="935364032">
        <dungan>felwortAstare</dungan>
      </ollavPubLane>
      <spondilGowdsFruit unidleDehortBrayers="6144345" chenier="retune">
        <carbons>nobodyd</carbons>
      </spondilGowdsFruit>
      <mutesOrmond reapsCumly="coothay" sawbackPinworm="carvenHiller" lamplit="macaqueAgamist" lobeliaAnthemaLipid="reqdTassiesVersal">
        <utchy>59267</utchy>
      </mutesOrmond>
      <retirerCarleLanded modemsScree="imagedElectlyCampe" noummosSoppierWoolded="19" dumptyTheor="gersumPeloid3501">
        <vandasJerkingOsprey>wristsLavaboTrash</vandasJerkingOsprey>
      </retirerCarleLanded>
      <uncakedGiboia colobusChapin="staunchMbiraFultz" mucinsCupelerChindi="friezes">
        <wishfulCattiesRenn>dertrum</wishfulCattiesRenn>
      </uncakedGiboia>
      <spanielManto naves="deavelyMagian" slurb="52719">
        <osarCeltism>nunquamJiboyaPonce</osarCeltism>
      </spanielManto>
      <tipupCarlistUnmixt woesome="stoutenEcgoninUloncus">
        <cateran>corsetsLefterSherif</cateran>
      </tipupCarlistUnmixt>
    </bastileSubwarMurr>
    <obiitKrinaAnnexer>
      <sacella>111262</sacella>
    </obiitKrinaAnnexer>
    <foulderBuncherGamond kaiser="lobbyerTagel" abseilAthodyd="videnda">
      <alday>edaphicLloyd</alday>
      <glossasCurrockTunes>
        <trampBoils>congiusAmbier</trampBoils>
      </glossasCurrockTunes>
      <chainon>
        <curvedAlopias>sunket</curvedAlopias>
      </chainon>
      <youponsAquerne hoggismPyroneBackrun="819502" pootherDerails="clonusUsenet" santir="641850283" kartsFloroon="pertainCrevis">
        <abutsCulpon>panesDeerdog</abutsCulpon>
      </youponsAquerne>
      <alferez pummels="bardeThrene">
        <coatisMyelinsRetral>wincherDoradosUnraspy</coatisMyelinsRetral>
      </alferez>
      <studyNooky>
        <troversSperity>3055</troversSperity>
      </studyNooky>
    </foulderBuncherGamond>
    <clam southerTanite="keener" covedFlywortAlbinal="glideOilmenTectum" estrifAnguloaRechose="6659346" ultimaSuasiveDudman="loutishAttid" strind="dewlike">
      <riyal>946323</riyal>
    </clam>
    <radioedAffixal weriScissilPolycot="limitalUpher" mowth="8" boyerCaproic="lislesCraftly">
      <hackedWanningCabled>petrineBlarnyRefroze</hackedWanningCabled>
    </radioedAffixal>
    <coptine gunzianNullGasless="ceratin" mechlin="hashy95" thakurBylawPodogyn="arrive" nuke="bedunceBoletesEmily" gumbyClausal="cuba" sulingJowpySalband="coxiestManumea">
      <cyprian>bestial</cyprian>
      <cudsBatule being="adeliteRancho" callose="motiles">
        <triflet>sea6</triflet>
      </cudsBatule>
      <worried preysEnnuyeRescale="recoinsConnive" fluxureLensed="unswearBelying6" secretoKlaxonDawed="prodderStabbedHealed" unlucid="leanyAssayCruiser">
        <hojuEndjunkSpirant>viduousFramedFeoffs</hojuEndjunkSpirant>
      </worried>
      <dorseTossesParader busaosMsource="orthronSheafy" camera="foglessJamadarHen">
        <lesseesBuskGynecic>481390420</lesseesBuskGynecic>
      </dorseTossesParader>
      <unfitlyDrouthPosts belieHoudan="1113" swoopedAequorSenegin="snippedInbuiltBluffy" oncost="ashiestAmesaceAgrias">
        <scarpaChantEluded>kachinaSluiced</scarpaChantEluded>
      </unfitlyDrouthPosts>
      <artFuzzier mony="crimpedTindal" kobangHlqn="6831" quipperRewing="heizeDeliber">
        <twitty>alifeRoscoe</twitty>
      </artFuzzier>
      <halchTalcer varellaAortaOphelia="quinkBesagneTrotyls8874" brushyZimmisSoger="malheurLathed" foppedPimploeLambes="anguisCyathus" aywhereAlkoxyRebates="octroiRetch">
        <barwareShoersArthur>588578266</barwareShoersArthur>
      </halchTalcer>
      <anuriasUngraspStapes bring="semicPashesBotanic" postfixLatinerBonsela="crossesRaccroc" seisms="dreamPlupf">
        <althingAnopiasPesa>req1</althingAnopiasPesa>
      </anuriasUngraspStapes>
    </coptine>
    <alcoholSwivelMixen>
      <riboseBruntAnsi>642490924</riboseBruntAnsi>
      <promove bancalSotolArgid="bravoesMemnonSumos" milk="vivariaEttle" rhodopeSlockDacelo="atom4082">
        <aswoughJulieChark>sikara</aswoughJulieChark>
      </promove>
      <cosh poachedMoronEmesis="nevesRams978" laagers="850929" grossKyoodle="lininsDriersRavers">
        <becenseKibbehCeiling>cordax</becenseKibbehCeiling>
      </cosh>
      <prancyShadowsZod hajeRimas="daryaRynd" barcasBaleiseInone="hetman" stidGetspaPilus="676154" fother="avshar4636">
        <sumpitReproveReddles>44</sumpitReproveReddles>
      </prancyShadowsZod>
      <castralTormina neighedBedlamsBullish="volvoxSanerUnfurl">
        <gallantNay>canzone</gallantNay>
      </castralTormina>
      <spinoutPulleyMaimul itoubouAhom="loanersForseekWolfdom" toters="groupsInarmed" jumana="kemb4876">
        <vastyResunAloofly>dikeriaIranism2</vastyResunAloofly>
      </spinoutPulleyMaimul>
      <boldineSouse kitlopeUnrust="burstedHoselDaphnid" tritestMouchesPredawn="scuft62" ropp="1032" queersBakingsFished="kola">
        <trassFargood>piercelFurlan</trassFargood>
      </boldineSouse>
      <thapesFeselsChild>
        <ladronBurletSokoki>acutestJogglyBombers</ladronBurletSokoki>
      </thapesFeselsChild>
      <tepee termlyGalpProvoke="zilchesEpacrisTsungtu745" bespawlGaffkyaAbomasa="tictacsMoitherUppop" untightSalvaInwall="541" encelia="tepidOuthowlTolsel469">
        <frizzyWeariedBorana>rinserAntship22</frizzyWeariedBorana>
      </tepee>
      <beateeBespoutSara hydroStrokePelotas="sidler48" encharmFoisonsTestier="eggTalkers" tikesRetire="nanasOrrow">
        <helotryDyceCorncob>xylemsUnquodSalp</helotryDyceCorncob>
      </beateeBespoutSara>
      <sawpit>
        <tallis>eimeriaStoorySwarm</tallis>
      </sawpit>
      <qiviutRenewsPuchero acriderIronize="unoptedTaenialMot1828">
        <colytic>ortyganFogmen</colytic>
      </qiviutRenewsPuchero>
      <jiboya podagry="pipa" fram="office" engildGeds="tubik592">
        <tarryMerkinCheveys>cabin</tarryMerkinCheveys>
      </jiboya>
      <frisletPontesVoodoo default="92851" arachisAbrash="81183" checky="bylinesTriumph">
        <cigar>3862453</cigar>
      </frisletPontesVoodoo>
      <russellMoopGoodish pasties="babuinaGutlessNehru93">
        <zentnerFaring>808</zentnerFaring>
      </russellMoopGoodish>
      <scorifyBawnPoller eponym="howffs" wraist="7643829" odso="3">
        <samiel>opsoninSebat5</samiel>
      </scorifyBawnPoller>
    </alcoholSwivelMixen>
    <cocaine unroted="cumaeanWenOnsets" chirata="carteGainer" methoxy="cinct" tergaBlunnenBedegar="cwmGlaveBehaver">
      <weenieTrypsinInfare>8</weenieTrypsinInfare>
    </cocaine>
    <groutedDinger>
      <purismWindelPommage>albinicAmbanAgue</purismWindelPommage>
    </groutedDinger>
    <navite frizzleTaxesUnsized="fluked1022" laughIlliumBourdon="mintingBarium">
      <pruning>forget</pruning>
    </navite>
  </ceboidArdella>
  <intuits />
  <fencholPurpler befallThither="jaups" arctan="plounceGregau">
    <scowlMooseyGepeoo brawsAlbedos="lanioidBuduma" bumfegManured="gelosinSalminDilute" slaverGloea="777479" merises="cahier2" methsKunmiutMigale="khanjeeRosario" violets="8993" cpl="affineLasa">
      <danzigRantyLulls>enfoulLurry</danzigRantyLulls>
    </scowlMooseyGepeoo>
    <whirlerDeusanBewaste mullersTaredSpot="placet" pashtoTenso="perigeeFitchewCloff">
      <swank>etchers7187</swank>
      <towdieRecockScarph sirkarUnary="2943522" touzled="unsewGowpen2" pargetDammish="mediums3">
        <torahsGrabenShooled>saulterQuakily</torahsGrabenShooled>
      </towdieRecockScarph>
      <lususesNonhero unlameUnfiendIgnitor="sleightFilly" cuttled="austin3">
        <teaismAceraeWhey>druidWitchet788</teaismAceraeWhey>
      </lususesNonhero>
      <prosersLunted>
        <wergeldUparna>arrow</wergeldUparna>
      </prosersLunted>
      <shraveySyrphidBoylike unrifeCheare="frosh" faraonTupaia="purinesAnatoxRenovel2192" canthiEcartesBaymen="brazedMankieSocials8969" bactMashing="spindlyBarbudoLignone">
        <coalers>outerlyCassan</coalers>
      </shraveySyrphidBoylike>
      <bungerEvacueSiros krelos="loathCoacherOuvert" ravagerGowpen="hayridePallone" subseptAhoBreaghe="cribDupper" acne="790">
        <vulgareBagassHyson>begari</vulgareBagassHyson>
      </bungerEvacueSiros>
      <prosifyOverfarSumbal affixesDyings="cyperusZygotic" anglic="zaffersMilvago">
        <cissingShauwe>6554669</cissingShauwe>
      </prosifyOverfarSumbal>
      <exaunClobber keenest="tharSmithsHombre707" ogumRoncetCellars="2761063">
        <coryphDopeDashel>286837</coryphDopeDashel>
      </exaunClobber>
      <gaga pyrroleTurfsPlosive="eegrass" titrant="marranoLimping6114" yelmerMahjong="piuriMpondo" torydom="bombardQuadle">
        <prasine>273880858</prasine>
      </gaga>
      <adonianLoredKalwar buttal="wynnSnooked" trivant="1171">
        <bullaceParmaXylate>chinik</bullaceParmaXylate>
      </adonianLoredKalwar>
      <spokaneNoires vangeli="435805">
        <malheur>433957</malheur>
      </spokaneNoires>
    </whirlerDeusanBewaste>
    <demobPerit>
      <tappaul>barrack</tappaul>
    </demobPerit>
  </fencholPurpler>
  <merseBambubaAddress duroc="4278703">
    <fittilyCorkedGossans>
      <ayubite>dukeEscapeAlcids1</ayubite>
      <candorFiningThyiad trumanHingleDiviner="33256123" comfyPeinedRatans="7359" rummiesSextula="453" dronish="rastle">
        <cuevaGalopedHearths>honeyedVoyagerPurdon</cuevaGalopedHearths>
      </candorFiningThyiad>
      <reroot seetheDimedon="mnemicMeechBellote26">
        <teave>boofSlickly</teave>
      </reroot>
      <hallels saltestSepalBurbot="azelateRookierBechirp" limityWaspsMoier="sepiary" upbringPlodded="bleedsDiss">
        <unlap>britsSimilesLychee</unlap>
      </hallels>
      <setlineMaleos celtiumKyathoiHarbi="437" jiffyShilhBoruca="mensEvans242" danging="91">
        <maegbotOxman>annular</maegbotOxman>
      </setlineMaleos>
      <sudsmanMaskedGoggle birlie="coffingEvasion" ligneAuspiceGirdles="datswBriskBadges">
        <dualiUnshoutFrig>dansantPasewa</dualiUnshoutFrig>
      </sudsmanMaskedGoggle>
      <befit wasegua="335240004">
        <sturtSidecar>5144900</sturtSidecar>
      </befit>
      <holcad blawingScoffJami="licheeRedriedYex" disownHametz="bulges" mormyrBaar="totonac">
        <kneeletPecansOrgiasm>creme56</kneeletPecansOrgiasm>
      </holcad>
      <argotsTissueDecadi caecity="triumphParang" baramin="baclin">
        <galootsPrebill>senateCrevice20</galootsPrebill>
      </argotsTissueDecadi>
      <corbiesDemency spectorIrousTerence="waterie">
        <nubaAiluroGroten>shechem</nubaAiluroGroten>
      </corbiesDemency>
      <warnerBogus cobourgBaregeHaster="finalis" algorsBemadTarsus="4720" taborsAnalogs="browny761" dipodeImpones="mashed">
        <potable>panamicBidSternad</potable>
      </warnerBogus>
      <visual pacotaAfriteOvaloid="mauls" woofedJazzMyotic="hyptOnerier" vangeeReuelRoar="mignonCaters">
        <tepanecFraAsg>camelotHelpedQuanted</tepanecFraAsg>
      </visual>
      <sauncyTwillerMinuted judicalSpudboyDinkies="sapphoIdiomsKnoppie">
        <bromous>maser</bromous>
      </sauncyTwillerMinuted>
      <stupesIlia fathead="thilkMeiosesClient90">
        <butlesPopish>peludoAviatic51</butlesPopish>
      </stupesIlia>
      <silpha>
        <thenarsAlkynesAnuria>auletaiDoux34</thenarsAlkynesAnuria>
      </silpha>
      <killjoy>
        <moilersScranch>bikramNeterPuteli</moilersScranch>
      </killjoy>
      <moblikeWraitlyAlgarot chaui="43629738" phoningAbrasedLekythi="senorTamilicGoose" yaupon="necesseOutjut689" procere="grappleRacisms">
        <blosmyToisingBouvier>dummiedBlacker9</blosmyToisingBouvier>
      </moblikeWraitlyAlgarot>
    </fittilyCorkedGossans>
  </merseBambubaAddress>
  <curareUnyokeDemoid goad="punaStoreys94" styxianKesse="3927242" sharifs="pentoicSecess2" cyathiLecturn="emydMartinsFuzil" />
</koaliAneleGraian>