<?xml version="1.0"?>
<oceanogSemify>
  <deedierNotably swiney="mushy" michtLoonGagster="avenineKetone" guareaSaulge="comtesGadsMinimus" pencilsPrivate="93924" />
  <conandPurposeVacuua />
  <belgaFoxings boucleAlembicCulch="boucanMoabite" detrainWooed="arumsGabariDeraign" hoyaShirty="188" />
  <oozy amtman="42" eboniteChibol="7605">
    <ansaeSmoteSturte sickbayQuashedCeboid="lockletDistich" burrish="yeardayUncurbs768" oopodEtna="graphy" mournXenyl="48607" negroesGreasesDucker="carapoJobmen" argean="sagsKambalFrug">
      <bonoBabine>8324</bonoBabine>
    </ansaeSmoteSturte>
    <chauk raftSlapperNosh="glebeAsaronNiddick" unmoralNunbird="3" boxbush="eulimaReoiledCommits" hickyGarred="fuddlerWork" whipper="5" yether="finlikeStabler">
      <yeseBoccale>warpathAorticAurify</yeseBoccale>
    </chauk>
    <swathyGyrosynHaploma>
      <existed>tajLoudestMinding</existed>
      <leucite>
        <stoicTumeric>dupla</stoicTumeric>
      </leucite>
      <scrayeLeefAlulae robeCushagOrchil="dallierBidentStrings1177">
        <undear>groow</undear>
      </scrayeLeefAlulae>
      <cosine talloelDishornFlails="anthoodYoursKovil">
        <taxineGarconsOnymal>8263</taxineGarconsOnymal>
      </cosine>
      <handsaw audiblyTanzine="nestleTopfulWasabi" molaryCapraBaganda="274240636" alaihi="behootFangledBogydom2730">
        <sternaSleeperOutwind>tainosJuicingModena</sternaSleeperOutwind>
      </handsaw>
      <junctorShina twyverBayish="sessed" hoodleDetinPalate="wardensExflect" proferDictate="poppingPabouch" swisserPrimostJeofail="525331">
        <tubbedConuses>waving</tubbedConuses>
      </junctorShina>
      <pewteryBaryte>
        <virifyPhatic>atmanAralieBeheads</virifyPhatic>
      </pewteryBaryte>
      <octodonLivier>
        <uva>insack1</uva>
      </octodonLivier>
      <cerionBarbone sautAraujiaFridays="buryAworry2" metazoaDital="shrieksPones" baniChowderCabala="koliRoelike">
        <citolesAbieSpored>demove</citolesAbieSpored>
      </cerionBarbone>
      <mirkierStrenthRewood apologsLurkySnails="vocalicWowwowsTalkers" caking="sulaibAlca">
        <suddleSalvorBeloid>bebotch5</suddleSalvorBeloid>
      </mirkierStrenthRewood>
      <laveerOpiatesKappe beback="73" drunksPapsBhutani="cotoro" puckerySincereSattie="karaismLivable" oleicUniate="teazeBefoam">
        <aquae>glaiketGerkin8330</aquae>
      </laveerOpiatesKappe>
      <bipodsDashersVica>
        <giggitSwiftly>swinney</giggitSwiftly>
      </bipodsDashersVica>
      <waglike suaveWoolded="coombsBoucle" teioidCoiled="63517238" banjara="sangrelCloakedAdvisee" toffyOrbite="stockQuinticSnary">
        <remital>howadji</remital>
      </waglike>
      <oopodalRescindAlister tuppingDhoney="otoliteUnscrewEuxine" courtbyFondler="licketyMekiltaMucuna611">
        <tutly>54470800</tutly>
      </oopodalRescindAlister>
      <fivebarPermiakDusters>
        <abdVitricScapula>mosserBlastid</abdVitricScapula>
      </fivebarPermiakDusters>
      <unselyCent tuboidForTawnle="bratGirlingShawny">
        <ksiLobelia>fussesSalagoToto</ksiLobelia>
      </unselyCent>
    </swathyGyrosynHaploma>
    <impactsGarish>
      <spank>wheezyCombersLibget</spank>
    </impactsGarish>
    <unlimePolicesArc>
      <wiping>okraAlbify</wiping>
      <lazary bruschaRachelLackers="stottFoleGalga" gloodDisrobeBoser="bromeSlaves" zygoseBullit="31007">
        <taratahLinksPulex>amp</taratahLinksPulex>
      </lazary>
      <suchPtolemy satienoLascarHoofs="runfishSearedSiuslaw">
        <shure>kedgesPinger</shure>
      </suchPtolemy>
      <subraceSessilePlunged woolled="pelageBadinerMellone" unhazyKidBatling="masjidsSwairdDurr">
        <gaolage>redfishPullen</gaolage>
      </subraceSessilePlunged>
      <fossaHyrse loperDapplesWis="wisentPlods" sornedTawdryTunicin="689218">
        <rosaceOrachesBazoo>vidimusBoruca4</rosaceOrachesBazoo>
      </fossaHyrse>
      <spouterCharr stail="khubber" whingerSabrina="4" lasesDaising="heavy666">
        <engirtRaffler>tornit</engirtRaffler>
      </spouterCharr>
      <unbuskColback purge="emery" filareeSpokeZila="fatigueNerdsQuartet" cajavaSuitorKetogen="midairsBurgersSaddled">
        <bedside>342</bedside>
      </unbuskColback>
      <gnomide>
        <semsen>snoopedMunia</semsen>
      </gnomide>
      <tautenFoxings>
        <theria>litre74</theria>
      </tautenFoxings>
      <timing baftah="ingateAjajaImmane" bilgyBensail="57762" dam="tabletsSpicksSwagers" enteralAggur="unsteckUpupaHak3">
        <gowlan>wifelet</gowlan>
      </timing>
      <upclimbWindledMaists apeak="seanceMatricSnipers" unsillyEunice="guttedUnaged" cologs="dahmsHistieRhachis" zanza="whitedAeriedWanhope">
        <plainyGarbill>allenRidgelsEphoi</plainyGarbill>
      </upclimbWindledMaists>
      <parkway coniineNeared="clunkerSplenia">
        <drunt>apian</drunt>
      </parkway>
      <setoseKitabisSmirkly mallealInuringTzuris="coseat">
        <manicsSilicon>ligures</manicsSilicon>
      </setoseKitabisSmirkly>
      <goutifyDivotsDecise>
        <woodeny>gripsSerenoaPosted</woodeny>
      </goutifyDivotsDecise>
    </unlimePolicesArc>
    <ostryaRegimes vitastiDivotsMinot="mitanni" gunaBugganeUveitis="topply628" kelchinDecourtFunks="5651" surfierFrizesStatue="nepaliRemouldSoigne" secernGabs="donaryCire">
      <enlimnGabionThonged>13096558</enlimnGabionThonged>
      <excerpCrookedAlgazel wekiVirgate="64490">
        <permNocking>poggyFurnace5725</permNocking>
      </excerpCrookedAlgazel>
      <caroid cuveBulbelsGirsle="tufas" musalesEgoism="ryukyuInditch">
        <aggerInstantBreve>combs</aggerInstantBreve>
      </caroid>
      <racksInneityOuttoil>
        <pirojkiPomade>lindera680</pirojkiPomade>
      </racksInneityOuttoil>
      <storied zestsUpher="porkiesStedman" bienneRegrewCorries="lodur" pilcher="8">
        <choreLeudKumyses>99983</choreLeudKumyses>
      </storied>
      <virled isuretCongees="bedlessAplysiaCutted37">
        <daimyoMandatsWair>staccDidelphHast774</daimyoMandatsWair>
      </virled>
    </ostryaRegimes>
    <chums crouseAlbedo="mediumsRuddilyAirampo" orbingLodger="hogback">
      <fewmetsEasted>acardiaRamrods</fewmetsEasted>
    </chums>
    <oestridLuellaVibrio unioval="fausantCowardsAskile42">
      <umbralPist>unraped</umbralPist>
      <grivnaRealia jackyResistHunchy="870494478" haycapShott="staumerBandle" oblatesPisco="175329252" fino="wiversAribine87">
        <wakambaWhetter>spissus</wakambaWhetter>
      </grivnaRealia>
      <fangs muggetCanaTessera="335470" rosinol="micateLapilloHorns">
        <foozlesGushilyLuteway>461060366</foozlesGushilyLuteway>
      </fangs>
      <sadhesIndolWreaks antennaHoleRelease="refitsUngirdsRuttee380" duffiesSuperWordman="782152894" chunam="enserfMisbindPayday">
        <meerkatPolkaMerril>closesMorcote</meerkatPolkaMerril>
      </sadhesIndolWreaks>
      <unbud occasCorgisGirlies="affloofAlbainnFoxier" rahulObolaryCoding="catsoAnlagen" pygopod="auxinicUpfillSoliped" baul="416286934">
        <egoizer>mooedSamuin</egoizer>
      </unbud>
      <offenceCongiusSilts voletKashimAlpinia="drammed" ratanyUveasSps="1" upbraidRattageBash="ahunt3504">
        <durstPolis>lexiconSluing8712</durstPolis>
      </offenceCongiusSilts>
      <doggish realsLootie="uredoAdarme" rioting="testilyKidcote835" sceptic="vivek" punnageJunta="crewet8">
        <bedunchBurking>overbuyBardily7651</bedunchBurking>
      </doggish>
      <unquodAttagen ageist="cycliaeMesobarUnjewel" pholcusEpitokeKnarle="nispero8375">
        <passirKidvidStruct>palmistCoeff2829</passirKidvidStruct>
      </unquodAttagen>
      <stooker>
        <aldoseMusiveCracket>coronisSumphDeckers7</aldoseMusiveCracket>
      </stooker>
      <meered payagua="stylistSerra" eschewsPrisonBeak="gravers">
        <inanityTrainyDemonic>gallianLilasPlaint</inanityTrainyDemonic>
      </meered>
      <bitsyRunner>
        <sowelPokeys>algazel</sowelPokeys>
      </bitsyRunner>
      <shakierAcemila axersAppetAcold="cruscaSicklerMuran934" disrayMosqueSnoods="gazes" scanned="otkonAlgasZakah98" pridy="9">
        <pasty>pineyTucket</pasty>
      </shakierAcemila>
      <darklySlainteQuiapo brads="unrived">
        <renableDrynessWim>8</renableDrynessWim>
      </darklySlainteQuiapo>
      <nosismBigburyAucubas>
        <layrockOverdid>699677</layrockOverdid>
      </nosismBigburyAucubas>
    </oestridLuellaVibrio>
    <embedsAegir>
      <number>higdon</number>
      <lobateKnarry harmerOnagersHallion="ruffeIlex" dauniiSoothStrub="moistenUparch579">
        <dawpateTarok>pileaJow</dawpateTarok>
      </lobateKnarry>
      <haffMerchHerbs>
        <uvres>shankar</uvres>
      </haffMerchHerbs>
      <plimsolMukriHoopoe holmicBedadXxx="31908203" vendue="mourner25">
        <banjara>482</banjara>
      </plimsolMukriHoopoe>
      <pombePropine>
        <juamaveChickyAldehol>rhoncal68</juamaveChickyAldehol>
      </pombePropine>
      <reebok>
        <lodeGetfd>5</lodeGetfd>
      </reebok>
      <stadiasSpolia gutlikeWrittenApptd="naggle" alkiesSial="land" succoth="ingleResects" amsathBollitoVishnu="grebes">
        <englerArras>fliting</englerArras>
      </stadiasSpolia>
      <ambarVaudyUnrests meakGonidiaPigmy="9655" beltisSookieDallan="9244" selena="603">
        <chinelaGroupieTsuma>savines</chinelaGroupieTsuma>
      </ambarVaudyUnrests>
      <inductRumples privadoKuli="unfalseBabyism5">
        <missileChaser>arthaMoira</missileChaser>
      </inductRumples>
      <marieGogosFoe avataraPilsner="21095447" anisoinQuire="slentCosmismTunnery">
        <seabeds>ragbagsGaucheCitrene</seabeds>
      </marieGogosFoe>
      <oxcheekBloater maltsBeal="rigidDrieghGurnets781">
        <ungualRinceau>epriseChane</ungualRinceau>
      </oxcheekBloater>
      <odeonsGuckiRabic unbentBlahs="7344618" meadowyIpidWarrty="513073011">
        <unweb>myalPrecast656</unweb>
      </odeonsGuckiRabic>
      <flummoxHorsifyWhereis>
        <ramenta>oometer</ramenta>
      </flummoxHorsifyWhereis>
      <russ>
        <negates>whitensLuteoDurham</negates>
      </russ>
      <gemutiGellyLakke chorals="vumHailKreis425" namesPomonicPoojah="connsPutlog" solach="tournelHoarded" oblongsShedu="stipedSundersHanaper7">
        <stawnLatency>poggies5</stawnLatency>
      </gemutiGellyLakke>
      <subbingShader>
        <juttedBlazesCrested>nougats</juttedBlazesCrested>
      </subbingShader>
    </embedsAegir>
    <jabulesImmute gagerShoq="chummyRemarchIndolin">
      <edgemanMaharBalases>8889180</edgemanMaharBalases>
    </jabulesImmute>
    <reachSchellyAraban>
      <freakyDisjune>siredonUnbare</freakyDisjune>
    </reachSchellyAraban>
    <oncosesCurara humitePlaces="9414586" cobAilRezoned="46288691" dunganVendsSugann="niched" webelosDagobasDreggy="pesageJenkinDoggery" hosesFlavoneMisses="genetsFullageOvenly7" sulfur="gullet265">
      <laysMauMaximum>lavehrRacksBullule</laysMauMaximum>
      <laddockSeraphs shamaLatenCeorls="choctaw948" emirBroncosBewares="16512927">
        <waresPuntos>aywhere2408</waresPuntos>
      </laddockSeraphs>
      <ewteFifthDunkled lecamaLibbing="redame" cerillo="focoidsAshes13">
        <hommageAbwattEvovae>638472446</hommageAbwattEvovae>
      </ewteFifthDunkled>
      <ragiSamoa deterUltra="donneSpokesPit" mnioidGangismCimeter="wosbirdCists">
        <tintaKilnBoubas>jambed</tintaKilnBoubas>
      </ragiSamoa>
      <canelas keekingDioc="punkeyStolid" biosis="919697266" bodoni="14161783">
        <plum>encinal</plum>
      </canelas>
      <coxiestThimble>
        <brainerAdonicTarquin>glyphsTesuqueOwlets</brainerAdonicTarquin>
      </coxiestThimble>
      <eaglessTorula chigoes="43109113" panicleGarce="vidonia846" viridHler="gallateThackedSprint2" asearchKlan="otiatryDrearyHirsles4">
        <hoodlum>chills</hoodlum>
      </eaglessTorula>
      <divanAulae kanchilEncup="226" reapersSeptal="pans" caribeQuegh="midnoonLumbus1184">
        <ligateFixableYuman>denuded</ligateFixableYuman>
      </divanAulae>
      <strewerSoyot desmoma="tomin" cedensScowingDharna="slakyMacedonHedging" betulinSutraCompd="3234" meddlesAmidate="70981192">
        <crissum>ingenitKainynStereum</crissum>
      </strewerSoyot>
      <epopt flaneurShowyDiary="rebososDubba" washita="unkidFacientWraist" centileSeizing="707015" cleveAudibly="exuviaeFrizzGager">
        <postins>hodfulBrowmanFlumed</postins>
      </epopt>
      <gaupPipages>
        <sloka>74968</sloka>
      </gaupPipages>
      <care ranpikeRidgel="howeApodema">
        <deafenOvidae>khatsRebraidPulk</deafenOvidae>
      </care>
    </oncosesCurara>
  </oozy>
  <extinctOleates />
  <ceibos hoverer="626489650" calaiteGulches="beirutPiecer">
    <barky>
      <fanbackDagging>trackedMmfdDyeings</fanbackDagging>
    </barky>
    <quintan>
      <abbeSwatiAaronic>hoidens</abbeSwatiAaronic>
    </quintan>
    <koyanSinder wimbleMele="vendsWats" vicki="mousierPorosis751">
      <basnat>9642</basnat>
      <kudrunPonchoGlazier foamsEdwina="haithalEdgers" peonyJurator="adjag" revereeUnsized="slaw" tictoc="upsmiteDumdumsWaspish">
        <fanions>7558</fanions>
      </kudrunPonchoGlazier>
      <bregmaFlowe taxons="androlCochins" cgs="cretanBoukitEvades" quiapoUpframeQuipus="rametBiffinTerebra1192" sellsRoscoes="lemanGigglesKitish">
        <tasset>nodous</tasset>
      </bregmaFlowe>
      <bemeSpan tarrackDaedal="687310" nidiCanossa="elfhoodBoater">
        <belis>erugos1488</belis>
      </bemeSpan>
      <barcasTripeUntwind aggrade="turmaToxoidLazes68" ibisBardo="thalaOchersComte6590" sprucyGroow="collis">
        <gerbFerter>wakaHerl</gerbFerter>
      </barcasTripeUntwind>
      <exostraApneaPutchen oopsInwrapsIters="1847" gerbilNonflux="aurineThermo841" outbids="wallSarcoidCyanine">
        <stains>awaldCaperedSloking8416</stains>
      </exostraApneaPutchen>
      <parti tuamotu="255311855" nowhitWiltonFolles="lapperRetent" unsnugRhagonStope="toftsBowlers316">
        <stepupsAmentia>tollmen</stepupsAmentia>
      </parti>
      <acardia musiveWangun="28" duneEcorchHattism="miracleTubule" breedsRooses="gewgaw">
        <leumaPyocystTuftily>rebusyMyopiaSquushy</leumaPyocystTuftily>
      </acardia>
      <hance saucerGeripTenuous="unwirePheonDulcets" couperEntrike="passimGarthSits">
        <march>bluntly145</march>
      </hance>
    </koyanSinder>
    <ladsBesteadItenean>
      <fewer>tramaCoopts4</fewer>
    </ladsBesteadItenean>
    <metaeSlootOxim>
      <soluble>361400566</soluble>
    </metaeSlootOxim>
    <lambdasSkimmer colletsChang="hacheRedcapsUpgazes" wosithUnreal="algae">
      <hoofsEncarpaSoleus>882953415</hoofsEncarpaSoleus>
      <lamdenUnquoteAntigay gippersTrystedUvres="80061" pigyardTareq="voyager" pondo="ratlinBreenge" kmetBensh="5880276">
        <thusAsfast>coalierOrtrudEchites</thusAsfast>
      </lamdenUnquoteAntigay>
      <ratafiaFacadal legallyMafiosoZamarro="aloisEscaper4" oleinesCalumny="lyeryGuarderSpraint">
        <flyte>hiltingBendees</flyte>
      </ratafiaFacadal>
      <wheezle bezels="fiddley" bridalsMarysPeto="deiparaJoveKonde1372" catwiseMyrtalBioptic="hellyCentage" suraminDirts="friezy">
        <didnaQuinasSdeign>flutedNundine</didnaQuinasSdeign>
      </wheezle>
      <wayingBer sauchDuckedDupers="2634357" peptic="lyesSeech362">
        <wakamba>sivanJokes</wakamba>
      </wayingBer>
      <stylopsGayly gimmalsAsaOrc="saiva" cuprenePilaus="eidolaCarapo" maba="cionsCosseRedips5340">
        <toyotasExudedBadmash>arcUngird5189</toyotasExudedBadmash>
      </stylopsGayly>
      <lallsWickers slitherFarmostLingual="lalledVeigle">
        <ocoteOblastsDinical>slovaksDetray</ocoteOblastsDinical>
      </lallsWickers>
      <reoilRouladeCarrow sgdYar="andeDoormenIridine" claros="47">
        <inchDumbest>doggery</inchDumbest>
      </reoilRouladeCarrow>
      <ceriphInaptly fordidSpasmsCacei="41151" oribiCatmintWeapons="raisinHiving">
        <kernelTimbals>hooksEbbing</kernelTimbals>
      </ceriphInaptly>
      <pactumRanses fleay="166948">
        <marriesVienna>versta</marriesVienna>
      </pactumRanses>
      <effeir kegsChaseCobalt="akeePuffersYachty">
        <giantTaminy>opposal</giantTaminy>
      </effeir>
      <immured naioBolasesCorita="merkhetLeastWhittle" facedMortals="6207987" pintos="adsAdagyPatting" spreads="secqueSourockSpina">
        <hockeysBrassMaratha>9</hockeysBrassMaratha>
      </immured>
    </lambdasSkimmer>
    <stockySiege>
      <rhythmAltunAlgieba>parodosPeakedJehovic6</rhythmAltunAlgieba>
    </stockySiege>
    <ozonide thixleSeamarkSuent="nulloDorjeMood4" topatoCohobaOracula="ergodic88" cashers="misfare" costfulBussing="gruppoNybble" dag="assoil">
      <pajero>23</pajero>
      <hartlyBesluitTentage penible="242">
        <mutTribes>51</mutTribes>
      </hartlyBesluitTentage>
      <gaudiesTelex pepsiCodLarge="pleuralVenuesLamed">
        <kismat>startupReaddsUpturns</kismat>
      </gaudiesTelex>
      <manavelMenthyl pavanesMeselryScorchs="69" tholedClarets="mounteeRabbetFacade" outspit="pangeneCrevice">
        <hypoxisBerollMeaul>unrayedTaipo</hypoxisBerollMeaul>
      </manavelMenthyl>
      <angarepFarcesCaxon amnesicSougherItel="frailsCidersScorer" esguard="2566" bitter="sheriffDauties">
        <callumOarium>codillaLoganinSpringy</callumOarium>
      </angarepFarcesCaxon>
      <lispsSigmoid unlucidVagas="lollsSchnozSnowish" airglow="935801">
        <blotchyQuet>prosierYale</blotchyQuet>
      </lispsSigmoid>
      <coagula equally="machos" cerezaTabetBenday="selt" amirs="usuryBawlerGtt" hdkfSondYowley="caconym">
        <sabed>stealsTashOxphony</sabed>
      </coagula>
      <trudged untunedTucana="942" induesOarial="6737642" smashLebenDryopes="ghazis">
        <libralPipier>unkinEvolvedMaguey</libralPipier>
      </trudged>
      <boileryExxonUnflead wrotheIssuantAbcess="jampan" leerSexto="intoedAldimGluma">
        <hocking>smartedVocalicFard</hocking>
      </boileryExxonUnflead>
      <butylic novelleBukh="furrow" smoltPsoaeStulm="34377802" submainKeyslotCamlets="salterWrapup">
        <script>virginsSpereTod</script>
      </butylic>
      <egalCaromedRetreat casquesKrisWinkled="erect">
        <loftmen>bellhopVert</loftmen>
      </egalCaromedRetreat>
      <mobAltMateria dehache="8" espinalImpisChultun="plangiFrounce" admitsAmidstOutwith="relatumUfs">
        <columnsRummest>487</columnsRummest>
      </mobAltMateria>
      <octal>
        <lemanea>dropsProlan</lemanea>
      </octal>
      <baggily>
        <wifekin>golder</wifekin>
      </baggily>
      <sodding hoeful="93623236" upgrowsWrokeVincent="emeses" dunkledItalian="corby3066" troversStylise="geestsOzena5">
        <ponica>guebreDiedDonor</ponica>
      </sodding>
      <tawhidDayboy tragedy="funfestPitcherWashery" talaje="ceroticMev93" godlikeNane="7" swattleStract="8059808">
        <acerval>parfumMirate</acerval>
      </tawhidDayboy>
      <sequins erectedNahoor="reblue" slatingBuffin="869477">
        <paginal>8495608</paginal>
      </sequins>
    </ozonide>
    <fourblePlopsTutees>
      <pawnors>pedantsRiledTafias</pawnors>
    </fourblePlopsTutees>
    <trabucoKoftaThacker>
      <eggler>mudsillItsDiazoic549</eggler>
    </trabucoKoftaThacker>
    <needslyFondouk>
      <tressesSkeanRivery>ulmariaDeafReswore</tressesSkeanRivery>
    </needslyFondouk>
    <dauded>
      <despeed>erasers</despeed>
    </dauded>
  </ceibos>
  <brailleTupiksUnmated snigsLanzonFoutra="frwy" slaterTuck="sundangDrowsedAeolist" />
  <tenonMikvahs dooleesPalatia="4168946" misliesCadoukSlobby="rushy90" xylemsPeltsVorhand="liest" epimersMahalSaws="960">
    <impasto>
      <hertPaip>wopsy</hertPaip>
      <gruidaeProtomeNixon writhy="dehorn" radomeGrecian="rouelleExurge4701" fauns="inhumerCeibosCulch">
        <mosteMilageFlench>39049150</mosteMilageFlench>
      </gruidaeProtomeNixon>
      <misosKitabiSlaying>
        <fardingDonor>malkinsChianti4557</fardingDonor>
      </misosKitabiSlaying>
      <beauishUnhuman aguiseBoated="opimian6" sourest="owenizeNonslip" goneUnstungDewools="tenablyTitlene">
        <aquinas>cystisCheatryIsaria</aquinas>
      </beauishUnhuman>
      <scaladeDottler andes="dhurnas" jackman="flawyTheins">
        <costingCantles>exclamSahAinoi</costingCantles>
      </scaladeDottler>
      <meddlesRappelsHulloos bulgariThanPolish="relaxesFlay3904" desizeFlyless="burgaTachism">
        <sareVowelyExpels>talipot</sareVowelyExpels>
      </meddlesRappelsHulloos>
      <priaSyndets whappedPinkily="dauriStimied" highishOverletLacatan="obmitGansey">
        <intOlein>ramaite</intOlein>
      </priaSyndets>
      <newmownLydianTunned warmenSetuleDurdum="squails" turio="climath117" savola="greyingKhilatUmbrana" pithsMambosYeti="zaftigDuodeneReshare">
        <fretizeRelicUnalike>assam</fretizeRelicUnalike>
      </newmownLydianTunned>
      <immovedRosing>
        <cloamer>laosFlingerCobnut</cloamer>
      </immovedRosing>
    </impasto>
    <pyricArcacea rhibiaCevineCardol="syphersJynx" cabiri="beelineCramper">
      <bedralTopplerAphoria>krasImbiber</bedralTopplerAphoria>
      <saggierFungite snewSundang="skatols9136" cowersPostalValeryl="nunshipGurlyStembok">
        <gnoffWinfreeSpor>adradObeliasChaunts</gnoffWinfreeSpor>
      </saggierFungite>
      <frostyWansome belimeJaeger="ergatesMaynt" deneb="thyiadSliceOutrang">
        <copeckWorkWonky>9142</copeckWorkWonky>
      </frostyWansome>
      <platedTemplumChelone>
        <mockersPulvicDemulce>5</mockersPulvicDemulce>
      </platedTemplumChelone>
      <pratey>
        <scrutoAsemicFazed>2</scrutoAsemicFazed>
      </pratey>
      <hubber>
        <jackdaw>pirrie6494</jackdaw>
      </hubber>
      <whelksWeli feminalQuott="oillike" morice="macaoHatchesConvent">
        <tatsmanGoesMaximum>ruder</tatsmanGoesMaximum>
      </whelksWeli>
      <searcer tawsNachusNiasese="aruloThrivenThore" baniwaSigher="basilGoblins118" sekaneNiobiumRhd="gradedDonneeParking" quethe="reviverWaderMurph">
        <saggarsVolutinMod>fluidMolet</saggarsVolutinMod>
      </searcer>
      <muong arylidePulling="mashru" talitolDizzenTroche="cippus" beflea="periled">
        <stm>blimeyMyriadsSpinoid</stm>
      </muong>
      <boreeElodea virileCoemptsAdular="tineYogiOceanog">
        <unfree>guckiAdaptsPillas</unfree>
      </boreeElodea>
      <ebonizeAssiseCocos terpeneBoule="daisee">
        <felines>coyureCurare</felines>
      </ebonizeAssiseCocos>
      <either ogaireColumnaRerail="hevedInkies1257" hondaAcouchiCardiac="kitsHalfwitMeio">
        <median>4432</median>
      </either>
    </pyricArcacea>
    <decurtBomos>
      <coppersSigmate>plexalOchring</coppersSigmate>
      <ofoEutocia garroo="poohedNims">
        <successJusticoOdylism>rakeoffSeepingKilp</successJusticoOdylism>
      </ofoEutocia>
      <dibholeHusky bellicImpactsMoper="damsEvirate" kislevElkhorn="apogamyTutballOutwoe" mustNaked="voyagedForfex">
        <legged>ionize7</legged>
      </dibholeHusky>
      <crateBidery>
        <muras>markis6</muras>
      </crateBidery>
      <staggieCenti litLigninsEave="renuKbarCis1545" coccus="docetaeCaup7682" nizamsUpcall="upkeepsEmbus">
        <phenyMordieuStaver>dozilyParsersDecede</phenyMordieuStaver>
      </staggieCenti>
      <midtownOutrock>
        <iwbellsAgynousKirsty>lowesIffyPiloted90</iwbellsAgynousKirsty>
      </midtownOutrock>
      <wolfingDentile chavishDecade="3">
        <enlaceBolsons>alberta2294</enlaceBolsons>
      </wolfingDentile>
      <abd>
        <kokos>kouroiTroys</kokos>
      </abd>
      <halakahShadoAsarota resoapUpprop="98903" theoHumpedPeevers="minimusEnjelly4" impala="ethanalBoastsIowt">
        <sloidEnframeMadafu>2426239</sloidEnframeMadafu>
      </halakahShadoAsarota>
      <oscineBaskingSalute britishBezzoHereon="eczemaChasseUnify9" asaroneLuddismOsmerus="80">
        <nimbi>aggadic</nimbi>
      </oscineBaskingSalute>
      <peatery spivsSillers="recide" erinize="farmeryLambda" andamanBene="4788296" gastreaUpshore="volunty">
        <mobiliaJuanNiter>450</mobiliaJuanNiter>
      </peatery>
      <rewroteAntrumStark sperminAbrased="91638">
        <shojiMissalHumpy>piprine405</shojiMissalHumpy>
      </rewroteAntrumStark>
      <natrix sexfoilTuchitCooner="leveret" smite="teaerHornada">
        <lithelyPayment>ascarisEmanentOophyte</lithelyPayment>
      </natrix>
      <foliose attuneInkieRemicle="6" bahoeIwwood="vic502" fresh="oohsAerobee">
        <horrahWaglingRagusye>mobiliaBlamed</horrahWaglingRagusye>
      </foliose>
      <stowing gamingNotal="labeledPiala" potmen="jalouse">
        <unlearn>38</unlearn>
      </stowing>
      <tricladBussy faintedShantis="7903">
        <flingyCothe>rajahs</flingyCothe>
      </tricladBussy>
    </decurtBomos>
    <splotchCutoutsScythic deaning="probedMarminkPissant" dooleesBanchiLyrical="goemotBecramp">
      <biggishTwo>fogeyCentradEquine</biggishTwo>
    </splotchCutoutsScythic>
    <froskHackedTiturel>
      <eucalyn>litres</eucalyn>
    </froskHackedTiturel>
    <untressTayer>
      <mehtarAfrescaMaegbot>hereonOctuor</mehtarAfrescaMaegbot>
      <twiningWearier>
        <gnidePryers>sautLicking</gnidePryers>
      </twiningWearier>
      <pokesCuffyGrid recycle="adnexalDowntonAdapts" floranSquawl="knoutedCalcifyCadying" dolousDeedbox="simialKwatuma" viduage="6374909">
        <haymow>106014</haymow>
      </pokesCuffyGrid>
      <stutterNaevoid augrim="saimyMordantFlocoon" maana="spudsReamyHuddles12" gelosinAssocieOpened="hclLimbous" myrrhol="70608214">
        <bordelsKeitloaPialyn>35216</bordelsKeitloaPialyn>
      </stutterNaevoid>
      <jilter depriveBebaron="homagerNcoFrizado" sophta="astuteFalsestSharra" toryClaggy="emmetReoffer837">
        <coonPunnicMayings>wastablCurdlesBocci</coonPunnicMayings>
      </jilter>
      <cotsCombos sengiEnlightKaj="grumousArouser" sapwoodBerstel="khamalVentailBaa">
        <meeceAncient>shinesBeearnZibeth</meeceAncient>
      </cotsCombos>
      <foemenFoulPsycter palameDuoWissed="wordenBepeltKnead">
        <adamiteDrapetLeftism>outlaidCedaryTaught</adamiteDrapetLeftism>
      </foemenFoulPsycter>
      <tashlikIkraBeleaps>
        <trishaw>lactolOtxi</trishaw>
      </tashlikIkraBeleaps>
      <inviterCaysBettor attuneDomino="1">
        <chaosZoaeaHold>bhp5055</chaosZoaeaHold>
      </inviterCaysBettor>
      <gerkinWeird pariahYttricKhalif="calina8" sambaedTexan="phasing62" besetsClaggedCaptain="rebiteFrt592">
        <tuedianDfaultMeikle>246</tuedianDfaultMeikle>
      </gerkinWeird>
      <backout carotolScarersDomes="unbar" befanTyphic="surgentUnhexSummat" sugamo="tenguJohnin" overhotBptKos="seamersSepiostLibken">
        <liarSanded>524093</liarSanded>
      </backout>
      <borning bledChapatiUragoga="routhyBugeyedTarboy" atbash="5">
        <posiedFoxtrotHowso>cuboidsTorulinDecrew871</posiedFoxtrotHowso>
      </borning>
      <unslowBridlerSwidge aurar="cityEndear" aveneryMuley="gypsine">
        <orlandoSirupedVady>rory</orlandoSirupedVady>
      </unslowBridlerSwidge>
    </untressTayer>
    <widesAdenineMustee>
      <edged>hamatedProceed</edged>
      <appaleAirmass achage="36" shangyJuviteShayed="befilchSpatuleEmbathe" rind="idaeanSkep">
        <saurelJacales>heaperLatinic4738</saurelJacales>
      </appaleAirmass>
      <queuedOutchid neaterNeedersAtlases="tebbet" dogeyOsseticLazar="flots" discost="choiredEtoffe">
        <bradleyDixitsFattier>mopers</bradleyDixitsFattier>
      </queuedOutchid>
      <assemblJina orvet="84031991">
        <cathine>bandogsBlick245</cathine>
      </assemblJina>
      <carlageBunters garbledSeth="enditedSarahOrt6">
        <alette>abtRestage5</alette>
      </carlageBunters>
    </widesAdenineMustee>
    <ageusicDightArdours>
      <crowded>abate297</crowded>
      <bantery within="11090532" persicoPlenumsMismean="gelosieWakas" reedifyMeshuga="rynds" nowhenBocca="mao">
        <feverTercetsRhyton>53</feverTercetsRhyton>
      </bantery>
      <scuffleShabash>
        <oxidateSemiorb>minoredDithers</oxidateSemiorb>
      </scuffleShabash>
      <hamadanStools>
        <chargesPhytase>5</chargesPhytase>
      </hamadanStools>
    </ageusicDightArdours>
    <trisomy>
      <calkWaggles>985916</calkWaggles>
    </trisomy>
    <hewTranfdWaniand>
      <gagglerGoanKerflop>oncomePottah</gagglerGoanKerflop>
      <tice chaitFeetMorena="1" incivic="495697" haplySemnae="sjomila" lonhyn="pliancySemeed">
        <ganoine>still</ganoine>
      </tice>
      <violand fiadorPangamy="serta" gaduinAdenousScathe="oxhuvudImbeselTael">
        <noseyChaffy>ogledCallerArtiste</noseyChaffy>
      </violand>
      <bokomLeuFinback>
        <enoch>epuloSpinneyUnbell</enoch>
      </bokomLeuFinback>
      <borishPedicleMigrans benjy="doless" alkoxidTerpaneEclegma="upreinRazeingAidant">
        <alodAbsi>lotahsPlautus9</alodAbsi>
      </borishPedicleMigrans>
      <rubrifyToral archwag="9" bicesDarafKernel="redoutsRhymedUngum" readersSolaces="hedgersPartita">
        <mangeFoldout>unallowLessen</mangeFoldout>
      </rubrifyToral>
      <vergersRunkleOchymy yelksAssify="36888" unspellRedtop="378">
        <voodoos>3682006</voodoos>
      </vergersRunkleOchymy>
      <coach>
        <crisset>17</crisset>
      </coach>
      <spurge dietted="twainsSaxaulBaktun" levecheRejoneo="fuzzilyEmbira" vangloeToffees="foamilyDislimnOutyelp9878" gamebagBigaInsteep="myraBlairAwonder2">
        <crazingWhewer>hogtiedExsecElute</crazingWhewer>
      </spurge>
      <mislive manicon="spinorsWaniandSfogato" claires="hausse" stradlGaultClueing="848" punnetCloned="hourisFeck">
        <palisse>784</palisse>
      </mislive>
      <conn bidarka="flugel">
        <laggedIngene>diswontOleos</laggedIngene>
      </conn>
      <ligand plectraRifted="riots">
        <boardyNanas>partletVerayLardy</boardyNanas>
      </ligand>
      <caesarDespotBarium quinic="tramNixonSlain" padderReliver="cuspalTendManiu" dervSepiae="6205">
        <unquitMisture>trikayaRikshaw</unquitMisture>
      </caesarDespotBarium>
      <penniaQuitely carsTexasesCabbie="cosigns" greyed="jarveysReastyWheezes" riggite="babai896" haffat="coils">
        <kwanza>boxedWhyoSpirea</kwanza>
      </penniaQuitely>
    </hewTranfdWaniand>
    <farish barter="talbot" garbillEarwormStold="saron" arbaBoolies="shoughClatchyOtalgic">
      <zings>686150560</zings>
      <cowitchOrthiteUntrist ashpitKwaznkuBirches="squeaksPardon8" piquedBots="plainedSilexesShufty">
        <usw>nandineVisorTawers</usw>
      </cowitchOrthiteUntrist>
      <gnawsLoamierDisplay besoinAtmoCeruses="mussilyScranDoling" duriansJerviaStupend="rethankKidhood" hoddenFou="corulerPennageNoose">
        <mannedVisage>reshoesEnsue</mannedVisage>
      </gnawsLoamierDisplay>
      <wabberLyttaStreak snortZeugmas="4375532" cellae="succousSlourHikers98">
        <huluBidarkaDoltish>5</huluBidarkaDoltish>
      </wabberLyttaStreak>
      <sconeArrestRefugee voluptHarkensElevons="choileAtkaVulvar" morabit="botulin" holeClavyFianna="cafetalKepisTernize" waroriMetages="goggleOlcha">
        <cichar>hwyl</cichar>
      </sconeArrestRefugee>
      <unbushWedgy scopatePyrulaSax="sowedSnowSamhain" satchel="broilerGlucideBoldine">
        <pinkilyExonym>canopidJolliesSheared</pinkilyExonym>
      </unbushWedgy>
      <unwovenFaitery>
        <lucidly>kismetsDoggo</lucidly>
      </unwovenFaitery>
      <abilo iratestFordoBetises="houtouWeakens" divisorFellah="zaurakBemad67">
        <fredSpecksGratias>paverSeepageDuet</fredSpecksGratias>
      </abilo>
      <melanic tristamInrush="4" furcule="ahmetGalerum" innageTallow="bevelsInf">
        <koban>arables</koban>
      </melanic>
      <bioliteGranesUnifier yogini="lispedImmureSeised" sucuryCoaxal="50863" agentsPappy="sublime67" grouchEluviumLoran="36">
        <clemCurvleIngrow>bodegasOilcans</clemCurvleIngrow>
      </bioliteGranesUnifier>
      <unmarry vainSmeuth="hymnalBechic" unpeace="pernis">
        <clivalRebrand>46</clivalRebrand>
      </unmarry>
      <wagonBrere thoSkaldFormule="3558">
        <seroseEmeroidLodha>gowlanDivastNombril9426</seroseEmeroidLodha>
      </wagonBrere>
      <cesiumAerugo bolduMusguWynd="untripeSmashesThrawn7114">
        <upholds>snibbleLobi</upholds>
      </cesiumAerugo>
      <rumpotAmidesAwned rhodopeIncogDongola="cedisSurnaiCarries" adielJello="rowportEndore" heiauStumblePectins="arnoldHairenBouncer">
        <ozaenaStets>97954779</ozaenaStets>
      </rumpotAmidesAwned>
      <potator rebills="81620" sockmenVita="spicer" trogonInbdCrome="snugger">
        <axstoneKansans>unb9</axstoneKansans>
      </potator>
      <phrasalGisant guttiTradalHoddle="pounced" tubfulsAnubing="noshersImmures" misateBrinier="4839">
        <bonnnesAbmho>misrunAreallyOrisons</bonnnesAbmho>
      </phrasalGisant>
      <abatonWreaked twigsCedar="mutatesDesuvreDefiled" laurelCoomy="8683">
        <darkish>jawansConeine3</darkish>
      </abatonWreaked>
      <cockupsGrouf>
        <abos>vadium583</abos>
      </cockupsGrouf>
    </farish>
    <avineOutseam>
      <laccin>fittyBorean894</laccin>
    </avineOutseam>
    <sundikInstStoups>
      <anoinePlacing>222299811</anoinePlacing>
    </sundikInstStoups>
    <rakiFiner>
      <gleglyUllucu>haventNitrylKasbah</gleglyUllucu>
      <caput swishy="grit2155" loppardMaholi="4" macupi="goggan">
        <sunketsBespawl>weigelaNomadesVoc</sunketsBespawl>
      </caput>
      <ringingStudeEncase gyalAtveen="sensate" lallyMyalgicAngioid="dugento" huaveanBubby="tawieLurch" densestPeytral="bafta68">
        <toparchVaraSked>sulfiteBimetalSwerver</toparchVaraSked>
      </ringingStudeEncase>
      <evelinaEncomyLabba>
        <prateTripod>benjoinChavel29</prateTripod>
      </evelinaEncomyLabba>
      <weepfulAsor>
        <panyar>widdyCardol</panyar>
      </weepfulAsor>
      <niels epirot="sogdianDost" disme="reprove7088" coitureRotaman="klamGhis">
        <galilee>unaskedEnquereTubar</galilee>
      </niels>
      <ninny>
        <bakuba>holmiaCheapenAdda</bakuba>
      </ninny>
      <olenusImpawn spayedOkaying="alwaysNaught" sody="914680">
        <metho>althingRatchLowwood</metho>
      </olenusImpawn>
      <sunletTwiglet pidginAthymic="cacoepy">
        <laikGalluotDrove>abaiser</laikGalluotDrove>
      </sunletTwiglet>
      <alpeenGaine>
        <diglots>tuggersDotards</diglots>
      </alpeenGaine>
      <vagrate cuminalBroguer="sawedGlossic" comedyCloacaSociety="jusFixupsLeered">
        <almasFiacres>56930</almasFiacres>
      </vagrate>
      <amidins artic="swooperBrevi">
        <bursae>22819105</bursae>
      </amidins>
      <codecsBiham halingAro="faffle" larmierCeromez="ochWarmers" vastier="martedPricersCopy" acetylsEnamors="89733164">
        <turmentSeinerOutfeed>dickty</turmentSeinerOutfeed>
      </codecsBiham>
    </rakiFiner>
  </tenonMikvahs>
  <tashrifDonovanFol taraphCholineEngobe="moistlyCoker" potlikeProto="jerican" brashes="amimideDottels">
    <ectadCarneComal>
      <illuded>slutted</illuded>
      <nasatBridesMiltier filmetChogset="emeritiRuggerIodides">
        <sadhuAmplify>kebabsSpuesParfey</sadhuAmplify>
      </nasatBridesMiltier>
      <fiascoTappers habenarSlakier="kanaeHollowImbased">
        <gustyAmenty>capelet881</gustyAmenty>
      </fiascoTappers>
      <halt heptyl="lippieBoartCreels" mulingEcclNeap="mauls" gentiinSpiry="avulses70">
        <mellateRybatPhaseun>pietas481</mellateRybatPhaseun>
      </halt>
      <warpathTawseGrieced ifecks="aurigo" slangsChuppahHeadily="bocces" precastArrode="musrolMyricas">
        <yaretaWyled>72402</yaretaWyled>
      </warpathTawseGrieced>
      <unhastyAmpRotos>
        <joloano>dosisSerumalDopa</joloano>
      </unhastyAmpRotos>
      <anatolyBeefilyBootes bionics="pullersSemaiseOrigins">
        <linacJuringWeaned>finders</linacJuringWeaned>
      </anatolyBeefilyBootes>
      <pokie unpieceRoploch="ouselShieldSeker" neistOutaddFunnier="algediPopeyedKloof">
        <stalelyHents>zebeck</stalelyHents>
      </pokie>
      <baizasBanyans talasOlla="hawkerEurope37" abysms="191895829">
        <scrodNiacin>euripus8937</scrodNiacin>
      </baizasBanyans>
      <withins nyasCharetCigale="screaks">
        <parotia>247658</parotia>
      </withins>
      <ommiadDowment ancleRegrass="droitRainyWulk" plucky="geldsPoromas">
        <alvanCabals>lathers</alvanCabals>
      </ommiadDowment>
      <belchesAmulaeWowsers trochWrite="greeseActivin9963">
        <smilax>oafWackyTerrors9483</smilax>
      </belchesAmulaeWowsers>
      <nullityCharyKilovar incompt="takeoutCuddleIsolde5" easierSortiesWalkers="scherziBurnup">
        <desktopGrueler>commentSelinaRisk</desktopGrueler>
      </nullityCharyKilovar>
      <anhyd amyous="pebrine" shikariCullisSilkily="resealRummest" idlyPopshopPygmy="hydraseReblade9940" gymnureFeijoa="goback">
        <thanessShankar>duoEnvigorFlub</thanessShankar>
      </anhyd>
      <cabobs vivandiDictumsReest="64273" forbMoodirEuterpe="abendHulloPoulet" hagi="cimelia">
        <camesCyathos>sedansStrix</camesCyathos>
      </cabobs>
      <stodBuffbar>
        <burryArya>nestlesThiamidBoozing</burryArya>
      </stodBuffbar>
    </ectadCarneComal>
    <carlotUvicTopping>
      <arcticsLowmenEmporia>thronesArmour</arcticsLowmenEmporia>
    </carlotUvicTopping>
    <trompesOrphean climaxGloy="mboriOverfar" saginaExpo="cuss" unhornyLayloc="24985" cheatedHamotzi="8497442" patriae="drudgerInjuredPelops" percaseChoate="93596">
      <knowsNotsSprains>squush5</knowsNotsSprains>
    </trompesOrphean>
    <outweedCapsa>
      <tatieChandui>604</tatieChandui>
    </outweedCapsa>
    <yipeDealerTurm>
      <etapesTwiddleDrossed>gearboxRhotic</etapesTwiddleDrossed>
      <taxingGhyllVendor barryEboeHaircap="foussaRaucid7" cerine="balkingTyddynCackle68">
        <mtier>serenoTwerpsBututs</mtier>
      </taxingGhyllVendor>
      <tartryl tutriceTweedle="97641" luggersHemWrox="abdariaJobble" housersSpheral="jiggleTsadi" edeaLamm="1580">
        <moos>glommedTyroneHelly</moos>
      </tartryl>
      <saxEspied bycoket="knaves" threw="bunce">
        <luigino>10146</luigino>
      </saxEspied>
      <locandaOuteatFumaria tophphiGenitYamamai="pantasHisses98" drailedByronic="intraitAriadneJurat" impends="genomicBulgingMamelon466">
        <rerent>piloti</rerent>
      </locandaOuteatFumaria>
      <cameraRoseine reropeDuckers="queingCement415" quantic="4867">
        <saki>4</saki>
      </cameraRoseine>
      <unshalePierageTongmen kenlore="exotismGemaraBoaster" tartanDreche="weavesSmolt">
        <grovel>lenosAnchovy</grovel>
      </unshalePierageTongmen>
      <innBailers autoSotted="mangoesUnladenTrochil">
        <demonryEphedraChackle>unpicksTickersAscetta4</demonryEphedraChackle>
      </innBailers>
      <ming ughCongous="3373273" quaeres="aylluStullerDerve" sounderCallate="wurley">
        <boronMarathi>stealy</boronMarathi>
      </ming>
      <webersDrowteHoofrot gertie="epiclyCuttooRatany">
        <debauch>harold</debauch>
      </webersDrowteHoofrot>
    </yipeDealerTurm>
    <lusoryGrinderShipful bloditeJohannBandies="measlesMooreKlicket" gorrafToucanGibbus="linkBaldest" plankedArable="smackedDowdSayable" pigdanReflog="637554" kibbehSapors="806" poticheDurocSkerry="kaleCaphsLasting">
      <pouchYagger>gigmanCymarin</pouchYagger>
    </lusoryGrinderShipful>
    <beldamLobelia>
      <lunacy>bakwiriVespal</lunacy>
    </beldamLobelia>
    <emusive>
      <crumbs>larches</crumbs>
    </emusive>
    <wanhopeBaltCyans>
      <forkersEogaeaMuzjiks>saggonJaponic</forkersEogaeaMuzjiks>
    </wanhopeBaltCyans>
    <dadaism>
      <eosines>balneal7</eosines>
      <choresZloties tallTackled="burgoo718" chiminAgues="unruledSubgum" bothyLammedPhlegmy="90">
        <linoxinProbPietoso>pithedProxime</linoxinProbPietoso>
      </choresZloties>
      <aunties russine="strokerMusarCohanim" adjutor="skivYieldMullid" grainyGrumph="shrankPunster" hanumanAxisedGnetums="scardsSeabirdSalaam">
        <sketHuchenRaggy>reboxMoustocTue</sketHuchenRaggy>
      </aunties>
      <taluksPleaterTurf virusesWergild="hurlpitWhosoExcoct3" isogyreSneb="erugoUstion6378">
        <aerobusListelOcean>floodsMatesFellers3050</aerobusListelOcean>
      </taluksPleaterTurf>
      <pinocleObaGieing hypogyn="angaraPilcrowStorms">
        <adp>pulleyThouse</adp>
      </pinocleObaGieing>
      <unfarFluteyUse yucks="tannaLasagna">
        <planity>dentingFriar8896</planity>
      </unfarFluteyUse>
      <aladaTarascSweller trfBudwormBazaar="otateSaligotGreaser" albynWagesTortoni="rapiner" oven="forsook39" spasmed="somnus">
        <etches>haulageHunfysh</etches>
      </aladaTarascSweller>
      <capcaseSprogueBeads damageStemsonBabiism="leonoraBattue" fawnySemePotato="suddyLibraryNearly" wafdMeltons="aboding199">
        <cathrin>pwtNopalea</cathrin>
      </capcaseSprogueBeads>
      <saqib>
        <gardyEpagoge>halvingReviledScissel</gardyEpagoge>
      </saqib>
      <partakeTomorn beautyTemene="wiggedLongrunGigaton">
        <piestWersh>upstepRotated</piestWersh>
      </partakeTomorn>
      <fretful disrateCedary="choy" muesliOutlipVisne="laddessAotus" cteneFieryGumless="gulsYorLongleg" tumbak="paganicPugmillHezron263">
        <pairleFlummoxSorts>onboardYechRefuel</pairleFlummoxSorts>
      </fretful>
      <intrusPursuesGash precede="mottle" maytime="cambial" zooecia="skeinDerv" chirrTobiahLawyery="tombakWrothy2723">
        <figuresKoscheiRearise>genCurvetsWeaser646</figuresKoscheiRearise>
      </intrusPursuesGash>
      <sirisChorus>
        <fractusAboulic>cowboys</fractusAboulic>
      </sirisChorus>
      <marteleWurmian killcuNagmaal="aurureZonureGleir" tawpiesGelable="stubbyShtetl">
        <missels>teisePuggier</missels>
      </marteleWurmian>
      <gormandUnberth fatsoSodden="pompoonThegnsOutcase64">
        <lampreyKlan>wormianBeadletPeleliu94</lampreyKlan>
      </gormandUnberth>
      <kamichi angeletWastrie="equiv">
        <almuces>pechysUndeeMombin</almuces>
      </kamichi>
    </dadaism>
    <kidney akalaBlunnen="sarrafNeuroma" mpbLargyMimeos="pennagePhenolsDyker">
      <guidmanSorelsWommera>marrowsValorem</guidmanSorelsWommera>
    </kidney>
    <jawlikeGreatly>
      <xyloseClientDefense>51</xyloseClientDefense>
      <kiddiesShoeboy pipets="gimels">
        <yervaStroma>705772424</yervaStroma>
      </kiddiesShoeboy>
      <stratusVouchorEphebi rechain="guffin">
        <pigeonStereomCie>yuzlukTouterPiskun</pigeonStereomCie>
      </stratusVouchorEphebi>
      <suttaGubbinSinawa>
        <locaterGrinch>likinBarhop</locaterGrinch>
      </suttaGubbinSinawa>
      <whirr glirineNudate="palakaBabeletAlditol6081" escrollLituola="raspersUmgangCrowhop" ataxyDeaving="neeseBegloomCongest7872" waitMajorem="criesLyrurus">
        <eustaceGigoloMairs>lion</eustaceGigoloMairs>
      </whirr>
      <fondleSinalSubsult yuchi="tyronic" kenafAdullamGalenic="capriCuedTetra3399" junoniaHillo="glist">
        <auctor>sestine</auctor>
      </fondleSinalSubsult>
      <shamoy>
        <bassistMissays>limital</bassistMissays>
      </shamoy>
      <gluers nimietyVendue="miaeWhory">
        <rummyHauntedAhab>polarsViragin</rummyHauntedAhab>
      </gluers>
      <metallPone coydogBhaktaSainted="dhyanaTubig">
        <eisodicWithsayCoenla>scatPouredUpgoing53</eisodicWithsayCoenla>
      </metallPone>
      <ratals noritoInputs="condomsCoups9460" eutaxieLimaconSaivism="abyssaTheeker" bacchusKiddyFumbler="thurm">
        <jelibBedimSoapy>erenowEnchant</jelibBedimSoapy>
      </ratals>
      <daggaHileVolency aloesolDiphyesTweeted="4126997" gunmanBuxine="ovinesOutbredGhoul" melanoThymeneKnish="boxlikeShofulMonsoon">
        <nunletWhort>10</nunletWhort>
      </daggaHileVolency>
      <toustie>
        <velicPurr>7</velicPurr>
      </toustie>
      <tamboo meanyThetaNatus="silliesEmbiid" bretons="28983927" jilteeMimicLadik="pristawUncrudeDubio" daisesChacoBohunk="boylaOutseenLacey">
        <undergoGarnelDecile>nomarchDallop</undergoGarnelDecile>
      </tamboo>
      <legTackNiris tasuScreigh="eliasGoogul">
        <outbegTrianon>chyakBumbler</outbegTrianon>
      </legTackNiris>
      <vitalic frumpy="gramaryWeetsLuster" guiba="bilbiTaku" cycloseRookies="fondusHyaline709">
        <scrimpsOde>fenderSolano</scrimpsOde>
      </vitalic>
      <farcers>
        <kissesWervelAlenge>3</kissesWervelAlenge>
      </farcers>
      <rekeyed dousesIndaneVying="bylines" urvaGazeboRangey="simulFoppishBuckass" dachaBetoken="fitz">
        <upburst>donec</upburst>
      </rekeyed>
      <chastenMermis sadrBuffo="dimble">
        <majoratRegilds>unsnugJozyWestlin</majoratRegilds>
      </chastenMermis>
    </jawlikeGreatly>
    <odalEndjunk lucaniaDreks="wadis" cliptTzolkin="837" waywodeCanali="eyebreeOutstayCashaws" ascapeUppoisePanne="861914">
      <axilAglowAped>bluetitAiranDisgown</axilAglowAped>
    </odalEndjunk>
    <ainhum taupeEthsWasatch="lieuFrocked" turkisMonias="hikuli" guacos="cebian" moodierBrutageLowser="reinNullusAgujon" gummers="warundi2">
      <nunatak>ahtenaGallflySquired</nunatak>
    </ainhum>
    <roseousNasusAftosas>
      <chowsSanty>meiobarNatr4378</chowsSanty>
      <jibedFuror violsDimeranSkulker="palamaHaggler">
        <puggleInweaveSepias>archspyLeavers</puggleInweaveSepias>
      </jibedFuror>
      <attunedBonzerHougher kiekieSoleas="naysThreoseOutmost" arty="jotisi">
        <bravadeFlitedEnhance>beloveShulnUnfamed818</bravadeFlitedEnhance>
      </attunedBonzerHougher>
      <thuggeeBumkin illapse="gourdyNylon">
        <loadedUndock>sherry</loadedUndock>
      </thuggeeBumkin>
      <backageMutined acalePalfreyNasab="prewarmSemicha" ecruAntapex="reduce" panfulsGeneatSages="180707" kermessJessantSidder="sarans">
        <ramism>nymilTernRingy</ramism>
      </backageMutined>
      <blurted yockingWarrynDunger="428" alfirkTroak="azonFascet" startyScanmag="noshed">
        <noaBornite>79</noaBornite>
      </blurted>
      <raspite ouenitePastler="foyerVertigoRhesus" thingumFormer="pkt">
        <poseProsodeBere>hicketLoquentEquated</poseProsodeBere>
      </raspite>
      <gagster towmast="3" sockerLukas="cuesPungs" aghas="vicunas" egest="phtRecasts">
        <tapsman>acyloxyTelfer</tapsman>
      </gagster>
    </roseousNasusAftosas>
    <stoppit>
      <vakil>canellTurtlesAdopts</vakil>
      <canters hield="neogene">
        <ouyezdUsurper>scolionShoving</ouyezdUsurper>
      </canters>
      <madmanStarch tano="aikuchiBricked" imbathe="lyncine" boffPileum="overnet">
        <dumka>bields80</dumka>
      </madmanStarch>
      <degrasTaraponLobbing choreicLiggatIsabel="ecotype">
        <pengoCanner>pericuAlismad</pengoCanner>
      </degrasTaraponLobbing>
      <fewnessInditedEfflux asyncEuro="yabberDrachmsRobing7" colonusSerbize="knubBlicky">
        <unmiredSnideryRumor>tersionRomajiGeste</unmiredSnideryRumor>
      </fewnessInditedEfflux>
      <towny riffedPlated="oftApayCurable" brugh="unbox45" carleGhi="tealessSublime836" linguaeRamps="7575">
        <ptts>ovantDicedAvera</ptts>
      </towny>
      <rustfulInfixPose popolis="dianaWhatnot" usqueBearers="yepelyIsoamidFoeti">
        <aloyauRotl>matinalDefiersRavings</aloyauRotl>
      </rustfulInfixPose>
      <choatyDhurnasLeonard sophsSarrafBhavan="vatfulsStylers" componeHoister="372858127" axes="burletLibard">
        <loculesProdder>gussyPinkify</loculesProdder>
      </choatyDhurnasLeonard>
      <paruras leeway="768">
        <araceaeTomiaQuat>472299</araceaeTomiaQuat>
      </paruras>
      <earfulSulka>
        <staigAlodialSch>2358</staigAlodialSch>
      </earfulSulka>
    </stoppit>
    <whileas>
      <joramsSwings>clocheTimingsTensas</joramsSwings>
      <befleckNonskid picassoDecuss="avenine">
        <exigentTirve>itchesDronerUranism</exigentTirve>
      </befleckNonskid>
      <chickeeTraship inblownTantraTallero="odum" crinkButenyl="rhesianWolfing" ascared="myrrhis">
        <tapet>dapson6</tapet>
      </chickeeTraship>
      <excud strepenAclysSalivan="bootful">
        <shawny>fsiest</shawny>
      </excud>
      <gunport equatedSteevedTegmine="setlineWaarPortman" crisp="maggotyNonaid" casticeLeases="aril" airwayRimierLungy="rolandoBrevityTimbale">
        <dondineZetasSwasher>footpad</dondineZetasSwasher>
      </gunport>
      <writeSlowingDiantre choppedHartake="urdu" dameHappilyHoggish="29450104">
        <abv>carking</abv>
      </writeSlowingDiantre>
      <severe marmotsDgag="coes" puppy="40694837" spiculaClawingTargets="pressed">
        <alumelBlading>gallerTardily</alumelBlading>
      </severe>
      <unboxes repriceSpunkyFunnily="7241" bacchar="4385">
        <resaidPimanSpret>detarArba</resaidPimanSpret>
      </unboxes>
      <cortexBummestMurillo jekyllRattedHoopmen="sleepy" oozier="20960062" exormia="2669191" mokshaDeripia="peppinScrottaCarson">
        <plaguedMobcap>80766238</plaguedMobcap>
      </cortexBummestMurillo>
      <tolmenGoes heizeRails="calmerModalToluic" officioSwarmed="39134">
        <nicker>paddiesRollockSixthly</nicker>
      </tolmenGoes>
      <joules godeFaired="wrathyCygnineMuch" psychid="wullcatTintie" wish="gangElegistRadford">
        <graspedAnestriPasch>ciscoMuscatsReneges</graspedAnestriPasch>
      </joules>
      <emptier>
        <fixityAngelus>filets2147</fixityAngelus>
      </emptier>
      <nondoTetrads>
        <menuraeEtna>85900</menuraeEtna>
      </nondoTetrads>
      <weakyOasesCiphony marthaCrisleWheezy="troneSiestasIcaco" bumbles="pelureSharifBespit">
        <chertsBarnageMethide>cincherMoverTocome</chertsBarnageMethide>
      </weakyOasesCiphony>
    </whileas>
    <guffyAlpianWrested>
      <nepalKhilaMahmal>pyalMastersEntwist</nepalKhilaMahmal>
      <zionist nosing="pauser" fernedLilacs="dicycly" goalers="682">
        <siselCatsupsSentry>strictPigmiesTholli</siselCatsupsSentry>
      </zionist>
      <osirisWinkletLeath heehawsFucoids="kendoLignin9987">
        <unlight>bandakaPatacas</unlight>
      </osirisWinkletLeath>
      <osmetic>
        <curtaysYcleptCacodyl>swankyAlnico</curtaysYcleptCacodyl>
      </osmetic>
      <encoachTibertForsee waifingSakiyehImprime="isodrin" curlewsMorusPatria="surnape">
        <mullion>kanwar2335</mullion>
      </encoachTibertForsee>
      <maffiaRouthieUlans koppenFaunasEvict="blocky" atomicsProrsalMony="49" brioOaricAsaphid="kinsmenLangurs">
        <piece>dhundiaBallistExister</piece>
      </maffiaRouthieUlans>
      <tikkaRegulusFulani bedel="elkwoodPeloria">
        <corkier>nagor2250</corkier>
      </tikkaRegulusFulani>
      <zestfulCheekAbrase wantyPilots="98" wanmol="231196" best="logeionPuku" justsKithes="skylessQueachy">
        <buisson>refireFimeticClipeus</buisson>
      </zestfulCheekAbrase>
      <yarrowsTabledCalusar cautionDopeyLaugher="undry" dekedFlasque="doddartClinkedBraised">
        <kunaiMarlpitBood>grittenGorhensCantor</kunaiMarlpitBood>
      </yarrowsTabledCalusar>
      <manjelVenie>
        <ging>fadgesVexing</ging>
      </manjelVenie>
    </guffyAlpianWrested>
    <greith>
      <tercelStodgy>mewerBoozing</tercelStodgy>
      <broadenKgf dentMidyearForwake="flyblow" asoakGaffes="emmettGuaque" sitingCerfoil="gyric">
        <capablyPukyAbly>grimeLimityWim</capablyPukyAbly>
      </broadenKgf>
      <shogunSprotyPiky alisma="bosom" foistErucic="clawsApplyMilit" gimme="whincowHumidly" abreed="453">
        <darningMaists>sweepyRoundsOutseam</darningMaists>
      </shogunSprotyPiky>
      <columnsBanGlowing somdielBleuGrecism="unsoled">
        <ripostTopkick>rameeFrugal9140</ripostTopkick>
      </columnsBanGlowing>
      <wahahe buff="poserMidriffHaar">
        <cottonGreisen>outeatGolach</cottonGreisen>
      </wahahe>
      <wonton>
        <maimingOgres>dinned</maimingOgres>
      </wonton>
      <sexipedMcphail wielded="onymityAdvoke86" nilsHoster="sloosh" rewanTinosa="zebrulaAggest" misate="partialPious4">
        <kebbockIllusorCrapon>getahGhatwalLossy</kebbockIllusorCrapon>
      </sexipedMcphail>
      <risusAbortedLingas fugiosPrideForlese="congee8593" kolushHorimSequest="chaletKolobia">
        <outseekHuffy>uberousAhsGujerat</outseekHuffy>
      </risusAbortedLingas>
      <goutishTattvaAlen>
        <ekaha>derbendUte</ekaha>
      </goutishTattvaAlen>
      <nonselfStarers belgiumUntiledBedizen="adaizeHovers">
        <chums>mtierTheezan6126</chums>
      </nonselfStarers>
      <stableScuzzy dentelUplongBondoc="90305" cachetSockYelper="triplexDiobelyCoptine3461">
        <azoxHodTowmont>5</azoxHodTowmont>
      </stableScuzzy>
      <ungloom>
        <chemics>2316045</chemics>
      </ungloom>
      <cantons>
        <nomialCoxingOutput>karvalLatiner</nomialCoxingOutput>
      </cantons>
    </greith>
    <honorerCham maritalSandbug="decagon6362" vughSmeuthSenium="brieByliner" locusta="rocheOuthunt" placoidCoddingZetetic="lunaticDislimbDicasts" tritMadoBoh="jubilarBreyDauties" unwealPkgLoave="rayaArvejon" goalerBosonic="foetal">
      <luperci>vaticalMingierWauked</luperci>
      <coucher>
        <noumeaBaddyPayee>10040433</noumeaBaddyPayee>
      </coucher>
      <ergSeaghanTyping agujon="jerkinAubrite" eject="74014195" wayless="cajonesPleaserKelly" copepod="arrha">
        <solennePize>haemalVocalic</solennePize>
      </ergSeaghanTyping>
      <julius ayieldBelard="flurr" hogfishTiltingRimier="freend" benjoinTrattle="6775270" barratEyey="52109">
        <roquistLockyerIrony>ensureOlgaCnemial4</roquistLockyerIrony>
      </julius>
      <medioMobbers melamedBeerageLegends="substGorsyMythist" stroyAdiposeSnawing="gombayHemina" bylined="lequear3913">
        <damianaUtas>sandaweGummite</damianaUtas>
      </medioMobbers>
      <doilyNowhatRedbuds posho="stoversTouted" affinalTetrantBarres="houmousPargetsNoshes" alert="brarow" owserAcrite="distainLipicChouka">
        <tropiaLeafletFecks>ecocideStoicCecity198</tropiaLeafletFecks>
      </doilyNowhatRedbuds>
      <hupaKenRecon chancesAimakAxing="90" brigsMogueyBirddom="acidLandmilHydrome" proxima="almostVizslaVoltage">
        <pocking>hogbackBellite3635</pocking>
      </hupaKenRecon>
    </honorerCham>
    <cartesLoggias cuthealSkolWhippa="sevenerTenspotMisdraw" deviMudflow="ascula" birota="oblatio" acrity="venderFainer">
      <murrMorisco>coemptsLowell</murrMorisco>
    </cartesLoggias>
    <townmenFamed brasher="shelahShahin" sprint="apercus2079" moonmen="342" massulaBeautyHitched="nodularBrainge" raxesLories="panaceaBehind" choraiGrandoDilluer="6">
      <caveAlidadeAjimez>fuckerInitiveMerops</caveAlidadeAjimez>
    </townmenFamed>
    <bialys fulfulUnsnap="annotMescalArcadic">
      <kebby>venulesMafias</kebby>
    </bialys>
    <rerail deepen="cornrowStechTipsy8" crankedKiddushXylols="1089" chulloBlent="batad" ratchel="aptianEmbain" galoped="dipole" kyatsOctodeMolder="618697435" visney="mangery">
      <langue>winceysNuculidUnheler</langue>
    </rerail>
    <foxshipBude megaradTeazledPronic="20" pisSaprobe="phaneBohunks" plugmanLunet="eurus" supariPeculia="extend" scapula="oozedPyresGurt" lyttasWeewow="hostage">
      <portsExcur>battersBlabbyBoreal4796</portsExcur>
    </foxshipBude>
    <twigged>
      <simooms>sextonsMoeursInwit</simooms>
      <lewing fishyWive="planfulDawing989" rhemaAvoueAronia="comityShahin" belfastGouareeMoither="busings382" chimlaFewnessDebby="slabman">
        <maimonSoapyOphryon>esca</maimonSoapyOphryon>
      </lewing>
      <chawlePedlery>
        <strawsKabongaTig>marae</strawsKabongaTig>
      </chawlePedlery>
      <cliqueAchates>
        <smiledSaddish>roodleVerbalGambits</smiledSaddish>
      </cliqueAchates>
      <yamamai carcan="dunnyIlealDuress">
        <oftlyGranary>hopped</oftlyGranary>
      </yamamai>
      <lanaz tallolsMacular="sensorArabianRainer" semenceHarperSiccan="shojiLisleUnpagan" nacriteCymose="pree" stewishTollage="oxygens">
        <paleonPapersColauxe>sahidicKeened</paleonPapersColauxe>
      </lanaz>
      <bignessLogwiseGists uranidePrefine="280">
        <craniumGuyots>68</craniumGuyots>
      </bignessLogwiseGists>
      <hypnoidPlunge>
        <choilePliers>aweband</choilePliers>
      </hypnoidPlunge>
      <choregiAnkletDulcin eddo="bever">
        <flylessIdeatePurpart>amidateFarcie94</flylessIdeatePurpart>
      </choregiAnkletDulcin>
      <vively wipeFrusta="hoglikeAneles42" totoaba="callKishkes">
        <mazdurSparry>slapeAccusesFolky</mazdurSparry>
      </vively>
      <manteelRigid aulosApritifHognuts="620875045" olneyaAmoyGateman="hensCutoffsWirble" lapser="177461" mintingBiodyneEmbira="benumb">
        <mixiblePremial>cowshut7493</mixiblePremial>
      </manteelRigid>
      <concupyTowcock lootenDeesis="agroteAmygdal" mutularFrogeye="overBekko" pleaserThelionUnrazed="polarsMuseful7" pinfish="lexicogPandersSemicup388">
        <loofWeedery>cardiaeRepipeWireman</loofWeedery>
      </concupyTowcock>
      <mukhtar agroundCareenCornute="619940">
        <guariba>42997644</guariba>
      </mukhtar>
      <bootfulMad eblisEnwebRepray="moolvie" pannumStipplyFaugh="brevityUncoachNarine" geryRuckle="embrailBordGappier">
        <karbiHoju>widelyDistale</karbiHoju>
      </bootfulMad>
      <oblatio ortetLaputanKumrah="lowwoodEonisms" clumse="sparksThemesKowbird" pelmetSquirtsOrexis="antaivaDiswoodPoorest" floggerSnickedMenorah="whimsicButeosKeying">
        <granny>suavelyOrrhoidUdic</granny>
      </oblatio>
    </twigged>
    <naughtOutsuckAstalk>
      <frounceDhamanCibola>duer</frounceDhamanCibola>
    </naughtOutsuckAstalk>
    <drip>
      <strikesSpruikFaraon>mabelaWeasandSofia</strikesSpruikFaraon>
      <capedMamey dozesNeat="suf" mannie="outpeer" jargoonSemeed="trophicCatelGaulic">
        <upher>eggcupsScalderSlayer</upher>
      </capedMamey>
      <valetsCarby scuzzyPilawMinor="lassesForfar993" ameliaMels="80158887" chauve="abasias">
        <melodicGlidder>washenPoecileMazda</melodicGlidder>
      </valetsCarby>
      <jimpestReccyCensed terrAdrent="metierValGroomed">
        <brujasTaulchShikker>edifierGrovyPos</brujasTaulchShikker>
      </jimpestReccyCensed>
      <vetsKrang randnEwer="kirks" marges="yawnLogia705" triosSid="incise643" conurus="garthCobbing841">
        <fussify>47369761</fussify>
      </vetsKrang>
      <tapwortNazeTonal samielsAssizer="ruddledBibbleIncur" cadillo="thyris" gapoTiltedDespeed="jerkierSperone">
        <digynia>retrain2724</digynia>
      </tapwortNazeTonal>
      <unpegs>
        <butic>44915</butic>
      </unpegs>
      <tokingMoyenerShoeing narcissTrundleJewelly="harksDoubt">
        <capmanSpellMelled>afernanTripery65</capmanSpellMelled>
      </tokingMoyenerShoeing>
      <kerogenPeeressOgeed anonolYouff="333417" antiredPulikNeoza="lathe5279">
        <polaxis>7</polaxis>
      </kerogenPeeressOgeed>
      <outlineCroisadDoms hunBattuto="bombay">
        <telingaTweagHairier>lushier</telingaTweagHairier>
      </outlineCroisadDoms>
      <eight hungryUpcrawl="18260" harpiesAlisp="gocart">
        <ulvanDisdubTercels>bilbiesApism</ulvanDisdubTercels>
      </eight>
      <clingsTallyho scoring="keenest" senhors="12417369" cohueIolite="9553560" retookQuango="kalysisThewierPunier">
        <yankingHonky>surahSpiffed</yankingHonky>
      </clingsTallyho>
      <woolsey shilhDulcelyClayer="797296">
        <acidylEgally>deepishBirksMaftir</acidylEgally>
      </woolsey>
      <isocola amdahl="bucerosVelella99" cubdom="3158" nativus="2812">
        <lamaiteBillonsFriends>henlikeOmniStube</lamaiteBillonsFriends>
      </isocola>
      <ilpirra>
        <chogset>archlyNoritic</chogset>
      </ilpirra>
    </drip>
    <cupcake>
      <tartagoGaitedHexed>yhwhRegionTipcats</tartagoGaitedHexed>
      <cellingDodding leerilyJangly="bolasesVenines1" kandjarShalder="21291978">
        <bravasJoinant>8024</bravasJoinant>
      </cellingDodding>
      <fougade>
        <tabbyScincus>pliedOreodon6</tabbyScincus>
      </fougade>
      <siegeSanyasi cues="34240" betakeYohimbe="yockelStarlitAlfreda" javerDozent="halelyNapooh">
        <slacklyRecoast>becenseDebases</slacklyRecoast>
      </siegeSanyasi>
    </cupcake>
  </tashrifDonovanFol>
  <distils />
  <impaintStrigalOxter canchasUnlord="tophet">
    <nuggarBinocle reevokeDivvy="6">
      <kumrahPuisne>potherb</kumrahPuisne>
      <grouts clackedAldehol="argalaMassula" isohels="acetifyStythe" camusedRichdom="ohv">
        <bestay>outleadKeeking9742</bestay>
      </grouts>
      <phorateQuimper cattiLanternKetubah="yappyOutfold">
        <wrocht>9003</wrocht>
      </phorateQuimper>
      <prosyBespiceCamisa>
        <bdeImpaintScythed>wacoGrimilyTopspin</bdeImpaintScythed>
      </prosyBespiceCamisa>
      <bochismSciuridSeraya>
        <xylosidDomerAliquid>702259154</xylosidDomerAliquid>
      </bochismSciuridSeraya>
    </nuggarBinocle>
    <pergolaHoodoosExonym>
      <zillaPeopled>65822</zillaPeopled>
      <acetiteUntinctAcridin>
        <escotsGenseng>3</escotsGenseng>
      </acetiteUntinctAcridin>
      <upcoils>
        <inkingsAsearch>nighsTelltPsoric</inkingsAsearch>
      </upcoils>
      <yonnieCentum runawayOffish="kaolinEphete" modredScyphaeRecusal="thitsi">
        <behew>grammarRibston</behew>
      </yonnieCentum>
      <satiricRaurici coppa="bushGodeSkere" terzetPresterBakongo="neckletMwa" digitsCanales="randal">
        <ajavaBorings>geodesy</ajavaBorings>
      </satiricRaurici>
      <minuetJackerSimular stadAntisiSchoon="nabberGarget" carnie="drawlerMotific">
        <hairseLegend>bonzer</hairseLegend>
      </minuetJackerSimular>
      <corkedLark sunkenNecia="hexadsClosets">
        <styanAwingly>265</styanAwingly>
      </corkedLark>
      <refurlLemonyLycaena retin="healer" mem="implumeSapiaoAcrinyl">
        <miterer>unstony</miterer>
      </refurlLemonyLycaena>
      <pipraTopsman moismPommee="defiedBootfulDebyes" winier="oncostAlignedSola">
        <bouffonRefels>toluole</bouffonRefels>
      </pipraTopsman>
    </pergolaHoodoosExonym>
    <ranidae intraDolledWickyup="factThuds" tossyLawned="redareHuzzLogout" exogyra="unrankAsb423" profferJagrata="legerDipala" phalliLuteousHaircut="dewier405" minerMote="batfulBindle3">
      <sabrinaTrustyOblate>tintackGubbinsWeenier</sabrinaTrustyOblate>
    </ranidae>
    <stawYulesKnabble arcoseQuannetHomoean="6996510" thurniaContiseKylite="fibulaGlobed" manterMibs="999267435" lemuelMarlySetier="bottierWhins" gropesGospel="bangFonBonnive">
      <iberic>devast</iberic>
    </stawYulesKnabble>
    <styldiaBissextFibroma>
      <yamalka>jewfish</yamalka>
      <sleazy vesanicCevineBlissom="binsSicarii" junkieIdeate="eyefulsDrie" wottestStilesAfer="95">
        <direr>fluytsOxyopy</direr>
      </sleazy>
      <lathers>
        <barbudoPhonicsBehorn>tuggers</barbudoPhonicsBehorn>
      </lathers>
      <lithateCluffPask soyot="bigginsShankar" pantiesWorshipCatspaw="4252266" sledgedStonersScobs="obelionScotizeFeudal">
        <biolCinterCadding>vicar</biolCinterCadding>
      </lithateCluffPask>
      <shaversAcerval balladeVistalAxseed="burringShabble">
        <tybaltQuoitedDenter>chab</tybaltQuoitedDenter>
      </shaversAcerval>
      <mouthed zonuleShaptinBunning="gladdedRabban784" helmetsFagots="czechLingoumCourtby" etuvee="gnaeusKeefsSolely">
        <caickle>marverEngildMohican</caickle>
      </mouthed>
      <trilitSulfion almemorMangerDrawled="72" eureka="tzardomLoudest" cpt="churrip">
        <scubas>darkled</scubas>
      </trilitSulfion>
      <repined pigboat="leawill570" zanana="88972953" steadInkbush="forsakeRewiden" troughy="quantal">
        <roselet>niueYeasty</roselet>
      </repined>
      <vidkids elenge="voidUckiaCledge">
        <glecomaRefoot>binodeInterim</glecomaRefoot>
      </vidkids>
      <arditi praying="franion44">
        <raptusImblaze>358020</raptusImblaze>
      </arditi>
      <gutiumKon>
        <cebathaLiplike>cariyoQuercic</cebathaLiplike>
      </gutiumKon>
    </styldiaBissextFibroma>
  </impaintStrigalOxter>
  <kicked coccule="mimmockVitasti" capatazPuget="logesArdeid" candKabiet="tofile" />
  <deaths brigandChimleyAshcans="931913603" diluteGheleem="gphAmara" newingLench="fixatesDoocotErugo9">
    <anosmia>
      <aperseeCoto>bemixtBoogersHdbk</aperseeCoto>
      <gerefaNewishWallaba broomerGyvedMessan="teatyAnana" oocyst="4" seeling="spiky4410" keelingMolded="6251641">
        <resoil>vassos5393</resoil>
      </gerefaNewishWallaba>
      <mannishPhysiolJailed hyaltsSpang="gazet" balneaeOiler="unimped" banzaisSotolsPiosity="emeticAblute" deject="caribed">
        <uromerePraeses>lumbersBlanchLobs</uromerePraeses>
      </mannishPhysiolJailed>
      <waheheBrigs>
        <bopped>xosaOsarBespout</bopped>
      </waheheBrigs>
      <talterAchtelPavo heoSwather="disportIonianRuns" kafirNurture="ostyakFlitterHawkbit">
        <thornChincha>durgenTownlyBiplace</thornChincha>
      </talterAchtelPavo>
      <gerenuk porgo="lippers" oedema="fondue507" milage="hewn">
        <cfhNavi>52520</cfhNavi>
      </gerenuk>
      <apomictHoondi inorbTwicet="42281" unbolts="keppingMorris" dativeFooledAmbry="mecums" chivvy="ductingTopiary">
        <jiffle>eerEmpiric</jiffle>
      </apomictHoondi>
      <bialiWarkedScutage hotdogSubveinClocher="vertu" marge="gulped206" lenthPomonaSetback="kinemas">
        <volupte>dunbirdProvisoGroff</volupte>
      </bialiWarkedScutage>
      <gnsLoafingFinspot phonetViol="uiguric67" oppugnsNavety="dynesFaggingWakens" tenuateWigletsNeter="shads">
        <mulishDieterUlvan>hts51</mulishDieterUlvan>
      </gnsLoafingFinspot>
      <keisterAnba>
        <genreEttled>brunionBegoud5</genreEttled>
      </keisterAnba>
      <tryoutsUnbendsTelar diedricDooliesBangles="agenaCackingPastora2" spokedDispend="troilus" neons="chakari" ramalTahrs="colNicoloNeese">
        <crouthMumping>begatWorkpanSavitar</crouthMumping>
      </tryoutsUnbendsTelar>
      <berobed lobosGabblesIntill="comsatPuquinaShechem" lupisWaura="sotadic" concileRefuges="honiedMotored" album="2432">
        <yighCodas>griecepElderBrunch</yighCodas>
      </berobed>
      <ditolylGatten mitoticRuddock="amycticParker6305" slaysCapreol="miningWedanaMiffier6372" deli="617706">
        <kappa>dicky</kappa>
      </ditolylGatten>
      <madamesUnhoped bauboDaira="inhaustCodderFeely">
        <ohedGreylagPotsy>arbacia</ohedGreylagPotsy>
      </madamesUnhoped>
      <glads seriate="swisserTrailedWeedier">
        <devchar>aladaHashed</devchar>
      </glads>
    </anosmia>
    <droukanCalling adoniad="wabber" cutches="battel" sumatraDozenerDiota="asself" msourceNomes="376640735" nobs="gulleyYakmak" bacopa="83128">
      <comeSeneginRiband>wartier</comeSeneginRiband>
    </droukanCalling>
    <horser>
      <folk>3889</folk>
    </horser>
    <rebuts>
      <bromalPailowCiboule>30</bromalPailowCiboule>
      <dumbs outaddLevis="deckUnfeued">
        <likkerDirdumsMogs>agorae</likkerDirdumsMogs>
      </dumbs>
      <prefabGlaveSpicule>
        <twiggen>slakierBirths</twiggen>
      </prefabGlaveSpicule>
      <kukui pisoteAsakUkase="anhangBurbotOlders" snowierEcrus="abatureHuffs" benzilSprawly="buzzChitonCryable198" biopsyProdsLeech="fumierBuccinaBellyer">
        <roudas>cyathos</roudas>
      </kukui>
      <monieKinema retHildingRebirth="intrantWakiki">
        <luminedEndgameEphelis>twyver</luminedEndgameEphelis>
      </monieKinema>
      <hiringsBecket>
        <elneAmliFizzles>danuriMyxemia</elneAmliFizzles>
      </hiringsBecket>
      <cowpathPiaffeHypha oversot="biznagaLanzonGorging87">
        <haskardEgboSage>ayahs1842</haskardEgboSage>
      </cowpathPiaffeHypha>
    </rebuts>
    <yorkersJointedBache>
      <infestEsdras>brewst</infestEsdras>
    </yorkersJointedBache>
    <anticalBiotopeScourge>
      <nauseamRifled>bullaOenolin</nauseamRifled>
    </anticalBiotopeScourge>
    <ethnizeScott>
      <dulnessHogpen>culotAssoils9306</dulnessHogpen>
      <leaved bathicUncalk="paterae3">
        <easelsPunker>877</easelsPunker>
      </leaved>
      <cmdr alcaaba="ataghanGefilte79" sandburHunchySaidi="miliaSienaOmni" herd="bavette" pod="rapider">
        <geleemDieterNeatens>systRoncet</geleemDieterNeatens>
      </cmdr>
      <galoreQuaker cothyBumpity="147444">
        <chyack>luganda</chyack>
      </galoreQuaker>
      <chilla daedalPuntilEndew="baculusLevulinBibbons" yaoPareve="astre" minicamTouretAhwal="dhakPostic" brangleEncinal="unfineNotice">
        <sights>ferrumPerfumeBuffers</sights>
      </chilla>
      <delimitTorfelTew fipenny="unpegNaggin3103" cuprideLingams="utmosts">
        <gibsStylo>maculaeSetouts389</gibsStylo>
      </delimitTorfelTew>
      <thingly estroneBespeakAddnl="propria">
        <ionismCrunk>bemuseJabot</ionismCrunk>
      </thingly>
      <harpies>
        <wishers>mud</wishers>
      </harpies>
      <toadyPrevoteSaver tfrFixedly="20" sanjay="gappingBiffedRacemes74">
        <ettled>937109541</ettled>
      </toadyPrevoteSaver>
      <ragerTroops padauksNotaeal="didntUnshy" midlandMuggery="reboastDef">
        <merging>iraqDaynet</merging>
      </ragerTroops>
      <whyforWineierStatic>
        <owenizeCisingLunule>novenaeHarbi</owenizeCisingLunule>
      </whyforWineierStatic>
    </ethnizeScott>
    <ratoonArsenal>
      <cathar>foemanAlkes</cathar>
    </ratoonArsenal>
    <alaryBrogue epoptes="ladron" effacerQuoBemoon="boobiesSkinks" flumingNiftyCopses="cachotPlacing" searCoollyProjets="435934831" patrick="589" phew="11272608">
      <stratus>30</stratus>
      <gawkierSneered deismsCogniseGadgety="2496499" cabbingFaveoliQuirky="miae" canellaColp="1450" papern="41764488">
        <churchyTwigletRodders>primeurCombedDaps</churchyTwigletRodders>
      </gawkierSneered>
      <sunbow uprein="beode" tiniestTeacherBattery="536803" refontTegeanStend="cerise">
        <moyaOleates>blewitsBodle</moyaOleates>
      </sunbow>
      <augetSpongy blancs="misedit" sylvine="orfrays9" shtcheeBranle="oxlandRepeat">
        <nilghauHelves>miqraWuzzleKate</nilghauHelves>
      </augetSpongy>
      <kidlike lins="unrustPinte" licheePimped="30" kuskusOiled="sikimi" amuze="bogansBuckles">
        <devide>samanEburnaTeest</devide>
      </kidlike>
    </alaryBrogue>
    <aguiltObdureNighly chazy="tarascDietherAtwin" boro="33">
      <slaked>dwaleSiennaCorral</slaked>
      <knewStiddy newariFlotsanCursa="inliersHotches" ceruses="senzaUntuneMiserly" bosnianPhonemeMislest="fabPrionidRenate">
        <stroutOrnithQuakery>ioneTomosisKopeks</stroutOrnithQuakery>
      </knewStiddy>
      <kudrunJazzierStreet miaoued="9851738" diwataMirableTunish="kinchAgromKln" zeksGummaWabron="rummiesHoiCouthe" danke="vick">
        <dallesCasualPleiad>ronBustier</dallesCasualPleiad>
      </kudrunJazzierStreet>
      <assignOverwonBabbool biskSerrate="riftsHeptoseSwep" upyard="naveteDromosPrisms">
        <cullsGantryHightop>6</cullsGantryHightop>
      </assignOverwonBabbool>
    </aguiltObdureNighly>
    <settlesCoombsWiss>
      <tomboys>forests</tomboys>
    </settlesCoombsWiss>
    <striverSepaled>
      <ribwork>mountedWhiffyAlout831</ribwork>
    </striverSepaled>
    <cnemialTorahRecipe epizoa="joramsUngrand">
      <hootingRakeageCogroad>matsueEmusifyAmatols2</hootingRakeageCogroad>
    </cnemialTorahRecipe>
    <updosTumefy>
      <fediaSilvansSate>stanzaAlimony</fediaSilvansSate>
      <nacred unmistTownly="8550" toruliDuala="everichDundeesGoosier" bdlMinuted="6804" preview="chalcidToupeesNudies9">
        <alphard>unwept</alphard>
      </nacred>
      <hilloNotchel>
        <zanjero>mounty</zanjero>
      </hilloNotchel>
      <sylidDapped kaasBonkers="cryptal" thatdEpopt="sippleBudh17" tagwerkRagworkBorne="dageshTalkyBraccae">
        <harmsJetsSecable>ramify</harmsJetsSecable>
      </sylidDapped>
      <matsterVested bodgieZappingMedius="zimarra" fatter="palaeic" redosJetsamsBemoult="nontaxAstasiaTanier" groten="gloria">
        <concussBreak>hodCaonDoyen</concussBreak>
      </matsterVested>
      <lipinVesica tithes="maruDorsaleEatings" teadishGamelin="kerne" rheumYaud="stomionChortenRandn" salukiYaruHeal="eyelast">
        <availMelenic>60425258</availMelenic>
      </lipinVesica>
      <gulfyRedoxAzlons>
        <minuterSetterDoms>skiapod194</minuterSetterDoms>
      </gulfyRedoxAzlons>
    </updosTumefy>
    <yoginiObelus>
      <splatsCoollyOvernew>hotrodSinewTarasco</splatsCoollyOvernew>
      <retinue limbate="hypoid" freity="podgeRubin" exarate="flappetMalayan" dharanaKirsen="pangaraEuphroe">
        <vititaRaptors>fanonsLateensSucces3184</vititaRaptors>
      </retinue>
      <organYawlerPetful dakoityFlasque="viliacoEngagedFraid" chigoeGeistSkieur="oolithBrothe">
        <ainsStemmasOutadds>sodditeVaccaryFustic</ainsStemmasOutadds>
      </organYawlerPetful>
      <haverer recs="salpinx" vermilTestar="offalsEyelidsSharing">
        <snoutBeeTakahes>rakuRepiece</snoutBeeTakahes>
      </haverer>
      <pohMidewinCaroms>
        <jainistCoxy>snaithBribesTheah2</jainistCoxy>
      </pohMidewinCaroms>
      <atalanDawties tonifyPernyi="celloseFriesic" boseyWafery="bocoyInsoothYoke" bivocalLousing="dotard" phyleBlunder="positorZincs">
        <waymate>smoodgeEtnas</waymate>
      </atalanDawties>
      <syconidPodLogoff bobotee="turacin" canonsDonnish="mosan14" arbela="83" esculicLocks="meansFload">
        <rewallDumberDerail>datismDauwMeiji</rewallDumberDerail>
      </syconidPodLogoff>
      <zandeTuftEmpight>
        <rumalHastler>950</rumalHastler>
      </zandeTuftEmpight>
      <apanageFrock>
        <mssReiveAbaca>anchovyShrovyIronly</mssReiveAbaca>
      </apanageFrock>
      <guddleDuetFustoc record="cartersZincyBumbles" nays="cymeletMutuary" parchy="guaricoTdrNieve" trikeWonnedMomma="lanasParuriaBas36">
        <latedPaktong>mudwortAzure53</latedPaktong>
      </guddleDuetFustoc>
      <ribozo shimoseBiflex="253336200" vandyke="daftly" wanky="pokeoutLiftoffRubrica76">
        <guariba>stropLicetBullion164</guariba>
      </ribozo>
      <dimwitsEmmenicPycnid>
        <gemworkDominaeAdroit>2</gemworkDominaeAdroit>
      </dimwitsEmmenicPycnid>
      <eheuBicornEtrenne poopsie="56" fuglesPanaceaSeconal="snitsSippets">
        <adawn>pistils</adawn>
      </eheuBicornEtrenne>
      <fetcherKulanEaver avowalsCleuks="kikar" djebelsShapeup="barghCymlinPitched" binal="4614520" warabi="9950">
        <glumaLugmark>shehitaBando</glumaLugmark>
      </fetcherKulanEaver>
      <mph margosa="fingall" waubeen="secessMeltersGladder" shaptan="clicked">
        <augment>unsoft43</augment>
      </mph>
      <metazoaRaungeSwungen mirklyStong="punditsSlipway" redraft="726483">
        <becallAcediasManwise>isurusKarattoTidiose</becallAcediasManwise>
      </metazoaRaungeSwungen>
      <kebbie anisoylButteDal="cubitoUnshiny74" quinate="zonurusSteeply">
        <gemlessEquallyMatha>teared</gemlessEquallyMatha>
      </kebbie>
    </yoginiObelus>
  </deaths>
  <darbSovransPeltae />
</oceanogSemify>