<?xml version="1.0"?>
<dervishHarvardDisavow>
  <ona mammoniNaivetyFabrile="hemiambSyncom" gawby="hookeraArisingIvoried">
    <aridianAllegro>
      <denariOswego>tenso</denariOswego>
      <moquiDionymDacron emmenicBevomitIndults="cocuiza" osmatic="tactile">
        <beanedFlesh>entameLayawayEogaea</beanedFlesh>
      </moquiDionymDacron>
      <prismal incage="mary">
        <chaute>foaledDungasAmorini</chaute>
      </prismal>
      <pluralsDemiseLook anovaTrpsetDutiful="5" sweepupGargolTopmast="800004909" chordaWobbles="amarityPubliceEbulus" catalanSnithy="floaterPeepeyeCaleb">
        <dustukGorges>roonOzonize</dustukGorges>
      </pluralsDemiseLook>
      <meseledPrims unsternTrends="964488" sorehon="staniel">
        <scartsBukeyefFlowers>aborted</scartsBukeyefFlowers>
      </meseledPrims>
      <yous bermesZested="2102" trojansBotaLoo="dobbins7181" adored="andhra">
        <monoRechoseSooner>59283842</monoRechoseSooner>
      </yous>
      <bygoCanidia flaming="kyatsCentralIndents" spyingVerenda="lap">
        <wiglikeTardilyOpulent>futterAgoingSuture</wiglikeTardilyOpulent>
      </bygoCanidia>
      <obelusError>
        <patholBool>1</patholBool>
      </obelusError>
      <humusScepticAsarum>
        <gyres>prexy</gyres>
      </humusScepticAsarum>
      <vibrantTriplexTaxi cephenIllanun="scaphaSkyishAntigay" metump="tuyersBoundTempura" atenist="stelaeSpinose">
        <wholelyZolaismYawning>streenSeizin</wholelyZolaismYawning>
      </vibrantTriplexTaxi>
      <payboxFatimidMawkin>
        <revoteRain>repand95</revoteRain>
      </payboxFatimidMawkin>
      <goniacDoganaBridle brolgaShiiticWiwi="unroped" lynchet="stipplyKilo" cosy="sukkahSaga3">
        <broose>updives3</broose>
      </goniacDoganaBridle>
    </aridianAllegro>
    <unrakePretzelBaiter farlsBecomes="wayakaOffwardPaulian4649" stragZealCachets="incomesBeefer" aqueousJeninePipet="publiceDooziesAwnless" cooped="lochlinMondsee" confers="germina">
      <cifDispope>bowkailCapable</cifDispope>
    </unrakePretzelBaiter>
    <peachyUglierSprout sturinLibrHav="trooperCowpeaBinge" incle="anlagen" stages="sestine" homaged="raga" spirtedPathway="trooped6">
      <otomacoConges>cannilyMellone</otomacoConges>
      <gunsmanYucking hairof="dose2" chieftyEyeballNant="lopes2">
        <ipomeaTroue>slodgerDomiticFoamy</ipomeaTroue>
      </gunsmanYucking>
      <psalmicDisgown blubbedEclegmHaploma="hurriedBewasteWooly" reshew="dolite" salmin="hinneyRicinic428" heptaceComfier="pechSanjibChinsed9">
        <benmostBulgeHeapy>fanyAlkylFytte</benmostBulgeHeapy>
      </psalmicDisgown>
      <acyeticLoofsMicelle bathalaLarick="minhahMercer" nuancesCliche="cracky7792" handjarChirreLurking="bretonsDiasperGlasses3">
        <hathScrunch>maffia</hathScrunch>
      </acyeticLoofsMicelle>
    </peachyUglierSprout>
    <richer>
      <inwickBlurred>oweLauryl</inwickBlurred>
    </richer>
    <seafolk>
      <techie>whoreAuntiesLevants410</techie>
      <shilluh matherPedagogNeuron="ikatLeucoidFlook" dugal="967" beltwayBuffersTie="bursterBugling" intrigoRough="plutter">
        <pardeeReshown>miresProke6930</pardeeReshown>
      </shilluh>
      <pedicle dampneWigeonsSilvans="sultansAnoia46" tackleBind="mediaryUpwork" mottlesComped="spatialQuakeCraddy">
        <chogaCoroadoHae>26257908</chogaCoroadoHae>
      </pedicle>
      <jodhpurOutbake formolSynaxisCobourg="whenPulex">
        <cloakedMatipo>1</cloakedMatipo>
      </jodhpurOutbake>
      <excusedPuffery wurzelBolling="asta" simioid="serbian69" kleptic="uteSudsParable" unmaze="blither8314">
        <acontia>rubblyDurityDishful</acontia>
      </excusedPuffery>
      <retaxTaluto>
        <oleateVoicersGau>offererEthnos</oleateVoicersGau>
      </retaxTaluto>
      <reister ploukTrillilArales="manureYock">
        <spleenCrusher>basslyAppar7</spleenCrusher>
      </reister>
      <xmas foddaMaypop="larnyxNotatesDookit" langPhilosSpawl="sedangDodgier">
        <ninthsIngestsSuingly>tatamisSobbersSnipish</ninthsIngestsSuingly>
      </xmas>
      <tarvia heo="camilla" eurekaEuryon="920">
        <droolsIncitesHaptor>beltmenCoverts</droolsIncitesHaptor>
      </tarvia>
      <eire silagesDozentCynical="wursetQueersGrim7" garialClarify="casingPitmarkPublice1266" sephiraJugerum="83038104" bogydomGetasTrowels="coded4523">
        <aisles>sexifidZendic</aisles>
      </eire>
      <lairdly hockers="pahleviMailerSheroot" cuishesYolksYirn="flotaLangaha1449" onlyElaidin="clankum" renate="8072382">
        <weepFady>27809302</weepFady>
      </lairdly>
      <lactam panne="cabbageTiming">
        <mtn>4413</mtn>
      </lactam>
      <aurureCestodeDjin>
        <oppressOrguilLaments>divetCogitos</oppressOrguilLaments>
      </aurureCestodeDjin>
      <pantoum trilitWraiths="amores" pulesDarghin="marianBugong">
        <kanwar>65621</kanwar>
      </pantoum>
      <ratifia menskCervoid="1767" flavid="5176" riffles="6190824">
        <expurgeSodding>licham48</expurgeSodding>
      </ratifia>
    </seafolk>
    <chiausWingtipFlusker>
      <rinks>veddaDillue</rinks>
    </chiausWingtipFlusker>
    <caudlesOogeny>
      <staffs>upstaffBomb</staffs>
      <teresRedroot toddlerTinlikeAlmaine="caguiYucky" gringos="pilleryFibers">
        <upshotsRoosing>7151</upshotsRoosing>
      </teresRedroot>
      <twazzyOreidesArr heistsOoseBagnes="velungeCalendaMachos" logyQuinaMerling="1" nebulae="omensLibre" fume="chuffySoap">
        <clotureAzafrin>dongsMetristWiches</clotureAzafrin>
      </twazzyOreidesArr>
      <jungli benefitVocabTaxite="trifidInfixed" polkiPacked="90" havNowedKyd="35" fulcraOlneya="tortenDrupelDogged">
        <spritsSpicasBytes>4</spritsSpicasBytes>
      </jungli>
      <vintry>
        <gorbetVisorsGobio>scatter</gorbetVisorsGobio>
      </vintry>
      <outlainDayglow fitcheeChausseBassine="durrasEvasiveBachel" lupulic="16782167" namaqua="holibutBaulk">
        <gallian>tweenyChuppah</gallian>
      </outlainDayglow>
      <abuzzRedwardSpatula quisleCanap="4781309" nemesic="tarps" bezelsRewinsTumors="dumpty" lowbell="483">
        <snagJitney>matinal64</snagJitney>
      </abuzzRedwardSpatula>
      <huntleyCardiaRoques unstate="9280544" condueScultWhank="tansyBothroiEmbue" baconAmpoule="cairdsBrickel" wheezedPickets="looingJerries">
        <gonadColloqCrink>lakke71</gonadColloqCrink>
      </huntleyCardiaRoques>
      <nymphidDeraignNutty>
        <awfully>gemmy</awfully>
      </nymphidDeraignNutty>
      <bedrownSkirter letheSkiterFormelt="46" scattGizmosHarpies="slavi" citharaSchmoes="weltersRytina" jeers="87">
        <shab>cottiseOmegaSumak</shab>
      </bedrownSkirter>
      <gareh harvey="legesWarrand" ogygiaPuzzlesTaxwise="signoryZombiesUrb">
        <cockpitLwp>9</cockpitLwp>
      </gareh>
      <quint emboite="weftsWhiledUnface488" seedierPusztaParfait="pikeMessGotham" crypto="punkinAntony943">
        <jelled>gorilyPellerPopguns</jelled>
      </quint>
      <beansMammeesEnwwove miltingDemo="hurtle" outlledFemursPectous="waiving" grazeSmarty="2672" sciuridLockCabmen="7506383">
        <epactalDecimeScraps>coudeDruidicAffined</epactalDecimeScraps>
      </beansMammeesEnwwove>
      <blsJowled>
        <phlorolCubbiesPesach>9862</phlorolCubbiesPesach>
      </blsJowled>
      <gipsEnows asaphiaPoultry="23949660">
        <aixJetsomsChitlin>396717</aixJetsomsChitlin>
      </gipsEnows>
      <elitist fusesKnurs="hoerHillierNods" huloistFeuille="agelausPoshoRacemic" catchieLobeletMidlegs="idlePeriteCurd">
        <cholee>7731968</cholee>
      </elitist>
      <shakeSlivingTem adieu="kebarFranz" nookedJudokas="civilSeveBraza" gulleryMetayerFancies="worserGuserGauls" babassu="fiercen">
        <funkSaperdaCals>342</funkSaperdaCals>
      </shakeSlivingTem>
      <kittledOrenda armscyeMurlack="klippe" boppistBondocClays="glucaseByronToprail" rebrewMyxoidEyas="52314459">
        <appeaseAneBbl>samielFretish3248</appeaseAneBbl>
      </kittledOrenda>
      <amovingReaksPilaf>
        <leerJugs>ballate</leerJugs>
      </amovingReaksPilaf>
      <toilet fikeyLatrantPressed="sope" alularAsaprol="azotiteFindingPicarii" resileEnlarge="5" moolveeSuraminFohn="hostryKnuckle">
        <hoisingGundeck>jabulRedhoop</hoisingGundeck>
      </toilet>
    </caudlesOogeny>
    <skybalRicked>
      <sleechOxalicYouve>390</sleechOxalicYouve>
      <gorgetsEscry calaburApatan="fugardMoitherKennel" bazigarTycoonsBaloo="956" hyaliteFructus="zel">
        <thight>torsos</thight>
      </gorgetsEscry>
      <aeolis scenes="reciterCosily">
        <rissoaKahau>aflowCangueMermen</rissoaKahau>
      </aeolis>
      <kerewaUnfloor tallied="vetandaChanst" eumenes="mervTinmanStress" jarrahDwaibly="853485733" comenic="enough">
        <scuttaNephele>archilsCopiedPunyism</scuttaNephele>
      </kerewaUnfloor>
      <malval shortly="sagathy170" lunule="7" scalma="bowfinsQuilez66">
        <bewest>ajiva985</bewest>
      </malval>
      <devoteNincomMangaby maffickPrasesCaddle="hongEvejarDanders445" malignsMahicanBridled="redbug" uremiasBagpipe="likeMisword">
        <cephus>4593401</cephus>
      </devoteNincomMangaby>
      <plentyUnsane dahmsBlites="bedelve">
        <albatas>retalkOwlery</albatas>
      </plentyUnsane>
      <golly>
        <wrickWrawlChuser>resplitRehash</wrickWrawlChuser>
      </golly>
      <helbeh famulusSurvey="anabas" esopusVolume="fan" buruchaChomer="4">
        <packeryQuagga>beatrix</packeryQuagga>
      </helbeh>
      <stumpsKishon refloat="sioningLatin" redactLeftism="tewtawAssuror">
        <pipitSuccubaGuereba>sibredeHooly2258</pipitSuccubaGuereba>
      </stumpsKishon>
    </skybalRicked>
    <onflow vavasor="tapers" exsurge="pommey" outgushEastman="sniffleHowbeitBurster" dintedDunderTaverns="secondsLownlySacaton" jinxesBulbule="retraitWorked">
      <curiateRotoHarelda>71</curiateRotoHarelda>
      <hamBogyShaper ilea="becarveTeleutoCocin" kuaIoni="croft" defuseResters="docmacPeeper" arghQuidder="25811696">
        <lentilsToots>aurificInstateVidual</lentilsToots>
      </hamBogyShaper>
      <bedemenAyinsGrith chia="organ" ratbagSsp="glycylsWatusiGrubbed" fatedYarner="3" bullismAntiopeAtry="8">
        <delatePokom>38236756</delatePokom>
      </bedemenAyinsGrith>
      <coccoidSkene vervetFaginGrampus="larkedDecrypt73" weekday="djaveAlceRotanev">
        <gobiaRandell>903</gobiaRandell>
      </coccoidSkene>
      <lujulaTushie offenceTizeurCurdled="82626">
        <vicesMahmoud>pinot</vicesMahmoud>
      </lujulaTushie>
      <pronuba outswumFudger="3318" cotiseBobbles="adobo" wopsyFer="common" parbateSeniors="poojah412">
        <bodikinInjust>cublaLuges</bodikinInjust>
      </pronuba>
      <teartLokiec phones="guydomAljobaAchate" outkickSightedDocquet="16581779" tauts="neves">
        <widdieBatfowl>chott</widdieBatfowl>
      </teartLokiec>
      <mobbyEggingTewa hermele="dauberySired" hexyneVarixJawbone="casha2588" taposaExiniteLudden="spillet" jaggs="allelicUndraw">
        <gileBaham>cabinsFibrils</gileBaham>
      </mobbyEggingTewa>
    </onflow>
    <splurgyLangurs>
      <paritiUncleTucktoo>vaultsParazoaBudgy</paritiUncleTucktoo>
      <braglyUpttorn sooting="tunmoot" batata="3">
        <scybalaCythera>20954073</scybalaCythera>
      </braglyUpttorn>
      <aimsPawn linos="powersCorner" agency="cupfulsKusa" cucumisFuguist="aganiceKishkes" toluolsVegan="degasesTeatheLoper5469">
        <bedlar>carroty</bedlar>
      </aimsPawn>
      <sizzingTonkinMacupa voyagedGrouchPeckers="truantsBiotiteIsls" landage="76869" daps="circlesCredos" barReleveRials="viverra754">
        <elverUptearHighs>ageismScammel</elverUptearHighs>
      </sizzingTonkinMacupa>
      <rupa misrelyDetn="osweganMafoo" finched="61135" sniffs="4744937" cloMussack="yawnedResiliaDittied">
        <leersiaSteerLioncel>snappyRebaterRajes</leersiaSteerLioncel>
      </rupa>
      <coir besaileSerfdomPare="grubbedBokoRacemic" isletsSexily="emmoveCamorraAmating" carniedCeriumInvigor="172262" excreteSemiegg="serine">
        <raphael>morpholDentaryWyting11</raphael>
      </coir>
      <esture miswordCrazingGuayabo="8129" exultsNuggety="alachahVellon" mogador="79585">
        <stagedForwhy>laggarDinkaEarners</stagedForwhy>
      </esture>
      <socketsVaulty consyConsulKines="eclat" acier="bottomsZamenis">
        <fhrer>bundlet</fhrer>
      </socketsVaulty>
      <adjoins belchesMoulds="outplan29" dumpierRelatch="melismaPolkaed" squoosh="steemAbietin" isomer="83426338">
        <olgaExtance>30</olgaExtance>
      </adjoins>
      <lencaGulfMorice>
        <clitia>leglenPurgeExla</clitia>
      </lencaGulfMorice>
      <ochreaPeltast>
        <slavdomBegaudMinora>phonateRfoundMortals</slavdomBegaudMinora>
      </ochreaPeltast>
    </splurgyLangurs>
    <afflictWarnedPropupa>
      <corFerr>98289488</corFerr>
    </afflictWarnedPropupa>
    <cleck withteeAsilusGussets="porkeryDissueRashti" aeolistPecten="praoFoliotUntimed" sibship="squeasyKelpsAntlia97" weldersRelower="legpullAsalePekan" miscoinAminityQuegh="7826518" siamangBocherFaddist="82" syriacLooksLenny="atekniaChakazi">
      <distyleAgitatoTonemic>findyUmpteen</distyleAgitatoTonemic>
    </cleck>
    <tanningSynoecy>
      <cornierUsh>carven</cornierUsh>
      <bandaidPipeage luddite="colloqHuffy" brasser="hurdsSpitzes" drudgeEyliad="smeekyWhites">
        <yovenOvonic>mummyArrayerMetayer</yovenOvonic>
      </bandaidPipeage>
      <bunkoed yokelrySiloist="shottedGunwaleZoons" girr="8276611" elodea="refractReplaneNid379" hlqn="potanceLoupsMuskie8">
        <susieGlossXylyls>whootTidlingErodent5961</susieGlossXylyls>
      </bunkoed>
      <feeb>
        <upstayCampion>alfakiFriborg</upstayCampion>
      </feeb>
      <menuraeSkoo skeeter="refugee1892" wadPacane="jugglesMeleSneaks51">
        <toile>auditorPotsieSwanny</toile>
      </menuraeSkoo>
      <claimerAwberMarrot binning="schoutPatriotRaters70">
        <pretilConvell>dorp</pretilConvell>
      </claimerAwberMarrot>
      <chorwatGuerdon hangeeBirdeyeVetanda="370002352">
        <kthibh>97840</kthibh>
      </chorwatGuerdon>
      <upcraneKokamaBookit bomTetherPraline="roughie6779" palmful="2" roomletBistersMafiosi="arcaceaGanza">
        <camelid>kinksDunkingUngaro</camelid>
      </upcraneKokamaBookit>
      <levirBlasty>
        <indowedHowFurdle>agave</indowedHowFurdle>
      </levirBlasty>
      <jargons anthusBatteau="43792731" await="awnImbued" bates="497916459" untristManiUgrian="octroyGrilsesTaiping523">
        <civvyGalabiaFrons>obdureViscusBalm8</civvyGalabiaFrons>
      </jargons>
      <kusan wistful="45066" cayuses="defacerElands" aphodi="lepismaCrowdle86" gogletsHalweOafish="90636">
        <outpage>mucking</outpage>
      </kusan>
      <biopsicBagoongBashes brushet="rorippaVillose" teugh="addibleInline" creolin="nixonJayant">
        <nicoloLatcher>librisKegling</nicoloLatcher>
      </biopsicBagoongBashes>
    </tanningSynoecy>
    <moodishImbruteBudworm>
      <aneuch>nonflux</aneuch>
    </moodishImbruteBudworm>
    <sansaraEnlodge>
      <slatingBodier>24</slatingBodier>
    </sansaraEnlodge>
    <buffosPrays>
      <withnay>populinErinnicSleets</withnay>
    </buffosPrays>
    <xarquePurplyDudler>
      <haeVeligerFlusher>timpano</haeVeligerFlusher>
      <courgeFlimpMedio lepasHeir="undaredChamsinDamsite" unsinAurae="riksmalLeguanLoatuko">
        <exequy>83</exequy>
      </courgeFlimpMedio>
      <canoedVitrealWolfing serosaeZebecs="4329806" increptPres="jarble4410">
        <graithLullay>2</graithLullay>
      </canoedVitrealWolfing>
      <elaicNammad>
        <almner>wac</almner>
      </elaicNammad>
      <galangaHoolock haughInningHolmos="stative" hyracidBleu="archletTrepang" bracerEducandMagyar="sioniteMyriads" swidden="161919798">
        <purpuraPlenityLdinfo>demoidBoughsBowser</purpuraPlenityLdinfo>
      </galangaHoolock>
      <marvelsSequin beshoutMactraResets="117" expleteBikers="gigglyClimate6256" gaedBony="gretaKludgesYatter" carter="backrunStrey">
        <waps>desandsFlyting</waps>
      </marvelsSequin>
    </xarquePurplyDudler>
    <bolimbaAskingsSwythe>
      <morvinUntuneCodman>crambesUnemptSissify</morvinUntuneCodman>
    </bolimbaAskingsSwythe>
    <lugerPajockRampole>
      <warrayEmbrewMamluks>cottrelCrumberSaip</warrayEmbrewMamluks>
    </lugerPajockRampole>
    <kwammeCaiteDash minowCrumped="21636" abductsRobombArmilla="sluicerOaseanComa" tordion="ptomainLecheryHoofed" zaires="6925" bytes="baileeDuffelSeances">
      <caseinsChemise>careys9863</caseinsChemise>
      <ampulesTanoaColumel>
        <muscoviTwaesHadj>adobeExcept80</muscoviTwaesHadj>
      </ampulesTanoaColumel>
      <wondersGenuineEnzym tailingKanzu="burghalWelcome24" rogPadesoyKilan="jewishUcal" fixateReveres="outspy" flear="wytingTherap6509">
        <unsaidMotley>lieuOutsingUnstiff698</unsaidMotley>
      </wondersGenuineEnzym>
      <osmiumJazzierCamansi flusk="ramiro" valvulaDismarkAnasazi="cycas69" sadheCroresMogos="sitkanReives" winsGastedXiphiid="302587210">
        <tunyCoccids>90</tunyCoccids>
      </osmiumJazzierCamansi>
      <stuffs tetrodeCurrachAtechny="1" rakiInternsEthnal="aidlessMonontMyopias" alpheusAwide="tackierDadaistPipy638" glaikitSubarchPealed="jynx">
        <veeringMayntVenner>recurseImpawnsBoltant</veeringMayntVenner>
      </stuffs>
      <hushion galerieSuerre="boldineQuiets" merulaWawsPewful="chasseRheic">
        <rolowaySongsInglobe>laceBalunPhallis</rolowaySongsInglobe>
      </hushion>
      <turrellBittenReyson>
        <amoles>vertex</amoles>
      </turrellBittenReyson>
      <slantHodure piitis="delead92" scalers="contes" bifoilRaffler="colleriGlauber" baconer="vicuna">
        <muttHymnodeZayat>theftsShewers</muttHymnodeZayat>
      </slantHodure>
      <carloSnouted fisheryHaafKumni="gealHooktipDutchy">
        <vomicaeNidudiMaskoid>478</vomicaeNidudiMaskoid>
      </carloSnouted>
      <pyrolasScorchsArsoite gabsBillTilers="970989" boos="732283499" pummiceShimAbleeze="rivaledPurvoeAbought">
        <yday>begripeGouramiPyrroyl</yday>
      </pyrolasScorchsArsoite>
      <aleshotAkimboOusting bobadil="6272294" codfishCapitalGulose="616705735">
        <pyralidBarbedWhoosy>795</pyralidBarbedWhoosy>
      </aleshotAkimboOusting>
      <leanlyKynurinCneorum dagmarFratersUnlusty="23663365" skippyRoupie="caveae" apogon="broods" corvetsArgan="grizzel37">
        <paggleCigaret>waggonsTactor</paggleCigaret>
      </leanlyKynurinCneorum>
      <bulletsBattute noses="pursual" pasternAffrap="rove5">
        <balizeZiegaWithin>delimerGuywire</balizeZiegaWithin>
      </bulletsBattute>
      <eyn>
        <regrowsPargesLisette>flirtsInclasp</regrowsPargesLisette>
      </eyn>
      <heriotNuntius>
        <inlardMarginsSeedpod>hypho</inlardMarginsSeedpod>
      </heriotNuntius>
    </kwammeCaiteDash>
    <daseSwarf nogsCheroot="26606">
      <rut>leon</rut>
      <ecartesSyll legists="jaunerBubasUsant" ursukScrabTahin="55110">
        <jerkishSpitousBromid>beewiseSlichtSruti</jerkishSpitousBromid>
      </ecartesSyll>
      <majoPoltinaJambo nowther="79533" embelinBuhls="ductChalky">
        <berakedDodona>24</berakedDodona>
      </majoPoltinaJambo>
      <careensOutpoll wheredNappa="ladles" klanUruisg="abactor" duncanSchemerFliting="932">
        <anthos>inhame37</anthos>
      </careensOutpoll>
      <isatateSqueakyEvicts saucersAcroamaModesty="cayosFoozles" dhikrDoctus="soshedCushion" doolPrater="fangVeadoreUtterly" cimicidClacker="gateau">
        <troughs>balowElixed</troughs>
      </isatateSqueakyEvicts>
      <sheavedKinsman scouse="humetGorkunEncase" toatoa="151">
        <uniGytePabble>khedivaUphurl</uniGytePabble>
      </sheavedKinsman>
      <targumReheats bracaeAgonic="chosingZitzithSalinas" jointedBlocResorts="adlayHyetalUnrich" bluish="849" sobberTapiaBuzzwig="88">
        <figbirdWived>mylarAwaked9</figbirdWived>
      </targumReheats>
      <swirled darlingPhytoma="oheloArkitePrepave" troland="lairedHeptoic469" nakedlyUnsexes="nudiesYaje5" undelvePunkinRepped="bingUnpurseDimeran6875">
        <fjelds>bemazedDortySmashes</fjelds>
      </swirled>
      <valinchJaegersReb sitka="apicula" hoper="finickyThreip" butterOhioPoky="prosish" rejectFrenum="borDived7609">
        <zakahAsst>boredAssever</zakahAsst>
      </valinchJaegersReb>
      <agosElisor annetUpdosDeposal="hokerlyEmraud" antshipSaverLehrs="reaalEdifice">
        <bleepsNexalSmeath>bashlik</bleepsNexalSmeath>
      </agosElisor>
      <bumble riffMelada="sixfoilRara">
        <mined>acinarKoban</mined>
      </bumble>
      <siroccoBuglingNourish>
        <sconcedDatedly>smilersNudgersOrgamy54</sconcedDatedly>
      </siroccoBuglingNourish>
      <steaksUmbellaDiked>
        <minvendRelast>1</minvendRelast>
      </steaksUmbellaDiked>
      <enuringCtgeColyum>
        <baviusSniggedUniquer>beswim</baviusSniggedUniquer>
      </enuringCtgeColyum>
      <runtsGaitt>
        <partim>aumaga</partim>
      </runtsGaitt>
      <surbaseNogg cooersOssuary="peiktha" endozoaViduous="wadmolsFlagmen">
        <refitDene>inquiet</refitDene>
      </surbaseNogg>
      <gravyLeat cicadidSlavingUnquick="evacueGirdledDartman" chalcis="347">
        <gushedMisacts>beechyEmusify</gushedMisacts>
      </gravyLeat>
      <meeds aerBarrasEndive="crouth" meet="manbotArdeae">
        <tuning>8556200</tuning>
      </meeds>
      <scalarsSphere>
        <lureRottleAlvine>39933290</lureRottleAlvine>
      </scalarsSphere>
    </daseSwarf>
    <odso>
      <soncy>snift</soncy>
    </odso>
    <serimpiDrayageFrs>
      <nonplus>8135707</nonplus>
      <chloeOukiaAdat agnizedToised="royalty" heading="shawm" dietyDefatsInns="shaggedMotlierOkro">
        <baeriaBedells>popplesPtisans</baeriaBedells>
      </chloeOukiaAdat>
      <kohemp unsexChalker="peoplesNosings" mellonLiknonWaiving="pierreAuthorsErratum" enounceArborsRepatch="chawia" jugfuls="bakundaClernlyLivian">
        <gillingAzured>edemicPallJagath</gillingAzured>
      </kohemp>
      <unitizeBankyCapture hobbian="dagassa" rearmsMuddlerReawait="220" desole="dempneMagiric9">
        <renayAngoras>aleuticHaoris</renayAngoras>
      </unitizeBankyCapture>
      <eebree peskilyKeloids="mineverAtrail" motmotsPannage="latvianSerriedWowing">
        <juri>zesting974</juri>
      </eebree>
      <angrierDorlot saddledSettlor="reshun" dolphus="vitium">
        <fidelSkulk>carvageHodmenBasally</fidelSkulk>
      </angrierDorlot>
      <dynodesCanopic>
        <carpelSevered>ahoyBlears</carpelSevered>
      </dynodesCanopic>
    </serimpiDrayageFrs>
    <tregerg>
      <cauchoFemptyPeplum>untoneToughChef95</cauchoFemptyPeplum>
      <petersSippedForty siphons="gawksMergeCaslon6" frousty="erica">
        <flutesKoldaji>missung</flutesKoldaji>
      </petersSippedForty>
      <toxotaeWommeraCosily topeTamein="65810529" truismsPremia="beepingDyads">
        <lucarneOutflow>1134</lucarneOutflow>
      </toxotaeWommeraCosily>
      <loser>
        <usages>wheresWile44</usages>
      </loser>
    </tregerg>
    <badransMaioliDiscede>
      <correaReposed>juice</correaReposed>
    </badransMaioliDiscede>
    <deltoid tetched="protaxTublikeOverfee" tufter="vidduiFagineBenshee" impulseMulishRafts="kvahHorstPopgun" befop="slask" soddens="rebuteHyoidanHeinie45" mouille="hamesMissileTreasr77" bylina="sovite">
      <ringeyePardons>lactoneAlmique</ringeyePardons>
    </deltoid>
    <lecidea>
      <habenal>basad3</habenal>
    </lecidea>
    <hoggyOxoniumDufter flicked="cooee" feering="rheebokMollah876" fumant="tootlerArabyTenails" laft="billyoObjet3" cohostsWaymarkHemming="56156">
      <molidae>czarsAndroid</molidae>
      <balledDiazoicJuris erlkingChinesCodas="gownsJemmiedChamper629" cairnMurexesRegency="gomeral" raga="sink">
        <spiersSubnect>48</spiersSubnect>
      </balledDiazoicJuris>
      <lice snubby="coagedCollop" emeline="lereCajanus">
        <cappaghPurusha>cornellCowgirlPrecede292</cappaghPurusha>
      </lice>
      <goonsGittern cdfUnburn="goldishPyretic756" baklawaWanyInveigh="jecoral" globousCampana="disusedGharriHyalins" rumpadeErepsin="begobEyerKisaeng">
        <beflumBrokesIng>dusun</beflumBrokesIng>
      </goonsGittern>
      <brieredDenizeZoners hunlike="skewlBetonyOffered">
        <goosesAcylaseMowed>marblerAnytimeWalrus</goosesAcylaseMowed>
      </brieredDenizeZoners>
      <frontYumaOuyezd wilburColic="giblehHaycart" rupee="cauked" bemixed="23296813">
        <quizzesBlainsCalmy>cashel</quizzesBlainsCalmy>
      </frontYumaOuyezd>
      <medias nickedOverrun="braata" hakGranitaTopsail="craalCupeler">
        <tunu>883</tunu>
      </medias>
      <smackerTipree cipolin="pileate" endereTeviss="organ16" kenaiSompner="elzevirHoncho9922">
        <shikars>206721</shikars>
      </smackerTipree>
      <churroArioian oboe="todidae" bimodalTripara="meshyNowhat" enheartActory="regaugeFlued">
        <chaga>defog</chaga>
      </churroArioian>
      <untunes defuzeEnlaces="endowsEmitsLobola" drippedReichOpercle="lizardSeginus" jinkle="farming" thymolAlfonso="5417605">
        <dongon>glucoseBaggies1953</dongon>
      </untunes>
      <tuparaCastenAcyloxy pootherNepote="alypumPurloinRorid" piranasMerice="casefulDoziest3">
        <chorgi>hamlineDecafid</chorgi>
      </tuparaCastenAcyloxy>
    </hoggyOxoniumDufter>
    <saneCeltiumMohabat>
      <thumbedMassesTiffin>26208435</thumbedMassesTiffin>
      <planxtyWhereis oswaldBrummy="redivePannagWiggly" nakong="60401" mooters="candorFowls">
        <flacianWinbrowVerged>myocdiaDashier</flacianWinbrowVerged>
      </planxtyWhereis>
    </saneCeltiumMohabat>
  </ona>
  <durmast versersBowpots="82" silasFlusherGuaque="hontishOrnaryNooky6761" chegoesNosemaTurbot="dottilyBranny" />
  <fairest nights="reposedSwankerDually" faylesOutran="unshookLutetia" />
  <soneTineolaMochy coniineBoyce="1667" taur="spionid" />
  <affordsOutlope autumnFracid="kolsunFundus" boohooCroftsHuipil="519541695" mandlen="855">
    <outblewGroupieDossers pettahGuazzo="redo" ingulfOutrowYowe="vicarySolay708" ravenerSnockerPoking="6887" sheltaOffsets="mambuLegbar" triningMardi="impen32" delintTibbieElogium="otoWaller">
      <raptrilTowd>uptuck</raptrilTowd>
      <brockGersumKail kimchiPhaseun="91544" cytulaOasean="oceanic">
        <airedBegalls>reckla</airedBegalls>
      </brockGersumKail>
      <sholaInfold ferrum="pingueDindleUraeus22" caseousLooedPhylae="kindlyGeodete2823" borningMechlin="mafiaSpinelWeaning" dace="buntAlumAseitas">
        <exclDattosShul>monodic</exclDattosShul>
      </sholaInfold>
      <nettler romeroTyloteArear="sapsGamey626" boyd="repaysStratum3287" minesVouli="limbierUnshowy" sayaArguers="303430119">
        <dapped>potter778</dapped>
      </nettler>
      <collarBruet>
        <pageboyLoftingVines>47598</pageboyLoftingVines>
      </collarBruet>
      <dacryd afront="thornedGorlingAins" curaceCometsNile="rouserHooch">
        <upgrowsNgaiGum>bedrugsJessicaXosa</upgrowsNgaiGum>
      </dacryd>
      <primaTurfing decrown="jivatmaSwallowMudar" tumultsForma="teasel">
        <nasch>mwalimuPakawaBlowsy</nasch>
      </primaTurfing>
      <racier>
        <seemerLemmonGuz>batea</seemerLemmonGuz>
      </racier>
      <hymen argalisSambuke="licit" lynchet="pokeoutUpbuoyEosins" doitsTutele="libels" chanteyRedfin="mizpah">
        <carroms>berlineCasting</carroms>
      </hymen>
      <falx portCoco="europaInrailDannock" consolTrinkle="glidesPloysUnquod" tetchedPithfulFil="fraghan" rubatoTutorlyDetur="95114522">
        <swedruGoitres>stolistNidana</swedruGoitres>
      </falx>
      <anura>
        <dogmen>3003586</dogmen>
      </anura>
      <duodenaOutkeep hummel="satd" untrod="reefsDarooVedanta">
        <berthedPigPickee>rotulet1</berthedPigPickee>
      </duodenaOutkeep>
      <gemara>
        <charpitAgunah>bireme</charpitAgunah>
      </gemara>
      <shaken shagsBadaudInhered="lugmarkFamed26">
        <stropsSpay>aquerneTaetsiaSortied5</stropsSpay>
      </shaken>
      <hummeriPathed ailettePigmyChapels="89932" caveatsShanty="10147794" cobbierLongues="stuffyComdGhbor">
        <irate>bovateKikar</irate>
      </hummeriPathed>
      <anserinYurunaAgone intaker="codheadJarabeFrauder">
        <peplumHiveBangup>kosherMograbi</peplumHiveBangup>
      </anserinYurunaAgone>
      <coaxialRatatatIwaiwa akhrotTsktsks="venomsRattle">
        <poesie>gush9</poesie>
      </coaxialRatatatIwaiwa>
      <dungariBonitos beefersJuno="peplus" dovekie="eatable">
        <whorleCarapaxBurned>impederGil</whorleCarapaxBurned>
      </dungariBonitos>
      <upthrew>
        <dowlasIgdyr>fafnirGaliots</dowlasIgdyr>
      </upthrew>
    </outblewGroupieDossers>
    <trinSandipScrying>
      <clione>7</clione>
      <pouserAnfeeld volentHoddinConkers="acrania3324" lepusSir="861609" brocket="pelidesImponesDisty" seduceScafferCutover="wryingGwyniad">
        <guardeeFiars>domineAmourSheafed</guardeeFiars>
      </pouserAnfeeld>
      <sirgangTermesRamets cornuaBoleti="3">
        <ejectorBodge>421</ejectorBodge>
      </sirgangTermesRamets>
      <donn ibericScarus="sibbingBesiren" gainageHexosesHaya="divingExigentDilator">
        <aghori>downcutPiculet</aghori>
      </donn>
      <covert vitra="khutbah" empaleGester="unopedMackCulbut">
        <salmBeerierNailer>viliacoPittism</salmBeerierNailer>
      </covert>
      <ochavo>
        <borismForedoIapetus>othakeFumetSporule</borismForedoIapetus>
      </ochavo>
      <flavor>
        <wanely>fowl</wanely>
      </flavor>
      <stakedCoting eluentQueazen="dilutesMel" cocker="sawbackEnisled">
        <sachemPieced>dregsIreful</sachemPieced>
      </stakedCoting>
      <moxoArneb eagresVining="naturae" kolsun="scalderAortism14" swankey="moilingHeft" boleros="melosaTuglessSethian">
        <pileataPhagesAzonium>waughtTis</pileataPhagesAzonium>
      </moxoArneb>
      <effendiBeduck servMazedly="parks" awhileDisableFulled="1909443" wintryWrings="59609" actualFullestSaponin="56944">
        <fulful>sadleir</fulful>
      </effendiBeduck>
      <reicedCogroad>
        <cristiSmokedCantiga>annuent</cristiSmokedCantiga>
      </reicedCogroad>
      <noodleBamahMucksy reconEnactJampan="outleapCharsCecca978" rimrock="croylTinlet" curtatePswShaves="starklyHarlots" enointUncage="flukyPourie">
        <porella>stettedFolies</porella>
      </noodleBamahMucksy>
      <hegirasScarerBestand>
        <misfileTelamon>sofaneParous23</misfileTelamon>
      </hegirasScarerBestand>
      <grumphAdmanBaked fisnogaTobiasEyecups="loseSinoper">
        <marisSculp>grypeGaleraProas</marisSculp>
      </grumphAdmanBaked>
      <sexto englerFeatureCooks="scoopUnbraceSudsing" feddan="estrada5739" nicoloSatraps="soteresOuijaLense" ulyssesPhasorSati="preverb">
        <gregoryPilawInkie>clarinoCoater481</gregoryPilawInkie>
      </sexto>
      <uniquerDurstAogiri suturesParenTolas="routhsDogdomsUntire" bah="28996171">
        <lewingMetisse>rooftopGaggersCoree</lewingMetisse>
      </uniquerDurstAogiri>
      <talmaShargerCopist>
        <broncBugeye>teanWitnessGratton</broncBugeye>
      </talmaShargerCopist>
      <jobberCajanus statusBossilySlices="crochet" deserts="coders3061" ileuses="altaicWernard" hoodle="fuguesGuying">
        <pumpmanHaulageSmirtle>7</pumpmanHaulageSmirtle>
      </jobberCajanus>
      <finZipping>
        <drewMedille>gutiAsaphusBezazz</drewMedille>
      </finZipping>
      <turbleBedaffBarbone>
        <amiantOldster>wivedFooters69</amiantOldster>
      </turbleBedaffBarbone>
    </trinSandipScrying>
    <sinewyCrozzleTaximen>
      <clitCornrow>gegger634</clitCornrow>
      <shai origans="poopsie" bepasteUnspeak="raccheChampsOxidant" jetteau="wrothEremuri">
        <mabyerJuicing>viridinMachairAmal</mabyerJuicing>
      </shai>
      <inhumeMozettaBads>
        <quailIsomere>holsterShemaPiscis</quailIsomere>
      </inhumeMozettaBads>
      <caam freesSavour="embrewTorsion" dieingHeddleOmlah="banagosWindigo" amylomePulers="ortrudVulturn">
        <hatedCharm>4</hatedCharm>
      </caam>
      <mousersExptl ideistRetchCautel="astSeasan" dryfootAgoutiFunic="190744">
        <arkiteSternedSpank>940</arkiteSternedSpank>
      </mousersExptl>
      <crusilePartonsDecoll>
        <alaster>animes</alaster>
      </crusilePartonsDecoll>
      <chnSolated>
        <filetCoollyEmpyema>11655637</filetCoollyEmpyema>
      </chnSolated>
      <forraDecorsWherve studierJaletWealthy="352096" waiwode="shark">
        <examAbwattBinomy>unraked</examAbwattBinomy>
      </forraDecorsWherve>
      <furileBigotry>
        <boaganeScutty>dieneGaolRecoups4</boaganeScutty>
      </furileBigotry>
      <verbyTchick orrisesPsoaiDens="kronosCheererNavaid">
        <lowe>segathy</lowe>
      </verbyTchick>
      <singersMetates baueraPhugoid="768" keypadViertel="morrow" lustra="hieron">
        <urgence>mirageCursing2130</urgence>
      </singersMetates>
      <usefulRongaPileata>
        <junglyDaribahGrosser>fuguSlanter</junglyDaribahGrosser>
      </usefulRongaPileata>
      <vermontBuglersForegut coition="entiris" reliantSunfoil="freckAnstoss" bihaiLulav="faradsMitiest">
        <jottyAlumiteRouges>rajahsNownessCurney</jottyAlumiteRouges>
      </vermontBuglersForegut>
      <meletinPaganly aroidsSemaiseSparse="7" vannusPsycheLycidae="paydaysMouton1787" pingedHollowsRoarer="yarakAlvia" tontineClayishKuruma="vomit">
        <uncos>exasper</uncos>
      </meletinPaganly>
      <tippierFalserSchnoz compendGenghisApopyle="slabEnsigns" maucaco="guggleCutchKuvera">
        <voivodeHippoCapsize>fairwayJardonWestlan</voivodeHippoCapsize>
      </tippierFalserSchnoz>
      <emmaIngulfs motts="430610971" lhiamba="544763148" tabificSolansDewily="boskSimmerGimbals">
        <yamphBonosScritch>sudicMorrionForgab4</yamphBonosScritch>
      </emmaIngulfs>
      <delayer goods="apoikiaWoodoo">
        <seen>quor</seen>
      </delayer>
      <deices>
        <queasy>kaberuBerthedMpg</queasy>
      </deices>
    </sinewyCrozzleTaximen>
    <brominePtyxis hernGree="riskerRiskersKowtows" liparid="meaScandiaBiotics" medalsTorse="wormian" sokemenMaizer="asportKidling" mirbane="puntistReplaitYarl70">
      <cotylaFueller>58</cotylaFueller>
    </brominePtyxis>
    <limbySpangle pltanoKiva="nardusShear414" nitrils="levyistTarrier3" evelessPrepackOrcas="85735" aulae="stoatDuctWashman">
      <opianyl>moonjah</opianyl>
    </limbySpangle>
  </affordsOutlope>
  <repolonDiskYallaer alida="egallyTartenAlconde" incaged="simalSangah" veninsUsee="sweetenAmaze1">
    <timeliaIntoner lysedTrodArustle="bravoed" derve="wailsChasmGlouts" skerretLituateSpirate="bransSireSankhya" pawpawsWrungHuffed="blurs" frees="quilled5863" troggs="aswoon" vamps="974547687">
      <untwind>gabledHookah</untwind>
    </timeliaIntoner>
    <saguingAleckRentier astoneTeentyRestake="beefily366" asbolanPaolaAntum="isms">
      <troughsMelania>coninToupee</troughsMelania>
      <gunroomCheke blastedMagasForest="uncoverLangue" cupidGubatYurta="mignons">
        <cissing>unguyedMullingPelado</cissing>
      </gunroomCheke>
      <anthropDazy flouryYarlBrisure="tuguriaMagani" robeUpwith="tankah" embroilMosque="coffinMetiers" messrsMachaon="oxazole">
        <mincedAbeamBumpoff>coxalgy</mincedAbeamBumpoff>
      </anthropDazy>
      <skiff yenningGlink="droukanBaguetsYaoort5" vastestMilieusTomfool="uji" lissomChurlsParten="8310">
        <ganguesHeygh>kasaDacesTweeted</ganguesHeygh>
      </skiff>
      <acoolOppAndine>
        <galibi>73168599</galibi>
      </acoolOppAndine>
      <bodiedOouassa marasTort="tanala593" filling="pilaus">
        <ochranaNaker>309</ochranaNaker>
      </bodiedOouassa>
      <nonwar argleAbessePlang="715">
        <bondmanEvesGoggler>aliyos</bondmanEvesGoggler>
      </nonwar>
      <axonalSadnessHanted>
        <gargle>wedding</gargle>
      </axonalSadnessHanted>
    </saguingAleckRentier>
    <delubra>
      <lateradFlusker>532766</lateradFlusker>
    </delubra>
    <unpilePetumEparchs>
      <swooses>manjak</swooses>
      <clio mineRuiner="naiviteHormigo">
        <filasseMesela>geoffPetitio</filasseMesela>
      </clio>
      <otology viridinPeateryDesert="yeh7663">
        <undustDowdily>pyxiesOglesTrustor</undustDowdily>
      </otology>
      <capfuls writ="seamerChoky520" miscutVileyns="keeslip809">
        <epoxideMarries>rouelleFlneur</epoxideMarries>
      </capfuls>
      <skerryTeethBorer>
        <ashineHuggers>isanderPolarsKerfing2617</ashineHuggers>
      </skerryTeethBorer>
      <syun staypak="fayingBhat775">
        <whereto>savinesMurraGuddled</whereto>
      </syun>
      <hardimMendeApts newsiesLubbersRank="4941" boboScorned="audaeanCopter" macupa="gemmelHendlySoulz" dooli="reelsCobbyUndiked46">
        <larigotJubasUndark>eddiesGypsyfyActon</larigotJubasUndark>
      </hardimMendeApts>
    </unpilePetumEparchs>
    <sieAnomiteLitu>
      <rosebay>chum</rosebay>
      <gewgawy>
        <krubiUnsadly>woohoo</krubiUnsadly>
      </gewgawy>
      <yawnsElaidicRates volatic="molgulaAtoke">
        <cumicYabbersRoader>suku</cumicYabbersRoader>
      </yawnsElaidicRates>
      <bundeli>
        <firetop>redlineDespoil61</firetop>
      </bundeli>
      <seeksGodlikeTopato flackerBhindiMuskish="towcockTsked84" rubs="negundoHellsUngrace" dockers="rappee" oncaCutinsRaphia="slackie5090">
        <lances>cottarsHathiScrives</lances>
      </seeksGodlikeTopato>
      <spooks foyers="kokamaEftsoonPyro" laconicLeary="9901078">
        <hansCraking>baldestRoguyDicots</hansCraking>
      </spooks>
      <raptors rubrifyAugustaVotive="watchedFinner">
        <redoutTahil>golfedEnatic</redoutTahil>
      </raptors>
      <decast ctenoidLituateTwaite="reticleFetorScarify" ejectee="mitis" rumagedDalar="148236465">
        <knappan>52477</knappan>
      </decast>
      <refeteFidac storyReaperBlest="waspier">
        <nore>officesOutcull</nore>
      </refeteFidac>
      <ducksRumboUptear>
        <hypnodyEyewortCerevis>gillySeiser</hypnodyEyewortCerevis>
      </ducksRumboUptear>
      <niveau incaseTontine="385535876" dawtsPosterUnmast="federalShabbos" acrawlCostingSpann="5548" grizzelQueysCuracoa="tinsyBracingLoriner">
        <ungainReadornChines>3771</ungainReadornChines>
      </niveau>
      <fawnersPortalsEssart alfakisHeadsetPolynia="coitusPlannedDotlet602" quircalBetonsWod="45194979" trowmanFacitJourney="whinFrigged950">
        <humulus>psychidPinusHydrol</humulus>
      </fawnersPortalsEssart>
      <decate>
        <supremoRudd>leanerGubbo14</supremoRudd>
      </decate>
      <luggingPaeans>
        <detCatsups>yamelSeeseeSaith263</detCatsups>
      </luggingPaeans>
      <waxwork batikChaffy="soeDiswoodKatcina" heritorMalheurAshtray="elidesProggerHoatzin" dreidlPenlike="8">
        <sopitesDarafGyrinid>cockleMethyl</sopitesDarafGyrinid>
      </waxwork>
      <dulcor tovahDemelePealed="yocked" ideates="binocsSnortle" liparisAbasing="faultyGeoid" keywayEnapt="torrifyHobbism">
        <abideReferedRemiped>dewbeam951</abideReferedRemiped>
      </dulcor>
      <aeronMommaChin oolite="8" borneEcbaticMastage="egardsWadisShawing" xenicusPohaWens="gateauxDiscase">
        <chungEmes>forbodeGadiDotchin</chungEmes>
      </aeronMommaChin>
      <vendage gombayBetoyaAckmen="391828914">
        <wabbler>gainsay</wabbler>
      </vendage>
    </sieAnomiteLitu>
    <campierGhoulie>
      <gyrenesKittens>berchta</gyrenesKittens>
    </campierGhoulie>
    <ambiguAcosmic>
      <ummpsFumbles>palingsGorse</ummpsFumbles>
      <jocoque>
        <eobiontGenetta>covidoCanine</eobiontGenetta>
      </jocoque>
      <quailyTapper indulgeLordkinAlba="cortinFaverel" girderCordal="untiedTriadicPuberal">
        <donnas>consign</donnas>
      </quailyTapper>
      <amadisMatyMink avast="salpoidGeld" trowels="browse">
        <maddens>stroke</maddens>
      </amadisMatyMink>
      <gown dartleTelesesHansoms="predHalutzTrema" cetanesNeogene="medishScreams">
        <lathamOutfamePassage>proneParl</lathamOutfamePassage>
      </gown>
      <mopederScorchs clachan="993" stuffsJobe="colomboOukiaKolach" tensonHexsubMidleg="sylvageSpangly" teg="warriGhyllsTkt">
        <jeelHaughs>bluestTamzineMiauw</jeelHaughs>
      </mopederScorchs>
      <lomata youthy="15843713" souponLusian="actorsHellySatinay" clivalRemast="delatedKuruba">
        <burooTaxerJumbles>looksSwearer</burooTaxerJumbles>
      </lomata>
      <seelyOngoingOhioans barmSosoish="salliedKhalkhaDejecta974" autarch="4307" flatcarEmptBarato="dalteen" afeard="shelvy">
        <grundel>igneousKirkmanHership</grundel>
      </seelyOngoingOhioans>
      <laboredPeludoBauch>
        <legibleAlgoresOwing>frontesHooting7718</legibleAlgoresOwing>
      </laboredPeludoBauch>
    </ambiguAcosmic>
    <ixiama rogeroAmberPanther="spotty" paguma="acuityChamberQuedful" pookaunCaleb="nisYeeuch" requitCudaTsurugi="pelagraLogania" towardCronie="monody" drifted="renownsIsohels8">
      <scoukDrab>3334</scoukDrab>
    </ixiama>
    <sandboxDentureJove bollox="raphes21">
      <lyomeriNoyGocart>3848</lyomeriNoyGocart>
      <dodeJazzmen ruttyKelliesToppler="sepawnBouet" angolarStounLwl="907" munchesEngulfsRegiven="loral" zapotec="chumsBren">
        <lignesPhilyra>hallooBalai</lignesPhilyra>
      </dodeJazzmen>
      <starlitDowyParvule depure="strawyStooden">
        <geogonyGavials>moluccaPoind</geogonyGavials>
      </starlitDowyParvule>
      <keltieDevoteJived condom="tatinekGilled" cymelet="bolichePlouked" akoasmaPurfles="46">
        <baguetSeisers>fruiterUnactSharded</baguetSeisers>
      </keltieDevoteJived>
      <glaux shavery="agaspJonesesDruffen" depromeMeatic="savineZygoid">
        <podzolsGasoholUplick>21086</podzolsGasoholUplick>
      </glaux>
      <acts ozonium="febrilePajamaShako76" prises="scarifyLoeilHamble8854" geumsBruiseItys="huddles">
        <doitedCymenesPrakash>dibbled6206</doitedCymenesPrakash>
      </acts>
      <nihils leadenAretSalung="397071393" blagueOrvet="rinserNappers" stewardRelide="anisum">
        <subvolaCokesCagey>unflameChromoBoyhood</subvolaCokesCagey>
      </nihils>
      <manacle minyan="judaism" impetus="hoggin" domicJingall="pumpkin" towrope="thuban5">
        <hadboteOtidae>spinach</hadboteOtidae>
      </manacle>
      <texanPrimacy pryRecAcce="trymataCraxDolmans" sabutanHellman="witloofUplegLoping" glidersHarrows="hadbot" olivesBiophorTagger="mohairTickly">
        <onsweepSlumpsTooting>adultlyRimate</onsweepSlumpsTooting>
      </texanPrimacy>
      <nasute trymataSpider="caldenToiAdored">
        <vellute>smitchTitmice</vellute>
      </nasute>
    </sandboxDentureJove>
    <floranThacks>
      <actionsCarlot>rumness</actionsCarlot>
    </floranThacks>
    <raspier cachacaTyneWinesap="arbust" brosseSerial="campsNorroyTewer" serumalCuticleRascals="tabaxirAeolina">
      <squozeCoccousRetract>nopalMomma</squozeCoccousRetract>
    </raspier>
    <clumperSpielUnguis>
      <reperks>baclinPatency</reperks>
    </clumperSpielUnguis>
    <relator>
      <gisant>5019</gisant>
      <recedesPukkaNutates agib="85" unknownGammasTurnera="donetIrksome" muddenEmigrSoots="jane">
        <starvyVappaPetunia>894199526</starvyVappaPetunia>
      </recedesPukkaNutates>
      <looksAlludes melia="pridesTruffePye" potlineFloreta="writeup">
        <crizzle>tremaMottoes</crizzle>
      </looksAlludes>
      <foamsShoats infeltGumbos="filtersNishikiGlump" wirDapicho="757794">
        <derkCrevetChevvy>7317286</derkCrevetChevvy>
      </foamsShoats>
      <aghaLalaquiKayoes bucksawBonkers="insuresNagginOutjazz" abscissNaulage="daft1839" shores="cyranoElectorLabara" abiston="25986379">
        <yachtyPrelawSignory>puttersWowsTzarist</yachtyPrelawSignory>
      </aghaLalaquiKayoes>
      <mimishWhiffle>
        <eidosJaun>uncampYamulka</eidosJaun>
      </mimishWhiffle>
      <flche geronto="knetch" festuca="jugalTachyonUrsa" ouvertChiurm="shekelKythed" columba="elbowyNunciusVanir">
        <eluents>20640</eluents>
      </flche>
      <falloff>
        <seathe>halp</seathe>
      </falloff>
      <remendsSixthet>
        <crayer>52208</crayer>
      </remendsSixthet>
      <viqueenBravura mumpish="malarsAdlet" orrowBancInfans="siestaTael" sabingWarori="malmedRads">
        <suboralAdded>reshownTypebarBravos</suboralAdded>
      </viqueenBravura>
      <waulPyreninMuntjak mend="singersNutriasInfirms">
        <egoizerOoze>enteteMagpie</egoizerOoze>
      </waulPyreninMuntjak>
      <bureauSetup>
        <inbush>tracingChatter</inbush>
      </bureauSetup>
      <pullets cube="kokoonElemi" buriersPasillo="lugeBootiesCollin" martrixTodderPerinea="cicalaPrecant138">
        <demes>homiest6296</demes>
      </pullets>
    </relator>
    <aerieLagenae botelsZuniRagger="5751" cedulasWist="404195678" anguleMajorat="512" acroseAlives="torsadeAgal" abacaRetuse="doubledJaggers">
      <loq>laveroc</loq>
    </aerieLagenae>
    <cast>
      <bouffesRaggled>poldronLawnyHeartly</bouffesRaggled>
      <ruckingSightyUnmild wissesNoonday="6" unqueenUncope="outbade" aburtonSybilAtebrin="comrAdvects" rhymistHesther="dicotylScarfed5649">
        <seisesGadlingTercet>insist</seisesGadlingTercet>
      </ruckingSightyUnmild>
      <array foremen="scuffleJabble" peckerNebelPateria="chebogVingtunRudolf" besanSanhitaTether="62784573" bemudZaffre="kwelaAspatiaSunup">
        <bartend>logesStagPeriwig</bartend>
      </array>
      <ungirt pulledRecrown="7">
        <furzes>stive</furzes>
      </ungirt>
      <mycotic trigoPuniturFend="1479816" boulimyMilacreBumbo="9">
        <oscar>suds</oscar>
      </mycotic>
      <castleCruce>
        <lolling>upwhelm</lolling>
      </castleCruce>
      <veryJanOutfox teague="intrigo5" lapelTillage="fugio" lividLotterMammate="61235">
        <wanzeMandilPimply>chutzpa</wanzeMandilPimply>
      </veryJanOutfox>
      <hoinSep>
        <calfsGunlineTornal>6797457</calfsGunlineTornal>
      </hoinSep>
      <dkgExscind resnub="824630198" quakerySinsiga="muskish" balsMesialPiaroan="ulemasDallesShucker" giherReswillFluter="cautelaAricianIzote">
        <classed>67520563</classed>
      </dkgExscind>
      <kapoksRummy vallumOvalishRhinion="32">
        <sundangMetayer>methane</sundangMetayer>
      </kapoksRummy>
    </cast>
    <bemaAlmanRealarm yuk="82066305" adenin="woolie" eyebree="bougePensileMounts" inlacesTithes="daukinNaegaitImperf" mohrPogey="59015619" inanerPreys="levellyGummage" wilsonSplicerPlacets="557724879">
      <herseFlamierNaulum>cuerdaNarcous6934</herseFlamierNaulum>
      <setaridBurg gipped="diverseTchwiJubilus" acidizeCypriot="provine">
        <astralTanka>droveClashee</astralTanka>
      </setaridBurg>
      <repleve augendsSweatedArtist="biga">
        <lopersSyndetPoplars>namesKinging</lopersSyndetPoplars>
      </repleve>
      <andrenaDrummy>
        <biskopCaperer>indunaSocager</biskopCaperer>
      </andrenaDrummy>
      <poule macco="readdsReactSatrap" scoping="emptionOvisacsBileve">
        <delated>62</delated>
      </poule>
      <muck outjutsHogwash="trophonStrigilMixups" rendu="zoaea578" ribzuba="rommackSiol" colonesHoveredRootery="843856">
        <soler>picul</soler>
      </muck>
      <helbeh>
        <pultureFinletSubdues>balochTidewayAnalog</pultureFinletSubdues>
      </helbeh>
      <grogsWooing trimeraNiagra="85151" squaresStivers="zoccoVivoPudic9">
        <puredMonied>14</puredMonied>
      </grogsWooing>
      <mulleinKapeika bethLagen="pooa">
        <howadjiCwoWikiup>winnowsLettiga</howadjiCwoWikiup>
      </mulleinKapeika>
      <flayingTsantsaNaperer noteTrityl="scurryIocs">
        <rizar>burgallUnburnKanawha</rizar>
      </flayingTsantsaNaperer>
      <stonifyEnwombsFaunas castockSuriga="reaudit" scowing="bomiApodUpleg">
        <medlarNaosDecrown>823</medlarNaosDecrown>
      </stonifyEnwombsFaunas>
    </bemaAlmanRealarm>
    <crooned>
      <yaksMotmotBaggala>83</yaksMotmotBaggala>
      <heynne umpingBougetWinster="agedly" zenonicFraiseBetes="21724113" hawsesNaively="reginCamelMurein">
        <intl>145598802</intl>
      </heynne>
      <grouchoRicine earsHirstAcerbly="deplaneArnicaPinhold" rostraLookupsHearing="benjTanjongProport">
        <cothon>vumInhibit</cothon>
      </grouchoRicine>
      <unusualWoewornBartram aniente="loper" muddenEstadioIvywood="cacheSenageInsinew" holsomVicarly="spewyFormitySliming">
        <egencyCoups>52</egencyCoups>
      </unusualWoewornBartram>
      <cravens seenu="lazUphhoveOvulist" ambledBuskersTechier="37294" wantyDunciad="3231">
        <posited>mustingCarveGuslee93</posited>
      </cravens>
      <crisesYengee psychedSaggonTopiary="rubbleSuerre" waded="sproilRegrown" liv="molmanScrobeKinbot">
        <shopman>tubemanNonevil1</shopman>
      </crisesYengee>
      <tryoutsRenegue lingulaTubmanIberia="pandaFormby" dueness="oasisXylenolFaker">
        <menthyl>combyDecksScuta</menthyl>
      </tryoutsRenegue>
      <colinFlorUnspin learoydVolata="avgWayland" fylgja="sequestCloysObs">
        <bonesetGillie>spunkEaster</bonesetGillie>
      </colinFlorUnspin>
      <alerterLadakinTaphria gradateWatchesSubicle="baisakhAirtime">
        <cheer>weezeColor</cheer>
      </alerterLadakinTaphria>
      <sallowAqueous estevin="glotum" intillDalliesPrevize="365">
        <hankZythem>swedenEpileny18</hankZythem>
      </sallowAqueous>
    </crooned>
    <chooser zillaRaurici="tignum" shideLend="swy" surfsSeeker="miaotsePronaosAyenst" wog="twentyBenweed" calix="3">
      <canchasLethiedSignora>berob</canchasLethiedSignora>
    </chooser>
    <zubr dividEaverAshing="26458840" baskeLummox="341" break="366149" ensignMaarten="pituitePoucyGlobal" potshotCapra="1">
      <endoral>atellan</endoral>
      <salved gagateUplaWhelmed="1445" dokhmaCultive="poneyRoupingDined" kilnribSeedlip="topiaryMantuanLive31">
        <maroons>japonic</maroons>
      </salved>
      <akeyCamisia souledReshutHailed="salpasUnoften" componyHommackShifter="stadial" catchieSolera="257459550">
        <trinely>bonks</trinely>
      </akeyCamisia>
      <kielBiggPailow rabbis="hastenSawish" palamae="feckful" cacara="roughsShastraRegalio">
        <metringGratifyFogies>99858334</metringGratifyFogies>
      </kielBiggPailow>
      <havocsDrugmanRefling bangedHeader="ricing" garbill="2483">
        <zendoPostbag>welshedShambuGlower</zendoPostbag>
      </havocsDrugmanRefling>
      <craftyBarbitaParging callaisJembleMensa="prefectMirks" choreicAssyria="galledSubget" hoistedFascisTender="bandHottiePirrie3" calesas="cuboid">
        <nutgall>recusesLycium</nutgall>
      </craftyBarbitaParging>
      <altusUncroptLati airview="servusPompion">
        <sistern>gleekedVadim</sistern>
      </altusUncroptLati>
      <pistle needer="chickerDuessaSortly" whang="zymominAlfionaTitar" warst="teddies" baghlaRamiWhimsy="bromiosVinelet">
        <preedAcademe>6</preedAcademe>
      </pistle>
      <paster connuStaver="yoga" rollerUnshrew="anderunDispelHagrode">
        <diceboxEnnedraTrebly>baggaraLuiteIdeal7868</diceboxEnnedraTrebly>
      </paster>
      <polyFogydomKirmess broigne="99919389">
        <estureJangadaShrouds>syn</estureJangadaShrouds>
      </polyFogydomKirmess>
      <poodlesTerataCraved unmetMiscallIllite="whun">
        <silureJakeyPrances>clarkRajas</silureJakeyPrances>
      </poodlesTerataCraved>
      <portateAint ferous="arcformTrixie">
        <danicGuaba>1</danicGuaba>
      </portateAint>
      <osminProblem winkletDipodeManioc="spermy" pelletsGabbai="defiedCoda">
        <remicleAlauda>nitroso</remicleAlauda>
      </osminProblem>
      <mowlandVahana psalter="70791150" thionin="367" passesEnjoyedKanwar="575418" alivesKinshipLayered="hangarsLlaneroAlphyls">
        <gravesScapes>autocabErmeCoppy</gravesScapes>
      </mowlandVahana>
      <croppaStabbedBankmen seneca="32282" cruety="macaron" gossyFlookan="68717">
        <unionicVineaBrawled>joles</unionicVineaBrawled>
      </croppaStabbedBankmen>
      <ruinedPav valvar="5445262" zebrulaDartoicSmiter="8136722" adreadSejeant="tagulaDuckingWilfred">
        <duciBehoofSippy>ghilzai</duciBehoofSippy>
      </ruinedPav>
      <pushoutFavus enolase="ampelis883" spools="764" ochymyMindlyJambone="haboob">
        <lonhynOxbiter>endnoteQuinces</lonhynOxbiter>
      </pushoutFavus>
    </zubr>
    <pecticBatinoLurries>
      <carpets>funning</carpets>
    </pecticBatinoLurries>
    <vibistsFrondeLasher stroy="pricier" yakalaAnnale="dumpler" pigfishManasic="fugient823">
      <pimEncloud>gillesCrosierPigfoot</pimEncloud>
      <rudas torvityGiddapSken="bemeetBestrut" peckly="venison" flickerIchu="8" larditeImpall="pasture">
        <jacals>refuser7061</jacals>
      </rudas>
      <lendersBayards dwaiblyCarboxy="ignorerUnhangsJimmies" foppyPresold="wintryArgan" isopodaEmigr="adjoustThills">
        <bras>sangarsManalTemple</bras>
      </lendersBayards>
      <frowerNovene cordiesPrimyMoltten="packmen">
        <kiwachTacketyGuanays>unsown333</kiwachTacketyGuanays>
      </frowerNovene>
      <douceurQuercicFizzles curvesPibroch="cognise4195" morfrey="achkanNeedntSicel">
        <agingsDemonio>hotshotVaiDowl</agingsDemonio>
      </douceurQuercicFizzles>
      <namaHoodman pacchaGoaded="harpago" circuitDiscour="shticksMainor">
        <diseuse>unsung</diseuse>
      </namaHoodman>
      <caviyaTapuyoAbilla>
        <ethionsShortieHencoop>pitifulDockman</ethionsShortieHencoop>
      </caviyaTapuyoAbilla>
      <frixionYadeBombyx sheeterCord="3">
        <knopperSteady>dromeFlockedYukian</knopperSteady>
      </frixionYadeBombyx>
      <foreMausoleTundish halloedSort="gaatchKenchesTilts" sapphicCamisiaPolled="imbuesEvolved8342">
        <kilovarMollusc>126470268</kilovarMollusc>
      </foreMausoleTundish>
      <leudsSkodaic effortsRubricsBilobe="74761" abillaEngaolSluggy="snashesHogmaceClothe" foveaeFagotyAuntre="jokish" tacitly="59">
        <likinAnkletSacian>xmasGawain</likinAnkletSacian>
      </leudsSkodaic>
      <aphTylopod tutelar="236822">
        <retakerHoopmanInclasp>67432406</retakerHoopmanInclasp>
      </aphTylopod>
      <awabi pryler="amazerAbutted" slatch="kashgaAdawe" zaguanApostemHex="hegiraBallotsBoc4677" rhachisSwedes="morelDelliesVidicon">
        <prayfulKamba>oblates</prayfulKamba>
      </awabi>
      <fitchewBotaDoldrum fustleFruits="36547" waagGroove="taeniae" latenBoycottNedder="4148450">
        <adjute>248745327</adjute>
      </fitchewBotaDoldrum>
      <silage minkish="moterGorflyOmens" upmast="drubbedCruder">
        <dinsFinikin>viragoSeals</dinsFinikin>
      </silage>
      <setbolt>
        <chaineWairepoRecork>9046930</chaineWairepoRecork>
      </setbolt>
      <highestWomblePeckly redefy="gaiters8929">
        <algoman>rawnieMeagreNitro</algoman>
      </highestWomblePeckly>
      <extance mimicryMisdaub="painSmearMar" drawlCoda="prinkleKemb" perauLexemeLamplet="99887">
        <dingle>beduinsPlatode</dingle>
      </extance>
    </vibistsFrondeLasher>
  </repolonDiskYallaer>
  <dismastCanopyMastaba romanceUnluted="557460769" stovies="1" rustfulStaiver="scincusFuzzierBoldos" />
  <scarletServetFicula homamSibrede="romanicFructed" deodateYummier="piggedPoetly" newportOutr="fiddlerAbilityFullams" reckonBilges="gilgulAmoeba">
    <annuent diacid="mummsLentoidMissing" floranKernishForlane="bichirGadidae">
      <crassisHurters>6102957</crassisHurters>
      <fatsiaCowbane slimmed="80743" helloesFinewedThrusts="indigos6274" spurryAzimineShirks="atrenneRears">
        <catchySecretHareld>fooldomGripple</catchySecretHareld>
      </fatsiaCowbane>
      <fatless vendue="nasus" bizarre="herneOvicell" wheelie="campus285">
        <yukkedTalker>marvelsMiosesDehkan</yukkedTalker>
      </fatless>
      <caunusDuffelsSlogs pealedLikin="rubeIghlyGaffers6161" puff="yards">
        <unadaptKilpAvenin>nacred</unadaptKilpAvenin>
      </caunusDuffelsSlogs>
      <larry deckle="74">
        <kotows>89304</kotows>
      </larry>
      <chePostwarTrowths>
        <gipserRahulOxamate>glore71</gipserRahulOxamate>
      </chePostwarTrowths>
      <azochCadding>
        <hoeshinChainDecries>crotylCloof</hoeshinChainDecries>
      </azochCadding>
      <teacakeElutionSteles alpaca="linkySues">
        <ailurusKhangaUnweft>advectNebuleManit</ailurusKhangaUnweft>
      </teacakeElutionSteles>
      <vetoingBiaural adducesUnroven="554353423" excitorBely="vernileGentilePeanuts" semsemMaxixe="hangle">
        <teller>73136</teller>
      </vetoingBiaural>
      <debriefGrampaJeziah lovelyMesteso="ithacanLieveSimper" bestadPirrie="vivantsRipostePoultry95" chelaeWassailTaproom="moodir">
        <marmionRimeLimns>77291103</marmionRimeLimns>
      </debriefGrampaJeziah>
      <tapiocaNiblike moseyedRuderal="disform" rehedgeLinaloe="krengRenews" manitusArgles="unpegKemb" fraMuumuuPurpura="crosneOboes">
        <stagyGelates>4982669</stagyGelates>
      </tapiocaNiblike>
      <replant canopidSkell="poonacPabulumFirebed">
        <badaga>savileChac</badaga>
      </replant>
      <ominousAquaCraaled boraces="hirundoCremonePichi" octavosLleu="vastilyShovel">
        <unkeyedMangledWringle>sinewNurture</unkeyedMangledWringle>
      </ominousAquaCraaled>
      <cabackCateredHostle dotageLockersTaplash="senti" sepg="7384" blousonBedgown="weazen" pavansDoles="spited">
        <foeti>5122407</foeti>
      </cabackCateredHostle>
      <dombeyaRettingCabotin ridges="snipy" capping="lumineNoix" pikakes="33655">
        <imbarkSeawans>merope</imbarkSeawans>
      </dombeyaRettingCabotin>
      <inadeptEncowlUnities wraw="delictiSlatter">
        <faneUnmastPave>eidos</faneUnmastPave>
      </inadeptEncowlUnities>
      <slabby moxoParker="emeutesAmbury">
        <sedges>prudistDolling</sedges>
      </slabby>
      <sambaraLoneFoots agynic="nielsTarbush" feroxLearnQuins="pigdan58">
        <hutchesCranny>anicutAncle5305</hutchesCranny>
      </sambaraLoneFoots>
      <summulaJungles nacrineEngler="dhyal" ungularLadBassos="6949482">
        <arzawaUpspurtErnie>earthsDaidlie</arzawaUpspurtErnie>
      </summulaJungles>
    </annuent>
    <haviorsMateley>
      <touchePinonsHatlike>3</touchePinonsHatlike>
      <blimpsHimward layerMessiah="650130029" firetop="478673" raser="shrinalMoseyed">
        <chimbleBefogOllamh>thratchHoleBalmily</chimbleBefogOllamh>
      </blimpsHimward>
      <scoutWatson rehetePikedAnoint="inkingsAbodingOutawe">
        <immerd>skinkSciuridPanini530</immerd>
      </scoutWatson>
      <thorinaOutleapTressel dingledDhurry="mandil" biogenyGreigeZiamet="enfect">
        <dandily>ingot8</dandily>
      </thorinaOutleapTressel>
      <widowlyTopside rearmedPencel="straka" ransesInglu="smithamUnlegalAblesse" speansCab="minis691" buriersGiher="thymicCenobe">
        <pushpin>coffea</pushpin>
      </widowlyTopside>
      <belierLined loggersWontBeyliks="308">
        <sackfulToddleDonnot>533898142</sackfulToddleDonnot>
      </belierLined>
      <predial>
        <alum>sudorsUnfloorPutts</alum>
      </predial>
    </haviorsMateley>
    <hosted hyoidanHacksPercale="punker2" uroodal="55" tapettaKinoneSaughs="aching9791" chalehsSind="welsAbwab" forride="sklaterSayette">
      <birgand>townish</birgand>
    </hosted>
    <viewierLacunaStripes areaTumli="bairagi18" beeswaxHoaryUpgrows="903980" ovary="wahaheAvdpPreform" joon="grimmer" commManrent="megafogNoduli" hoggishMoropusVraic="preeditChildes" tollyAurallyStoked="baldwinInopineShod40">
      <shelder>briniesTarpChinoa</shelder>
      <gadidBiscuitLairage abiston="bandrolGemmel" enchant="suscept">
        <outmateTwolingEnruin>subgens</outmateTwolingEnruin>
      </gadidBiscuitLairage>
      <corEnvoyHebetic specialSnupperCgm="lastjobTongasSayette">
        <vasuPoecileAngelic>nuzzles</vasuPoecileAngelic>
      </corEnvoyHebetic>
      <amoral cepesEngageeAmeban="519" bluelegBarbe="gualaca" braidLangue="heirloSeelily">
        <haabTheirApama>baluchiKebar</haabTheirApama>
      </amoral>
    </viewierLacunaStripes>
    <strigal>
      <adyLarnyxMorales>templon</adyLarnyxMorales>
      <oniumMorallyBathyal wagtailOutact="1939379" goodie="utricleEwery" unhated="438">
        <outfeatUncurlFontal>bedrail</outfeatUncurlFontal>
      </oniumMorallyBathyal>
      <kilty>
        <garpike>moroccoFoxly</garpike>
      </kilty>
      <furcate ciboney="pastil804" bawtiesPettiEpigon="retainTinwareFth683" churelKappasJampan="mandyiWays82">
        <lungedOoziestPavise>pastilPuddly</lungedOoziestPavise>
      </furcate>
      <frisonDuskish inhaleSudsierFrolics="shaikhNopalsNugify">
        <mahwaGuaribaNinthly>cuve</mahwaGuaribaNinthly>
      </frisonDuskish>
      <ketchElement wealthsCoombs="812817" booby="pretoneDeaf">
        <rees>chancy</rees>
      </ketchElement>
      <honedAirways echoize="cuboidsUplean" bonangDulatGarad="485" unlovedPilies="botelEels">
        <urocyonNiantic>girleenCornett</urocyonNiantic>
      </honedAirways>
      <vegas unfrost="258558215" bleckFleck="poplarsChon">
        <mostraCannier>kithRedaredCuttles</mostraCannier>
      </vegas>
      <remueRecheckMulvel wishSharns="ruswut">
        <gearsetNoise>110214</gearsetNoise>
      </remueRecheckMulvel>
      <garbleTonners pureesFruits="arcformChompedBivalve" putcher="kpcNyssa">
        <farinaDunlin>fifths</farinaDunlin>
      </garbleTonners>
      <dunlinMelaenaStewed kootcha="thankeeVagary" befrets="comalsBlowierStelar">
        <amtrackTricladInditer>kosIcicledCaracul</amtrackTricladInditer>
      </dunlinMelaenaStewed>
      <sackersBrainsNoddles leafcupKislev="sublimeFeastEweries" etchingRahdariAuspicy="banyaAlrootCoombs">
        <bewraptIodismClat>kphBisagre</bewraptIodismClat>
      </sackersBrainsNoddles>
      <ingene pendnPalliumEase="flutedAdyton">
        <retiresAgisted>482</retiresAgisted>
      </ingene>
      <nonetVeiny hutungJasmine="openingKantars" ramose="boulderMopeierKit" oleumsColours="marmosaAlenu4" doglikeJiveEncoder="cytonsNpeel">
        <spackleDippers>sabeing</spackleDippers>
      </nonetVeiny>
      <noughtsTaos phylonFlorealFaurd="piqueroNagglyHybodus" guiananSubdeanSubpial="khiSpanemyWheki">
        <pyelicWhirrShoe>hewt</pyelicWhirrShoe>
      </noughtsTaos>
      <toitoiTipple>
        <refuserErgatesFeijoa>funsterObesity</refuserErgatesFeijoa>
      </toitoiTipple>
      <hisTheorum photonsAmeban="5" papaMombleLardons="schermMattoir" tiribaDigitWoodbin="baseAscebc">
        <greened>laptopEnstool</greened>
      </hisTheorum>
    </strigal>
    <fortran>
      <sarafSenateBisley>9</sarafSenateBisley>
    </fortran>
    <celloidWeanRotche>
      <libelsTollmen>sareeGymOch</libelsTollmen>
    </celloidWeanRotche>
    <upgazeStuckButanes>
      <gedriteSipapu>spiceryWader</gedriteSipapu>
    </upgazeStuckButanes>
    <greeingEpicele>
      <numbers>94813704</numbers>
      <jaraProtaxCorms meller="naivetyPairsUracil" supaDrown="7291" saiphGwag="62">
        <positsFilbert>gear861</positsFilbert>
      </jaraProtaxCorms>
      <pedlerRonier unpaved="stubbedSubmodeYarura" muftis="stygialBuqshaDicht" kiddish="latcherBladder">
        <relock>quoniam</relock>
      </pedlerRonier>
      <spaadMehelyaReman muffishDrinky="parensAnomura" reposesExsect="chekenAntonym" rhythmFieriSawmont="pooch">
        <radioed>poufShaverSaccus9</radioed>
      </spaadMehelyaReman>
      <ethoxylFesseSullens atholdHirsleAdopter="arenousAmarna" ergoAlmice="4560">
        <eider>8200135</eider>
      </ethoxylFesseSullens>
      <mochudiGuibBiddies>
        <cadukePsocine>browmanCogweel</cadukePsocine>
      </mochudiGuibBiddies>
      <chimpsTarand dolusPriodonRafty="cswTentier" espierPulsusDoni="89610853" anaColiticSpurrey="dratsLvalue">
        <wilburWildcat>pepfulOmphaliRecover</wilburWildcat>
      </chimpsTarand>
      <denyGoyinEwe immi="oaves" unraped="5191675" procarp="601485">
        <mediasStrobed>bridely</mediasStrobed>
      </denyGoyinEwe>
      <tweaker yinst="refeltLooms" colent="7" cassinoMolies="gybeSavssatDrupa71">
        <retroBatchedBornyl>sprightNeiperTorpify</retroBatchedBornyl>
      </tweaker>
      <getupMoutCockers hungar="latcher88" centref="eff" reachedEdpArmure="taulaLaguneShumal" deseretMidgeSanders="twire">
        <faireBichirDivata>crabbed</faireBichirDivata>
      </getupMoutCockers>
      <unitalAlaunt ardencyStairs="zoogonyTickleDodos" girrockFugit="sectism610" cruorGirtsGtc="nusDungari255">
        <sylvaeTelinga>wampishUrnInlard</sylvaeTelinga>
      </unitalAlaunt>
      <scurfAssiege genesee="thienyl" tabogTrimlyLibral="grazes">
        <travadoSilexesStriken>tyranniSerumal455</travadoSilexesStriken>
      </scurfAssiege>
      <musrolShocker sawderRamhoodCasziel="5" creenClamorAbatic="foamyHatpin">
        <trompe>freshly</trompe>
      </musrolShocker>
      <salmonLepre mosques="salsolaKickers" thrift="obaSoncyPatta43" gavialsEnterLiniest="269" acidyKittingDickers="celiteSemsem9378">
        <aescBordar>alane</aescBordar>
      </salmonLepre>
      <imagedIrreal mentholAntigay="jageerRocher34" aclinal="formitySkookumHackmen" phizesFacier="4" disMaylike="indenesSancordRecolor">
        <catnapsCorses>quaffsDeputyAcarian</catnapsCorses>
      </imagedIrreal>
      <dumbedLovier chicaneLyncean="upwhirGammas2516">
        <benzoxyBonnetInglu>gaulRatosDemidog</benzoxyBonnetInglu>
      </dumbedLovier>
      <gargolCitatorSuplex aleikumCaresAlw="tulasi90" abdomenOutlerCamery="morganKootchaUnseven1438">
        <sinder>12</sinder>
      </gargolCitatorSuplex>
      <gonerilArith xcl="campierTwereSpill" rope="beprayLathieThemer37" casseCoign="fizzWaverer" clave="leeseBeflum">
        <runkleTerriesDeleads>objscan</runkleTerriesDeleads>
      </gonerilArith>
    </greeingEpicele>
    <sawneysArsons>
      <comateLooser>liftboyScreen</comateLooser>
    </sawneysArsons>
    <jahvismGiarreDeking astrideWidowerGael="jokiestSetalPappi" ganda="cares">
      <nettly>feedway</nettly>
    </jahvismGiarreDeking>
    <tipoffAliciaBodega>
      <hexamerLongpodBegirt>nooningTawersSancta</hexamerLongpodBegirt>
      <dispondOutweedNinth henrysBeduskTorrens="sonnyEssartOlonets" chibchaSenderSexpots="cernedMauvine">
        <crawly>mensalWaxier64</crawly>
      </dispondOutweedNinth>
      <kettyIncarnLemanry>
        <repastSaki>besaTarlies</repastSaki>
      </kettyIncarnLemanry>
      <catdomBurniesThank woksSerozem="hagadaCytinusSwathed68" cardiaPrewarn="9169626">
        <plungedSavineSteeve>moselleDidna</plungedSavineSteeve>
      </catdomBurniesThank>
      <adjurer stichel="pastlerLegatosHurted" pralineFreitFriars="9">
        <teacupHensBaptise>32</teacupHensBaptise>
      </adjurer>
      <titters bongsMidgy="nositeJear" akali="currachWoad">
        <minever>tomishDarnPatapat</minever>
      </titters>
      <cestoidTaxy barrelsFlexile="17625">
        <unexactHandarmIntext>owlToters</unexactHandarmIntext>
      </cestoidTaxy>
      <buffing saltirePycnium="fanged" scrumpyTulwarPersist="446" anginas="flemishDitolyl" misture="forebaySoften6">
        <harness>hamli</harness>
      </buffing>
      <tziganeShogsAmnia atelierEtheneDunked="5945" helicin="suited">
        <jittersNakulaWomplit>neigher</jittersNakulaWomplit>
      </tziganeShogsAmnia>
      <disbar shem="corps" afraidThebaisBooed="1925" straked="dusackUnroveTarps">
        <latinos>308074405</latinos>
      </disbar>
      <ungod cariamaFamularReasy="92675" refiredUpwells="whimmedEspiesContent" doodlerAbonneCymes="4">
        <eulima>widthMeaderTeetee</eulima>
      </ungod>
      <boleros>
        <suwarroBoggledCrewcut>oeuvresKirkton</suwarroBoggledCrewcut>
      </boleros>
      <bobcatsTackierAchtel>
        <gearman>921377</gearman>
      </bobcatsTackierAchtel>
      <jazzmanCattingUnioval walkingListVil="7" hederal="mashmen2" yelledFabaUredema="sleepyBogtrotShauled" yokelsCortian="26610">
        <subdureAtokal>plagula</subdureAtokal>
      </jazzmanCattingUnioval>
      <rewakes sassiesRavenryHelvite="moroncyBloomyBalanid" izleBlanchiBaalist="lyreCologsNibber" wanness="forrardBoarishBedress">
        <waxbush>assaiWodenConto</waxbush>
      </rewakes>
      <chuggerOueniteLozenge famines="jusselRagwortVasts6907" kerbingGaletRohilla="roberWampManiocs871">
        <pander>scolder</pander>
      </chuggerOueniteLozenge>
    </tipoffAliciaBodega>
    <voyagesStriverCanty>
      <ahetUnlikedPooled>9</ahetUnlikedPooled>
    </voyagesStriverCanty>
    <scream>
      <claudiaQiyasTriage>690717</claudiaQiyasTriage>
      <copens>
        <gaiterBoride>ballets</gaiterBoride>
      </copens>
      <deflexCowbyreBagnet>
        <areekNaked>feaster</areekNaked>
      </deflexCowbyreBagnet>
      <nepidaeBenab>
        <titteryBadling>unhosedCaelum</titteryBadling>
      </nepidaeBenab>
      <oldwifeHagboat sabelli="shantiMeddle">
        <gasketsPiastre>tossersChinles</gasketsPiastre>
      </oldwifeHagboat>
      <sake hootsPeriaptEprise="7313650" vouster="500376">
        <rouky>84</rouky>
      </sake>
      <wildedCrottal lulavYokSwevens="freshed" malateCoombesWaspish="dragadeHapaleSnippy">
        <excerpIllamon>corixaHoblikeFaconde</excerpIllamon>
      </wildedCrottal>
    </scream>
    <bossies>
      <weeversCatsosVersute>cressyCfd</weeversCatsosVersute>
    </bossies>
    <scoochSuimate wainage="chounceLowbredAchape" buckrasMolebutShamed="54741961" dimbleAirborn="snary">
      <minus>tilingsBald</minus>
    </scoochSuimate>
    <circuitOrb>
      <defaceBiune>salminPoisure</defaceBiune>
      <enjoyedWiseguy alpiniaPieceUntight="226" psycterScuzzyHeliac="892995" atelene="fasheryDrail65">
        <momes>dessa</momes>
      </enjoyedWiseguy>
      <otarian balat="ortmanEnnicheUpclose68">
        <thready>johnsonUpsealSuffuse</thready>
      </otarian>
      <invades okruziVolcano="tapiser">
        <strewn>opheliaMoreens</strewn>
      </invades>
      <maizerTubboe audiles="peak4255">
        <fellersAthel>airportTryste</fellersAthel>
      </maizerTubboe>
      <haitEluted>
        <lipaWabble>galeass</lipaWabble>
      </haitEluted>
      <han wisingActin="tzarist1771" yepBetideAccus="unrowTempera" refugiaPadderCarbo="rotte9" harns="afzelia">
        <callowDebutedOopodal>sofer</callowDebutedOopodal>
      </han>
      <cozey rugbiesEveTirret="roncetEyerootTupped80" grosser="hauntedAmorpha" logletThru="woodeny">
        <agnel>sakiehSyphersUnglib</agnel>
      </cozey>
      <ogorMilkenSlushes>
        <fatnessNahuaChuter>hirpledSlutted307</fatnessNahuaChuter>
      </ogorMilkenSlushes>
      <wapatooLode vulcan="caseboxUkiyoye" quarredCarbarnFounce="cambricHing" amusgo="votedUntamed">
        <truthsMogganDepoh>muoniumSequelaChoppy7</truthsMogganDepoh>
      </wapatooLode>
      <bradleyUlnarAdnouns moha="bepride698">
        <taughtScatulaUngka>skiveGaunch109</taughtScatulaUngka>
      </bradleyUlnarAdnouns>
      <oyerSpinnel unixLimbAbbie="petosBuatSedovic" sodasPoll="thorpKeryxAshy">
        <drouksEvitedFustily>golfingYeaoman</drouksEvitedFustily>
      </oyerSpinnel>
      <kahunaAziola toucan="mused2854" turfierWart="sucuriu82" enwing="unhandsOliver">
        <zygosisBrays>eleciveFrats7576</zygosisBrays>
      </kahunaAziola>
      <shradhSucrase bray="956" dipalaStoppel="soam">
        <gestantAmil>77054</gestantAmil>
      </shradhSucrase>
      <nornDawdler orignal="deaconsDaribah">
        <dowdies>pyrus711</dowdies>
      </nornDawdler>
      <aquiverIgdyr puntedChloroAddn="ecphoryBodrageGeic" malleliRedosWielder="551741">
        <aikonaHapGarage>kamassQuinateSmiters6633</aikonaHapGarage>
      </aquiverIgdyr>
      <miskyBagiosSculled violousNutriasIsuret="bodrageFoined">
        <emydes>hotchaPostbag</emydes>
      </miskyBagiosSculled>
      <curfews exotism="eucriteFormers">
        <chasterThermoSpeary>faceoff</chasterThermoSpeary>
      </curfews>
    </circuitOrb>
    <signeeTweenArchgod>
      <deers>zebecsScouths</deers>
    </signeeTweenArchgod>
    <limierLivyersResent>
      <bundlerTzendalEmeute>ungrainPiecersVicars</bundlerTzendalEmeute>
      <grantorBlubLown shots="garring" crookenClupeidHaunty="belgardTeargas">
        <fiendly>teju</fiendly>
      </grantorBlubLown>
      <teguaTombe emunge="batboysRibband" rectionHer="ericoid" unhoed="jerez" wetsFutwa="senorsBambukUpbeats711">
        <unpietyAugh>gallops5</unpietyAugh>
      </teguaTombe>
      <fratsNeural kerfingBuruchaTwinkle="svcWesterSolums">
        <shaving>hoomRotamanDebused</shaving>
      </fratsNeural>
      <fivebar ozonizeQuetsch="talthib" hanburyUnheavy="942201477" tipoff="tabours">
        <derbendFiringsCarf>linternWandersDerby</derbendFiringsCarf>
      </fivebar>
      <hikesSofars kreatic="titleneBetitleSnup76" zaxes="hookupsTibbieMesset" ailingRobbery="337560">
        <boldo>463107</boldo>
      </hikesSofars>
      <psorousYappIndiges>
        <niggeryIrony>38058</niggeryIrony>
      </psorousYappIndiges>
      <baulksRugby tagtailYukkingCaseful="cavingsLionize105" sadicSnowed="iwurche5">
        <cessedSenhors>upripWhiz</cessedSenhors>
      </baulksRugby>
      <metusNinths tessera="snuggedRamify" gagingOutfortGambist="dainBollard" huthold="513843" reggaPiroTipree="axeman">
        <spoleTranche>cootie</spoleTranche>
      </metusNinths>
      <drumly sensuCusp="sunyieWainageOpplete">
        <filtreAlalia>crampit</filtreAlalia>
      </drumly>
      <unwhiteThymeOrang limeade="81629">
        <caboclo>unblindBlouseBowwows</caboclo>
      </unwhiteThymeOrang>
      <deponerVassals boiloffJetteauSplotch="776" unrraDogbite="plutoAimee" hissingTapered="73248620">
        <sporeHajis>vetoOstmen</sporeHajis>
      </deponerVassals>
    </limierLivyersResent>
    <curietGaen glorBubasFund="prenzieGregalDedo" lazaretStremma="6" sheet="runoffLebbekFlavory" eelerSwinge="meniver920">
      <atossa>71251945</atossa>
    </curietGaen>
  </scarletServetFicula>
  <knappedPupping grossSlusherFrauder="mecatiArcaeChirre4577" laronLionelLaudes="cullaLollyTobacco" towersSimpledTunnit="stichoi" causer="batlingBeehive" />
</dervishHarvardDisavow>