<?xml version="1.0"?>
<flacianClots>
  <myriad>
    <ensoberAquila>
      <bustics>waughtsThrawed</bustics>
    </ensoberAquila>
    <glyoxylRaptril>
      <crummedAmyous>ramesesUnken</crummedAmyous>
      <peaviesUlusGnabble ampery="religioVotable" teltMussal="volostProduce" bizesMistimeKudzu="21">
        <slummySundikHoliday>8107</slummySundikHoliday>
      </peaviesUlusGnabble>
      <ignifySpaceWanhope faradic="alkineTarmanHowel" loxodonWallabyDebouch="lodgesVacuousBustled">
        <malmierExciple>inshoeNikauScuba</malmierExciple>
      </ignifySpaceWanhope>
      <umbel cokieKhutbaEnthuse="liarDesandColen" piquingVeskitEcru="snareSwopped">
        <layerTissuOvines>syncarpCottidTinamou</layerTissuOvines>
      </umbel>
      <jassidBeneme semihot="dwelledVibexRepatch4598" dossingToolmen="512" mitier="whapperKhirka700">
        <netherTelergy>sheeterThaws</netherTelergy>
      </jassidBeneme>
      <themataPawpawYente chillOpuses="deponedTheoriaOlam" apialesPlumateArcheol="laughedDvorakLeprose" oam="582846">
        <pineNaled>amyrolTambo</pineNaled>
      </themataPawpawYente>
      <wincesFlay agnosy="unstarManatus" uramilBishariHede="streek">
        <chukker>146836</chukker>
      </wincesFlay>
      <tophous seggio="cashewsHamlah8815" septic="7024">
        <aikaneJargoon>archerYuckle</aikaneJargoon>
      </tophous>
      <honestyOutrib tetterAttry="congeDrainer" kiddoesCarpeNeology="hippoDrago" foolerOrgiac="95826399" inspireFrailty="mosulScranch">
        <yogicOutsung>lama</yogicOutsung>
      </honestyOutrib>
      <radicalStourie reflexSampleZoocarp="cogman" merril="fucoidsTumBlaze" korova="carrel2" flan="deserve">
        <donis>kusha</donis>
      </radicalStourie>
      <yukkedAspiree stourieScoffer="hutsIsmy" beforeHiemalBourses="dicot" doketicKithes="returfCrowd" tamaleTraced="tempeanFemininEnos">
        <indueStraths>medica</indueStraths>
      </yukkedAspiree>
      <moat megilpUsureAphids="gaatchAftersNegrofy" seedbedNeedily="maritiAcme" steepenManner="mespil">
        <cratersRemueParget>pose</cratersRemueParget>
      </moat>
      <damniiSpritzTheat disnew="barraceSpurry" wangan="wirling">
        <loaflet>rissoa</loaflet>
      </damniiSpritzTheat>
      <discind>
        <imposerDriller>wandleBugging</imposerDriller>
      </discind>
    </glyoxylRaptril>
    <markeb>
      <mesozoaGoles>4</mesozoaGoles>
      <vistlikRealarmTule thronesAvoueDill="plungedGuest" tuzzleYanderRetin="batemanDalliedBaret" botelerAfftGranose="24864259">
        <filchShoggie>6831</filchShoggie>
      </vistlikRealarmTule>
      <clonersAvgasesLamano thakurBeamers="bellootLugmark638" mizmazeJocu="strides99" medevacElfwortSouter="farcieMyitis">
        <rippon>resawerExshipSmeary</rippon>
      </clonersAvgasesLamano>
      <att gongingLatrialPepsis="midgetyLevyistEarldom" kiosks="muskegDakhmaDear" skinBain="settingDebtful" jazzSusie="fanos">
        <alarmsSubst>53650190</alarmsSubst>
      </att>
      <solaces agamistCarot="toryess">
        <gaiting>angamiPreface76</gaiting>
      </solaces>
      <mistic totientExscindAboil="aphemiaVamper" albinUntough="dirtiesLobbishSemite" aggieMessier="morsureUnlined" stropGranolaCrany="anthemCarafes">
        <voling>amassedSone</voling>
      </mistic>
      <oftlyDwineFlear cogglyOxhide="kalong">
        <hulkily>suckler</hulkily>
      </oftlyDwineFlear>
      <jill waltyQuinnat="scabrid" letsTiddy="eroticsTackier32" dimeranFriarsStudite="landsOrecticZinky">
        <amberySludgedZuludom>rcdReeledTarpot</amberySludgedZuludom>
      </jill>
      <ethenicFluids>
        <grumose>ankara</grumose>
      </ethenicFluids>
      <fluytsAnightGunned backers="ambrain" rutuliMarinal="soulz" scopolaAntonyBootful="odzChaySok44" mergingBangos="scopicHockey">
        <outarde>sothoToelike</outarde>
      </fluytsAnightGunned>
      <thumberDisorbSlobber alebushHurts="pallidAmi" novaeCotch="gabbackChrysidWooler" fatlessDoweral="138132673">
        <oximGaffTapir>yakima</oximGaffTapir>
      </thumberDisorbSlobber>
      <outpollWhetter nitella="28">
        <petreErrsynOutwit>unlaidShaptinEvocate9</petreErrsynOutwit>
      </outpollWhetter>
    </markeb>
    <dimesBemouth>
      <vetsGutsier>sardineHalse18</vetsGutsier>
    </dimesBemouth>
    <otidaeRewearTakeful>
      <umpGigantMask>untrigAmirs</umpGigantMask>
    </otidaeRewearTakeful>
    <zoysia ovendry="cimicid" saloonHygeiaBaresma="640" bepray="sangirDigne" untiredSquaryTrocars="mopokeInlard">
      <hecteMiniardSister>neep</hecteMiniardSister>
      <tinniMinhah diazidSarge="sweenyPusley9">
        <googolsIsonymy>sorediaEarpickGoutish</googolsIsonymy>
      </tinniMinhah>
      <etangMemorda peratesGlutei="dinitroWrasses2" apteriaMutuumKintry="tinosaFumblesEmery" yahvehSayable="lamnid">
        <cozy>spillerSnabbleMarled4044</cozy>
      </etangMemorda>
      <razed>
        <testons>zinganaTawite</testons>
      </razed>
      <boffinsPitomie boorga="bugdomAlive528" wolfedAquabib="clerus2" mphVouliBidders="wabunga" boldoShawn="817027466">
        <partiteMuslinsSheerer>2</partiteMuslinsSheerer>
      </boffinsPitomie>
      <lurkerTalao fornaxMacao="forest8">
        <remital>bildersCeaseSect</remital>
      </lurkerTalao>
      <fasToluido>
        <macedon>unfretStibble</macedon>
      </fasToluido>
      <puisnyJottingThurle hacksSuaeda="trolleyPiratry" vosgianVoters="peeping8">
        <browsed>gugletsHotmelt94</browsed>
      </puisnyJottingThurle>
      <vinierGoosed moneOdinite="6157321" besaintEulogy="hoaxing4">
        <kayosColugos>prelatyGuidoGlaces</kayosColugos>
      </vinierGoosed>
      <wander averral="linjeSeragli">
        <piggishDurries>rebosos</piggishDurries>
      </wander>
      <netlessGrogModeled giulio="vicine" quantsUnsatin="pugmark" hempNoachicAlto="bedin" allodAcrogenToting="gratton">
        <rompingZimmy>dafferySoapsud</rompingZimmy>
      </netlessGrogModeled>
      <prevotThocht abatisCckwSoudge="tractBuzukiSuccuss">
        <pastureRahdari>162124</pastureRahdari>
      </prevotThocht>
      <ruckingClefted>
        <fardsKraalsPoromas>matross</fardsKraalsPoromas>
      </ruckingClefted>
      <quipoJaildom>
        <fratsArageLazybed>7</fratsArageLazybed>
      </quipoJaildom>
      <clicket frazil="32481" craaledMimseyLasters="shamois" ectadCulotte="zeuxianPlenyAdrenin">
        <imcntGulaeCaphar>mirks</imcntGulaeCaphar>
      </clicket>
      <reheelIncisorSebago>
        <subtype>3395329</subtype>
      </reheelIncisorSebago>
      <leifiteMedlarsGregory quintMeikleYummy="coumaraCueFratchy" spongin="saite1742" mer="jehovahRewrote" rallEgomism="bruce">
        <frigid>iworth</frigid>
      </leifiteMedlarsGregory>
    </zoysia>
    <ragingExch latroImines="spittle" poitrel="harpistHitter" creasotHyponeaMaestri="ayousMornedAdzes" deftGander="persicLeumaDimeric" baggeDefacedWrabbe="17818">
      <kidUltimoGrazer>miladi</kidUltimoGrazer>
      <hushionRechain tukeColaneOralize="feasts" outdrawFrsiketPruta="unlealDrill" radiaryDae="cerned" truthsRixy="grande4580">
        <domyArainsAverter>kowtowComitia</domyArainsAverter>
      </hushionRechain>
      <darafEndoralLinneon mumsyYews="smoking">
        <uvresThapesEtwee>doa61</uvresThapesEtwee>
      </darafEndoralLinneon>
      <akaniaAscare curneySearceRearer="cozensBhima" flannelOariticProtype="bhoots97" rompedGigglyHova="monadBroadax">
        <sexlikeRumly>myriads</sexlikeRumly>
      </akaniaAscare>
      <scoursMusjidDatchas slits="requotePrayersManjel">
        <edomiteGoiSpoofs>mullerHosannaRehoe</edomiteGoiSpoofs>
      </scoursMusjidDatchas>
    </ragingExch>
    <lutein>
      <moussesTrivia>ascitb</moussesTrivia>
    </lutein>
    <jaspeTertia>
      <molineChaute>unrivedAlbarco</molineChaute>
    </jaspeTertia>
    <digestsIresVier>
      <unletMyriad>mekilta7038</unletMyriad>
    </digestsIresVier>
    <tetrane>
      <ejooQuotid>719478</ejooQuotid>
    </tetrane>
    <ezodVacual rama="greggKennerBlonde" anadromTalars="10" slimingUnredHock="parrsShinkinZirkite" doppingDuffleFovilla="oneyerPremakeApril">
      <upseyBayardsSoliton>biriani</upseyBayardsSoliton>
      <bichordAirtedFollow ochtStrolldJasione="981">
        <prisesAdored>ficcheGoggleLunule</prisesAdored>
      </bichordAirtedFollow>
      <mulcher bionticAltaiteDags="trapishRobands">
        <inksterRepic>cytomaJymold</inksterRepic>
      </mulcher>
      <cloughScapose probitsPugdogRaob="cantorCoinedTsades" venomyEringosMispick="hernRelever537">
        <apiculaTentieUnicing>react</apiculaTentieUnicing>
      </cloughScapose>
      <enarborMalthePiqure adultsStonerRifely="5954367" pileum="coffleKismatsStoved115" oustLuteomaBrack="midpitQuaily">
        <kyrieLepage>maxisOuroubRubin</kyrieLepage>
      </enarborMalthePiqure>
      <taboot whilomUnsnapEnmask="cashouAtopen" dadaGenitorDulosis="sanicle" dafterCkwCrud="kelehPudsy" servals="taledDobras">
        <wadder>newsfulSidheMayhems</wadder>
      </taboot>
      <nestledRivage noterDemur="asproutVeadoreDaytale" fotchRoust="rhenic">
        <laybackPorkySinamin>1</laybackPorkySinamin>
      </nestledRivage>
      <foray>
        <lionessImagerBurmese>9200</lionessImagerBurmese>
      </foray>
      <donisPurloinMopey alvelosOnyStodges="ungorgePengo" quints="psalmPeliasFurtive" nudelyScollopViruela="alexin">
        <sucrateOrigami>putlock</sucrateOrigami>
      </donisPurloinMopey>
      <pecklySwadderUntie anjanCebidae="geripIwisGemmed" trancesTunningOrantes="rykingPentoic" miryVenture="empowerDiscardHemmer">
        <lubeBosomyPioury>adductsLownessAeon</lubeBosomyPioury>
      </pecklySwadderUntie>
      <yardarmWitter>
        <yonWomanly>mataraForerunDiethyl</yonWomanly>
      </yardarmWitter>
      <manwise>
        <indiumPanama>infaustDadingTryms</indiumPanama>
      </manwise>
      <crafter shoggedXystiPileate="almuceGuijo">
        <nogakuLeuk>hegirasSmallXerox</nogakuLeuk>
      </crafter>
      <lapdogs coursesWauchtDorje="arend">
        <picks>swinish</picks>
      </lapdogs>
      <strumaeBraizes dewlessKalis="beatenWifie">
        <bedashFanback>affloofUngeltWran9</bedashFanback>
      </strumaeBraizes>
      <pollet schnookFolialCarid="dyingNaker" youthly="obelusAnglify">
        <didyHiring>771360020</didyHiring>
      </pollet>
      <numina>
        <fellani>nettierIntone</fellani>
      </numina>
      <drawls thawy="albanLitten1" simurgh="707">
        <fleeing>lurry</fleeing>
      </drawls>
    </ezodVacual>
    <pombe>
      <strCowing>uigur</strCowing>
      <tweeted clotureHyp="miseditConoyThonder" physDoubterWynne="932956" begulf="7">
        <inhive>scoff980</inhive>
      </tweeted>
      <pyjama neeleUnsheafJouncy="lottaRognons" cludderUrocyon="parotis" bemusedArmTwang="25788" hazzan="hubris">
        <shimmerRobleUntawed>tenantsPulsSparrow5551</shimmerRobleUntawed>
      </pyjama>
      <apteryx>
        <agunahEpigyny>soonyDeniers</agunahEpigyny>
      </apteryx>
      <penallyQuench>
        <daphnidTinneryLiftman>742684</daphnidTinneryLiftman>
      </penallyQuench>
      <bathylEmergesPoiesis>
        <dukelyShun>vakilSoudgeQuartin</dukelyShun>
      </bathylEmergesPoiesis>
      <growlerSwowQuilled mahal="3292">
        <sobbersDecius>2</sobbersDecius>
      </growlerSwowQuilled>
      <grovetAzarolePlaters peplumsMohawksPallone="6130987" nurlNandine="shaPeloria" itchyAlban="chemisKeynoteStoats">
        <purshiaKhalkha>19</purshiaKhalkha>
      </grovetAzarolePlaters>
    </pombe>
    <nona stueEvermo="lakismAnalytUpgush115" koine="373937" whangamSlalom="nodous" wergeldAalsScurfs="catgutBussock" ternionSmutch="chintze" erthShinty="grindle9965" siphoidMedlied="winfulHoonLabrum7">
      <moonie>nerdCodons</moonie>
      <hemoidPteroma piqueRehoeChime="pulings" copperReteThigh="safiAira9867">
        <foeUnhumidTroikas>joke</foeUnhumidTroikas>
      </hemoidPteroma>
      <ikatExptRemould>
        <sensoryCum>70914</sensoryCum>
      </ikatExptRemould>
      <termingDefogsChm cashboxBourlaw="doveletAbought">
        <retameAnginas>primiJahvehOhelo</retameAnginas>
      </termingDefogsChm>
      <tinselHumetInkbush discostFormelt="23562386" ascribe="puffed" stover="chloryl" amblerOncosesCysts="velaryAngolaTyne">
        <ceroBebusyMebos>salitedWraple</ceroBebusyMebos>
      </tinselHumetInkbush>
      <seaworn flan="boubousWhimbleCollops" tereuSmitchJibhead="niveousBadiousMisfall">
        <sauna>aspace</sauna>
      </seaworn>
      <massedSpathicPrestos exited="7200" gulfedBemoanResuck="amaga" shotted="subgyriBezoarsEndable7226">
        <plugRanted>costardHavered</plugRanted>
      </massedSpathicPrestos>
    </nona>
    <greeceTarheelBrevets iberiDash="oveningDekkoKneeler" lingcodFernAbhor="9161" menskKhondSmugly="575" yamshikBiffin="cullay511">
      <cowpockGloby>digenic</cowpockGloby>
      <elemeManocCorns eventsFingers="dingingNoonAgleam" seemlyChymia="songbagHeadly">
        <depecheFant>alinesTuscany12</depecheFant>
      </elemeManocCorns>
      <moreotePropus frivolsUntine="eyewashEnlists" retitle="respueWelkPristav">
        <jubilee>8181</jubilee>
      </moreotePropus>
      <unfoxedAngico tachiDumped="755196139">
        <lades>inketBroadsTint</lades>
      </unfoxedAngico>
      <ventradMedicTeasing>
        <zing>kailsImpasseMinnies7</zing>
      </ventradMedicTeasing>
      <adductSpeeredGypsum hexosesAstrionTaoism="22929350" jazzersPangfulMongos="raglanTuttoWarst28" rumaniaLathe="pienaarRemend">
        <antler>snodHouhere904</antler>
      </adductSpeeredGypsum>
      <paolo kanariBeatae="bluejayTabuingBhutan" charyOronocoProsar="soutane" bibbReglow="bracersOutpathAphelia">
        <mocaChimbleWrecked>forgiftTewsRod</mocaChimbleWrecked>
      </paolo>
      <doreeJazygesPoller enlinkScalma="flasque" preppy="317008741" lairmenLassJeannie="1486">
        <pacedSmalts>31761802</pacedSmalts>
      </doreeJazygesPoller>
    </greeceTarheelBrevets>
    <bramblyOsmond>
      <retiedFiguresPudder>5792</retiedFiguresPudder>
    </bramblyOsmond>
    <goodish emanentThawnHoiden="328577082" leprid="dunnish" squabJupiter="3537" rehouse="charkToised">
      <gipPedesesLugsail>93587759</gipPedesesLugsail>
    </goodish>
    <glancedBochurLlanos fustee="wipeoutSnakerySpet" loudlyFour="fireboy" durably="murlock" axialAsmileVouli="primeurNifties">
      <rumagedPumex>grimeHamzasBaston720</rumagedPumex>
      <cistic casal="aoul" shaptan="damoselTankageLaw58" daggyRatlikeCouldnt="ebenNinthsSkiech" condog="nybblesTimmerCoelian">
        <ichibuFrozen>unbet</ichibuFrozen>
      </cistic>
      <trenail mushru="emparkTorrefy" peesPinna="cosher869">
        <psisHarten>tougherSaltcatPatrial</psisHarten>
      </trenail>
      <calinutWoodbinSerened tambura="only2400" roaringDosage="kasbeke">
        <lawny>moolvie8</lawny>
      </calinutWoodbinSerened>
      <lowaUpseyVeliger geezerLouringTriply="caredRenames" netlike="poniard" molyYom="737832500">
        <tiradeProetid>78</tiradeProetid>
      </lowaUpseyVeliger>
      <caryl senatus="rhodite" nitrideGomari="4098" fitchee="douglFinnocMillmen708">
        <trypa>74924190</trypa>
      </caryl>
      <pashLevetShiatsu>
        <cedrinChimbDementi>toxiconMaddockXipe</cedrinChimbDementi>
      </pashLevetShiatsu>
      <manwiseRimmed gliresBashawLaudian="6853">
        <axiomsHennaed>debenChollasHedges</axiomsHennaed>
      </manwiseRimmed>
      <coffeeGaols outjutGloaterFraile="gell">
        <divvies>bornanAbrosiaPinnock</divvies>
      </coffeeGaols>
    </glancedBochurLlanos>
    <unlaugh earth="asta" caliche="snakingLairman" soverty="blufflyLecthi" upwaft="666015" imbodyKayosJoskin="scrob">
      <nattierPapernDromos>2446301</nattierPapernDromos>
    </unlaugh>
    <rykeWormsRoomlet>
      <tryt>flavor</tryt>
      <trichiaRiantPopguns>
        <textman>causes</textman>
      </trichiaRiantPopguns>
      <capletsPicquetWorkup gadidsBircherWhirled="gavotTaldDaunton" paulistHagueChays="wrest" snigMaltaseSnaith="rarety" tradite="unfull">
        <sherifyHereticBrushy>aloneDoterPensive354</sherifyHereticBrushy>
      </capletsPicquetWorkup>
      <alogismBezil vendageDogmeatTapas="tutorsCoulees45" gotraKneeledHalurgy="toothLipaBemire" lustra="fargite4190">
        <virusesJarvyCaunter>grimesMadroa7</virusesJarvyCaunter>
      </alogismBezil>
      <kepSoyot loansUnsolid="monotic34">
        <skiapodTrophyWord>aplysiaTrogonsTye</skiapodTrophyWord>
      </kepSoyot>
      <yeukyUnsneck nitrideAfaraVerite="valoremYodels7" gowanOculliShoring="imagoNonbookScorchs" astalkPianistGerbera="unspanHydroxy">
        <vetiverInlaik>impenWheatySwished</vetiverInlaik>
      </yeukyUnsneck>
      <ellen>
        <palayanShower>6106</palayanShower>
      </ellen>
      <overfat>
        <rumblerEductVinitor>peddlesAggest</rumblerEductVinitor>
      </overfat>
      <grailer latinsHeatPinto="anxietySawlogs">
        <sockoForecar>tonnes59</sockoForecar>
      </grailer>
    </rykeWormsRoomlet>
    <debonesCraws>
      <jacunda>325256140</jacunda>
      <server sma="woodcutAlcaide" mottos="lairdly" toityRatteen="mimming">
        <chegoe>alantic</chegoe>
      </server>
      <uncurse aniba="roaster627" hermitsFrightsOutlaws="chunky" bigotedNabuDextro="vomerNawiesAnesis">
        <orariaZoolithWynd>soigne31</orariaZoolithWynd>
      </uncurse>
      <scarabs>
        <naticaSomeday>1</naticaSomeday>
      </scarabs>
      <equineBirotaTrismic neritjcBustManchu="nowhatToothed" spatzle="scouredIhlat" shirleyUntakenQaf="burierCoolResters602" pawningPien="beerishSelago334">
        <cessedAbodesManuf>thievedGirtsLesleya</cessedAbodesManuf>
      </equineBirotaTrismic>
      <diviaBewater hydnum="94624">
        <corbans>acuanLatimer</corbans>
      </diviaBewater>
      <pocketTsatlee brinersNesokia="cendrePalaite" peltaeFaeculaCotoro="591" hainai="vaccinaBoffoRinggit" thickyOctaneIcework="903">
        <covertUngnawnBrees>enolaseMeander</covertUngnawnBrees>
      </pocketTsatlee>
      <ratheFinch babsJesting="sannupsArk" almugOrreryFoujdar="bensellCouhage70" lyxose="189">
        <cord>4831</cord>
      </ratheFinch>
      <glyoxim odor="reddsEnzootyDecus2594" osmol="408">
        <shafted>zindiqGosletRoseola</shafted>
      </glyoxim>
      <kermess haziest="geogTinni" randonPotassa="buz">
        <giraffeAlmury>9</giraffeAlmury>
      </kermess>
      <konguCirrous>
        <tonguerPut>selsynOtitisNagnag</tonguerPut>
      </konguCirrous>
      <unhip longishAnlaut="towsSpiksXerogel">
        <codaOopuhueAdmitty>wanesWhydahSwagger</codaOopuhueAdmitty>
      </unhip>
      <sicsPlanche nextPrutOutfawn="coram" precisoZeroedIworth="betulaBeslashTrue" otology="larickUnpasteSpital" kintraHimatia="augiticCenterScreams">
        <pilauBambini>559</pilauBambini>
      </sicsPlanche>
      <churns>
        <oncaSiddow>outflewPolyactArhats</oncaSiddow>
      </churns>
      <absitOxidePeppin alaheeReadded="urtextWisFussify" paroliMiscuesPeebles="rarety706" frenaAdoninYavapai="aramidBabbieAdoring" lawman="dididaeBehaver7348">
        <dealers>spouts8</dealers>
      </absitOxidePeppin>
    </debonesCraws>
    <bighaBlungerCoating otyak="parsee" capotCholeraWillow="divastCanabaeSoftner" yipped="laveerPresselFooless">
      <bashlyk>circsZanSmrgs402</bashlyk>
      <refundsSworeConfabs helcoidSepalSilybum="cosier" saigonPorkery="courageOutwall" etymonStaunAkindle="speckyAbbottRehedge">
        <sweertMyowunMobbism>ephebicLinkyEozoic</sweertMyowunMobbism>
      </refundsSworeConfabs>
      <celureWoofing>
        <amini>juneJustingPoulard</amini>
      </celureWoofing>
      <placateBarvelBilgier>
        <tripalUntaint>2593312</tripalUntaint>
      </placateBarvelBilgier>
      <drooly calappaHonestyUndid="35742" jurorsForkerPanne="callasEnwoundTerrain">
        <kinkierCaphar>lornZoonule</kinkierCaphar>
      </drooly>
      <targesHad soukLitherNitons="bhagat">
        <blas>yayaTamped</blas>
      </targesHad>
    </bighaBlungerCoating>
    <unstiffKoroaPanton>
      <terpMilker>42905</terpMilker>
      <slaviUrnismGynecol crabletFurnage="poschay" healthHabitat="zloties" beleave="teemersSinamayCrosby3">
        <fordingOpacifyZion>26264</fordingOpacifyZion>
      </slaviUrnismGynecol>
      <leesing patmian="shilfaHarpedBounder3" agrufe="birchBrandiSirdar5" inachusSoord="jowlierAmolish" salmi="azolesMeuseBarging">
        <cutikinPiningsWorkout>diced</cutikinPiningsWorkout>
      </leesing>
      <snootsJiggly>
        <scamlerMouserEidolon>episome383</scamlerMouserEidolon>
      </snootsJiggly>
      <stagierMurva haploid="puppedHacking" cathoodTettix="explodePumpersMonk" peppyRimierSwapper="gabblesVegan">
        <maficRollman>rivuletLatigosHerat669</maficRollman>
      </stagierMurva>
    </unstiffKoroaPanton>
    <heroicPrebake>
      <dispondLunulet>vetoingLunganBait</dispondLunulet>
      <midnoonWargusCubbyu juiced="fibrins">
        <leashSlothsAnaitis>begaudyAzoxineGids</leashSlothsAnaitis>
      </midnoonWargusCubbyu>
      <hiphape sandboy="anoplaPall">
        <auxetic>cathern3</auxetic>
      </hiphape>
      <cavieCompel ensurer="bendletWappato3488" fardelsSloops="9727153" tenchPerdus="hors">
        <sikhApehoodCopyboy>lerRathe</sikhApehoodCopyboy>
      </cavieCompel>
      <ptosesScorpii hikuliGaleenySaya="tetardSprunkAbbots84" scroogeDiobol="bahutPrisonSkite" debussyGenros="boyla" dote="95">
        <buttle>geogenAdages</buttle>
      </ptosesScorpii>
      <capsuleVehmic lamiter="stobsRemueDottled" gislerEldress="dithion">
        <sobersKale>volesIndazol</sobersKale>
      </capsuleVehmic>
      <listels aloe="cameraeFocusedEiffel" chicest="lealtyPakawan78">
        <spectreLucida>hushfulUpflee</spectreLucida>
      </listels>
      <longesScreenStaumer nerds="podge">
        <ebricty>leekish7838</ebricty>
      </longesScreenStaumer>
      <linalyl pulsantMasques="dolphPardahCinders" unladesGent="begets217" sayaKnapperGosport="52102" cavaeScalarBuccaro="wrackerIrishry">
        <wickersProlateZuffolo>jumfruJutties</wickersProlateZuffolo>
      </linalyl>
      <wamefu adance="tallageDirglerCistern" logget="moranElfhood" ownable="hillelHelcoidStarlit29" linaloa="guttaJuttied">
        <mobbishElapses>outliveUnloyal</mobbishElapses>
      </wamefu>
    </heroicPrebake>
    <pooka>
      <mackinsPolly>trt20</mackinsPolly>
      <pinaxPeeked ribbleGrippy="wristsFautorSpirits" bausondTreadle="pightle7881" sondeli="puraque" spouseHippyUnhip="chumpsWastesExtreme">
        <soosooOrotund>brokageAffix</soosooOrotund>
      </pinaxPeeked>
      <modeRunrig>
        <metiersNizams>retempt</metiersNizams>
      </modeRunrig>
      <abrookBaymenSidlers dairi="waesuckLaterad3" furrowyLacto="235514562" titianSymmistSkatols="payboxCalyxSegnos">
        <glucateSantol>jerridOximesWarted</glucateSantol>
      </abrookBaymenSidlers>
      <fadyFrittsBoltel illuded="dottingDariiPedagog9748" mastfulRegroupYabu="7993">
        <freesp>cudweedKicker</freesp>
      </fadyFrittsBoltel>
      <rodsStarred suther="lengTantras" ossa="tzardomBoater" urianDeludedScove="hastif">
        <discantLilianTwisel>shiism</discantLilianTwisel>
      </rodsStarred>
      <hirselConnive hypozoaReamendJadding="tinajaCanids" galleys="mssGleamed">
        <pitmans>plateryIncute</pitmans>
      </hirselConnive>
      <dirts>
        <yeechTrapper>oozed</yeechTrapper>
      </dirts>
      <peachesEstella enjewelLyctid="5828420" claspHoursIsatins="hwt6640">
        <beams>6873</beams>
      </peachesEstella>
      <thewedGraze imbibesEmblems="immitTiredAcher" tattva="extinct" oxters="billonTercesPaas">
        <kin>awarnBiggy</kin>
      </thewedGraze>
      <shavese scrooch="78240" packetLiefer="ziffsSivaite" datary="meskedExtract7" rustyPinbushHory="stachysAbjunctVips">
        <xerafinBogydom>caducaUnauFeoff</xerafinBogydom>
      </shavese>
      <shoddenCracoweAphacic bkgTunis="proofedMonkessTaun" itczeFilmdom="6533931">
        <hoper>stairsCaseyBibb891</hoper>
      </shoddenCracoweAphacic>
    </pooka>
    <salishPawnsBedlamp>
      <tridraTowages>cinchaTridCambrel</tridraTowages>
      <palaungFocusesHerdmen>
        <walchiaReswear>lightenJujutsuAmetria544</walchiaReswear>
      </palaungFocusesHerdmen>
      <zephyr syntoneSlaeAleutic="durianPurineOutsert" dalaponClum="claroesJoristJunco3095" wightsGliderModiste="66787295">
        <indult>spenderSackageSingly</indult>
      </zephyr>
      <nearAbye dandles="alsineGowned" blout="slowish" unhiveChiggak="robsDgag">
        <rayPatoisAlagau>1</rayPatoisAlagau>
      </nearAbye>
      <respect annCelts="sisalSorbConte">
        <pentylAliyas>agger8229</pentylAliyas>
      </respect>
      <carguedKunwari shangy="agaSurveilWakiki" accumb="2011">
        <dishelm>stacksWanyasa</dishelm>
      </carguedKunwari>
      <gingalPrussicTaus dolcian="733717" xylitolRote="sludgesBuccinGallies" redeems="lemurHoyman" meloid="sumitro">
        <plastic>9</plastic>
      </gingalPrussicTaus>
      <zipaLizary fittyCornels="3888" metisShipponCesare="82530125" reefsBulletEarsh="singlyBiophor" grontVettedTao="8376083">
        <lobeletBoozify>sottingAmirNogal330</lobeletBoozify>
      </zipaLizary>
      <negroesRgen>
        <kobang>1863</kobang>
      </negroesRgen>
      <cleach scarrowEuphony="9247863" foveole="requoteThesial">
        <nobutSugannChevon>78407</nobutSugannChevon>
      </cleach>
      <coddleGainerRivo>
        <ulmousFuttah>congouPerkPiney</ulmousFuttah>
      </coddleGainerRivo>
      <refitHamlets upgrownTraits="gerenukIshmael" attaboyJorge="khedahTikurSlops76" ajivasHaoma="212158">
        <cathopPoppiesSoarer>triclad642</cathopPoppiesSoarer>
      </refitHamlets>
      <liegesBesugoZiti avoidedAstur="foxilyFussier" omaoAgree="cardialGypsineRacial">
        <zakahHearkenFuzzle>steed</zakahHearkenFuzzle>
      </liegesBesugoZiti>
      <boites ruxCrotons="billety" pins="rhymicAljamaMedula" crissal="chucker">
        <helver>tankedBonbonEach73</helver>
      </boites>
      <suavestSridharAir choragiMaconneReroof="bagass" debtorsItaliObolus="harpsPomace" gloeaGoner="tomansBobwood">
        <wilefulWindowyBacklog>blimey</wilefulWindowyBacklog>
      </suavestSridharAir>
    </salishPawnsBedlamp>
  </myriad>
  <holibut doziest="5" smellyUrmanLevyist="caplinsEyotyStrix" />
  <cripsTowerPecans hearersToolmenSawed="bateaMurmursWornout9" uganda="shushesWaggles" chela="abashLioness" scrideChummer="staddaBeurrePies">
    <cahuitaMaidanTracts>
      <opaciteThump>ollav48</opaciteThump>
    </cahuitaMaidanTracts>
    <polypiRigole>
      <budtimePittoid>734760742</budtimePittoid>
      <binniteLindo maroonsYanderCatclaw="skepful">
        <senegal>soakerByrls</senegal>
      </binniteLindo>
      <adenoseUnmewed doinaDawks="wert">
        <teledusSullensDiffund>fogman</teledusSullensDiffund>
      </adenoseUnmewed>
      <targetsArctics>
        <akeyUnrivet>911575753</akeyUnrivet>
      </targetsArctics>
      <impaint>
        <populum>ogledAvourBackie</populum>
      </impaint>
      <sociiFussock calvingFalsism="hogged34">
        <krimmerStickenRailage>sneezyAdj595</krimmerStickenRailage>
      </sociiFussock>
      <tubboePeppin>
        <nevoyPlaga>190722017</nevoyPlaga>
      </tubboePeppin>
      <baulks>
        <archestApophis>erotic</archestApophis>
      </baulks>
      <trains candyCapitaHutch="tacanGriding157">
        <taiCadres>vermeilJulidan</taiCadres>
      </trains>
    </polypiRigole>
    <trinkleHairs unteemRequizBreast="inlake3" yen="magismCetid8379" unscarb="solvingLinksLoins">
      <uranate>439610</uranate>
      <glackSnoops>
        <ganging>glazersJustlyBenty</ganging>
      </glackSnoops>
      <soddiesKleigBilbies>
        <neshPrankt>vauxiteBardsChinner</neshPrankt>
      </soddiesKleigBilbies>
      <hogling oxamicAcoupLeeks="lairdlyPulpily" sackmanDehorns="untelic">
        <teltPropyls>166</teltPropyls>
      </hogling>
      <simagreAlgas oronocoEdger="forgerArkosesPhrase3" seawayAzons="966656971" tankka="inwoundCoronaeSink">
        <demitsNervid>8232</demitsNervid>
      </simagreAlgas>
      <kittulLesathProtend lamaSeptal="matsGradely96" acaraBawdricMisjoin="kerfed" balaic="8">
        <octarchRinchBisect>929501</octarchRinchBisect>
      </kittulLesathProtend>
      <elsGrouchyHelms shodSnirt="quotesIdeeFaham" lobfigHend="4">
        <ignitedDecagon>abohmRykeBubals</ignitedDecagon>
      </elsGrouchyHelms>
      <anabongHostess siris="suzanSextar" coosersPorn="sicsCrumpyDogdoms" satemUnpiled="rechuckNoxally">
        <lugandaTramell>hat</lugandaTramell>
      </anabongHostess>
      <lugmarkMasseur emmettPacoChicker="apatan" geronto="incages">
        <basenetFoinedBillers>278450</basenetFoinedBillers>
      </lugmarkMasseur>
      <chinese rimrockFusains="68677" lochageStunter="keetsDemosesMiosis">
        <heyrat>coccusYamunsMisdo42</heyrat>
      </chinese>
      <cabaRapid akhundJerome="bargeesRume8412" tallowyThymene="dudler" ghostly="52324299" legalManilaGaloped="maidensCannierRelide">
        <blushIngotsHawsers>72503</blushIngotsHawsers>
      </cabaRapid>
      <laicismZapasUngild flopPurledAam="spoiltLisper">
        <sriramKelpie>infreeTublikeRtw</sriramKelpie>
      </laicismZapasUngild>
    </trinkleHairs>
    <returnOniscusRowland>
      <kirbies>tritylCakedGoldbug846</kirbies>
    </returnOniscusRowland>
    <sagamenProwls imbrier="rammackDcbname" acned="devoidTellinGabbro" vasclaPipings="spunky" ledger="8" doughWiping="coragePavan3">
      <sociusDuluth>35</sociusDuluth>
    </sagamenProwls>
    <seemedClastTurfs>
      <bourrRecatch>fobs</bourrRecatch>
    </seemedClastTurfs>
    <scholar aryKerana="localed" tacosRuelle="unfurTurkois" blowze="zouaveAloud" dorsaFermi="swine4" recitalTediousWitchen="loutDawdles" jackety="janetIndraBianco" taroksBoojumSwangy="holloasPeised4">
      <decapTydie>frows</decapTydie>
    </scholar>
    <unceded fairly="basan" mobilesZippingAdrop="ovaloidSkyteLimpy358" unledNebulas="fessesScawd">
      <avowers>2018822</avowers>
    </unceded>
  </cripsTowerPecans>
</flacianClots>