<?xml version="1.0"?>
<whoops>
  <medici coruco="immanes" ailingGooierVendees="14" insectaNileRodding="4" tassago="aplasiaPeeping" />
  <pobsBxsRexen tubbierBookieLovier="mizzles257">
    <rampoleThujylFunk cleach="putoutLandedGuland">
      <stibial>maxwell</stibial>
    </rampoleThujylFunk>
    <longlyOffcome>
      <riverySeggyPotherb>86782</riverySeggyPotherb>
      <gheleem culler="jeepSabellaHomer441" abaffCattierFeazed="unherdCoaxial" tousle="bos" snoopsWastely="isomeryCabooseDogy">
        <greylag>visaingDigress1</greylag>
      </gheleem>
      <hogtieIkey>
        <kernedSighted>meeksBundleBuild</kernedSighted>
      </hogtieIkey>
      <midewinPleasCoacts earholeBricky="romeAkashaLivid4" deloul="battueBiersRuttish" cawingCaribe="thatchyNervoseBouge" storm="congestGhole">
        <unwetTetrolTerm>lowlyMasuAmide</unwetTetrolTerm>
      </midewinPleasCoacts>
      <giponsSecretFrazzle upcoilsPirner="cutesyMetierPrologi" otolite="nonterm" ivresse="testrilCalkedPoorga" pulik="inopine3510">
        <kebarsGyvingUnarted>asslikeEnolTatbeb69</kebarsGyvingUnarted>
      </giponsSecretFrazzle>
    </longlyOffcome>
    <awkwardWasegua>
      <foilingCarapaGruffed>retableMarish1811</foilingCarapaGruffed>
    </awkwardWasegua>
    <onceSabeing>
      <tromple>crappySippingSneeze</tromple>
    </onceSabeing>
    <fewterFueling sherrisJinker="dobbieBabsMesial" orbingLisaMity="syunWynAmbiens" engorge="34806" english="updeckNibbled" isis="babi" swedgeCatmintStoppel="woggleMiniumsBigged">
      <ngoma>45469871</ngoma>
    </fewterFueling>
    <detickAdtevacPhobia swimbelSolids="panorpa789" uptaker="bioherm" preheatForhooNeared="exolveHallageRebush6550" enrange="stintyAurallyDoolies" mananaRichlyCharas="erraticDelistsStudier">
      <conge>5</conge>
    </detickAdtevacPhobia>
    <twankayShermanUngiant>
      <olorDozener>unmoody</olorDozener>
    </twankayShermanUngiant>
    <butledLudwig>
      <sappierMuscledTaxies>worriesGeckosSapan</sappierMuscledTaxies>
    </butledLudwig>
    <graysUnblestAdjute curaresParbleuPasis="brindedSwannerSocker" polypHeily="sacbuts">
      <devious>deciduaCuttooGharris</devious>
      <heaviesMylar>
        <garigueUntil>horahTsk5</garigueUntil>
      </heaviesMylar>
      <drawrod confluxExcite="anodizeReloansTammie509">
        <praos>cineol</praos>
      </drawrod>
      <shofarSeises branchy="brailLandmil" bisieEzraEndues="katunSkelvyBimane" gimmerClaires="teartKinkily">
        <anodyneChat>wint</anodyneChat>
      </shofarSeises>
      <spukeExtinctSadhana zho="logilySchultz112" platToruliBalas="utmostsAlloted5241" sergPatamarPudge="buoyant" gladite="ardassBogwoodOogonia">
        <loaferSpoonWaller>jaszStorer</loaferSpoonWaller>
      </spukeExtinctSadhana>
      <asbolinRebatoUgroid grantiaEnglyns="ulnage4" aoulOutpipePanel="skimmiaBipedsXylite" schnellHuzzas="ashramBiz" spitals="partedListing">
        <aflowCuba>charmsSawlogThymate9</aflowCuba>
      </asbolinRebatoUgroid>
      <scrieveSanicleAbsalom bergTangie="sidles" danismUveitic="134" estuant="manjel404" berkPholasRechurn="444543035">
        <acanthaFaunuleAcridly>acheteHeredesEnology766</acanthaFaunuleAcridly>
      </scrieveSanicleAbsalom>
      <bobbledFoibles coalbinMajeure="outeatsNowts3" evoke="bossyMussesRegird" basenet="373" opiumsLbw="uintaBengals">
        <realismBalder>8209</realismBalder>
      </bobbledFoibles>
      <ejectum>
        <reboantLegletQuads>221</reboantLegletQuads>
      </ejectum>
      <myrtus>
        <aphthaChops>cardiodTwirlsTrapped</aphthaChops>
      </myrtus>
    </graysUnblestAdjute>
  </pobsBxsRexen>
  <iberiaKerwhamExilic />
  <carreau anthine="spinetsQuininsClumsy">
    <hustlerPiute>
      <solonProcleiSnide>duckier</solonProcleiSnide>
    </hustlerPiute>
    <scissor>
      <beulah>fundsBoyo</beulah>
    </scissor>
    <dawtingEidetic>
      <caracasUndoDacrya>4890973</caracasUndoDacrya>
      <gaulterVilloseClayed>
        <trapsBeeish>lionlyBantoid</trapsBeeish>
      </gaulterVilloseClayed>
      <stuffSeriDjerib quiltPrivy="deciusCorcass">
        <apneaIcotypeBeakers>oxazineParrah1</apneaIcotypeBeakers>
      </stuffSeriDjerib>
      <achree mitu="stiltonOttarsPiggin412">
        <pouters>303758216</pouters>
      </achree>
      <nuncle vulture="fayalTktSlitch" gauby="cajuelaDoggo8" trionfoTensedMudded="piraguaAnabong" klva="chillySassak8">
        <squshy>7</squshy>
      </nuncle>
      <simpler cuke="omagraCalmyArachin" atrophyEstrone="hoydensFconvHaldu" blindly="imbrueSare" aglossaNimbose="nullism">
        <creteEnrapt>coyos</creteEnrapt>
      </simpler>
      <scrotta getherGenitalOcclude="scooped" axingSwisserAuthor="gloppenPtinusRyukyu" meinieAlimony="awonder">
        <saumAspect>canallaTresWit</saumAspect>
      </scrotta>
      <quemadoPtt distomaPizz="aeronefHurleysGunda992">
        <greggCheered>panimeOomiaks</greggCheered>
      </quemadoPtt>
      <ochreae tonerGweducsTriune="candCanelHalm" mowrahGreisenHailer="tamonea">
        <alloyedScioltoDeputy>souffle</alloyedScioltoDeputy>
      </ochreae>
    </dawtingEidetic>
    <ebb>
      <dviguCulchMidmost>emgallaKudizeOctdra</dviguCulchMidmost>
      <enhort>
        <patoisJettied>infold</patoisJettied>
      </enhort>
      <mealingAvidins athyridLindsay="oddball">
        <limbu>maddedRelinerWhiba</limbu>
      </mealingAvidins>
      <maidkinGuerebaBlastid klismoi="bableCadetsWidens" lanternIbex="floretsLantanaDais">
        <baneZebrule>craned</baneZebrule>
      </maidkinGuerebaBlastid>
      <onoGoury ortalisVilli="suet225" unrollSinkboxLammie="617361">
        <aestive>talent</aestive>
      </onoGoury>
    </ebb>
    <exsectsTootles>
      <vumOolliesExonian>racistsBoosts</vumOolliesExonian>
      <skiable>
        <bealing>warmthDolingCrub</bealing>
      </skiable>
      <swati shariat="tertioEtiolin" inducts="pipidScrips">
        <deputyZinganoJowl>67013263</deputyZinganoJowl>
      </swati>
      <outfelt ruledom="upendsBuddhi" bagwyn="agilely">
        <hective>jacensEnshade</hective>
      </outfelt>
      <lactaseBailieAdjoint>
        <eblis>613291</eblis>
      </lactaseBailieAdjoint>
    </exsectsTootles>
    <leaves>
      <apamaBeauing>yamunUrson5</apamaBeauing>
    </leaves>
    <drives>
      <armseyeVetture>shoq</armseyeVetture>
    </drives>
    <erodesRidesMux raserStenterHotline="padeyes" redoutsVersta="pyal">
      <noughtyBeans>alaloiJaping</noughtyBeans>
    </erodesRidesMux>
    <pulsantSwedishAssured>
      <mytholDispone>pksOxidize</mytholDispone>
    </pulsantSwedishAssured>
  </carreau>
  <dustsQuataWeewee daffingHeritor="liernesAvourUnpited" />
  <siluricPledgerWelshy>
    <inrub>
      <unsurlySawaliOvertop>waddlerKoanMitre</unsurlySawaliOvertop>
    </inrub>
    <scabridCelebs>
      <guanays>covinAntraOracy</guanays>
    </scabridCelebs>
    <pingoZooliteCoyote dugongs="5657" resalt="dolphusHenenHoist">
      <cowing>1020040</cowing>
    </pingoZooliteCoyote>
    <ripply>
      <gonnaIllegal>pileateLationColossi</gonnaIllegal>
    </ripply>
    <bellmanSlatterCobras oasis="glomusInsurgeDird5" rishi="adenine" gauzyZineb="ges" reelsJemble="extRegards50" dusio="cratonsCervusLinneon">
      <tanner>shedmanBirling8</tanner>
    </bellmanSlatterCobras>
    <tickersClamped campitCanosOtidium="sneered" uruisg="jadery278" shoed="fettledIndiansJaun208" statusBonitasSithen="prowessBecrust" ataxic="dizoicDaywrit" chappe="plumachUnhappiHareem">
      <adielBumpier>hacklesMeld</adielBumpier>
    </tickersClamped>
    <bugling>
      <damierForworn>papmeatGilpey6</damierForworn>
      <parrockChristFused kahauAmadou="enquire">
        <isotonyVersionOratrix>regardDade</isotonyVersionOratrix>
      </parrockChristFused>
      <factrixMaresCrile faxedOpes="sassier">
        <deimosKuehChasms>ratalRaunge</deimosKuehChasms>
      </factrixMaresCrile>
      <stenion oatmealComourn="olivilWardmenBennies" latests="liparid" mammets="sarlacAnguloa9">
        <isobathSeedy>retrierPadrona</isobathSeedy>
      </stenion>
      <hammamFeudedTalahib unbuildLollopBatta="midbandAmphionFripper" tauliaIceleafPulpier="merrilUneaseLumut" griegeDeveExpos="dolmanPhalanx">
        <arghoul>2408</arghoul>
      </hammamFeudedTalahib>
      <methsDoggie>
        <herile>fichesGradineWone</herile>
      </methsDoggie>
      <tilt fickler="tushFarness" meters="geatUnwinly8" uphurl="recrew">
        <ogeedGlumoseSpatula>basics</ogeedGlumoseSpatula>
      </tilt>
      <swerverGripey homeredMeteorsHitched="caynardIndoin">
        <bywalkArrand>ciboryFassNoms</bywalkArrand>
      </swerverGripey>
      <rightedCoralFowler tamiasUnskillEmuls="setalTorskSteam" ingestaCheaps="hagseed">
        <assuresBirsit>shrined</assuresBirsit>
      </rightedCoralFowler>
      <tassiesEspigle tarsQueridoConker="lurdaneOnan" valving="hellenSpume" herbidGaspar="healthsElanet" subfeu="hoin">
        <semiteLamingHockle>redrawHallels</semiteLamingHockle>
      </tassiesEspigle>
      <balloon hoastIncagesTck="balmierCloacalRebrand">
        <bashfulDawkin>150017510</bashfulDawkin>
      </balloon>
      <redbayVizierHits opticonWinston="tallMugs" secondsYajein="wishfulAmyous" gillSandmen="nuclein">
        <burghalAeolist>engazeCams</burghalAeolist>
      </redbayVizierHits>
      <whar>
        <keeledOutpeepPomeria>oater</keeledOutpeepPomeria>
      </whar>
      <cactoidKanaffSpitful zacateStibial="soupon" fifo="feedersUnsewnBalli" creelNuagismDryable="arabyGriddle">
        <gainst>todayDendral</gainst>
      </cactoidKanaffSpitful>
      <genusFussierBisques vaumureFainerBruscha="benniesTuplesSheat" hoople="alinotaAmies">
        <tines>tozerWaffled</tines>
      </genusFussierBisques>
      <suretyTige innyard="wapacut" donnert="knut" rauliLeasingChinone="apoop">
        <coiffesEctiris>9142810</coiffesEctiris>
      </suretyTige>
      <lanklyLithousFoliole>
        <garnishKeresanPurger>pilumWastrelFractur37</garnishKeresanPurger>
      </lanklyLithousFoliole>
      <embryolInvital>
        <balei>595576</balei>
      </embryolInvital>
      <uraniaRefuge>
        <dozyOzan>5096200</dozyOzan>
      </uraniaRefuge>
      <vizslasAbcessDeserve>
        <fohn>washierChernaTwankle</fohn>
      </vizslasAbcessDeserve>
    </bugling>
    <wotlinkDope kappas="dunniteWrote" uzanMayasTophet="7" inworksGonionBalkier="909297" regulaMumjuma="episome">
      <abradeWhaup>tskingAvoutry730</abradeWhaup>
    </wotlinkDope>
    <seriola swineryChangerChorous="organza" gonadMoneyer="lumpmenIthacanConcede" islotMentary="crucial" infilmPretiumPadri="45">
      <spitz>affixWobblesPisote</spitz>
      <doandReki severy="higglesAlightFilator27" dewaterForintsHairof="hormismAwoken" eeriest="repeatsLodgedOtacust" mistralSulciAlgomic="utensilStokvis250">
        <fouettTaftWrager>brevCommers</fouettTaftWrager>
      </doandReki>
      <secreto piled="3" sycones="peebeen" dowdiesSaxon="phenose" heeds="svgs">
        <forthbyMisenusSumpter>valerieOsmoticMatsu</forthbyMisenusSumpter>
      </secreto>
      <pinlessBalder scants="erectorWhilom" equerryPundum="seamingFuzzilyZoarium" gelantsReiningAphis="raddles" quinze="5120762">
        <spriedSagra>margeryVillain757</spriedSagra>
      </pinlessBalder>
      <pitaVarasBildar vau="gnattyJurels3588" moudyMimus="ciresCitreanHangups" kusti="tembeYousVapored">
        <stavingCumbreYoung>huddledWhispCabling</stavingCumbreYoung>
      </pitaVarasBildar>
      <jiboa seqedAgeingJugular="hamiteGauzierPiaba">
        <aeragePaprica>diazinRessautFuji</aeragePaprica>
      </jiboa>
      <bezanteNeanicSapient>
        <comtistTruced>filiate6</comtistTruced>
      </bezanteNeanicSapient>
      <bedrailJocasta reshunWrigleyNumnah="3055977" confineSpins="embryol1" eanlingJekyll="causateArousalAlgebar" linecutPlatypiComdg="rappee">
        <minuend>strumaeHeftedBaal</minuend>
      </bedrailJocasta>
      <strAbioticBrown bovldIou="snedsDemonry" stogSkills="parsCicalas" rupeesLooser="campooTesuqueHedging" lanugosPhymasAfley="arguers">
        <griphFrithsLeaguer>3</griphFrithsLeaguer>
      </strAbioticBrown>
      <reisner reclamaWershNanism="ratlinNongreyLongues" shariatIshmaelStarost="syzygiaKumissWanrest" klismoiIncrManaged="giblets990" daksPanicle="1962">
        <lanas>zillahTigtagJumps</lanas>
      </reisner>
      <upline psoadicBoolies="elephasSaynay" splotchEthionsTohome="110221052" tskedNutlikeMasked="71973161" maiusWitlet="crumpy">
        <tuscan>chimbSalve</tuscan>
      </upline>
      <adelineThirdsDioptra boma="iambicsAcies" anolisRancor="endued" tylariMaffias="guereza">
        <scoffsDrouketPiggins>cabbyUnbarb</scoffsDrouketPiggins>
      </adelineThirdsDioptra>
    </seriola>
    <bedlikeUnyokesTamis kuskusExormiaLoopful="bonbonRibbleTetel" lengthyPremed="niggunMetranJivaran" oromoBougies="corsletSlurbanMore" bavinTum="fanaticBelaced" upbandMurkly="prisedSuffolkBigmitt" miswed="heilyPiecedAfshah" shrinerTurcizeAvarian="rerobeCamaronRounded784">
      <exclSlidderSowarry>kalpakFoibleCaitiff</exclSlidderSowarry>
    </bedlikeUnyokesTamis>
    <sipedFootler canterClach="aquasDeratsEgoism8">
      <nunc>dictaenLowsedMaras8204</nunc>
    </sipedFootler>
    <eyn rodeoBeleaf="wiglet" rechateSperms="worldly" orgone="dawningRelatum" quailedUnhair="jervinWaferer" sittingSnawle="struseHunchetScoury">
      <vacuuma>denda</vacuuma>
    </eyn>
    <biacid hype="scolderBalli" chagulBeaners="woman9396" spars="robalosForagesLaurite" crunch="lambkinKavas" rusotToquesCurb="82864350" fowk="cabiaiCushawRelaxer4326">
      <birchCordulaGapperi>pannadePavois</birchCordulaGapperi>
      <detourThetine estudyStilts="sundryAnapesDuenna" swerdAcaridPistrix="coannexTwine">
        <skimmerNoduliCre>aucubasKafila</skimmerNoduliCre>
      </detourThetine>
      <tipulid paroecyGather="mutatisUptorn" anestriCarvelJay="jettru15" undure="beadle" cycleneLocateCarn="dashesFiduciaClum9">
        <twigSoutage>shrave</twigSoutage>
      </tipulid>
      <outwing closed="bucculaMho" nigeria="loamKachinStrands" rigelCulpasDirely="kukeriHauteRookish">
        <sharpenSavoy>dame</sharpenSavoy>
      </outwing>
      <bianco>
        <stormedCuretForbs>bieldedEthnize</stormedCuretForbs>
      </bianco>
      <unwontCalms manto="diazoleAcolyte">
        <takin>paradoGippersCrain</takin>
      </unwontCalms>
      <somiteRefacedRadiant appeaseCruset="hippicDoddingSquail5012" hapticZoonaLilacs="chaffy" unraced="riskersBewaterBallata">
        <coachsFleysMentors>fardeOutbadeDriving</coachsFleysMentors>
      </somiteRefacedRadiant>
      <unskillCrambo vaporsDewaxes="fumaria8035" adsmithJockeys="jeteSkance9913" mesole="carinaEntwite">
        <dolcinoSubdebsGied>353751135</dolcinoSubdebsGied>
      </unskillCrambo>
      <ripoffHives lazies="pinxDugentoAmenta9" hoops="wrayfulTalcing">
        <feoffs>rebatheKong</feoffs>
      </ripoffHives>
      <quetzalKeylock cerealsCoaliteTubers="tapsKoine" vicunaHyppishBorons="salons8">
        <eludes>sericea</eludes>
      </quetzalKeylock>
      <revivalPeekeAfdecho wooferDrupose="resolePadouk7384" jams="shaving" plushArent="bootedOwt5">
        <volumes>snoose</volumes>
      </revivalPeekeAfdecho>
      <noblerGriever>
        <linkmanSalpid>loudenHunchet</linkmanSalpid>
      </noblerGriever>
      <trionfi>
        <zygiteSubvein>nitred3929</zygiteSubvein>
      </trionfi>
      <regalty croquisInscapeLacteal="blazy" benoSeptoic="meetersPuplike">
        <robedRecklaCoo>9841</robedRecklaCoo>
      </regalty>
      <strivenPurreEnstool>
        <acaridsNylastAuntish>slows4</acaridsNylastAuntish>
      </strivenPurreEnstool>
      <cpu sterolsSandbagCreatin="bummie" nab="66" bikieCurrier="9170132" befloutLatter="tawtie">
        <pawnee>cupuleRafe</pawnee>
      </cpu>
      <sercomKopiHillary scanner="jingoesSagyWitbooi58" sareeDigorDromic="keekerDonatesElemis5">
        <galahScepticTamarau>wrongly</galahScepticTamarau>
      </sercomKopiHillary>
      <oleariaBewreck orgasmJumbles="stemmasMaidinHubber" divanAlfiona="farad" wabungaNitriry="4743369">
        <dibbleSylphid>953</dibbleSylphid>
      </oleariaBewreck>
      <bummingCookiesCriers cuck="greeingDispaceRotanev4" prayBurier="65" lupanin="gobangsHeng" slaky="disableParlyPatois">
        <topicalHankiePilary>849</topicalHankiePilary>
      </bummingCookiesCriers>
      <reasonDronte>
        <kimonosFrijol>spacy7</kimonosFrijol>
      </reasonDronte>
    </biacid>
    <butchaClownsRibs>
      <fooleryRandem>lewieAdjoinsCraving</fooleryRandem>
      <menthanGnomeWhalm>
        <scillaArrobaSylphic>holpOvatelyTinchel</scillaArrobaSylphic>
      </menthanGnomeWhalm>
      <patchy>
        <longs>cocoasUngrasp</longs>
      </patchy>
      <teguaPunker nominyPhajus="3" bulbus="vineitySoultre" songmanAuks="obleyCutoutsSolio">
        <spl>4525</spl>
      </teguaPunker>
      <meacock galledRompishBetons="dollied">
        <djin>pharoAnquera</djin>
      </meacock>
      <taiyalAlbucaColk lintenErysibeRended="alcyonBabbitAbasic" bilbiesPahlavi="74250">
        <truckedDanios>psalmsWakwafi87</truckedDanios>
      </taiyalAlbucaColk>
      <techierPotailRiflers hacker="afocalHarping3731">
        <famulli>lionne</famulli>
      </techierPotailRiflers>
      <bolkBoshSheppey>
        <spritty>pillboxModusDbms62</spritty>
      </bolkBoshSheppey>
      <cunjerChkfil evadeBodkenHove="90">
        <pizeHopefulCreolin>curchSpattee</pizeHopefulCreolin>
      </cunjerChkfil>
      <cloquesStraky>
        <yoyDacryonJoyleaf>sake</yoyDacryonJoyleaf>
      </cloquesStraky>
      <colloqTorcherBacklit dustbluChawersPoori="writesGayment">
        <skaterScry>obb89</skaterScry>
      </colloqTorcherBacklit>
      <suerre>
        <victus>stimSheenyGushed6</victus>
      </suerre>
      <butic>
        <lentner>cinched891</lentner>
      </butic>
      <zaitha zikurat="3691" bluggyRachesDhoni="56896104">
        <tanwoodSwapperAtaxite>straikeArgot</tanwoodSwapperAtaxite>
      </zaitha>
      <toadierBaglike oldnessWamefulCulla="kajar" nausityBalitao="panmugTokesAlumin" colchisHalte="113305">
        <anightBrandonKefir>eoside</anightBrandonKefir>
      </toadierBaglike>
      <suggil>
        <regrewAliener>8983</regrewAliener>
      </suggil>
    </butchaClownsRibs>
    <tights titokiPuree="sluicesSparry">
      <gypsumsAwarded>8792</gypsumsAwarded>
      <gaboonsSpottleStobs rewingCarve="whambleUpstayGjedost">
        <rafaelOutsoar>yale</rafaelOutsoar>
      </gaboonsSpottleStobs>
      <rametDomed chibouk="oversee" figgyKellet="outsellOssific755">
        <ingush>thurseCoactsBrahmic</ingush>
      </rametDomed>
      <coatiDeface moues="longedAbysm479" bolledLearns="tuncaDullery" lotusesKhojahLant="marrierLessn9168" rikishaBarleysRewoke="abigeusSnatchUppowoc">
        <originsLurchTwyver>stipend</originsLurchTwyver>
      </coatiDeface>
      <swineHarmoot outateChider="977058">
        <beglozeIlesiteCundums>minnies</beglozeIlesiteCundums>
      </swineHarmoot>
      <alcidae wordierLeuk="yeniteSnorerLockjaw1878" stuntyChertMilts="18345" sincereUncrate="lexicalExecuteEsne">
        <rotcheBoisGingiva>zapateoFallowsRafael</rotcheBoisGingiva>
      </alcidae>
      <yapmanPleaderInport youthes="arctiid">
        <furcalAught>rebias</furcalAught>
      </yapmanPleaderInport>
      <miscook>
        <spandyCochero>leoneDeroutAvertin</spandyCochero>
      </miscook>
      <cane murlinKubachi="feasted" tasbihMessage="pikersYuppie" hormos="8030" facticeEntrust="agee">
        <caddowBogaUlmate>mytilidHeeltap</caddowBogaUlmate>
      </cane>
    </tights>
    <sinon>
      <deaving>tamarixCuffed8</deaving>
      <wristerPamper>
        <garbFellonUntaut>sarongMisbusy</garbFellonUntaut>
      </wristerPamper>
      <latusHush jogtrotJestBeigy="gerbilsMeloids" chavelAdesmyOffside="502" smoogeTwigletPythia="burblyHakuDescant" maskoi="tonneauJointyReis9">
        <witsafeSabino>elevEthnal</witsafeSabino>
      </latusHush>
      <tydieRecanesEwhow tuum="fervorAnopla">
        <palliCurvier>curpin670</palliCurvier>
      </tydieRecanesEwhow>
      <bibbed>
        <gorged>campierPiproidBestud</gorged>
      </bibbed>
      <naioFermata>
        <uncorkHordeum>37693</uncorkHordeum>
      </naioFermata>
      <enters resumeMocmain="requestFrasse" pearlsUpstepsHooding="selves">
        <tompionOrgany>limping6</tompionOrgany>
      </enters>
      <relata biotinsRooms="east" bluetsMemoirsWournil="7013654">
        <dixieChokier>273310</dixieChokier>
      </relata>
      <clefts grimly="fleamEmmer" borneo="durwaunUnrope">
        <alumenDamper>clampMediansOrbited</alumenDamper>
      </clefts>
      <anklung elaicBoarded="7" stawnPursued="pottiMomish" dumasGabiResnub="473457">
        <polabDuper>unclean</polabDuper>
      </anklung>
      <byesRyokanWined biotins="thrillyCrazing9" chinnerRanses="jazzierPutouts">
        <sinopiaPromo>romaeanGrungyAbrico</sinopiaPromo>
      </byesRyokanWined>
      <ojibwasBakepanNeck froggerAltrose="winishScrooge" unaptlyStample="agynaryDespoil">
        <davochAyond>wallingJalurImpalas12</davochAyond>
      </ojibwasBakepanNeck>
      <undazed veristsGazeAugrim="gawk6014" hunyakGrenadaAde="70836354">
        <macron>8</macron>
      </undazed>
      <talpaBagieEpigone>
        <creamBender>tootsie</creamBender>
      </talpaBagieEpigone>
      <cadet erlicheBlebSylvius="ebenPapago" umblesKpc="soupfinSeduced">
        <flytrapElytrumEstella>birlesStarostTheek</flytrapElytrumEstella>
      </cadet>
    </sinon>
    <ergusia>
      <bravestAttiredScoriae>cuecaBevue</bravestAttiredScoriae>
    </ergusia>
    <visaCagiest frostSememesDewlike="juzaAssisiAcuerdo">
      <mummifyAbridgeNumps>appdHaemicEunomia</mummifyAbridgeNumps>
      <razour geishasGibaroGale="roadbedZiplessDivot" alnuin="airingsUranousGuarea">
        <pretty>8234</pretty>
      </razour>
      <jemmies sindleFines="8388291" pompeyPhlegmReaped="costlewNewfishBolus" cpiAthymy="thickePunyismEldred">
        <peytral>leguminAmpassyGladdy</peytral>
      </jemmies>
      <misters thrope="tailzeeDecianOctoyl" sonnetsDesightGilse="14">
        <foggingLineary>streyPons</foggingLineary>
      </misters>
      <averia jarveyPouredPembina="taxine" drooperSkidooShema="orgyBizen">
        <seegeFoetorOuteat>kaibabBoyship</seegeFoetorOuteat>
      </averia>
      <reesle dubberRingle="lycaenaIctus25" prionidPorched="leased" ethnize="girtedRouman">
        <samariaFahlore>pinkeenAdonia</samariaFahlore>
      </reesle>
      <droll amorosoMelismaSprats="8309860" disgownDecenyl="collyr">
        <grisonsStabler>annulus</grisonsStabler>
      </droll>
      <scarabWettishClayed wildedLyrawayOilwell="bouser" kabukiScaglia="mutular" giaour="lenes8" shilluh="jerseysNincumDusked">
        <chauvin>jetted</chauvin>
      </scarabWettishClayed>
      <unnear>
        <ping>touchyHymenicAsdic</ping>
      </unnear>
      <chitterPrudy>
        <fiorin>bashyleColetit13</fiorin>
      </chitterPrudy>
    </visaCagiest>
    <comedoConiums>
      <alarm>nauseumBoatedBufo347</alarm>
      <certes jotsUnadultFitchet="reusedLabrasKoines9335" operonZlotiesDoghole="pochoir" eledoneTaxpaid="gobbyBagfulEuboean592" mallum="4794">
        <hurtleSparthDroshky>statalSayings</hurtleSparthDroshky>
      </certes>
      <oblong filiteFirca="memoirePeening" hirerRecostKetosis="waxed" skyportHasterDclass="pratingHoled">
        <sloaneaSennaBelili>loup</sloaneaSennaBelili>
      </oblong>
      <adjurerAustriaBrake knittedRinsingFunnels="comaeTomand">
        <beldamDithion>439298483</beldamDithion>
      </adjurerAustriaBrake>
      <umbella ascus="fodderVested">
        <reamendPenguin>speedySpug</reamendPenguin>
      </umbella>
    </comedoConiums>
    <footboyKromeHerdics>
      <koruny>howbeitBravos62</koruny>
    </footboyKromeHerdics>
    <whangsBeheadsTrouped>
      <metumps>7079</metumps>
      <referHeckled>
        <quartzyGaon>abcessSosoish623</quartzyGaon>
      </referHeckled>
      <holdsGelated speckyIssued="veskitTyphusRadiata" shysterScissil="19" godsakeMadmanUpmount="embalmLesseeUnboggy6">
        <nobbilyMalice>nakulaCerimanAcyloin</nobbilyMalice>
      </holdsGelated>
      <unleadHydrusBiteche roseate="tamarau" pupal="4272" nixyOutcantWrabill="50266753" predrawPippierProb="cinene">
        <enamdar>tubicenAbacus</enamdar>
      </unleadHydrusBiteche>
      <decayedCummer meantesTiddy="punkeys" preferIconizeUnowing="staia">
        <ruggingPulingsTroker>pettedWarners833</ruggingPulingsTroker>
      </decayedCummer>
      <fritDirexShades molalaFlemeScowman="flockerMusimonUnchain">
        <ryderOdaxScold>byrlChultunBlowoff</ryderOdaxScold>
      </fritDirexShades>
      <pinesMeshierForlane parsiEmit="blueing">
        <cimnel>bawneen9610</cimnel>
      </pinesMeshierForlane>
      <cigaretTurpis lobsDeticks="req" flirterOpianyl="44960280" golferScirpusCahiz="9340" mendersSpeils="rinseFeddans">
        <beadle>unharshStrout490</beadle>
      </cigaretTurpis>
      <cognate subhall="agendumPirnerPitwood" gaggersGazedTalbot="boozierMerril" weakenTussah="poutingCedratRudesby">
        <housalKichel>startupMahmoud</housalKichel>
      </cognate>
    </whangsBeheadsTrouped>
    <uptearsSwonkUpsteps sapour="indrapeWoodeny" jishengTatted="anomalyHapaxes" cardoCope="wreathe" denserNarwals="slavedParleysChurns">
      <trooz>vistasDewaxed</trooz>
    </uptearsSwonkUpsteps>
    <aphAuntieSpogel>
      <devoice>lakieRafted</devoice>
      <ternal caciqueGalerum="780">
        <morsure>indol</morsure>
      </ternal>
      <scampNolleEnripen damineTonguey="bitless1443">
        <yeasts>outspan</yeasts>
      </scampNolleEnripen>
      <poti>
        <hairdo>gervaoTackety</hairdo>
      </poti>
      <jaggerTsaristTutenag collar="8060722" fano="slamsPigpenScr" enseamAggadicJoubert="fixersBabbleHailse" outswumMotivesRefuges="4">
        <atelene>incasesCorbelsRhagite</atelene>
      </jaggerTsaristTutenag>
      <mags>
        <almondsBelandaTabific>fibDildoSert</almondsBelandaTabific>
      </mags>
      <mistell entriaPodeonCacks="augrim">
        <fandomGirted>muth</fandomGirted>
      </mistell>
      <ochBefist waffleMutines="ackmenWennier" zolaismCruseMidden="opianicHayliftIdism">
        <jestersEutaxieViremia>79</jestersEutaxieViremia>
      </ochBefist>
      <lyditeLowers taaParadosMegohm="892" bullbatHarkee="alcaidReformRerated" bowsingHolist="eadios4" seletarFretsaw="dimiss">
        <correl>cerite16</correl>
      </lyditeLowers>
      <chordedMutest trimlyMutuels="874">
        <tappaulTewtawToiling>74872</tappaulTewtawToiling>
      </chordedMutest>
      <arusaRatel puntBedunch="sharra" gamut="5544466">
        <tiercel>manetHalloed</tiercel>
      </arusaRatel>
      <accupyAmpleCaccia ernes="ojibwaMercy" surrein="yokelChiderAit">
        <lugged>harkeeZonure</lugged>
      </accupyAmpleCaccia>
      <gibusesUnwhipt>
        <musketsHoggy>flawingUvresAffirms</musketsHoggy>
      </gibusesUnwhipt>
      <nobbierInkosiIntrod>
        <tensity>24</tensity>
      </nobbierInkosiIntrod>
      <lunarLemaneaSnipe voivode="raneesBoguedCablets" axenicGilgie="vegeteJeffie" melaena="gougerWhereisSpryest">
        <kismat>cuscuta990</kismat>
      </lunarLemaneaSnipe>
    </aphAuntieSpogel>
    <bretWhekau>
      <diplopy>jalopyAcinusCyrano</diplopy>
      <halting rolesJilts="2959" natBandleFlorida="sliver38" pared="hang">
        <gollarChattah>vrow</gollarChattah>
      </halting>
    </bretWhekau>
    <stowp letgame="coax" rapedIndoors="520002" unavian="isdnReady380">
      <smalmedKirnsToils>aerogun</smalmedKirnsToils>
      <excerp gironBushingWarden="reindexSovThratch7299" filter="khakiBawley" carlinoTaffleDietic="animantBuysQuilate">
        <lueDirten>32</lueDirten>
      </excerp>
      <turbansNegress evalue="neuron" pangaeaOilbirdBleats="baddie" tomponAwarderInaner="1339">
        <sifted>coneenClaro</sifted>
      </turbansNegress>
      <unbank agnomenStacte="junkingZimmy" yeniseiWendishRifest="jangada" archfoeCytost="heehaws">
        <hamel>67</hamel>
      </unbank>
      <canneryPuddyBowpin malocaDesmon="hoheJackeen95" goldney="tilths" mellowyRevere="caballoHauteEntomb">
        <recageIncivil>shahidi</recageIncivil>
      </canneryPuddyBowpin>
    </stowp>
  </siluricPledgerWelshy>
  <railersDuty slodgerHareldaSmook="unableJeopard" coots="sinopieKeymenNode" />
  <kilpFoneKing salacot="743381" kilergFecundChurm="judeanCorsage" />
  <cupfuls mantelsNunlike="majaguaHairstTapia" merisisAtma="gynecicToriesWouf" gharnaoPayable="6" divinesFluxure="89009633" />
</whoops>