<?xml version="1.0"?>
<floteRoupie>
  <nosh screekAural="rickle" anticumAtmo="offlap" arverni="seventyRaptMaculed">
    <griceMitierEttarre>
      <staticeChorous>matricPidginsFlawful</staticeChorous>
      <gramsGrego warstleBaron="nockingMacrosEngrail" yielden="unsavorDuetted" nunhoodAxises="candiotMagi">
        <ijo>skidlid</ijo>
      </gramsGrego>
      <izoteMontanaBemoan dypnoneArmetAtellan="3" tunisBabul="knurlinWaffleSpider" those="990161161">
        <ekesPrey>uplead9133</ekesPrey>
      </izoteMontanaBemoan>
      <growlyElfinQuiz rachetsShrover="hugginShikker" realmKnasterJuang="positum" ictericAnglian="shrab">
        <gazabos>25017218</gazabos>
      </growlyElfinQuiz>
      <psalmCourieRavelly davidPlug="mormonOrpitRay">
        <steelenDevolveUntell>aglyFusel</steelenDevolveUntell>
      </psalmCourieRavelly>
      <croupes gowan="proemsTiponiPilules" animes="4890085">
        <juggerRoil>aboteLankestImmunol4760</juggerRoil>
      </croupes>
      <spittenGayatri>
        <leafageXystum>choregi</leafageXystum>
      </spittenGayatri>
      <mipsCutout epipanyIllect="29786" somdel="lumpCroft">
        <killasBoxtopTougher>diplontToffeeBedeck</killasBoxtopTougher>
      </mipsCutout>
    </griceMitierEttarre>
    <glomsBad soko="wassie" lipic="cowries4528">
      <toastedKues>carps38</toastedKues>
      <setter horst="hitchyCorridoKnelt" bac="forwrapBedumbTrommel" thuyaPrurigoNaples="aplitic">
        <molasseWolves>razeVealierRepen</molasseWolves>
      </setter>
      <metopicUnamply retradAkey="warternPnceHwy" deviledLeban="seemingAteknia">
        <meaningGradual>aminsTwyerUcuuba</meaningGradual>
      </metopicUnamply>
      <boregatBarge pier="pudendaUnfirmPorkier" maunch="piertBahutu">
        <adzeMerop>infimaSovkhosCayuse</adzeMerop>
      </boregatBarge>
      <forbadeScrupleChupak growls="59380" nittaRedugKinkily="43878" kakatoe="nepa" wickyBeads="biflexChomps50">
        <oogamy>amouret50</oogamy>
      </forbadeScrupleChupak>
      <forestKeatSandeep joom="afreetToprail" twosSunny="323">
        <catcherIngineHulloas>5</catcherIngineHulloas>
      </forestKeatSandeep>
      <toddledEnfelon husherOrrowRetaker="4430239">
        <sphinx>patriceBlueish</sphinx>
      </toddledEnfelon>
      <scendsBrutalDesalts wacapouEnvaporGamma="shiQuixote" laramieQuitely="hectorPeertAbantes" miswernOdinism="6" olpae="dampersEluvia">
        <fordyFaithedTrigon>925</fordyFaithedTrigon>
      </scendsBrutalDesalts>
      <domboc unshiftBelabor="logbookSnooks" nikau="757436173" muggedBomber="obmitDebut649" peacod="folioseBedkey">
        <hawkinsUnmerry>recueilToxEditor</hawkinsUnmerry>
      </domboc>
      <pigletsSergingTravoy nookies="omphacy367">
        <middledBallup>didusSlogger23</middledBallup>
      </pigletsSergingTravoy>
      <sagged luiginoSmokeyHapper="14" intortBingeys="1" unmouldAutist="guanayJust5913" stirpes="sumachsDipnoid">
        <placesFunicNebbish>9132</placesFunicNebbish>
      </sagged>
      <dimoutLucknow bigamCokyCoot="iliauBatwaFavors" comitjeCombing="coden" stanAnsiMutism="clench" deviledFlavous="sakeretBeckons">
        <thrivedRoselle>7292256</thrivedRoselle>
      </dimoutLucknow>
      <sawfish tuillesBetaxedSoaps="senile">
        <jacareWallopsEdemic>gizzenPrewarnGhalva</jacareWallopsEdemic>
      </sawfish>
      <fitweedDefraudBimalar phratorHimward="9734" cloutyFemLectern="tegParapodScuddy56">
        <enhusk>wulliwaDinahLilacin</enhusk>
      </fitweedDefraudBimalar>
      <canamoEvolved whimmy="fistuleThraso8334" tufanBegunRickey="siecleDigitalTess983" manicBepewed="3408">
        <porrectMphMurexan>ammelinDeewan</porrectMphMurexan>
      </canamoEvolved>
      <semsen natesKababsHawker="dhotiRhema" butter="ruttingAcridinTxt">
        <toupeed>10</toupeed>
      </semsen>
      <cabiaiBrey preamp="liker" lamedhPiansAgsam="canelosApposeIguanid" furcaLikin="jereMetersBunion">
        <bashyle>strold4</bashyle>
      </cabiaiBrey>
      <asquat aflushFawe="carlet2" anilinBedcaseKerflap="3">
        <lush>spartan</lush>
      </asquat>
      <hoversOracler>
        <primeQuilterBiniou>slept</primeQuilterBiniou>
      </hoversOracler>
      <whigsNaggarDucked obfirmReplays="zontianFoxierBursas" unchoke="ticket">
        <peggerUnwinly>59</peggerUnwinly>
      </whigsNaggarDucked>
    </glomsBad>
    <melpellOldened>
      <faeriePresleyCrojiks>753009</faeriePresleyCrojiks>
    </melpellOldened>
  </nosh>
</floteRoupie>